run_id,checker_pass,scientific_unit_id,audit_chain_id,mutation_family,subcase_id,expected_detector,observed_detector,detector_classification,scientific_classification,ob6_consistency,ob7_completeness,p3_closed_conformance,terminal_verdict,unevaluable_reason,timestamp_or_sequence_index
AEI_P3_FORMAL_20260826T034308Z_9b5f3c2bdfbe,1,M1.01:052b2dfeb855619b4e74c70e7155e5699a6aebc572c887f1432462ecf4afce6b,052b2dfeb855619b4e74c70e7155e5699a6aebc572c887f1432462ecf4afce6b,M1,M1.01,CHECK_REQUIRED_INPUT_EVENT,CHECK_REQUIRED_INPUT_EVENT,EXPECTED_DETECTOR_MATCH,DETECTED_AS_PREREGISTERED,FAIL,PASS,FAIL,FAIL:CHECK_REQUIRED_INPUT_EVENT,,0
AEI_P3_FORMAL_20260826T034308Z_9b5f3c2bdfbe,1,M1.01:0edc936e36dbd00367c35ec096b127c69211776f53ead8d7b9619a78d9b3beb5,0edc936e36dbd00367c35ec096b127c69211776f53ead8d7b9619a78d9b3beb5,M1,M1.01,CHECK_REQUIRED_INPUT_EVENT,CHECK_REQUIRED_INPUT_EVENT,EXPECTED_DETECTOR_MATCH,DETECTED_AS_PREREGISTERED,FAIL,PASS,FAIL,FAIL:CHECK_REQUIRED_INPUT_EVENT,,1
AEI_P3_FORMAL_20260826T034308Z_9b5f3c2bdfbe,1,M1.01:19993579c580ecb799e1ce158990340e547863ae75c4be153b97908cb5cd08a2,19993579c580ecb799e1ce158990340e547863ae75c4be153b97908cb5cd08a2,M1,M1.01,CHECK_REQUIRED_INPUT_EVENT,CHECK_REQUIRED_INPUT_EVENT,EXPECTED_DETECTOR_MATCH,DETECTED_AS_PREREGISTERED,FAIL,PASS,FAIL,FAIL:CHECK_REQUIRED_INPUT_EVENT,,2
AEI_P3_FORMAL_20260826T034308Z_9b5f3c2bdfbe,1,M1.01:1bb3dc3f26212de23def1f2ca0d598d344fea56b8a73247e2f6390ebea07946d,1bb3dc3f26212de23def1f2ca0d598d344fea56b8a73247e2f6390ebea07946d,M1,M1.01,CHECK_REQUIRED_INPUT_EVENT,CHECK_REQUIRED_INPUT_EVENT,EXPECTED_DETECTOR_MATCH,DETECTED_AS_PREREGISTERED,FAIL,PASS,FAIL,FAIL:CHECK_REQUIRED_INPUT_EVENT,,3
AEI_P3_FORMAL_20260826T034308Z_9b5f3c2bdfbe,1,M1.01:2443e5a3d32298289c0b98d2a7d3a03cbf4194a7adecf97293b0ac348944ba9e,2443e5a3d32298289c0b98d2a7d3a03cbf4194a7adecf97293b0ac348944ba9e,M1,M1.01,CHECK_REQUIRED_INPUT_EVENT,CHECK_REQUIRED_INPUT_EVENT,EXPECTED_DETECTOR_MATCH,DETECTED_AS_PREREGISTERED,FAIL,PASS,FAIL,FAIL:CHECK_REQUIRED_INPUT_EVENT,,4
AEI_P3_FORMAL_20260826T034308Z_9b5f3c2bdfbe,1,M1.01:245cb7ed72fd0a10da80157bd648a7ae9e8bd9ef722909fe778d274715ad67b3,245cb7ed72fd0a10da80157bd648a7ae9e8bd9ef722909fe778d274715ad67b3,M1,M1.01,CHECK_REQUIRED_INPUT_EVENT,CHECK_REQUIRED_INPUT_EVENT,EXPECTED_DETECTOR_MATCH,DETECTED_AS_PREREGISTERED,FAIL,PASS,FAIL,FAIL:CHECK_REQUIRED_INPUT_EVENT,,5
AEI_P3_FORMAL_20260826T034308Z_9b5f3c2bdfbe,1,M1.01:268469c82535bf1ba82a82324d755f40ad8bc7255c875b8e25c2d7943cff1ff3,268469c82535bf1ba82a82324d755f40ad8bc7255c875b8e25c2d7943cff1ff3,M1,M1.01,CHECK_REQUIRED_INPUT_EVENT,CHECK_REQUIRED_INPUT_EVENT,EXPECTED_DETECTOR_MATCH,DETECTED_AS_PREREGISTERED,FAIL,PASS,FAIL,FAIL:CHECK_REQUIRED_INPUT_EVENT,,6
AEI_P3_FORMAL_20260826T034308Z_9b5f3c2bdfbe,1,M1.01:2908e9ba69598735be8757d9b153473f5bacec1feb89ecff91ce994824a10178,2908e9ba69598735be8757d9b153473f5bacec1feb89ecff91ce994824a10178,M1,M1.01,CHECK_REQUIRED_INPUT_EVENT,CHECK_REQUIRED_INPUT_EVENT,EXPECTED_DETECTOR_MATCH,DETECTED_AS_PREREGISTERED,FAIL,PASS,FAIL,FAIL:CHECK_REQUIRED_INPUT_EVENT,,7
AEI_P3_FORMAL_20260826T034308Z_9b5f3c2bdfbe,1,M1.01:474b6ef7aac2feb7cb9195d7d3644f0d53d378eb4518ef87a9a2f7714d8ef3d5,474b6ef7aac2feb7cb9195d7d3644f0d53d378eb4518ef87a9a2f7714d8ef3d5,M1,M1.01,CHECK_REQUIRED_INPUT_EVENT,CHECK_REQUIRED_INPUT_EVENT,EXPECTED_DETECTOR_MATCH,DETECTED_AS_PREREGISTERED,FAIL,PASS,FAIL,FAIL:CHECK_REQUIRED_INPUT_EVENT,,8
AEI_P3_FORMAL_20260826T034308Z_9b5f3c2bdfbe,1,M1.01:4fafb9a13ff5e2fda82a804bf609727b68a17926d69ae1574c4801604ec81359,4fafb9a13ff5e2fda82a804bf609727b68a17926d69ae1574c4801604ec81359,M1,M1.01,CHECK_REQUIRED_INPUT_EVENT,CHECK_REQUIRED_INPUT_EVENT,EXPECTED_DETECTOR_MATCH,DETECTED_AS_PREREGISTERED,FAIL,PASS,FAIL,FAIL:CHECK_REQUIRED_INPUT_EVENT,,9
AEI_P3_FORMAL_20260826T034308Z_9b5f3c2bdfbe,1,M1.01:54349d927b9070c144f507868f9ef8b962c7c926426b33c3a7e0c88f715b246a,54349d927b9070c144f507868f9ef8b962c7c926426b33c3a7e0c88f715b246a,M1,M1.01,CHECK_REQUIRED_INPUT_EVENT,CHECK_REQUIRED_INPUT_EVENT,EXPECTED_DETECTOR_MATCH,DETECTED_AS_PREREGISTERED,FAIL,PASS,FAIL,FAIL:CHECK_REQUIRED_INPUT_EVENT,,10
AEI_P3_FORMAL_20260826T034308Z_9b5f3c2bdfbe,1,M1.01:558b8365de15727bf495595ed539867872c185b280ea249712f3b1d5f8674cd5,558b8365de15727bf495595ed539867872c185b280ea249712f3b1d5f8674cd5,M1,M1.01,CHECK_REQUIRED_INPUT_EVENT,CHECK_REQUIRED_INPUT_EVENT,EXPECTED_DETECTOR_MATCH,DETECTED_AS_PREREGISTERED,FAIL,PASS,FAIL,FAIL:CHECK_REQUIRED_INPUT_EVENT,,11
AEI_P3_FORMAL_20260826T034308Z_9b5f3c2bdfbe,1,M1.01:5ecccd77f46ab5549088b57686632a9eb5ccf1a5a977fbe35cfae6a50eca52bb,5ecccd77f46ab5549088b57686632a9eb5ccf1a5a977fbe35cfae6a50eca52bb,M1,M1.01,CHECK_REQUIRED_INPUT_EVENT,CHECK_REQUIRED_INPUT_EVENT,EXPECTED_DETECTOR_MATCH,DETECTED_AS_PREREGISTERED,FAIL,PASS,FAIL,FAIL:CHECK_REQUIRED_INPUT_EVENT,,12
AEI_P3_FORMAL_20260826T034308Z_9b5f3c2bdfbe,1,M1.01:5f24b2bbe16d5c8f667064d5031553e1dd9c4d9dbb7e0757cb922d9ba47928d5,5f24b2bbe16d5c8f667064d5031553e1dd9c4d9dbb7e0757cb922d9ba47928d5,M1,M1.01,CHECK_REQUIRED_INPUT_EVENT,CHECK_REQUIRED_INPUT_EVENT,EXPECTED_DETECTOR_MATCH,DETECTED_AS_PREREGISTERED,FAIL,PASS,FAIL,FAIL:CHECK_REQUIRED_INPUT_EVENT,,13
AEI_P3_FORMAL_20260826T034308Z_9b5f3c2bdfbe,1,M1.01:61f77c0251bcd2bbb51e6bff7e048bfcda7139b4e796314d32b47961ac3b5c1b,61f77c0251bcd2bbb51e6bff7e048bfcda7139b4e796314d32b47961ac3b5c1b,M1,M1.01,CHECK_REQUIRED_INPUT_EVENT,CHECK_REQUIRED_INPUT_EVENT,EXPECTED_DETECTOR_MATCH,DETECTED_AS_PREREGISTERED,FAIL,PASS,FAIL,FAIL:CHECK_REQUIRED_INPUT_EVENT,,14
AEI_P3_FORMAL_20260826T034308Z_9b5f3c2bdfbe,1,M1.01:634f3d08fd93ba622176ea6c9ff7ff1fb9d57a9b14f936f27d1460655fc20d72,634f3d08fd93ba622176ea6c9ff7ff1fb9d57a9b14f936f27d1460655fc20d72,M1,M1.01,CHECK_REQUIRED_INPUT_EVENT,CHECK_REQUIRED_INPUT_EVENT,EXPECTED_DETECTOR_MATCH,DETECTED_AS_PREREGISTERED,FAIL,PASS,FAIL,FAIL:CHECK_REQUIRED_INPUT_EVENT,,15
AEI_P3_FORMAL_20260826T034308Z_9b5f3c2bdfbe,1,M1.01:73cdcc11d1c23e47664696979a9b12b94deb5da000c18f37a8d7c0b641090788,73cdcc11d1c23e47664696979a9b12b94deb5da000c18f37a8d7c0b641090788,M1,M1.01,CHECK_REQUIRED_INPUT_EVENT,CHECK_REQUIRED_INPUT_EVENT,EXPECTED_DETECTOR_MATCH,DETECTED_AS_PREREGISTERED,FAIL,PASS,FAIL,FAIL:CHECK_REQUIRED_INPUT_EVENT,,16
AEI_P3_FORMAL_20260826T034308Z_9b5f3c2bdfbe,1,M1.01:7dc2cc636acd7eeb3db7367222360894cac918d6adca467d2f7a79960bbe8b1c,7dc2cc636acd7eeb3db7367222360894cac918d6adca467d2f7a79960bbe8b1c,M1,M1.01,CHECK_REQUIRED_INPUT_EVENT,CHECK_REQUIRED_INPUT_EVENT,EXPECTED_DETECTOR_MATCH,DETECTED_AS_PREREGISTERED,FAIL,PASS,FAIL,FAIL:CHECK_REQUIRED_INPUT_EVENT,,17
AEI_P3_FORMAL_20260826T034308Z_9b5f3c2bdfbe,1,M1.01:8c60197386a54af6d06cac0996c81cbca4971ac83984afcf2a52fa27a5bb1b42,8c60197386a54af6d06cac0996c81cbca4971ac83984afcf2a52fa27a5bb1b42,M1,M1.01,CHECK_REQUIRED_INPUT_EVENT,CHECK_REQUIRED_INPUT_EVENT,EXPECTED_DETECTOR_MATCH,DETECTED_AS_PREREGISTERED,FAIL,PASS,FAIL,FAIL:CHECK_REQUIRED_INPUT_EVENT,,18
AEI_P3_FORMAL_20260826T034308Z_9b5f3c2bdfbe,1,M1.01:8e3a1df6f55a6d53d21fd63c9dcda45cee6d1576c4989d45b40828d31e6d7281,8e3a1df6f55a6d53d21fd63c9dcda45cee6d1576c4989d45b40828d31e6d7281,M1,M1.01,CHECK_REQUIRED_INPUT_EVENT,CHECK_REQUIRED_INPUT_EVENT,EXPECTED_DETECTOR_MATCH,DETECTED_AS_PREREGISTERED,FAIL,PASS,FAIL,FAIL:CHECK_REQUIRED_INPUT_EVENT,,19
AEI_P3_FORMAL_20260826T034308Z_9b5f3c2bdfbe,1,M1.01:97eb8ea8dfec0a163a4b54e1179247553055627de3df3d7a40c8879cacc64800,97eb8ea8dfec0a163a4b54e1179247553055627de3df3d7a40c8879cacc64800,M1,M1.01,CHECK_REQUIRED_INPUT_EVENT,CHECK_REQUIRED_INPUT_EVENT,EXPECTED_DETECTOR_MATCH,DETECTED_AS_PREREGISTERED,FAIL,PASS,FAIL,FAIL:CHECK_REQUIRED_INPUT_EVENT,,20
AEI_P3_FORMAL_20260826T034308Z_9b5f3c2bdfbe,1,M1.01:9827288498c6ff63f3f7ec6f3bb833b53ac1c3cbaf59021addc82b6a8c08bae2,9827288498c6ff63f3f7ec6f3bb833b53ac1c3cbaf59021addc82b6a8c08bae2,M1,M1.01,CHECK_REQUIRED_INPUT_EVENT,CHECK_REQUIRED_INPUT_EVENT,EXPECTED_DETECTOR_MATCH,DETECTED_AS_PREREGISTERED,FAIL,PASS,FAIL,FAIL:CHECK_REQUIRED_INPUT_EVENT,,21
AEI_P3_FORMAL_20260826T034308Z_9b5f3c2bdfbe,1,M1.01:9f7906189c782cba7c3a4cc9cb8785764c8ad3fb1e637423a7a310d6c438feb5,9f7906189c782cba7c3a4cc9cb8785764c8ad3fb1e637423a7a310d6c438feb5,M1,M1.01,CHECK_REQUIRED_INPUT_EVENT,CHECK_REQUIRED_INPUT_EVENT,EXPECTED_DETECTOR_MATCH,DETECTED_AS_PREREGISTERED,FAIL,PASS,FAIL,FAIL:CHECK_REQUIRED_INPUT_EVENT,,22
AEI_P3_FORMAL_20260826T034308Z_9b5f3c2bdfbe,1,M1.01:aa5b4ee1688c71f1a3932cd7d9b629a08e31ef09728f3280c98c7636eecfb8d3,aa5b4ee1688c71f1a3932cd7d9b629a08e31ef09728f3280c98c7636eecfb8d3,M1,M1.01,CHECK_REQUIRED_INPUT_EVENT,CHECK_REQUIRED_INPUT_EVENT,EXPECTED_DETECTOR_MATCH,DETECTED_AS_PREREGISTERED,FAIL,PASS,FAIL,FAIL:CHECK_REQUIRED_INPUT_EVENT,,23
AEI_P3_FORMAL_20260826T034308Z_9b5f3c2bdfbe,1,M1.01:aad646b14392b632d658225dedb7d3953424ab9ab19ebafdc67bd9a7f02eb50b,aad646b14392b632d658225dedb7d3953424ab9ab19ebafdc67bd9a7f02eb50b,M1,M1.01,CHECK_REQUIRED_INPUT_EVENT,CHECK_REQUIRED_INPUT_EVENT,EXPECTED_DETECTOR_MATCH,DETECTED_AS_PREREGISTERED,FAIL,PASS,FAIL,FAIL:CHECK_REQUIRED_INPUT_EVENT,,24
AEI_P3_FORMAL_20260826T034308Z_9b5f3c2bdfbe,1,M1.01:abc8d6ba26b9728a25ebd17f4066aa5421f54fde1c1ef630cc33cb308c0fb8e5,abc8d6ba26b9728a25ebd17f4066aa5421f54fde1c1ef630cc33cb308c0fb8e5,M1,M1.01,CHECK_REQUIRED_INPUT_EVENT,CHECK_REQUIRED_INPUT_EVENT,EXPECTED_DETECTOR_MATCH,DETECTED_AS_PREREGISTERED,FAIL,PASS,FAIL,FAIL:CHECK_REQUIRED_INPUT_EVENT,,25
AEI_P3_FORMAL_20260826T034308Z_9b5f3c2bdfbe,1,M1.01:b0f01f4c7ca822555039b9267d8985edbeb149abc0a710d6583cea634584f862,b0f01f4c7ca822555039b9267d8985edbeb149abc0a710d6583cea634584f862,M1,M1.01,CHECK_REQUIRED_INPUT_EVENT,CHECK_REQUIRED_INPUT_EVENT,EXPECTED_DETECTOR_MATCH,DETECTED_AS_PREREGISTERED,FAIL,PASS,FAIL,FAIL:CHECK_REQUIRED_INPUT_EVENT,,26
AEI_P3_FORMAL_20260826T034308Z_9b5f3c2bdfbe,1,M1.01:b31f9c5cbf923f188771558357941c1a7d6a71089f67793c620cf7034a070eb2,b31f9c5cbf923f188771558357941c1a7d6a71089f67793c620cf7034a070eb2,M1,M1.01,CHECK_REQUIRED_INPUT_EVENT,CHECK_REQUIRED_INPUT_EVENT,EXPECTED_DETECTOR_MATCH,DETECTED_AS_PREREGISTERED,FAIL,PASS,FAIL,FAIL:CHECK_REQUIRED_INPUT_EVENT,,27
AEI_P3_FORMAL_20260826T034308Z_9b5f3c2bdfbe,1,M1.01:b5c400c27e6dbb1cc8466c5ce68e1530b6d984599f3c01c36496b49b586ff5e3,b5c400c27e6dbb1cc8466c5ce68e1530b6d984599f3c01c36496b49b586ff5e3,M1,M1.01,CHECK_REQUIRED_INPUT_EVENT,CHECK_REQUIRED_INPUT_EVENT,EXPECTED_DETECTOR_MATCH,DETECTED_AS_PREREGISTERED,FAIL,PASS,FAIL,FAIL:CHECK_REQUIRED_INPUT_EVENT,,28
AEI_P3_FORMAL_20260826T034308Z_9b5f3c2bdfbe,1,M1.01:bb3f15222034bdf87b9be499b27f859fe778b781693fd54677f83bd7531f0680,bb3f15222034bdf87b9be499b27f859fe778b781693fd54677f83bd7531f0680,M1,M1.01,CHECK_REQUIRED_INPUT_EVENT,CHECK_REQUIRED_INPUT_EVENT,EXPECTED_DETECTOR_MATCH,DETECTED_AS_PREREGISTERED,FAIL,PASS,FAIL,FAIL:CHECK_REQUIRED_INPUT_EVENT,,29
AEI_P3_FORMAL_20260826T034308Z_9b5f3c2bdfbe,1,M1.01:ce18361670bfbcde2f3ff22167187aecef9164dedbf1198bc7563c147804780e,ce18361670bfbcde2f3ff22167187aecef9164dedbf1198bc7563c147804780e,M1,M1.01,CHECK_REQUIRED_INPUT_EVENT,CHECK_REQUIRED_INPUT_EVENT,EXPECTED_DETECTOR_MATCH,DETECTED_AS_PREREGISTERED,FAIL,PASS,FAIL,FAIL:CHECK_REQUIRED_INPUT_EVENT,,30
AEI_P3_FORMAL_20260826T034308Z_9b5f3c2bdfbe,1,M1.01:ceae66508816dc9f5458c925c89f155658e6c78710a8753d337ac385481cc1bf,ceae66508816dc9f5458c925c89f155658e6c78710a8753d337ac385481cc1bf,M1,M1.01,CHECK_REQUIRED_INPUT_EVENT,CHECK_REQUIRED_INPUT_EVENT,EXPECTED_DETECTOR_MATCH,DETECTED_AS_PREREGISTERED,FAIL,PASS,FAIL,FAIL:CHECK_REQUIRED_INPUT_EVENT,,31
AEI_P3_FORMAL_20260826T034308Z_9b5f3c2bdfbe,1,M1.01:d093d52f24139c1b6fb09b775beedd000f1a7b3716df906d7d36e91e7e848265,d093d52f24139c1b6fb09b775beedd000f1a7b3716df906d7d36e91e7e848265,M1,M1.01,CHECK_REQUIRED_INPUT_EVENT,CHECK_REQUIRED_INPUT_EVENT,EXPECTED_DETECTOR_MATCH,DETECTED_AS_PREREGISTERED,FAIL,PASS,FAIL,FAIL:CHECK_REQUIRED_INPUT_EVENT,,32
AEI_P3_FORMAL_20260826T034308Z_9b5f3c2bdfbe,1,M1.01:d4b957654a5efd71168d6f7e67936e6abf4666ceb41e7919635002157b125411,d4b957654a5efd71168d6f7e67936e6abf4666ceb41e7919635002157b125411,M1,M1.01,CHECK_REQUIRED_INPUT_EVENT,CHECK_REQUIRED_INPUT_EVENT,EXPECTED_DETECTOR_MATCH,DETECTED_AS_PREREGISTERED,FAIL,PASS,FAIL,FAIL:CHECK_REQUIRED_INPUT_EVENT,,33
AEI_P3_FORMAL_20260826T034308Z_9b5f3c2bdfbe,1,M1.01:d598e89b357205c7b4bd47c5ebbe933f8be1f7c8dcdee85e66ec6829cafb91d3,d598e89b357205c7b4bd47c5ebbe933f8be1f7c8dcdee85e66ec6829cafb91d3,M1,M1.01,CHECK_REQUIRED_INPUT_EVENT,CHECK_REQUIRED_INPUT_EVENT,EXPECTED_DETECTOR_MATCH,DETECTED_AS_PREREGISTERED,FAIL,PASS,FAIL,FAIL:CHECK_REQUIRED_INPUT_EVENT,,34
AEI_P3_FORMAL_20260826T034308Z_9b5f3c2bdfbe,1,M1.01:eb3670bbe434a59cc94347384a5d50fb526d26a00dbf6da73e54438c4bacc2a0,eb3670bbe434a59cc94347384a5d50fb526d26a00dbf6da73e54438c4bacc2a0,M1,M1.01,CHECK_REQUIRED_INPUT_EVENT,CHECK_REQUIRED_INPUT_EVENT,EXPECTED_DETECTOR_MATCH,DETECTED_AS_PREREGISTERED,FAIL,PASS,FAIL,FAIL:CHECK_REQUIRED_INPUT_EVENT,,35
AEI_P3_FORMAL_20260826T034308Z_9b5f3c2bdfbe,1,M1.01:f1e5fc58ea336e13c098308a2da00dee7de3dd3aa08d6170df4a3cb1afd09795,f1e5fc58ea336e13c098308a2da00dee7de3dd3aa08d6170df4a3cb1afd09795,M1,M1.01,CHECK_REQUIRED_INPUT_EVENT,CHECK_REQUIRED_INPUT_EVENT,EXPECTED_DETECTOR_MATCH,DETECTED_AS_PREREGISTERED,FAIL,PASS,FAIL,FAIL:CHECK_REQUIRED_INPUT_EVENT,,36
AEI_P3_FORMAL_20260826T034308Z_9b5f3c2bdfbe,1,M1.01:f583baa2dad1527b5f84f71805410ee51b78fce2b1be62de49f1636c06821c7b,f583baa2dad1527b5f84f71805410ee51b78fce2b1be62de49f1636c06821c7b,M1,M1.01,CHECK_REQUIRED_INPUT_EVENT,CHECK_REQUIRED_INPUT_EVENT,EXPECTED_DETECTOR_MATCH,DETECTED_AS_PREREGISTERED,FAIL,PASS,FAIL,FAIL:CHECK_REQUIRED_INPUT_EVENT,,37
AEI_P3_FORMAL_20260826T034308Z_9b5f3c2bdfbe,1,M1.01:f64f55ad9277004ae441909cd6556d26eeaf73d3eb3c537384be703615149f96,f64f55ad9277004ae441909cd6556d26eeaf73d3eb3c537384be703615149f96,M1,M1.01,CHECK_REQUIRED_INPUT_EVENT,CHECK_REQUIRED_INPUT_EVENT,EXPECTED_DETECTOR_MATCH,DETECTED_AS_PREREGISTERED,FAIL,PASS,FAIL,FAIL:CHECK_REQUIRED_INPUT_EVENT,,38
AEI_P3_FORMAL_20260826T034308Z_9b5f3c2bdfbe,1,M1.01:f80e8a50e0815fda9eef8635e52671f3888786c4daef5767b8da7b74e4311646,f80e8a50e0815fda9eef8635e52671f3888786c4daef5767b8da7b74e4311646,M1,M1.01,CHECK_REQUIRED_INPUT_EVENT,CHECK_REQUIRED_INPUT_EVENT,EXPECTED_DETECTOR_MATCH,DETECTED_AS_PREREGISTERED,FAIL,PASS,FAIL,FAIL:CHECK_REQUIRED_INPUT_EVENT,,39
AEI_P3_FORMAL_20260826T034308Z_9b5f3c2bdfbe,1,M1.01:f9ade00b139ce33674b05d1766de3ec85779abfd83f893a7b2437817100901d9,f9ade00b139ce33674b05d1766de3ec85779abfd83f893a7b2437817100901d9,M1,M1.01,CHECK_REQUIRED_INPUT_EVENT,CHECK_REQUIRED_INPUT_EVENT,EXPECTED_DETECTOR_MATCH,DETECTED_AS_PREREGISTERED,FAIL,PASS,FAIL,FAIL:CHECK_REQUIRED_INPUT_EVENT,,40
AEI_P3_FORMAL_20260826T034308Z_9b5f3c2bdfbe,1,M1.01:feb26c8ce25b99d6b090e07fca86c8e2dbf3ff2d6b891634c4c71b179329ab47,feb26c8ce25b99d6b090e07fca86c8e2dbf3ff2d6b891634c4c71b179329ab47,M1,M1.01,CHECK_REQUIRED_INPUT_EVENT,CHECK_REQUIRED_INPUT_EVENT,EXPECTED_DETECTOR_MATCH,DETECTED_AS_PREREGISTERED,FAIL,PASS,FAIL,FAIL:CHECK_REQUIRED_INPUT_EVENT,,41
AEI_P3_FORMAL_20260826T034308Z_9b5f3c2bdfbe,1,M1.02:052b2dfeb855619b4e74c70e7155e5699a6aebc572c887f1432462ecf4afce6b,052b2dfeb855619b4e74c70e7155e5699a6aebc572c887f1432462ecf4afce6b,M1,M1.02,CHECK_REQUIRED_BEFORE_INSTANCE,CHECK_REQUIRED_BEFORE_INSTANCE,EXPECTED_DETECTOR_MATCH,DETECTED_AS_PREREGISTERED,FAIL,PASS,FAIL,FAIL:CHECK_REQUIRED_BEFORE_INSTANCE,,42
AEI_P3_FORMAL_20260826T034308Z_9b5f3c2bdfbe,1,M1.02:0edc936e36dbd00367c35ec096b127c69211776f53ead8d7b9619a78d9b3beb5,0edc936e36dbd00367c35ec096b127c69211776f53ead8d7b9619a78d9b3beb5,M1,M1.02,CHECK_REQUIRED_BEFORE_INSTANCE,CHECK_REQUIRED_BEFORE_INSTANCE,EXPECTED_DETECTOR_MATCH,DETECTED_AS_PREREGISTERED,FAIL,PASS,FAIL,FAIL:CHECK_REQUIRED_BEFORE_INSTANCE,,43
AEI_P3_FORMAL_20260826T034308Z_9b5f3c2bdfbe,1,M1.02:19993579c580ecb799e1ce158990340e547863ae75c4be153b97908cb5cd08a2,19993579c580ecb799e1ce158990340e547863ae75c4be153b97908cb5cd08a2,M1,M1.02,CHECK_REQUIRED_BEFORE_INSTANCE,CHECK_REQUIRED_BEFORE_INSTANCE,EXPECTED_DETECTOR_MATCH,DETECTED_AS_PREREGISTERED,FAIL,PASS,FAIL,FAIL:CHECK_REQUIRED_BEFORE_INSTANCE,,44
AEI_P3_FORMAL_20260826T034308Z_9b5f3c2bdfbe,1,M1.02:1bb3dc3f26212de23def1f2ca0d598d344fea56b8a73247e2f6390ebea07946d,1bb3dc3f26212de23def1f2ca0d598d344fea56b8a73247e2f6390ebea07946d,M1,M1.02,CHECK_REQUIRED_BEFORE_INSTANCE,CHECK_REQUIRED_BEFORE_INSTANCE,EXPECTED_DETECTOR_MATCH,DETECTED_AS_PREREGISTERED,FAIL,PASS,FAIL,FAIL:CHECK_REQUIRED_BEFORE_INSTANCE,,45
AEI_P3_FORMAL_20260826T034308Z_9b5f3c2bdfbe,1,M1.02:2443e5a3d32298289c0b98d2a7d3a03cbf4194a7adecf97293b0ac348944ba9e,2443e5a3d32298289c0b98d2a7d3a03cbf4194a7adecf97293b0ac348944ba9e,M1,M1.02,CHECK_REQUIRED_BEFORE_INSTANCE,CHECK_REQUIRED_BEFORE_INSTANCE,EXPECTED_DETECTOR_MATCH,DETECTED_AS_PREREGISTERED,FAIL,PASS,FAIL,FAIL:CHECK_REQUIRED_BEFORE_INSTANCE,,46
AEI_P3_FORMAL_20260826T034308Z_9b5f3c2bdfbe,1,M1.02:245cb7ed72fd0a10da80157bd648a7ae9e8bd9ef722909fe778d274715ad67b3,245cb7ed72fd0a10da80157bd648a7ae9e8bd9ef722909fe778d274715ad67b3,M1,M1.02,CHECK_REQUIRED_BEFORE_INSTANCE,CHECK_REQUIRED_BEFORE_INSTANCE,EXPECTED_DETECTOR_MATCH,DETECTED_AS_PREREGISTERED,FAIL,PASS,FAIL,FAIL:CHECK_REQUIRED_BEFORE_INSTANCE,,47
AEI_P3_FORMAL_20260826T034308Z_9b5f3c2bdfbe,1,M1.02:268469c82535bf1ba82a82324d755f40ad8bc7255c875b8e25c2d7943cff1ff3,268469c82535bf1ba82a82324d755f40ad8bc7255c875b8e25c2d7943cff1ff3,M1,M1.02,CHECK_REQUIRED_BEFORE_INSTANCE,CHECK_REQUIRED_BEFORE_INSTANCE,EXPECTED_DETECTOR_MATCH,DETECTED_AS_PREREGISTERED,FAIL,PASS,FAIL,FAIL:CHECK_REQUIRED_BEFORE_INSTANCE,,48
AEI_P3_FORMAL_20260826T034308Z_9b5f3c2bdfbe,1,M1.02:2908e9ba69598735be8757d9b153473f5bacec1feb89ecff91ce994824a10178,2908e9ba69598735be8757d9b153473f5bacec1feb89ecff91ce994824a10178,M1,M1.02,CHECK_REQUIRED_BEFORE_INSTANCE,CHECK_REQUIRED_BEFORE_INSTANCE,EXPECTED_DETECTOR_MATCH,DETECTED_AS_PREREGISTERED,FAIL,PASS,FAIL,FAIL:CHECK_REQUIRED_BEFORE_INSTANCE,,49
AEI_P3_FORMAL_20260826T034308Z_9b5f3c2bdfbe,1,M1.02:474b6ef7aac2feb7cb9195d7d3644f0d53d378eb4518ef87a9a2f7714d8ef3d5,474b6ef7aac2feb7cb9195d7d3644f0d53d378eb4518ef87a9a2f7714d8ef3d5,M1,M1.02,CHECK_REQUIRED_BEFORE_INSTANCE,CHECK_REQUIRED_BEFORE_INSTANCE,EXPECTED_DETECTOR_MATCH,DETECTED_AS_PREREGISTERED,FAIL,PASS,FAIL,FAIL:CHECK_REQUIRED_BEFORE_INSTANCE,,50
AEI_P3_FORMAL_20260826T034308Z_9b5f3c2bdfbe,1,M1.02:4fafb9a13ff5e2fda82a804bf609727b68a17926d69ae1574c4801604ec81359,4fafb9a13ff5e2fda82a804bf609727b68a17926d69ae1574c4801604ec81359,M1,M1.02,CHECK_REQUIRED_BEFORE_INSTANCE,CHECK_REQUIRED_BEFORE_INSTANCE,EXPECTED_DETECTOR_MATCH,DETECTED_AS_PREREGISTERED,FAIL,PASS,FAIL,FAIL:CHECK_REQUIRED_BEFORE_INSTANCE,,51
AEI_P3_FORMAL_20260826T034308Z_9b5f3c2bdfbe,1,M1.02:54349d927b9070c144f507868f9ef8b962c7c926426b33c3a7e0c88f715b246a,54349d927b9070c144f507868f9ef8b962c7c926426b33c3a7e0c88f715b246a,M1,M1.02,CHECK_REQUIRED_BEFORE_INSTANCE,CHECK_REQUIRED_BEFORE_INSTANCE,EXPECTED_DETECTOR_MATCH,DETECTED_AS_PREREGISTERED,FAIL,PASS,FAIL,FAIL:CHECK_REQUIRED_BEFORE_INSTANCE,,52
AEI_P3_FORMAL_20260826T034308Z_9b5f3c2bdfbe,1,M1.02:558b8365de15727bf495595ed539867872c185b280ea249712f3b1d5f8674cd5,558b8365de15727bf495595ed539867872c185b280ea249712f3b1d5f8674cd5,M1,M1.02,CHECK_REQUIRED_BEFORE_INSTANCE,CHECK_REQUIRED_BEFORE_INSTANCE,EXPECTED_DETECTOR_MATCH,DETECTED_AS_PREREGISTERED,FAIL,PASS,FAIL,FAIL:CHECK_REQUIRED_BEFORE_INSTANCE,,53
AEI_P3_FORMAL_20260826T034308Z_9b5f3c2bdfbe,1,M1.02:5ecccd77f46ab5549088b57686632a9eb5ccf1a5a977fbe35cfae6a50eca52bb,5ecccd77f46ab5549088b57686632a9eb5ccf1a5a977fbe35cfae6a50eca52bb,M1,M1.02,CHECK_REQUIRED_BEFORE_INSTANCE,CHECK_REQUIRED_BEFORE_INSTANCE,EXPECTED_DETECTOR_MATCH,DETECTED_AS_PREREGISTERED,FAIL,PASS,FAIL,FAIL:CHECK_REQUIRED_BEFORE_INSTANCE,,54
AEI_P3_FORMAL_20260826T034308Z_9b5f3c2bdfbe,1,M1.02:5f24b2bbe16d5c8f667064d5031553e1dd9c4d9dbb7e0757cb922d9ba47928d5,5f24b2bbe16d5c8f667064d5031553e1dd9c4d9dbb7e0757cb922d9ba47928d5,M1,M1.02,CHECK_REQUIRED_BEFORE_INSTANCE,CHECK_REQUIRED_BEFORE_INSTANCE,EXPECTED_DETECTOR_MATCH,DETECTED_AS_PREREGISTERED,FAIL,PASS,FAIL,FAIL:CHECK_REQUIRED_BEFORE_INSTANCE,,55
AEI_P3_FORMAL_20260826T034308Z_9b5f3c2bdfbe,1,M1.02:61f77c0251bcd2bbb51e6bff7e048bfcda7139b4e796314d32b47961ac3b5c1b,61f77c0251bcd2bbb51e6bff7e048bfcda7139b4e796314d32b47961ac3b5c1b,M1,M1.02,CHECK_REQUIRED_BEFORE_INSTANCE,CHECK_REQUIRED_BEFORE_INSTANCE,EXPECTED_DETECTOR_MATCH,DETECTED_AS_PREREGISTERED,FAIL,PASS,FAIL,FAIL:CHECK_REQUIRED_BEFORE_INSTANCE,,56
AEI_P3_FORMAL_20260826T034308Z_9b5f3c2bdfbe,1,M1.02:634f3d08fd93ba622176ea6c9ff7ff1fb9d57a9b14f936f27d1460655fc20d72,634f3d08fd93ba622176ea6c9ff7ff1fb9d57a9b14f936f27d1460655fc20d72,M1,M1.02,CHECK_REQUIRED_BEFORE_INSTANCE,CHECK_REQUIRED_BEFORE_INSTANCE,EXPECTED_DETECTOR_MATCH,DETECTED_AS_PREREGISTERED,FAIL,PASS,FAIL,FAIL:CHECK_REQUIRED_BEFORE_INSTANCE,,57
AEI_P3_FORMAL_20260826T034308Z_9b5f3c2bdfbe,1,M1.02:73cdcc11d1c23e47664696979a9b12b94deb5da000c18f37a8d7c0b641090788,73cdcc11d1c23e47664696979a9b12b94deb5da000c18f37a8d7c0b641090788,M1,M1.02,CHECK_REQUIRED_BEFORE_INSTANCE,CHECK_REQUIRED_BEFORE_INSTANCE,EXPECTED_DETECTOR_MATCH,DETECTED_AS_PREREGISTERED,FAIL,PASS,FAIL,FAIL:CHECK_REQUIRED_BEFORE_INSTANCE,,58
AEI_P3_FORMAL_20260826T034308Z_9b5f3c2bdfbe,1,M1.02:7dc2cc636acd7eeb3db7367222360894cac918d6adca467d2f7a79960bbe8b1c,7dc2cc636acd7eeb3db7367222360894cac918d6adca467d2f7a79960bbe8b1c,M1,M1.02,CHECK_REQUIRED_BEFORE_INSTANCE,CHECK_REQUIRED_BEFORE_INSTANCE,EXPECTED_DETECTOR_MATCH,DETECTED_AS_PREREGISTERED,FAIL,PASS,FAIL,FAIL:CHECK_REQUIRED_BEFORE_INSTANCE,,59
AEI_P3_FORMAL_20260826T034308Z_9b5f3c2bdfbe,1,M1.02:8c60197386a54af6d06cac0996c81cbca4971ac83984afcf2a52fa27a5bb1b42,8c60197386a54af6d06cac0996c81cbca4971ac83984afcf2a52fa27a5bb1b42,M1,M1.02,CHECK_REQUIRED_BEFORE_INSTANCE,CHECK_REQUIRED_BEFORE_INSTANCE,EXPECTED_DETECTOR_MATCH,DETECTED_AS_PREREGISTERED,FAIL,PASS,FAIL,FAIL:CHECK_REQUIRED_BEFORE_INSTANCE,,60
AEI_P3_FORMAL_20260826T034308Z_9b5f3c2bdfbe,1,M1.02:8e3a1df6f55a6d53d21fd63c9dcda45cee6d1576c4989d45b40828d31e6d7281,8e3a1df6f55a6d53d21fd63c9dcda45cee6d1576c4989d45b40828d31e6d7281,M1,M1.02,CHECK_REQUIRED_BEFORE_INSTANCE,CHECK_REQUIRED_BEFORE_INSTANCE,EXPECTED_DETECTOR_MATCH,DETECTED_AS_PREREGISTERED,FAIL,PASS,FAIL,FAIL:CHECK_REQUIRED_BEFORE_INSTANCE,,61
AEI_P3_FORMAL_20260826T034308Z_9b5f3c2bdfbe,1,M1.02:97eb8ea8dfec0a163a4b54e1179247553055627de3df3d7a40c8879cacc64800,97eb8ea8dfec0a163a4b54e1179247553055627de3df3d7a40c8879cacc64800,M1,M1.02,CHECK_REQUIRED_BEFORE_INSTANCE,CHECK_REQUIRED_BEFORE_INSTANCE,EXPECTED_DETECTOR_MATCH,DETECTED_AS_PREREGISTERED,FAIL,PASS,FAIL,FAIL:CHECK_REQUIRED_BEFORE_INSTANCE,,62
AEI_P3_FORMAL_20260826T034308Z_9b5f3c2bdfbe,1,M1.02:9827288498c6ff63f3f7ec6f3bb833b53ac1c3cbaf59021addc82b6a8c08bae2,9827288498c6ff63f3f7ec6f3bb833b53ac1c3cbaf59021addc82b6a8c08bae2,M1,M1.02,CHECK_REQUIRED_BEFORE_INSTANCE,CHECK_REQUIRED_BEFORE_INSTANCE,EXPECTED_DETECTOR_MATCH,DETECTED_AS_PREREGISTERED,FAIL,PASS,FAIL,FAIL:CHECK_REQUIRED_BEFORE_INSTANCE,,63
AEI_P3_FORMAL_20260826T034308Z_9b5f3c2bdfbe,1,M1.02:9f7906189c782cba7c3a4cc9cb8785764c8ad3fb1e637423a7a310d6c438feb5,9f7906189c782cba7c3a4cc9cb8785764c8ad3fb1e637423a7a310d6c438feb5,M1,M1.02,CHECK_REQUIRED_BEFORE_INSTANCE,CHECK_REQUIRED_BEFORE_INSTANCE,EXPECTED_DETECTOR_MATCH,DETECTED_AS_PREREGISTERED,FAIL,PASS,FAIL,FAIL:CHECK_REQUIRED_BEFORE_INSTANCE,,64
AEI_P3_FORMAL_20260826T034308Z_9b5f3c2bdfbe,1,M1.02:aa5b4ee1688c71f1a3932cd7d9b629a08e31ef09728f3280c98c7636eecfb8d3,aa5b4ee1688c71f1a3932cd7d9b629a08e31ef09728f3280c98c7636eecfb8d3,M1,M1.02,CHECK_REQUIRED_BEFORE_INSTANCE,CHECK_REQUIRED_BEFORE_INSTANCE,EXPECTED_DETECTOR_MATCH,DETECTED_AS_PREREGISTERED,FAIL,PASS,FAIL,FAIL:CHECK_REQUIRED_BEFORE_INSTANCE,,65
AEI_P3_FORMAL_20260826T034308Z_9b5f3c2bdfbe,1,M1.02:aad646b14392b632d658225dedb7d3953424ab9ab19ebafdc67bd9a7f02eb50b,aad646b14392b632d658225dedb7d3953424ab9ab19ebafdc67bd9a7f02eb50b,M1,M1.02,CHECK_REQUIRED_BEFORE_INSTANCE,CHECK_REQUIRED_BEFORE_INSTANCE,EXPECTED_DETECTOR_MATCH,DETECTED_AS_PREREGISTERED,FAIL,PASS,FAIL,FAIL:CHECK_REQUIRED_BEFORE_INSTANCE,,66
AEI_P3_FORMAL_20260826T034308Z_9b5f3c2bdfbe,1,M1.02:abc8d6ba26b9728a25ebd17f4066aa5421f54fde1c1ef630cc33cb308c0fb8e5,abc8d6ba26b9728a25ebd17f4066aa5421f54fde1c1ef630cc33cb308c0fb8e5,M1,M1.02,CHECK_REQUIRED_BEFORE_INSTANCE,CHECK_REQUIRED_BEFORE_INSTANCE,EXPECTED_DETECTOR_MATCH,DETECTED_AS_PREREGISTERED,FAIL,PASS,FAIL,FAIL:CHECK_REQUIRED_BEFORE_INSTANCE,,67
AEI_P3_FORMAL_20260826T034308Z_9b5f3c2bdfbe,1,M1.02:b0f01f4c7ca822555039b9267d8985edbeb149abc0a710d6583cea634584f862,b0f01f4c7ca822555039b9267d8985edbeb149abc0a710d6583cea634584f862,M1,M1.02,CHECK_REQUIRED_BEFORE_INSTANCE,CHECK_REQUIRED_BEFORE_INSTANCE,EXPECTED_DETECTOR_MATCH,DETECTED_AS_PREREGISTERED,FAIL,PASS,FAIL,FAIL:CHECK_REQUIRED_BEFORE_INSTANCE,,68
AEI_P3_FORMAL_20260826T034308Z_9b5f3c2bdfbe,1,M1.02:b31f9c5cbf923f188771558357941c1a7d6a71089f67793c620cf7034a070eb2,b31f9c5cbf923f188771558357941c1a7d6a71089f67793c620cf7034a070eb2,M1,M1.02,CHECK_REQUIRED_BEFORE_INSTANCE,CHECK_REQUIRED_BEFORE_INSTANCE,EXPECTED_DETECTOR_MATCH,DETECTED_AS_PREREGISTERED,FAIL,PASS,FAIL,FAIL:CHECK_REQUIRED_BEFORE_INSTANCE,,69
AEI_P3_FORMAL_20260826T034308Z_9b5f3c2bdfbe,1,M1.02:b5c400c27e6dbb1cc8466c5ce68e1530b6d984599f3c01c36496b49b586ff5e3,b5c400c27e6dbb1cc8466c5ce68e1530b6d984599f3c01c36496b49b586ff5e3,M1,M1.02,CHECK_REQUIRED_BEFORE_INSTANCE,CHECK_REQUIRED_BEFORE_INSTANCE,EXPECTED_DETECTOR_MATCH,DETECTED_AS_PREREGISTERED,FAIL,PASS,FAIL,FAIL:CHECK_REQUIRED_BEFORE_INSTANCE,,70
AEI_P3_FORMAL_20260826T034308Z_9b5f3c2bdfbe,1,M1.02:bb3f15222034bdf87b9be499b27f859fe778b781693fd54677f83bd7531f0680,bb3f15222034bdf87b9be499b27f859fe778b781693fd54677f83bd7531f0680,M1,M1.02,CHECK_REQUIRED_BEFORE_INSTANCE,CHECK_REQUIRED_BEFORE_INSTANCE,EXPECTED_DETECTOR_MATCH,DETECTED_AS_PREREGISTERED,FAIL,PASS,FAIL,FAIL:CHECK_REQUIRED_BEFORE_INSTANCE,,71
AEI_P3_FORMAL_20260826T034308Z_9b5f3c2bdfbe,1,M1.02:ce18361670bfbcde2f3ff22167187aecef9164dedbf1198bc7563c147804780e,ce18361670bfbcde2f3ff22167187aecef9164dedbf1198bc7563c147804780e,M1,M1.02,CHECK_REQUIRED_BEFORE_INSTANCE,CHECK_REQUIRED_BEFORE_INSTANCE,EXPECTED_DETECTOR_MATCH,DETECTED_AS_PREREGISTERED,FAIL,PASS,FAIL,FAIL:CHECK_REQUIRED_BEFORE_INSTANCE,,72
AEI_P3_FORMAL_20260826T034308Z_9b5f3c2bdfbe,1,M1.02:ceae66508816dc9f5458c925c89f155658e6c78710a8753d337ac385481cc1bf,ceae66508816dc9f5458c925c89f155658e6c78710a8753d337ac385481cc1bf,M1,M1.02,CHECK_REQUIRED_BEFORE_INSTANCE,CHECK_REQUIRED_BEFORE_INSTANCE,EXPECTED_DETECTOR_MATCH,DETECTED_AS_PREREGISTERED,FAIL,PASS,FAIL,FAIL:CHECK_REQUIRED_BEFORE_INSTANCE,,73
AEI_P3_FORMAL_20260826T034308Z_9b5f3c2bdfbe,1,M1.02:d093d52f24139c1b6fb09b775beedd000f1a7b3716df906d7d36e91e7e848265,d093d52f24139c1b6fb09b775beedd000f1a7b3716df906d7d36e91e7e848265,M1,M1.02,CHECK_REQUIRED_BEFORE_INSTANCE,CHECK_REQUIRED_BEFORE_INSTANCE,EXPECTED_DETECTOR_MATCH,DETECTED_AS_PREREGISTERED,FAIL,PASS,FAIL,FAIL:CHECK_REQUIRED_BEFORE_INSTANCE,,74
AEI_P3_FORMAL_20260826T034308Z_9b5f3c2bdfbe,1,M1.02:d4b957654a5efd71168d6f7e67936e6abf4666ceb41e7919635002157b125411,d4b957654a5efd71168d6f7e67936e6abf4666ceb41e7919635002157b125411,M1,M1.02,CHECK_REQUIRED_BEFORE_INSTANCE,CHECK_REQUIRED_BEFORE_INSTANCE,EXPECTED_DETECTOR_MATCH,DETECTED_AS_PREREGISTERED,FAIL,PASS,FAIL,FAIL:CHECK_REQUIRED_BEFORE_INSTANCE,,75
AEI_P3_FORMAL_20260826T034308Z_9b5f3c2bdfbe,1,M1.02:d598e89b357205c7b4bd47c5ebbe933f8be1f7c8dcdee85e66ec6829cafb91d3,d598e89b357205c7b4bd47c5ebbe933f8be1f7c8dcdee85e66ec6829cafb91d3,M1,M1.02,CHECK_REQUIRED_BEFORE_INSTANCE,CHECK_REQUIRED_BEFORE_INSTANCE,EXPECTED_DETECTOR_MATCH,DETECTED_AS_PREREGISTERED,FAIL,PASS,FAIL,FAIL:CHECK_REQUIRED_BEFORE_INSTANCE,,76
AEI_P3_FORMAL_20260826T034308Z_9b5f3c2bdfbe,1,M1.02:eb3670bbe434a59cc94347384a5d50fb526d26a00dbf6da73e54438c4bacc2a0,eb3670bbe434a59cc94347384a5d50fb526d26a00dbf6da73e54438c4bacc2a0,M1,M1.02,CHECK_REQUIRED_BEFORE_INSTANCE,CHECK_REQUIRED_BEFORE_INSTANCE,EXPECTED_DETECTOR_MATCH,DETECTED_AS_PREREGISTERED,FAIL,PASS,FAIL,FAIL:CHECK_REQUIRED_BEFORE_INSTANCE,,77
AEI_P3_FORMAL_20260826T034308Z_9b5f3c2bdfbe,1,M1.02:f1e5fc58ea336e13c098308a2da00dee7de3dd3aa08d6170df4a3cb1afd09795,f1e5fc58ea336e13c098308a2da00dee7de3dd3aa08d6170df4a3cb1afd09795,M1,M1.02,CHECK_REQUIRED_BEFORE_INSTANCE,CHECK_REQUIRED_BEFORE_INSTANCE,EXPECTED_DETECTOR_MATCH,DETECTED_AS_PREREGISTERED,FAIL,PASS,FAIL,FAIL:CHECK_REQUIRED_BEFORE_INSTANCE,,78
AEI_P3_FORMAL_20260826T034308Z_9b5f3c2bdfbe,1,M1.02:f583baa2dad1527b5f84f71805410ee51b78fce2b1be62de49f1636c06821c7b,f583baa2dad1527b5f84f71805410ee51b78fce2b1be62de49f1636c06821c7b,M1,M1.02,CHECK_REQUIRED_BEFORE_INSTANCE,CHECK_REQUIRED_BEFORE_INSTANCE,EXPECTED_DETECTOR_MATCH,DETECTED_AS_PREREGISTERED,FAIL,PASS,FAIL,FAIL:CHECK_REQUIRED_BEFORE_INSTANCE,,79
AEI_P3_FORMAL_20260826T034308Z_9b5f3c2bdfbe,1,M1.02:f64f55ad9277004ae441909cd6556d26eeaf73d3eb3c537384be703615149f96,f64f55ad9277004ae441909cd6556d26eeaf73d3eb3c537384be703615149f96,M1,M1.02,CHECK_REQUIRED_BEFORE_INSTANCE,CHECK_REQUIRED_BEFORE_INSTANCE,EXPECTED_DETECTOR_MATCH,DETECTED_AS_PREREGISTERED,FAIL,PASS,FAIL,FAIL:CHECK_REQUIRED_BEFORE_INSTANCE,,80
AEI_P3_FORMAL_20260826T034308Z_9b5f3c2bdfbe,1,M1.02:f80e8a50e0815fda9eef8635e52671f3888786c4daef5767b8da7b74e4311646,f80e8a50e0815fda9eef8635e52671f3888786c4daef5767b8da7b74e4311646,M1,M1.02,CHECK_REQUIRED_BEFORE_INSTANCE,CHECK_REQUIRED_BEFORE_INSTANCE,EXPECTED_DETECTOR_MATCH,DETECTED_AS_PREREGISTERED,FAIL,PASS,FAIL,FAIL:CHECK_REQUIRED_BEFORE_INSTANCE,,81
AEI_P3_FORMAL_20260826T034308Z_9b5f3c2bdfbe,1,M1.02:f9ade00b139ce33674b05d1766de3ec85779abfd83f893a7b2437817100901d9,f9ade00b139ce33674b05d1766de3ec85779abfd83f893a7b2437817100901d9,M1,M1.02,CHECK_REQUIRED_BEFORE_INSTANCE,CHECK_REQUIRED_BEFORE_INSTANCE,EXPECTED_DETECTOR_MATCH,DETECTED_AS_PREREGISTERED,FAIL,PASS,FAIL,FAIL:CHECK_REQUIRED_BEFORE_INSTANCE,,82
AEI_P3_FORMAL_20260826T034308Z_9b5f3c2bdfbe,1,M1.02:feb26c8ce25b99d6b090e07fca86c8e2dbf3ff2d6b891634c4c71b179329ab47,feb26c8ce25b99d6b090e07fca86c8e2dbf3ff2d6b891634c4c71b179329ab47,M1,M1.02,CHECK_REQUIRED_BEFORE_INSTANCE,CHECK_REQUIRED_BEFORE_INSTANCE,EXPECTED_DETECTOR_MATCH,DETECTED_AS_PREREGISTERED,FAIL,PASS,FAIL,FAIL:CHECK_REQUIRED_BEFORE_INSTANCE,,83
AEI_P3_FORMAL_20260826T034308Z_9b5f3c2bdfbe,1,M1.03:052b2dfeb855619b4e74c70e7155e5699a6aebc572c887f1432462ecf4afce6b,052b2dfeb855619b4e74c70e7155e5699a6aebc572c887f1432462ecf4afce6b,M1,M1.03,CHECK_REQUIRED_AFTER_INSTANCE,CHECK_REQUIRED_AFTER_INSTANCE,EXPECTED_DETECTOR_MATCH,DETECTED_AS_PREREGISTERED,FAIL,PASS,FAIL,FAIL:CHECK_REQUIRED_AFTER_INSTANCE,,84
AEI_P3_FORMAL_20260826T034308Z_9b5f3c2bdfbe,1,M1.03:0edc936e36dbd00367c35ec096b127c69211776f53ead8d7b9619a78d9b3beb5,0edc936e36dbd00367c35ec096b127c69211776f53ead8d7b9619a78d9b3beb5,M1,M1.03,CHECK_REQUIRED_AFTER_INSTANCE,CHECK_REQUIRED_AFTER_INSTANCE,EXPECTED_DETECTOR_MATCH,DETECTED_AS_PREREGISTERED,FAIL,PASS,FAIL,FAIL:CHECK_REQUIRED_AFTER_INSTANCE,,85
AEI_P3_FORMAL_20260826T034308Z_9b5f3c2bdfbe,1,M1.03:19993579c580ecb799e1ce158990340e547863ae75c4be153b97908cb5cd08a2,19993579c580ecb799e1ce158990340e547863ae75c4be153b97908cb5cd08a2,M1,M1.03,CHECK_REQUIRED_AFTER_INSTANCE,CHECK_REQUIRED_AFTER_INSTANCE,EXPECTED_DETECTOR_MATCH,DETECTED_AS_PREREGISTERED,FAIL,PASS,FAIL,FAIL:CHECK_REQUIRED_AFTER_INSTANCE,,86
AEI_P3_FORMAL_20260826T034308Z_9b5f3c2bdfbe,1,M1.03:1bb3dc3f26212de23def1f2ca0d598d344fea56b8a73247e2f6390ebea07946d,1bb3dc3f26212de23def1f2ca0d598d344fea56b8a73247e2f6390ebea07946d,M1,M1.03,CHECK_REQUIRED_AFTER_INSTANCE,CHECK_REQUIRED_AFTER_INSTANCE,EXPECTED_DETECTOR_MATCH,DETECTED_AS_PREREGISTERED,FAIL,PASS,FAIL,FAIL:CHECK_REQUIRED_AFTER_INSTANCE,,87
AEI_P3_FORMAL_20260826T034308Z_9b5f3c2bdfbe,1,M1.03:2443e5a3d32298289c0b98d2a7d3a03cbf4194a7adecf97293b0ac348944ba9e,2443e5a3d32298289c0b98d2a7d3a03cbf4194a7adecf97293b0ac348944ba9e,M1,M1.03,CHECK_REQUIRED_AFTER_INSTANCE,CHECK_REQUIRED_AFTER_INSTANCE,EXPECTED_DETECTOR_MATCH,DETECTED_AS_PREREGISTERED,FAIL,PASS,FAIL,FAIL:CHECK_REQUIRED_AFTER_INSTANCE,,88
AEI_P3_FORMAL_20260826T034308Z_9b5f3c2bdfbe,1,M1.03:245cb7ed72fd0a10da80157bd648a7ae9e8bd9ef722909fe778d274715ad67b3,245cb7ed72fd0a10da80157bd648a7ae9e8bd9ef722909fe778d274715ad67b3,M1,M1.03,CHECK_REQUIRED_AFTER_INSTANCE,CHECK_REQUIRED_AFTER_INSTANCE,EXPECTED_DETECTOR_MATCH,DETECTED_AS_PREREGISTERED,FAIL,PASS,FAIL,FAIL:CHECK_REQUIRED_AFTER_INSTANCE,,89
AEI_P3_FORMAL_20260826T034308Z_9b5f3c2bdfbe,1,M1.03:268469c82535bf1ba82a82324d755f40ad8bc7255c875b8e25c2d7943cff1ff3,268469c82535bf1ba82a82324d755f40ad8bc7255c875b8e25c2d7943cff1ff3,M1,M1.03,CHECK_REQUIRED_AFTER_INSTANCE,CHECK_REQUIRED_AFTER_INSTANCE,EXPECTED_DETECTOR_MATCH,DETECTED_AS_PREREGISTERED,FAIL,PASS,FAIL,FAIL:CHECK_REQUIRED_AFTER_INSTANCE,,90
AEI_P3_FORMAL_20260826T034308Z_9b5f3c2bdfbe,1,M1.03:2908e9ba69598735be8757d9b153473f5bacec1feb89ecff91ce994824a10178,2908e9ba69598735be8757d9b153473f5bacec1feb89ecff91ce994824a10178,M1,M1.03,CHECK_REQUIRED_AFTER_INSTANCE,CHECK_REQUIRED_AFTER_INSTANCE,EXPECTED_DETECTOR_MATCH,DETECTED_AS_PREREGISTERED,FAIL,PASS,FAIL,FAIL:CHECK_REQUIRED_AFTER_INSTANCE,,91
AEI_P3_FORMAL_20260826T034308Z_9b5f3c2bdfbe,1,M1.03:474b6ef7aac2feb7cb9195d7d3644f0d53d378eb4518ef87a9a2f7714d8ef3d5,474b6ef7aac2feb7cb9195d7d3644f0d53d378eb4518ef87a9a2f7714d8ef3d5,M1,M1.03,CHECK_REQUIRED_AFTER_INSTANCE,CHECK_REQUIRED_AFTER_INSTANCE,EXPECTED_DETECTOR_MATCH,DETECTED_AS_PREREGISTERED,FAIL,PASS,FAIL,FAIL:CHECK_REQUIRED_AFTER_INSTANCE,,92
AEI_P3_FORMAL_20260826T034308Z_9b5f3c2bdfbe,1,M1.03:4fafb9a13ff5e2fda82a804bf609727b68a17926d69ae1574c4801604ec81359,4fafb9a13ff5e2fda82a804bf609727b68a17926d69ae1574c4801604ec81359,M1,M1.03,CHECK_REQUIRED_AFTER_INSTANCE,CHECK_REQUIRED_AFTER_INSTANCE,EXPECTED_DETECTOR_MATCH,DETECTED_AS_PREREGISTERED,FAIL,PASS,FAIL,FAIL:CHECK_REQUIRED_AFTER_INSTANCE,,93
AEI_P3_FORMAL_20260826T034308Z_9b5f3c2bdfbe,1,M1.03:54349d927b9070c144f507868f9ef8b962c7c926426b33c3a7e0c88f715b246a,54349d927b9070c144f507868f9ef8b962c7c926426b33c3a7e0c88f715b246a,M1,M1.03,CHECK_REQUIRED_AFTER_INSTANCE,CHECK_REQUIRED_AFTER_INSTANCE,EXPECTED_DETECTOR_MATCH,DETECTED_AS_PREREGISTERED,FAIL,PASS,FAIL,FAIL:CHECK_REQUIRED_AFTER_INSTANCE,,94
AEI_P3_FORMAL_20260826T034308Z_9b5f3c2bdfbe,1,M1.03:558b8365de15727bf495595ed539867872c185b280ea249712f3b1d5f8674cd5,558b8365de15727bf495595ed539867872c185b280ea249712f3b1d5f8674cd5,M1,M1.03,CHECK_REQUIRED_AFTER_INSTANCE,CHECK_REQUIRED_AFTER_INSTANCE,EXPECTED_DETECTOR_MATCH,DETECTED_AS_PREREGISTERED,FAIL,PASS,FAIL,FAIL:CHECK_REQUIRED_AFTER_INSTANCE,,95
AEI_P3_FORMAL_20260826T034308Z_9b5f3c2bdfbe,1,M1.03:5ecccd77f46ab5549088b57686632a9eb5ccf1a5a977fbe35cfae6a50eca52bb,5ecccd77f46ab5549088b57686632a9eb5ccf1a5a977fbe35cfae6a50eca52bb,M1,M1.03,CHECK_REQUIRED_AFTER_INSTANCE,CHECK_REQUIRED_AFTER_INSTANCE,EXPECTED_DETECTOR_MATCH,DETECTED_AS_PREREGISTERED,FAIL,PASS,FAIL,FAIL:CHECK_REQUIRED_AFTER_INSTANCE,,96
AEI_P3_FORMAL_20260826T034308Z_9b5f3c2bdfbe,1,M1.03:5f24b2bbe16d5c8f667064d5031553e1dd9c4d9dbb7e0757cb922d9ba47928d5,5f24b2bbe16d5c8f667064d5031553e1dd9c4d9dbb7e0757cb922d9ba47928d5,M1,M1.03,CHECK_REQUIRED_AFTER_INSTANCE,CHECK_REQUIRED_AFTER_INSTANCE,EXPECTED_DETECTOR_MATCH,DETECTED_AS_PREREGISTERED,FAIL,PASS,FAIL,FAIL:CHECK_REQUIRED_AFTER_INSTANCE,,97
AEI_P3_FORMAL_20260826T034308Z_9b5f3c2bdfbe,1,M1.03:61f77c0251bcd2bbb51e6bff7e048bfcda7139b4e796314d32b47961ac3b5c1b,61f77c0251bcd2bbb51e6bff7e048bfcda7139b4e796314d32b47961ac3b5c1b,M1,M1.03,CHECK_REQUIRED_AFTER_INSTANCE,CHECK_REQUIRED_AFTER_INSTANCE,EXPECTED_DETECTOR_MATCH,DETECTED_AS_PREREGISTERED,FAIL,PASS,FAIL,FAIL:CHECK_REQUIRED_AFTER_INSTANCE,,98
AEI_P3_FORMAL_20260826T034308Z_9b5f3c2bdfbe,1,M1.03:634f3d08fd93ba622176ea6c9ff7ff1fb9d57a9b14f936f27d1460655fc20d72,634f3d08fd93ba622176ea6c9ff7ff1fb9d57a9b14f936f27d1460655fc20d72,M1,M1.03,CHECK_REQUIRED_AFTER_INSTANCE,CHECK_REQUIRED_AFTER_INSTANCE,EXPECTED_DETECTOR_MATCH,DETECTED_AS_PREREGISTERED,FAIL,PASS,FAIL,FAIL:CHECK_REQUIRED_AFTER_INSTANCE,,99
AEI_P3_FORMAL_20260826T034308Z_9b5f3c2bdfbe,1,M1.03:73cdcc11d1c23e47664696979a9b12b94deb5da000c18f37a8d7c0b641090788,73cdcc11d1c23e47664696979a9b12b94deb5da000c18f37a8d7c0b641090788,M1,M1.03,CHECK_REQUIRED_AFTER_INSTANCE,CHECK_REQUIRED_AFTER_INSTANCE,EXPECTED_DETECTOR_MATCH,DETECTED_AS_PREREGISTERED,FAIL,PASS,FAIL,FAIL:CHECK_REQUIRED_AFTER_INSTANCE,,100
AEI_P3_FORMAL_20260826T034308Z_9b5f3c2bdfbe,1,M1.03:7dc2cc636acd7eeb3db7367222360894cac918d6adca467d2f7a79960bbe8b1c,7dc2cc636acd7eeb3db7367222360894cac918d6adca467d2f7a79960bbe8b1c,M1,M1.03,CHECK_REQUIRED_AFTER_INSTANCE,CHECK_REQUIRED_AFTER_INSTANCE,EXPECTED_DETECTOR_MATCH,DETECTED_AS_PREREGISTERED,FAIL,PASS,FAIL,FAIL:CHECK_REQUIRED_AFTER_INSTANCE,,101
AEI_P3_FORMAL_20260826T034308Z_9b5f3c2bdfbe,1,M1.03:8c60197386a54af6d06cac0996c81cbca4971ac83984afcf2a52fa27a5bb1b42,8c60197386a54af6d06cac0996c81cbca4971ac83984afcf2a52fa27a5bb1b42,M1,M1.03,CHECK_REQUIRED_AFTER_INSTANCE,CHECK_REQUIRED_AFTER_INSTANCE,EXPECTED_DETECTOR_MATCH,DETECTED_AS_PREREGISTERED,FAIL,PASS,FAIL,FAIL:CHECK_REQUIRED_AFTER_INSTANCE,,102
AEI_P3_FORMAL_20260826T034308Z_9b5f3c2bdfbe,1,M1.03:8e3a1df6f55a6d53d21fd63c9dcda45cee6d1576c4989d45b40828d31e6d7281,8e3a1df6f55a6d53d21fd63c9dcda45cee6d1576c4989d45b40828d31e6d7281,M1,M1.03,CHECK_REQUIRED_AFTER_INSTANCE,CHECK_REQUIRED_AFTER_INSTANCE,EXPECTED_DETECTOR_MATCH,DETECTED_AS_PREREGISTERED,FAIL,PASS,FAIL,FAIL:CHECK_REQUIRED_AFTER_INSTANCE,,103
AEI_P3_FORMAL_20260826T034308Z_9b5f3c2bdfbe,1,M1.03:97eb8ea8dfec0a163a4b54e1179247553055627de3df3d7a40c8879cacc64800,97eb8ea8dfec0a163a4b54e1179247553055627de3df3d7a40c8879cacc64800,M1,M1.03,CHECK_REQUIRED_AFTER_INSTANCE,CHECK_REQUIRED_AFTER_INSTANCE,EXPECTED_DETECTOR_MATCH,DETECTED_AS_PREREGISTERED,FAIL,PASS,FAIL,FAIL:CHECK_REQUIRED_AFTER_INSTANCE,,104
AEI_P3_FORMAL_20260826T034308Z_9b5f3c2bdfbe,1,M1.03:9827288498c6ff63f3f7ec6f3bb833b53ac1c3cbaf59021addc82b6a8c08bae2,9827288498c6ff63f3f7ec6f3bb833b53ac1c3cbaf59021addc82b6a8c08bae2,M1,M1.03,CHECK_REQUIRED_AFTER_INSTANCE,CHECK_REQUIRED_AFTER_INSTANCE,EXPECTED_DETECTOR_MATCH,DETECTED_AS_PREREGISTERED,FAIL,PASS,FAIL,FAIL:CHECK_REQUIRED_AFTER_INSTANCE,,105
AEI_P3_FORMAL_20260826T034308Z_9b5f3c2bdfbe,1,M1.03:9f7906189c782cba7c3a4cc9cb8785764c8ad3fb1e637423a7a310d6c438feb5,9f7906189c782cba7c3a4cc9cb8785764c8ad3fb1e637423a7a310d6c438feb5,M1,M1.03,CHECK_REQUIRED_AFTER_INSTANCE,CHECK_REQUIRED_AFTER_INSTANCE,EXPECTED_DETECTOR_MATCH,DETECTED_AS_PREREGISTERED,FAIL,PASS,FAIL,FAIL:CHECK_REQUIRED_AFTER_INSTANCE,,106
AEI_P3_FORMAL_20260826T034308Z_9b5f3c2bdfbe,1,M1.03:aa5b4ee1688c71f1a3932cd7d9b629a08e31ef09728f3280c98c7636eecfb8d3,aa5b4ee1688c71f1a3932cd7d9b629a08e31ef09728f3280c98c7636eecfb8d3,M1,M1.03,CHECK_REQUIRED_AFTER_INSTANCE,CHECK_REQUIRED_AFTER_INSTANCE,EXPECTED_DETECTOR_MATCH,DETECTED_AS_PREREGISTERED,FAIL,PASS,FAIL,FAIL:CHECK_REQUIRED_AFTER_INSTANCE,,107
AEI_P3_FORMAL_20260826T034308Z_9b5f3c2bdfbe,1,M1.03:aad646b14392b632d658225dedb7d3953424ab9ab19ebafdc67bd9a7f02eb50b,aad646b14392b632d658225dedb7d3953424ab9ab19ebafdc67bd9a7f02eb50b,M1,M1.03,CHECK_REQUIRED_AFTER_INSTANCE,CHECK_REQUIRED_AFTER_INSTANCE,EXPECTED_DETECTOR_MATCH,DETECTED_AS_PREREGISTERED,FAIL,PASS,FAIL,FAIL:CHECK_REQUIRED_AFTER_INSTANCE,,108
AEI_P3_FORMAL_20260826T034308Z_9b5f3c2bdfbe,1,M1.03:abc8d6ba26b9728a25ebd17f4066aa5421f54fde1c1ef630cc33cb308c0fb8e5,abc8d6ba26b9728a25ebd17f4066aa5421f54fde1c1ef630cc33cb308c0fb8e5,M1,M1.03,CHECK_REQUIRED_AFTER_INSTANCE,CHECK_REQUIRED_AFTER_INSTANCE,EXPECTED_DETECTOR_MATCH,DETECTED_AS_PREREGISTERED,FAIL,PASS,FAIL,FAIL:CHECK_REQUIRED_AFTER_INSTANCE,,109
AEI_P3_FORMAL_20260826T034308Z_9b5f3c2bdfbe,1,M1.03:b0f01f4c7ca822555039b9267d8985edbeb149abc0a710d6583cea634584f862,b0f01f4c7ca822555039b9267d8985edbeb149abc0a710d6583cea634584f862,M1,M1.03,CHECK_REQUIRED_AFTER_INSTANCE,CHECK_REQUIRED_AFTER_INSTANCE,EXPECTED_DETECTOR_MATCH,DETECTED_AS_PREREGISTERED,FAIL,PASS,FAIL,FAIL:CHECK_REQUIRED_AFTER_INSTANCE,,110
AEI_P3_FORMAL_20260826T034308Z_9b5f3c2bdfbe,1,M1.03:b31f9c5cbf923f188771558357941c1a7d6a71089f67793c620cf7034a070eb2,b31f9c5cbf923f188771558357941c1a7d6a71089f67793c620cf7034a070eb2,M1,M1.03,CHECK_REQUIRED_AFTER_INSTANCE,CHECK_REQUIRED_AFTER_INSTANCE,EXPECTED_DETECTOR_MATCH,DETECTED_AS_PREREGISTERED,FAIL,PASS,FAIL,FAIL:CHECK_REQUIRED_AFTER_INSTANCE,,111
AEI_P3_FORMAL_20260826T034308Z_9b5f3c2bdfbe,1,M1.03:b5c400c27e6dbb1cc8466c5ce68e1530b6d984599f3c01c36496b49b586ff5e3,b5c400c27e6dbb1cc8466c5ce68e1530b6d984599f3c01c36496b49b586ff5e3,M1,M1.03,CHECK_REQUIRED_AFTER_INSTANCE,CHECK_REQUIRED_AFTER_INSTANCE,EXPECTED_DETECTOR_MATCH,DETECTED_AS_PREREGISTERED,FAIL,PASS,FAIL,FAIL:CHECK_REQUIRED_AFTER_INSTANCE,,112
AEI_P3_FORMAL_20260826T034308Z_9b5f3c2bdfbe,1,M1.03:bb3f15222034bdf87b9be499b27f859fe778b781693fd54677f83bd7531f0680,bb3f15222034bdf87b9be499b27f859fe778b781693fd54677f83bd7531f0680,M1,M1.03,CHECK_REQUIRED_AFTER_INSTANCE,CHECK_REQUIRED_AFTER_INSTANCE,EXPECTED_DETECTOR_MATCH,DETECTED_AS_PREREGISTERED,FAIL,PASS,FAIL,FAIL:CHECK_REQUIRED_AFTER_INSTANCE,,113
AEI_P3_FORMAL_20260826T034308Z_9b5f3c2bdfbe,1,M1.03:ce18361670bfbcde2f3ff22167187aecef9164dedbf1198bc7563c147804780e,ce18361670bfbcde2f3ff22167187aecef9164dedbf1198bc7563c147804780e,M1,M1.03,CHECK_REQUIRED_AFTER_INSTANCE,CHECK_REQUIRED_AFTER_INSTANCE,EXPECTED_DETECTOR_MATCH,DETECTED_AS_PREREGISTERED,FAIL,PASS,FAIL,FAIL:CHECK_REQUIRED_AFTER_INSTANCE,,114
AEI_P3_FORMAL_20260826T034308Z_9b5f3c2bdfbe,1,M1.03:ceae66508816dc9f5458c925c89f155658e6c78710a8753d337ac385481cc1bf,ceae66508816dc9f5458c925c89f155658e6c78710a8753d337ac385481cc1bf,M1,M1.03,CHECK_REQUIRED_AFTER_INSTANCE,CHECK_REQUIRED_AFTER_INSTANCE,EXPECTED_DETECTOR_MATCH,DETECTED_AS_PREREGISTERED,FAIL,PASS,FAIL,FAIL:CHECK_REQUIRED_AFTER_INSTANCE,,115
AEI_P3_FORMAL_20260826T034308Z_9b5f3c2bdfbe,1,M1.03:d093d52f24139c1b6fb09b775beedd000f1a7b3716df906d7d36e91e7e848265,d093d52f24139c1b6fb09b775beedd000f1a7b3716df906d7d36e91e7e848265,M1,M1.03,CHECK_REQUIRED_AFTER_INSTANCE,CHECK_REQUIRED_AFTER_INSTANCE,EXPECTED_DETECTOR_MATCH,DETECTED_AS_PREREGISTERED,FAIL,PASS,FAIL,FAIL:CHECK_REQUIRED_AFTER_INSTANCE,,116
AEI_P3_FORMAL_20260826T034308Z_9b5f3c2bdfbe,1,M1.03:d4b957654a5efd71168d6f7e67936e6abf4666ceb41e7919635002157b125411,d4b957654a5efd71168d6f7e67936e6abf4666ceb41e7919635002157b125411,M1,M1.03,CHECK_REQUIRED_AFTER_INSTANCE,CHECK_REQUIRED_AFTER_INSTANCE,EXPECTED_DETECTOR_MATCH,DETECTED_AS_PREREGISTERED,FAIL,PASS,FAIL,FAIL:CHECK_REQUIRED_AFTER_INSTANCE,,117
AEI_P3_FORMAL_20260826T034308Z_9b5f3c2bdfbe,1,M1.03:d598e89b357205c7b4bd47c5ebbe933f8be1f7c8dcdee85e66ec6829cafb91d3,d598e89b357205c7b4bd47c5ebbe933f8be1f7c8dcdee85e66ec6829cafb91d3,M1,M1.03,CHECK_REQUIRED_AFTER_INSTANCE,CHECK_REQUIRED_AFTER_INSTANCE,EXPECTED_DETECTOR_MATCH,DETECTED_AS_PREREGISTERED,FAIL,PASS,FAIL,FAIL:CHECK_REQUIRED_AFTER_INSTANCE,,118
AEI_P3_FORMAL_20260826T034308Z_9b5f3c2bdfbe,1,M1.03:eb3670bbe434a59cc94347384a5d50fb526d26a00dbf6da73e54438c4bacc2a0,eb3670bbe434a59cc94347384a5d50fb526d26a00dbf6da73e54438c4bacc2a0,M1,M1.03,CHECK_REQUIRED_AFTER_INSTANCE,CHECK_REQUIRED_AFTER_INSTANCE,EXPECTED_DETECTOR_MATCH,DETECTED_AS_PREREGISTERED,FAIL,PASS,FAIL,FAIL:CHECK_REQUIRED_AFTER_INSTANCE,,119
AEI_P3_FORMAL_20260826T034308Z_9b5f3c2bdfbe,1,M1.03:f1e5fc58ea336e13c098308a2da00dee7de3dd3aa08d6170df4a3cb1afd09795,f1e5fc58ea336e13c098308a2da00dee7de3dd3aa08d6170df4a3cb1afd09795,M1,M1.03,CHECK_REQUIRED_AFTER_INSTANCE,CHECK_REQUIRED_AFTER_INSTANCE,EXPECTED_DETECTOR_MATCH,DETECTED_AS_PREREGISTERED,FAIL,PASS,FAIL,FAIL:CHECK_REQUIRED_AFTER_INSTANCE,,120
AEI_P3_FORMAL_20260826T034308Z_9b5f3c2bdfbe,1,M1.03:f583baa2dad1527b5f84f71805410ee51b78fce2b1be62de49f1636c06821c7b,f583baa2dad1527b5f84f71805410ee51b78fce2b1be62de49f1636c06821c7b,M1,M1.03,CHECK_REQUIRED_AFTER_INSTANCE,CHECK_REQUIRED_AFTER_INSTANCE,EXPECTED_DETECTOR_MATCH,DETECTED_AS_PREREGISTERED,FAIL,PASS,FAIL,FAIL:CHECK_REQUIRED_AFTER_INSTANCE,,121
AEI_P3_FORMAL_20260826T034308Z_9b5f3c2bdfbe,1,M1.03:f64f55ad9277004ae441909cd6556d26eeaf73d3eb3c537384be703615149f96,f64f55ad9277004ae441909cd6556d26eeaf73d3eb3c537384be703615149f96,M1,M1.03,CHECK_REQUIRED_AFTER_INSTANCE,CHECK_REQUIRED_AFTER_INSTANCE,EXPECTED_DETECTOR_MATCH,DETECTED_AS_PREREGISTERED,FAIL,PASS,FAIL,FAIL:CHECK_REQUIRED_AFTER_INSTANCE,,122
AEI_P3_FORMAL_20260826T034308Z_9b5f3c2bdfbe,1,M1.03:f80e8a50e0815fda9eef8635e52671f3888786c4daef5767b8da7b74e4311646,f80e8a50e0815fda9eef8635e52671f3888786c4daef5767b8da7b74e4311646,M1,M1.03,CHECK_REQUIRED_AFTER_INSTANCE,CHECK_REQUIRED_AFTER_INSTANCE,EXPECTED_DETECTOR_MATCH,DETECTED_AS_PREREGISTERED,FAIL,PASS,FAIL,FAIL:CHECK_REQUIRED_AFTER_INSTANCE,,123
AEI_P3_FORMAL_20260826T034308Z_9b5f3c2bdfbe,1,M1.03:f9ade00b139ce33674b05d1766de3ec85779abfd83f893a7b2437817100901d9,f9ade00b139ce33674b05d1766de3ec85779abfd83f893a7b2437817100901d9,M1,M1.03,CHECK_REQUIRED_AFTER_INSTANCE,CHECK_REQUIRED_AFTER_INSTANCE,EXPECTED_DETECTOR_MATCH,DETECTED_AS_PREREGISTERED,FAIL,PASS,FAIL,FAIL:CHECK_REQUIRED_AFTER_INSTANCE,,124
AEI_P3_FORMAL_20260826T034308Z_9b5f3c2bdfbe,1,M1.03:feb26c8ce25b99d6b090e07fca86c8e2dbf3ff2d6b891634c4c71b179329ab47,feb26c8ce25b99d6b090e07fca86c8e2dbf3ff2d6b891634c4c71b179329ab47,M1,M1.03,CHECK_REQUIRED_AFTER_INSTANCE,CHECK_REQUIRED_AFTER_INSTANCE,EXPECTED_DETECTOR_MATCH,DETECTED_AS_PREREGISTERED,FAIL,PASS,FAIL,FAIL:CHECK_REQUIRED_AFTER_INSTANCE,,125
AEI_P3_FORMAL_20260826T034308Z_9b5f3c2bdfbe,1,M1.04:052b2dfeb855619b4e74c70e7155e5699a6aebc572c887f1432462ecf4afce6b,052b2dfeb855619b4e74c70e7155e5699a6aebc572c887f1432462ecf4afce6b,M1,M1.04,CHECK_REQUIRED_BEFORE_SCHEDULE,CHECK_REQUIRED_BEFORE_SCHEDULE,EXPECTED_DETECTOR_MATCH,DETECTED_AS_PREREGISTERED,FAIL,PASS,FAIL,FAIL:CHECK_REQUIRED_BEFORE_SCHEDULE,,126
AEI_P3_FORMAL_20260826T034308Z_9b5f3c2bdfbe,1,M1.04:0edc936e36dbd00367c35ec096b127c69211776f53ead8d7b9619a78d9b3beb5,0edc936e36dbd00367c35ec096b127c69211776f53ead8d7b9619a78d9b3beb5,M1,M1.04,CHECK_REQUIRED_BEFORE_SCHEDULE,CHECK_REQUIRED_BEFORE_SCHEDULE,EXPECTED_DETECTOR_MATCH,DETECTED_AS_PREREGISTERED,FAIL,PASS,FAIL,FAIL:CHECK_REQUIRED_BEFORE_SCHEDULE,,127
AEI_P3_FORMAL_20260826T034308Z_9b5f3c2bdfbe,1,M1.04:19993579c580ecb799e1ce158990340e547863ae75c4be153b97908cb5cd08a2,19993579c580ecb799e1ce158990340e547863ae75c4be153b97908cb5cd08a2,M1,M1.04,CHECK_REQUIRED_BEFORE_SCHEDULE,CHECK_REQUIRED_BEFORE_SCHEDULE,EXPECTED_DETECTOR_MATCH,DETECTED_AS_PREREGISTERED,FAIL,PASS,FAIL,FAIL:CHECK_REQUIRED_BEFORE_SCHEDULE,,128
AEI_P3_FORMAL_20260826T034308Z_9b5f3c2bdfbe,1,M1.04:1bb3dc3f26212de23def1f2ca0d598d344fea56b8a73247e2f6390ebea07946d,1bb3dc3f26212de23def1f2ca0d598d344fea56b8a73247e2f6390ebea07946d,M1,M1.04,CHECK_REQUIRED_BEFORE_SCHEDULE,CHECK_REQUIRED_BEFORE_SCHEDULE,EXPECTED_DETECTOR_MATCH,DETECTED_AS_PREREGISTERED,FAIL,PASS,FAIL,FAIL:CHECK_REQUIRED_BEFORE_SCHEDULE,,129
AEI_P3_FORMAL_20260826T034308Z_9b5f3c2bdfbe,1,M1.04:2443e5a3d32298289c0b98d2a7d3a03cbf4194a7adecf97293b0ac348944ba9e,2443e5a3d32298289c0b98d2a7d3a03cbf4194a7adecf97293b0ac348944ba9e,M1,M1.04,CHECK_REQUIRED_BEFORE_SCHEDULE,CHECK_REQUIRED_BEFORE_SCHEDULE,EXPECTED_DETECTOR_MATCH,DETECTED_AS_PREREGISTERED,FAIL,PASS,FAIL,FAIL:CHECK_REQUIRED_BEFORE_SCHEDULE,,130
AEI_P3_FORMAL_20260826T034308Z_9b5f3c2bdfbe,1,M1.04:245cb7ed72fd0a10da80157bd648a7ae9e8bd9ef722909fe778d274715ad67b3,245cb7ed72fd0a10da80157bd648a7ae9e8bd9ef722909fe778d274715ad67b3,M1,M1.04,CHECK_REQUIRED_BEFORE_SCHEDULE,CHECK_REQUIRED_BEFORE_SCHEDULE,EXPECTED_DETECTOR_MATCH,DETECTED_AS_PREREGISTERED,FAIL,PASS,FAIL,FAIL:CHECK_REQUIRED_BEFORE_SCHEDULE,,131
AEI_P3_FORMAL_20260826T034308Z_9b5f3c2bdfbe,1,M1.04:268469c82535bf1ba82a82324d755f40ad8bc7255c875b8e25c2d7943cff1ff3,268469c82535bf1ba82a82324d755f40ad8bc7255c875b8e25c2d7943cff1ff3,M1,M1.04,CHECK_REQUIRED_BEFORE_SCHEDULE,CHECK_REQUIRED_BEFORE_SCHEDULE,EXPECTED_DETECTOR_MATCH,DETECTED_AS_PREREGISTERED,FAIL,PASS,FAIL,FAIL:CHECK_REQUIRED_BEFORE_SCHEDULE,,132
AEI_P3_FORMAL_20260826T034308Z_9b5f3c2bdfbe,1,M1.04:2908e9ba69598735be8757d9b153473f5bacec1feb89ecff91ce994824a10178,2908e9ba69598735be8757d9b153473f5bacec1feb89ecff91ce994824a10178,M1,M1.04,CHECK_REQUIRED_BEFORE_SCHEDULE,CHECK_REQUIRED_BEFORE_SCHEDULE,EXPECTED_DETECTOR_MATCH,DETECTED_AS_PREREGISTERED,FAIL,PASS,FAIL,FAIL:CHECK_REQUIRED_BEFORE_SCHEDULE,,133
AEI_P3_FORMAL_20260826T034308Z_9b5f3c2bdfbe,1,M1.04:474b6ef7aac2feb7cb9195d7d3644f0d53d378eb4518ef87a9a2f7714d8ef3d5,474b6ef7aac2feb7cb9195d7d3644f0d53d378eb4518ef87a9a2f7714d8ef3d5,M1,M1.04,CHECK_REQUIRED_BEFORE_SCHEDULE,CHECK_REQUIRED_BEFORE_SCHEDULE,EXPECTED_DETECTOR_MATCH,DETECTED_AS_PREREGISTERED,FAIL,PASS,FAIL,FAIL:CHECK_REQUIRED_BEFORE_SCHEDULE,,134
AEI_P3_FORMAL_20260826T034308Z_9b5f3c2bdfbe,1,M1.04:4fafb9a13ff5e2fda82a804bf609727b68a17926d69ae1574c4801604ec81359,4fafb9a13ff5e2fda82a804bf609727b68a17926d69ae1574c4801604ec81359,M1,M1.04,CHECK_REQUIRED_BEFORE_SCHEDULE,CHECK_REQUIRED_BEFORE_SCHEDULE,EXPECTED_DETECTOR_MATCH,DETECTED_AS_PREREGISTERED,FAIL,PASS,FAIL,FAIL:CHECK_REQUIRED_BEFORE_SCHEDULE,,135
AEI_P3_FORMAL_20260826T034308Z_9b5f3c2bdfbe,1,M1.04:54349d927b9070c144f507868f9ef8b962c7c926426b33c3a7e0c88f715b246a,54349d927b9070c144f507868f9ef8b962c7c926426b33c3a7e0c88f715b246a,M1,M1.04,CHECK_REQUIRED_BEFORE_SCHEDULE,CHECK_REQUIRED_BEFORE_SCHEDULE,EXPECTED_DETECTOR_MATCH,DETECTED_AS_PREREGISTERED,FAIL,PASS,FAIL,FAIL:CHECK_REQUIRED_BEFORE_SCHEDULE,,136
AEI_P3_FORMAL_20260826T034308Z_9b5f3c2bdfbe,1,M1.04:558b8365de15727bf495595ed539867872c185b280ea249712f3b1d5f8674cd5,558b8365de15727bf495595ed539867872c185b280ea249712f3b1d5f8674cd5,M1,M1.04,CHECK_REQUIRED_BEFORE_SCHEDULE,CHECK_REQUIRED_BEFORE_SCHEDULE,EXPECTED_DETECTOR_MATCH,DETECTED_AS_PREREGISTERED,FAIL,PASS,FAIL,FAIL:CHECK_REQUIRED_BEFORE_SCHEDULE,,137
AEI_P3_FORMAL_20260826T034308Z_9b5f3c2bdfbe,1,M1.04:5ecccd77f46ab5549088b57686632a9eb5ccf1a5a977fbe35cfae6a50eca52bb,5ecccd77f46ab5549088b57686632a9eb5ccf1a5a977fbe35cfae6a50eca52bb,M1,M1.04,CHECK_REQUIRED_BEFORE_SCHEDULE,CHECK_REQUIRED_BEFORE_SCHEDULE,EXPECTED_DETECTOR_MATCH,DETECTED_AS_PREREGISTERED,FAIL,PASS,FAIL,FAIL:CHECK_REQUIRED_BEFORE_SCHEDULE,,138
AEI_P3_FORMAL_20260826T034308Z_9b5f3c2bdfbe,1,M1.04:5f24b2bbe16d5c8f667064d5031553e1dd9c4d9dbb7e0757cb922d9ba47928d5,5f24b2bbe16d5c8f667064d5031553e1dd9c4d9dbb7e0757cb922d9ba47928d5,M1,M1.04,CHECK_REQUIRED_BEFORE_SCHEDULE,CHECK_REQUIRED_BEFORE_SCHEDULE,EXPECTED_DETECTOR_MATCH,DETECTED_AS_PREREGISTERED,FAIL,PASS,FAIL,FAIL:CHECK_REQUIRED_BEFORE_SCHEDULE,,139
AEI_P3_FORMAL_20260826T034308Z_9b5f3c2bdfbe,1,M1.04:61f77c0251bcd2bbb51e6bff7e048bfcda7139b4e796314d32b47961ac3b5c1b,61f77c0251bcd2bbb51e6bff7e048bfcda7139b4e796314d32b47961ac3b5c1b,M1,M1.04,CHECK_REQUIRED_BEFORE_SCHEDULE,CHECK_REQUIRED_BEFORE_SCHEDULE,EXPECTED_DETECTOR_MATCH,DETECTED_AS_PREREGISTERED,FAIL,PASS,FAIL,FAIL:CHECK_REQUIRED_BEFORE_SCHEDULE,,140
AEI_P3_FORMAL_20260826T034308Z_9b5f3c2bdfbe,1,M1.04:634f3d08fd93ba622176ea6c9ff7ff1fb9d57a9b14f936f27d1460655fc20d72,634f3d08fd93ba622176ea6c9ff7ff1fb9d57a9b14f936f27d1460655fc20d72,M1,M1.04,CHECK_REQUIRED_BEFORE_SCHEDULE,CHECK_REQUIRED_BEFORE_SCHEDULE,EXPECTED_DETECTOR_MATCH,DETECTED_AS_PREREGISTERED,FAIL,PASS,FAIL,FAIL:CHECK_REQUIRED_BEFORE_SCHEDULE,,141
AEI_P3_FORMAL_20260826T034308Z_9b5f3c2bdfbe,1,M1.04:73cdcc11d1c23e47664696979a9b12b94deb5da000c18f37a8d7c0b641090788,73cdcc11d1c23e47664696979a9b12b94deb5da000c18f37a8d7c0b641090788,M1,M1.04,CHECK_REQUIRED_BEFORE_SCHEDULE,CHECK_REQUIRED_BEFORE_SCHEDULE,EXPECTED_DETECTOR_MATCH,DETECTED_AS_PREREGISTERED,FAIL,PASS,FAIL,FAIL:CHECK_REQUIRED_BEFORE_SCHEDULE,,142
AEI_P3_FORMAL_20260826T034308Z_9b5f3c2bdfbe,1,M1.04:7dc2cc636acd7eeb3db7367222360894cac918d6adca467d2f7a79960bbe8b1c,7dc2cc636acd7eeb3db7367222360894cac918d6adca467d2f7a79960bbe8b1c,M1,M1.04,CHECK_REQUIRED_BEFORE_SCHEDULE,CHECK_REQUIRED_BEFORE_SCHEDULE,EXPECTED_DETECTOR_MATCH,DETECTED_AS_PREREGISTERED,FAIL,PASS,FAIL,FAIL:CHECK_REQUIRED_BEFORE_SCHEDULE,,143
AEI_P3_FORMAL_20260826T034308Z_9b5f3c2bdfbe,1,M1.04:8c60197386a54af6d06cac0996c81cbca4971ac83984afcf2a52fa27a5bb1b42,8c60197386a54af6d06cac0996c81cbca4971ac83984afcf2a52fa27a5bb1b42,M1,M1.04,CHECK_REQUIRED_BEFORE_SCHEDULE,CHECK_REQUIRED_BEFORE_SCHEDULE,EXPECTED_DETECTOR_MATCH,DETECTED_AS_PREREGISTERED,FAIL,PASS,FAIL,FAIL:CHECK_REQUIRED_BEFORE_SCHEDULE,,144
AEI_P3_FORMAL_20260826T034308Z_9b5f3c2bdfbe,1,M1.04:8e3a1df6f55a6d53d21fd63c9dcda45cee6d1576c4989d45b40828d31e6d7281,8e3a1df6f55a6d53d21fd63c9dcda45cee6d1576c4989d45b40828d31e6d7281,M1,M1.04,CHECK_REQUIRED_BEFORE_SCHEDULE,CHECK_REQUIRED_BEFORE_SCHEDULE,EXPECTED_DETECTOR_MATCH,DETECTED_AS_PREREGISTERED,FAIL,PASS,FAIL,FAIL:CHECK_REQUIRED_BEFORE_SCHEDULE,,145
AEI_P3_FORMAL_20260826T034308Z_9b5f3c2bdfbe,1,M1.04:97eb8ea8dfec0a163a4b54e1179247553055627de3df3d7a40c8879cacc64800,97eb8ea8dfec0a163a4b54e1179247553055627de3df3d7a40c8879cacc64800,M1,M1.04,CHECK_REQUIRED_BEFORE_SCHEDULE,CHECK_REQUIRED_BEFORE_SCHEDULE,EXPECTED_DETECTOR_MATCH,DETECTED_AS_PREREGISTERED,FAIL,PASS,FAIL,FAIL:CHECK_REQUIRED_BEFORE_SCHEDULE,,146
AEI_P3_FORMAL_20260826T034308Z_9b5f3c2bdfbe,1,M1.04:9827288498c6ff63f3f7ec6f3bb833b53ac1c3cbaf59021addc82b6a8c08bae2,9827288498c6ff63f3f7ec6f3bb833b53ac1c3cbaf59021addc82b6a8c08bae2,M1,M1.04,CHECK_REQUIRED_BEFORE_SCHEDULE,CHECK_REQUIRED_BEFORE_SCHEDULE,EXPECTED_DETECTOR_MATCH,DETECTED_AS_PREREGISTERED,FAIL,PASS,FAIL,FAIL:CHECK_REQUIRED_BEFORE_SCHEDULE,,147
AEI_P3_FORMAL_20260826T034308Z_9b5f3c2bdfbe,1,M1.04:9f7906189c782cba7c3a4cc9cb8785764c8ad3fb1e637423a7a310d6c438feb5,9f7906189c782cba7c3a4cc9cb8785764c8ad3fb1e637423a7a310d6c438feb5,M1,M1.04,CHECK_REQUIRED_BEFORE_SCHEDULE,CHECK_REQUIRED_BEFORE_SCHEDULE,EXPECTED_DETECTOR_MATCH,DETECTED_AS_PREREGISTERED,FAIL,PASS,FAIL,FAIL:CHECK_REQUIRED_BEFORE_SCHEDULE,,148
AEI_P3_FORMAL_20260826T034308Z_9b5f3c2bdfbe,1,M1.04:aa5b4ee1688c71f1a3932cd7d9b629a08e31ef09728f3280c98c7636eecfb8d3,aa5b4ee1688c71f1a3932cd7d9b629a08e31ef09728f3280c98c7636eecfb8d3,M1,M1.04,CHECK_REQUIRED_BEFORE_SCHEDULE,CHECK_REQUIRED_BEFORE_SCHEDULE,EXPECTED_DETECTOR_MATCH,DETECTED_AS_PREREGISTERED,FAIL,PASS,FAIL,FAIL:CHECK_REQUIRED_BEFORE_SCHEDULE,,149
AEI_P3_FORMAL_20260826T034308Z_9b5f3c2bdfbe,1,M1.04:aad646b14392b632d658225dedb7d3953424ab9ab19ebafdc67bd9a7f02eb50b,aad646b14392b632d658225dedb7d3953424ab9ab19ebafdc67bd9a7f02eb50b,M1,M1.04,CHECK_REQUIRED_BEFORE_SCHEDULE,CHECK_REQUIRED_BEFORE_SCHEDULE,EXPECTED_DETECTOR_MATCH,DETECTED_AS_PREREGISTERED,FAIL,PASS,FAIL,FAIL:CHECK_REQUIRED_BEFORE_SCHEDULE,,150
AEI_P3_FORMAL_20260826T034308Z_9b5f3c2bdfbe,1,M1.04:abc8d6ba26b9728a25ebd17f4066aa5421f54fde1c1ef630cc33cb308c0fb8e5,abc8d6ba26b9728a25ebd17f4066aa5421f54fde1c1ef630cc33cb308c0fb8e5,M1,M1.04,CHECK_REQUIRED_BEFORE_SCHEDULE,CHECK_REQUIRED_BEFORE_SCHEDULE,EXPECTED_DETECTOR_MATCH,DETECTED_AS_PREREGISTERED,FAIL,PASS,FAIL,FAIL:CHECK_REQUIRED_BEFORE_SCHEDULE,,151
AEI_P3_FORMAL_20260826T034308Z_9b5f3c2bdfbe,1,M1.04:b0f01f4c7ca822555039b9267d8985edbeb149abc0a710d6583cea634584f862,b0f01f4c7ca822555039b9267d8985edbeb149abc0a710d6583cea634584f862,M1,M1.04,CHECK_REQUIRED_BEFORE_SCHEDULE,CHECK_REQUIRED_BEFORE_SCHEDULE,EXPECTED_DETECTOR_MATCH,DETECTED_AS_PREREGISTERED,FAIL,PASS,FAIL,FAIL:CHECK_REQUIRED_BEFORE_SCHEDULE,,152
AEI_P3_FORMAL_20260826T034308Z_9b5f3c2bdfbe,1,M1.04:b31f9c5cbf923f188771558357941c1a7d6a71089f67793c620cf7034a070eb2,b31f9c5cbf923f188771558357941c1a7d6a71089f67793c620cf7034a070eb2,M1,M1.04,CHECK_REQUIRED_BEFORE_SCHEDULE,CHECK_REQUIRED_BEFORE_SCHEDULE,EXPECTED_DETECTOR_MATCH,DETECTED_AS_PREREGISTERED,FAIL,PASS,FAIL,FAIL:CHECK_REQUIRED_BEFORE_SCHEDULE,,153
AEI_P3_FORMAL_20260826T034308Z_9b5f3c2bdfbe,1,M1.04:b5c400c27e6dbb1cc8466c5ce68e1530b6d984599f3c01c36496b49b586ff5e3,b5c400c27e6dbb1cc8466c5ce68e1530b6d984599f3c01c36496b49b586ff5e3,M1,M1.04,CHECK_REQUIRED_BEFORE_SCHEDULE,CHECK_REQUIRED_BEFORE_SCHEDULE,EXPECTED_DETECTOR_MATCH,DETECTED_AS_PREREGISTERED,FAIL,PASS,FAIL,FAIL:CHECK_REQUIRED_BEFORE_SCHEDULE,,154
AEI_P3_FORMAL_20260826T034308Z_9b5f3c2bdfbe,1,M1.04:bb3f15222034bdf87b9be499b27f859fe778b781693fd54677f83bd7531f0680,bb3f15222034bdf87b9be499b27f859fe778b781693fd54677f83bd7531f0680,M1,M1.04,CHECK_REQUIRED_BEFORE_SCHEDULE,CHECK_REQUIRED_BEFORE_SCHEDULE,EXPECTED_DETECTOR_MATCH,DETECTED_AS_PREREGISTERED,FAIL,PASS,FAIL,FAIL:CHECK_REQUIRED_BEFORE_SCHEDULE,,155
AEI_P3_FORMAL_20260826T034308Z_9b5f3c2bdfbe,1,M1.04:ce18361670bfbcde2f3ff22167187aecef9164dedbf1198bc7563c147804780e,ce18361670bfbcde2f3ff22167187aecef9164dedbf1198bc7563c147804780e,M1,M1.04,CHECK_REQUIRED_BEFORE_SCHEDULE,CHECK_REQUIRED_BEFORE_SCHEDULE,EXPECTED_DETECTOR_MATCH,DETECTED_AS_PREREGISTERED,FAIL,PASS,FAIL,FAIL:CHECK_REQUIRED_BEFORE_SCHEDULE,,156
AEI_P3_FORMAL_20260826T034308Z_9b5f3c2bdfbe,1,M1.04:ceae66508816dc9f5458c925c89f155658e6c78710a8753d337ac385481cc1bf,ceae66508816dc9f5458c925c89f155658e6c78710a8753d337ac385481cc1bf,M1,M1.04,CHECK_REQUIRED_BEFORE_SCHEDULE,CHECK_REQUIRED_BEFORE_SCHEDULE,EXPECTED_DETECTOR_MATCH,DETECTED_AS_PREREGISTERED,FAIL,PASS,FAIL,FAIL:CHECK_REQUIRED_BEFORE_SCHEDULE,,157
AEI_P3_FORMAL_20260826T034308Z_9b5f3c2bdfbe,1,M1.04:d093d52f24139c1b6fb09b775beedd000f1a7b3716df906d7d36e91e7e848265,d093d52f24139c1b6fb09b775beedd000f1a7b3716df906d7d36e91e7e848265,M1,M1.04,CHECK_REQUIRED_BEFORE_SCHEDULE,CHECK_REQUIRED_BEFORE_SCHEDULE,EXPECTED_DETECTOR_MATCH,DETECTED_AS_PREREGISTERED,FAIL,PASS,FAIL,FAIL:CHECK_REQUIRED_BEFORE_SCHEDULE,,158
AEI_P3_FORMAL_20260826T034308Z_9b5f3c2bdfbe,1,M1.04:d4b957654a5efd71168d6f7e67936e6abf4666ceb41e7919635002157b125411,d4b957654a5efd71168d6f7e67936e6abf4666ceb41e7919635002157b125411,M1,M1.04,CHECK_REQUIRED_BEFORE_SCHEDULE,CHECK_REQUIRED_BEFORE_SCHEDULE,EXPECTED_DETECTOR_MATCH,DETECTED_AS_PREREGISTERED,FAIL,PASS,FAIL,FAIL:CHECK_REQUIRED_BEFORE_SCHEDULE,,159
AEI_P3_FORMAL_20260826T034308Z_9b5f3c2bdfbe,1,M1.04:d598e89b357205c7b4bd47c5ebbe933f8be1f7c8dcdee85e66ec6829cafb91d3,d598e89b357205c7b4bd47c5ebbe933f8be1f7c8dcdee85e66ec6829cafb91d3,M1,M1.04,CHECK_REQUIRED_BEFORE_SCHEDULE,CHECK_REQUIRED_BEFORE_SCHEDULE,EXPECTED_DETECTOR_MATCH,DETECTED_AS_PREREGISTERED,FAIL,PASS,FAIL,FAIL:CHECK_REQUIRED_BEFORE_SCHEDULE,,160
AEI_P3_FORMAL_20260826T034308Z_9b5f3c2bdfbe,1,M1.04:eb3670bbe434a59cc94347384a5d50fb526d26a00dbf6da73e54438c4bacc2a0,eb3670bbe434a59cc94347384a5d50fb526d26a00dbf6da73e54438c4bacc2a0,M1,M1.04,CHECK_REQUIRED_BEFORE_SCHEDULE,CHECK_REQUIRED_BEFORE_SCHEDULE,EXPECTED_DETECTOR_MATCH,DETECTED_AS_PREREGISTERED,FAIL,PASS,FAIL,FAIL:CHECK_REQUIRED_BEFORE_SCHEDULE,,161
AEI_P3_FORMAL_20260826T034308Z_9b5f3c2bdfbe,1,M1.04:f1e5fc58ea336e13c098308a2da00dee7de3dd3aa08d6170df4a3cb1afd09795,f1e5fc58ea336e13c098308a2da00dee7de3dd3aa08d6170df4a3cb1afd09795,M1,M1.04,CHECK_REQUIRED_BEFORE_SCHEDULE,CHECK_REQUIRED_BEFORE_SCHEDULE,EXPECTED_DETECTOR_MATCH,DETECTED_AS_PREREGISTERED,FAIL,PASS,FAIL,FAIL:CHECK_REQUIRED_BEFORE_SCHEDULE,,162
AEI_P3_FORMAL_20260826T034308Z_9b5f3c2bdfbe,1,M1.04:f583baa2dad1527b5f84f71805410ee51b78fce2b1be62de49f1636c06821c7b,f583baa2dad1527b5f84f71805410ee51b78fce2b1be62de49f1636c06821c7b,M1,M1.04,CHECK_REQUIRED_BEFORE_SCHEDULE,CHECK_REQUIRED_BEFORE_SCHEDULE,EXPECTED_DETECTOR_MATCH,DETECTED_AS_PREREGISTERED,FAIL,PASS,FAIL,FAIL:CHECK_REQUIRED_BEFORE_SCHEDULE,,163
AEI_P3_FORMAL_20260826T034308Z_9b5f3c2bdfbe,1,M1.04:f64f55ad9277004ae441909cd6556d26eeaf73d3eb3c537384be703615149f96,f64f55ad9277004ae441909cd6556d26eeaf73d3eb3c537384be703615149f96,M1,M1.04,CHECK_REQUIRED_BEFORE_SCHEDULE,CHECK_REQUIRED_BEFORE_SCHEDULE,EXPECTED_DETECTOR_MATCH,DETECTED_AS_PREREGISTERED,FAIL,PASS,FAIL,FAIL:CHECK_REQUIRED_BEFORE_SCHEDULE,,164
AEI_P3_FORMAL_20260826T034308Z_9b5f3c2bdfbe,1,M1.04:f80e8a50e0815fda9eef8635e52671f3888786c4daef5767b8da7b74e4311646,f80e8a50e0815fda9eef8635e52671f3888786c4daef5767b8da7b74e4311646,M1,M1.04,CHECK_REQUIRED_BEFORE_SCHEDULE,CHECK_REQUIRED_BEFORE_SCHEDULE,EXPECTED_DETECTOR_MATCH,DETECTED_AS_PREREGISTERED,FAIL,PASS,FAIL,FAIL:CHECK_REQUIRED_BEFORE_SCHEDULE,,165
AEI_P3_FORMAL_20260826T034308Z_9b5f3c2bdfbe,1,M1.04:f9ade00b139ce33674b05d1766de3ec85779abfd83f893a7b2437817100901d9,f9ade00b139ce33674b05d1766de3ec85779abfd83f893a7b2437817100901d9,M1,M1.04,CHECK_REQUIRED_BEFORE_SCHEDULE,CHECK_REQUIRED_BEFORE_SCHEDULE,EXPECTED_DETECTOR_MATCH,DETECTED_AS_PREREGISTERED,FAIL,PASS,FAIL,FAIL:CHECK_REQUIRED_BEFORE_SCHEDULE,,166
AEI_P3_FORMAL_20260826T034308Z_9b5f3c2bdfbe,1,M1.04:feb26c8ce25b99d6b090e07fca86c8e2dbf3ff2d6b891634c4c71b179329ab47,feb26c8ce25b99d6b090e07fca86c8e2dbf3ff2d6b891634c4c71b179329ab47,M1,M1.04,CHECK_REQUIRED_BEFORE_SCHEDULE,CHECK_REQUIRED_BEFORE_SCHEDULE,EXPECTED_DETECTOR_MATCH,DETECTED_AS_PREREGISTERED,FAIL,PASS,FAIL,FAIL:CHECK_REQUIRED_BEFORE_SCHEDULE,,167
AEI_P3_FORMAL_20260826T034308Z_9b5f3c2bdfbe,1,M1.05:052b2dfeb855619b4e74c70e7155e5699a6aebc572c887f1432462ecf4afce6b,052b2dfeb855619b4e74c70e7155e5699a6aebc572c887f1432462ecf4afce6b,M1,M1.05,CHECK_REQUIRED_AFTER_SCHEDULE,CHECK_REQUIRED_AFTER_SCHEDULE,EXPECTED_DETECTOR_MATCH,DETECTED_AS_PREREGISTERED,FAIL,PASS,FAIL,FAIL:CHECK_REQUIRED_AFTER_SCHEDULE,,168
AEI_P3_FORMAL_20260826T034308Z_9b5f3c2bdfbe,1,M1.05:0edc936e36dbd00367c35ec096b127c69211776f53ead8d7b9619a78d9b3beb5,0edc936e36dbd00367c35ec096b127c69211776f53ead8d7b9619a78d9b3beb5,M1,M1.05,CHECK_REQUIRED_AFTER_SCHEDULE,CHECK_REQUIRED_AFTER_SCHEDULE,EXPECTED_DETECTOR_MATCH,DETECTED_AS_PREREGISTERED,FAIL,PASS,FAIL,FAIL:CHECK_REQUIRED_AFTER_SCHEDULE,,169
AEI_P3_FORMAL_20260826T034308Z_9b5f3c2bdfbe,1,M1.05:19993579c580ecb799e1ce158990340e547863ae75c4be153b97908cb5cd08a2,19993579c580ecb799e1ce158990340e547863ae75c4be153b97908cb5cd08a2,M1,M1.05,CHECK_REQUIRED_AFTER_SCHEDULE,CHECK_REQUIRED_AFTER_SCHEDULE,EXPECTED_DETECTOR_MATCH,DETECTED_AS_PREREGISTERED,FAIL,PASS,FAIL,FAIL:CHECK_REQUIRED_AFTER_SCHEDULE,,170
AEI_P3_FORMAL_20260826T034308Z_9b5f3c2bdfbe,1,M1.05:1bb3dc3f26212de23def1f2ca0d598d344fea56b8a73247e2f6390ebea07946d,1bb3dc3f26212de23def1f2ca0d598d344fea56b8a73247e2f6390ebea07946d,M1,M1.05,CHECK_REQUIRED_AFTER_SCHEDULE,CHECK_REQUIRED_AFTER_SCHEDULE,EXPECTED_DETECTOR_MATCH,DETECTED_AS_PREREGISTERED,FAIL,PASS,FAIL,FAIL:CHECK_REQUIRED_AFTER_SCHEDULE,,171
AEI_P3_FORMAL_20260826T034308Z_9b5f3c2bdfbe,1,M1.05:2443e5a3d32298289c0b98d2a7d3a03cbf4194a7adecf97293b0ac348944ba9e,2443e5a3d32298289c0b98d2a7d3a03cbf4194a7adecf97293b0ac348944ba9e,M1,M1.05,CHECK_REQUIRED_AFTER_SCHEDULE,CHECK_REQUIRED_AFTER_SCHEDULE,EXPECTED_DETECTOR_MATCH,DETECTED_AS_PREREGISTERED,FAIL,PASS,FAIL,FAIL:CHECK_REQUIRED_AFTER_SCHEDULE,,172
AEI_P3_FORMAL_20260826T034308Z_9b5f3c2bdfbe,1,M1.05:245cb7ed72fd0a10da80157bd648a7ae9e8bd9ef722909fe778d274715ad67b3,245cb7ed72fd0a10da80157bd648a7ae9e8bd9ef722909fe778d274715ad67b3,M1,M1.05,CHECK_REQUIRED_AFTER_SCHEDULE,CHECK_REQUIRED_AFTER_SCHEDULE,EXPECTED_DETECTOR_MATCH,DETECTED_AS_PREREGISTERED,FAIL,PASS,FAIL,FAIL:CHECK_REQUIRED_AFTER_SCHEDULE,,173
AEI_P3_FORMAL_20260826T034308Z_9b5f3c2bdfbe,1,M1.05:268469c82535bf1ba82a82324d755f40ad8bc7255c875b8e25c2d7943cff1ff3,268469c82535bf1ba82a82324d755f40ad8bc7255c875b8e25c2d7943cff1ff3,M1,M1.05,CHECK_REQUIRED_AFTER_SCHEDULE,CHECK_REQUIRED_AFTER_SCHEDULE,EXPECTED_DETECTOR_MATCH,DETECTED_AS_PREREGISTERED,FAIL,PASS,FAIL,FAIL:CHECK_REQUIRED_AFTER_SCHEDULE,,174
AEI_P3_FORMAL_20260826T034308Z_9b5f3c2bdfbe,1,M1.05:2908e9ba69598735be8757d9b153473f5bacec1feb89ecff91ce994824a10178,2908e9ba69598735be8757d9b153473f5bacec1feb89ecff91ce994824a10178,M1,M1.05,CHECK_REQUIRED_AFTER_SCHEDULE,CHECK_REQUIRED_AFTER_SCHEDULE,EXPECTED_DETECTOR_MATCH,DETECTED_AS_PREREGISTERED,FAIL,PASS,FAIL,FAIL:CHECK_REQUIRED_AFTER_SCHEDULE,,175
AEI_P3_FORMAL_20260826T034308Z_9b5f3c2bdfbe,1,M1.05:474b6ef7aac2feb7cb9195d7d3644f0d53d378eb4518ef87a9a2f7714d8ef3d5,474b6ef7aac2feb7cb9195d7d3644f0d53d378eb4518ef87a9a2f7714d8ef3d5,M1,M1.05,CHECK_REQUIRED_AFTER_SCHEDULE,CHECK_REQUIRED_AFTER_SCHEDULE,EXPECTED_DETECTOR_MATCH,DETECTED_AS_PREREGISTERED,FAIL,PASS,FAIL,FAIL:CHECK_REQUIRED_AFTER_SCHEDULE,,176
AEI_P3_FORMAL_20260826T034308Z_9b5f3c2bdfbe,1,M1.05:4fafb9a13ff5e2fda82a804bf609727b68a17926d69ae1574c4801604ec81359,4fafb9a13ff5e2fda82a804bf609727b68a17926d69ae1574c4801604ec81359,M1,M1.05,CHECK_REQUIRED_AFTER_SCHEDULE,CHECK_REQUIRED_AFTER_SCHEDULE,EXPECTED_DETECTOR_MATCH,DETECTED_AS_PREREGISTERED,FAIL,PASS,FAIL,FAIL:CHECK_REQUIRED_AFTER_SCHEDULE,,177
AEI_P3_FORMAL_20260826T034308Z_9b5f3c2bdfbe,1,M1.05:54349d927b9070c144f507868f9ef8b962c7c926426b33c3a7e0c88f715b246a,54349d927b9070c144f507868f9ef8b962c7c926426b33c3a7e0c88f715b246a,M1,M1.05,CHECK_REQUIRED_AFTER_SCHEDULE,CHECK_REQUIRED_AFTER_SCHEDULE,EXPECTED_DETECTOR_MATCH,DETECTED_AS_PREREGISTERED,FAIL,PASS,FAIL,FAIL:CHECK_REQUIRED_AFTER_SCHEDULE,,178
AEI_P3_FORMAL_20260826T034308Z_9b5f3c2bdfbe,1,M1.05:558b8365de15727bf495595ed539867872c185b280ea249712f3b1d5f8674cd5,558b8365de15727bf495595ed539867872c185b280ea249712f3b1d5f8674cd5,M1,M1.05,CHECK_REQUIRED_AFTER_SCHEDULE,CHECK_REQUIRED_AFTER_SCHEDULE,EXPECTED_DETECTOR_MATCH,DETECTED_AS_PREREGISTERED,FAIL,PASS,FAIL,FAIL:CHECK_REQUIRED_AFTER_SCHEDULE,,179
AEI_P3_FORMAL_20260826T034308Z_9b5f3c2bdfbe,1,M1.05:5ecccd77f46ab5549088b57686632a9eb5ccf1a5a977fbe35cfae6a50eca52bb,5ecccd77f46ab5549088b57686632a9eb5ccf1a5a977fbe35cfae6a50eca52bb,M1,M1.05,CHECK_REQUIRED_AFTER_SCHEDULE,CHECK_REQUIRED_AFTER_SCHEDULE,EXPECTED_DETECTOR_MATCH,DETECTED_AS_PREREGISTERED,FAIL,PASS,FAIL,FAIL:CHECK_REQUIRED_AFTER_SCHEDULE,,180
AEI_P3_FORMAL_20260826T034308Z_9b5f3c2bdfbe,1,M1.05:5f24b2bbe16d5c8f667064d5031553e1dd9c4d9dbb7e0757cb922d9ba47928d5,5f24b2bbe16d5c8f667064d5031553e1dd9c4d9dbb7e0757cb922d9ba47928d5,M1,M1.05,CHECK_REQUIRED_AFTER_SCHEDULE,CHECK_REQUIRED_AFTER_SCHEDULE,EXPECTED_DETECTOR_MATCH,DETECTED_AS_PREREGISTERED,FAIL,PASS,FAIL,FAIL:CHECK_REQUIRED_AFTER_SCHEDULE,,181
AEI_P3_FORMAL_20260826T034308Z_9b5f3c2bdfbe,1,M1.05:61f77c0251bcd2bbb51e6bff7e048bfcda7139b4e796314d32b47961ac3b5c1b,61f77c0251bcd2bbb51e6bff7e048bfcda7139b4e796314d32b47961ac3b5c1b,M1,M1.05,CHECK_REQUIRED_AFTER_SCHEDULE,CHECK_REQUIRED_AFTER_SCHEDULE,EXPECTED_DETECTOR_MATCH,DETECTED_AS_PREREGISTERED,FAIL,PASS,FAIL,FAIL:CHECK_REQUIRED_AFTER_SCHEDULE,,182
AEI_P3_FORMAL_20260826T034308Z_9b5f3c2bdfbe,1,M1.05:634f3d08fd93ba622176ea6c9ff7ff1fb9d57a9b14f936f27d1460655fc20d72,634f3d08fd93ba622176ea6c9ff7ff1fb9d57a9b14f936f27d1460655fc20d72,M1,M1.05,CHECK_REQUIRED_AFTER_SCHEDULE,CHECK_REQUIRED_AFTER_SCHEDULE,EXPECTED_DETECTOR_MATCH,DETECTED_AS_PREREGISTERED,FAIL,PASS,FAIL,FAIL:CHECK_REQUIRED_AFTER_SCHEDULE,,183
AEI_P3_FORMAL_20260826T034308Z_9b5f3c2bdfbe,1,M1.05:73cdcc11d1c23e47664696979a9b12b94deb5da000c18f37a8d7c0b641090788,73cdcc11d1c23e47664696979a9b12b94deb5da000c18f37a8d7c0b641090788,M1,M1.05,CHECK_REQUIRED_AFTER_SCHEDULE,CHECK_REQUIRED_AFTER_SCHEDULE,EXPECTED_DETECTOR_MATCH,DETECTED_AS_PREREGISTERED,FAIL,PASS,FAIL,FAIL:CHECK_REQUIRED_AFTER_SCHEDULE,,184
AEI_P3_FORMAL_20260826T034308Z_9b5f3c2bdfbe,1,M1.05:7dc2cc636acd7eeb3db7367222360894cac918d6adca467d2f7a79960bbe8b1c,7dc2cc636acd7eeb3db7367222360894cac918d6adca467d2f7a79960bbe8b1c,M1,M1.05,CHECK_REQUIRED_AFTER_SCHEDULE,CHECK_REQUIRED_AFTER_SCHEDULE,EXPECTED_DETECTOR_MATCH,DETECTED_AS_PREREGISTERED,FAIL,PASS,FAIL,FAIL:CHECK_REQUIRED_AFTER_SCHEDULE,,185
AEI_P3_FORMAL_20260826T034308Z_9b5f3c2bdfbe,1,M1.05:8c60197386a54af6d06cac0996c81cbca4971ac83984afcf2a52fa27a5bb1b42,8c60197386a54af6d06cac0996c81cbca4971ac83984afcf2a52fa27a5bb1b42,M1,M1.05,CHECK_REQUIRED_AFTER_SCHEDULE,CHECK_REQUIRED_AFTER_SCHEDULE,EXPECTED_DETECTOR_MATCH,DETECTED_AS_PREREGISTERED,FAIL,PASS,FAIL,FAIL:CHECK_REQUIRED_AFTER_SCHEDULE,,186
AEI_P3_FORMAL_20260826T034308Z_9b5f3c2bdfbe,1,M1.05:8e3a1df6f55a6d53d21fd63c9dcda45cee6d1576c4989d45b40828d31e6d7281,8e3a1df6f55a6d53d21fd63c9dcda45cee6d1576c4989d45b40828d31e6d7281,M1,M1.05,CHECK_REQUIRED_AFTER_SCHEDULE,CHECK_REQUIRED_AFTER_SCHEDULE,EXPECTED_DETECTOR_MATCH,DETECTED_AS_PREREGISTERED,FAIL,PASS,FAIL,FAIL:CHECK_REQUIRED_AFTER_SCHEDULE,,187
AEI_P3_FORMAL_20260826T034308Z_9b5f3c2bdfbe,1,M1.05:97eb8ea8dfec0a163a4b54e1179247553055627de3df3d7a40c8879cacc64800,97eb8ea8dfec0a163a4b54e1179247553055627de3df3d7a40c8879cacc64800,M1,M1.05,CHECK_REQUIRED_AFTER_SCHEDULE,CHECK_REQUIRED_AFTER_SCHEDULE,EXPECTED_DETECTOR_MATCH,DETECTED_AS_PREREGISTERED,FAIL,PASS,FAIL,FAIL:CHECK_REQUIRED_AFTER_SCHEDULE,,188
AEI_P3_FORMAL_20260826T034308Z_9b5f3c2bdfbe,1,M1.05:9827288498c6ff63f3f7ec6f3bb833b53ac1c3cbaf59021addc82b6a8c08bae2,9827288498c6ff63f3f7ec6f3bb833b53ac1c3cbaf59021addc82b6a8c08bae2,M1,M1.05,CHECK_REQUIRED_AFTER_SCHEDULE,CHECK_REQUIRED_AFTER_SCHEDULE,EXPECTED_DETECTOR_MATCH,DETECTED_AS_PREREGISTERED,FAIL,PASS,FAIL,FAIL:CHECK_REQUIRED_AFTER_SCHEDULE,,189
AEI_P3_FORMAL_20260826T034308Z_9b5f3c2bdfbe,1,M1.05:9f7906189c782cba7c3a4cc9cb8785764c8ad3fb1e637423a7a310d6c438feb5,9f7906189c782cba7c3a4cc9cb8785764c8ad3fb1e637423a7a310d6c438feb5,M1,M1.05,CHECK_REQUIRED_AFTER_SCHEDULE,CHECK_REQUIRED_AFTER_SCHEDULE,EXPECTED_DETECTOR_MATCH,DETECTED_AS_PREREGISTERED,FAIL,PASS,FAIL,FAIL:CHECK_REQUIRED_AFTER_SCHEDULE,,190
AEI_P3_FORMAL_20260826T034308Z_9b5f3c2bdfbe,1,M1.05:aa5b4ee1688c71f1a3932cd7d9b629a08e31ef09728f3280c98c7636eecfb8d3,aa5b4ee1688c71f1a3932cd7d9b629a08e31ef09728f3280c98c7636eecfb8d3,M1,M1.05,CHECK_REQUIRED_AFTER_SCHEDULE,CHECK_REQUIRED_AFTER_SCHEDULE,EXPECTED_DETECTOR_MATCH,DETECTED_AS_PREREGISTERED,FAIL,PASS,FAIL,FAIL:CHECK_REQUIRED_AFTER_SCHEDULE,,191
AEI_P3_FORMAL_20260826T034308Z_9b5f3c2bdfbe,1,M1.05:aad646b14392b632d658225dedb7d3953424ab9ab19ebafdc67bd9a7f02eb50b,aad646b14392b632d658225dedb7d3953424ab9ab19ebafdc67bd9a7f02eb50b,M1,M1.05,CHECK_REQUIRED_AFTER_SCHEDULE,CHECK_REQUIRED_AFTER_SCHEDULE,EXPECTED_DETECTOR_MATCH,DETECTED_AS_PREREGISTERED,FAIL,PASS,FAIL,FAIL:CHECK_REQUIRED_AFTER_SCHEDULE,,192
AEI_P3_FORMAL_20260826T034308Z_9b5f3c2bdfbe,1,M1.05:abc8d6ba26b9728a25ebd17f4066aa5421f54fde1c1ef630cc33cb308c0fb8e5,abc8d6ba26b9728a25ebd17f4066aa5421f54fde1c1ef630cc33cb308c0fb8e5,M1,M1.05,CHECK_REQUIRED_AFTER_SCHEDULE,CHECK_REQUIRED_AFTER_SCHEDULE,EXPECTED_DETECTOR_MATCH,DETECTED_AS_PREREGISTERED,FAIL,PASS,FAIL,FAIL:CHECK_REQUIRED_AFTER_SCHEDULE,,193
AEI_P3_FORMAL_20260826T034308Z_9b5f3c2bdfbe,1,M1.05:b0f01f4c7ca822555039b9267d8985edbeb149abc0a710d6583cea634584f862,b0f01f4c7ca822555039b9267d8985edbeb149abc0a710d6583cea634584f862,M1,M1.05,CHECK_REQUIRED_AFTER_SCHEDULE,CHECK_REQUIRED_AFTER_SCHEDULE,EXPECTED_DETECTOR_MATCH,DETECTED_AS_PREREGISTERED,FAIL,PASS,FAIL,FAIL:CHECK_REQUIRED_AFTER_SCHEDULE,,194
AEI_P3_FORMAL_20260826T034308Z_9b5f3c2bdfbe,1,M1.05:b31f9c5cbf923f188771558357941c1a7d6a71089f67793c620cf7034a070eb2,b31f9c5cbf923f188771558357941c1a7d6a71089f67793c620cf7034a070eb2,M1,M1.05,CHECK_REQUIRED_AFTER_SCHEDULE,CHECK_REQUIRED_AFTER_SCHEDULE,EXPECTED_DETECTOR_MATCH,DETECTED_AS_PREREGISTERED,FAIL,PASS,FAIL,FAIL:CHECK_REQUIRED_AFTER_SCHEDULE,,195
AEI_P3_FORMAL_20260826T034308Z_9b5f3c2bdfbe,1,M1.05:b5c400c27e6dbb1cc8466c5ce68e1530b6d984599f3c01c36496b49b586ff5e3,b5c400c27e6dbb1cc8466c5ce68e1530b6d984599f3c01c36496b49b586ff5e3,M1,M1.05,CHECK_REQUIRED_AFTER_SCHEDULE,CHECK_REQUIRED_AFTER_SCHEDULE,EXPECTED_DETECTOR_MATCH,DETECTED_AS_PREREGISTERED,FAIL,PASS,FAIL,FAIL:CHECK_REQUIRED_AFTER_SCHEDULE,,196
AEI_P3_FORMAL_20260826T034308Z_9b5f3c2bdfbe,1,M1.05:bb3f15222034bdf87b9be499b27f859fe778b781693fd54677f83bd7531f0680,bb3f15222034bdf87b9be499b27f859fe778b781693fd54677f83bd7531f0680,M1,M1.05,CHECK_REQUIRED_AFTER_SCHEDULE,CHECK_REQUIRED_AFTER_SCHEDULE,EXPECTED_DETECTOR_MATCH,DETECTED_AS_PREREGISTERED,FAIL,PASS,FAIL,FAIL:CHECK_REQUIRED_AFTER_SCHEDULE,,197
AEI_P3_FORMAL_20260826T034308Z_9b5f3c2bdfbe,1,M1.05:ce18361670bfbcde2f3ff22167187aecef9164dedbf1198bc7563c147804780e,ce18361670bfbcde2f3ff22167187aecef9164dedbf1198bc7563c147804780e,M1,M1.05,CHECK_REQUIRED_AFTER_SCHEDULE,CHECK_REQUIRED_AFTER_SCHEDULE,EXPECTED_DETECTOR_MATCH,DETECTED_AS_PREREGISTERED,FAIL,PASS,FAIL,FAIL:CHECK_REQUIRED_AFTER_SCHEDULE,,198
AEI_P3_FORMAL_20260826T034308Z_9b5f3c2bdfbe,1,M1.05:ceae66508816dc9f5458c925c89f155658e6c78710a8753d337ac385481cc1bf,ceae66508816dc9f5458c925c89f155658e6c78710a8753d337ac385481cc1bf,M1,M1.05,CHECK_REQUIRED_AFTER_SCHEDULE,CHECK_REQUIRED_AFTER_SCHEDULE,EXPECTED_DETECTOR_MATCH,DETECTED_AS_PREREGISTERED,FAIL,PASS,FAIL,FAIL:CHECK_REQUIRED_AFTER_SCHEDULE,,199
AEI_P3_FORMAL_20260826T034308Z_9b5f3c2bdfbe,1,M1.05:d093d52f24139c1b6fb09b775beedd000f1a7b3716df906d7d36e91e7e848265,d093d52f24139c1b6fb09b775beedd000f1a7b3716df906d7d36e91e7e848265,M1,M1.05,CHECK_REQUIRED_AFTER_SCHEDULE,CHECK_REQUIRED_AFTER_SCHEDULE,EXPECTED_DETECTOR_MATCH,DETECTED_AS_PREREGISTERED,FAIL,PASS,FAIL,FAIL:CHECK_REQUIRED_AFTER_SCHEDULE,,200
AEI_P3_FORMAL_20260826T034308Z_9b5f3c2bdfbe,1,M1.05:d4b957654a5efd71168d6f7e67936e6abf4666ceb41e7919635002157b125411,d4b957654a5efd71168d6f7e67936e6abf4666ceb41e7919635002157b125411,M1,M1.05,CHECK_REQUIRED_AFTER_SCHEDULE,CHECK_REQUIRED_AFTER_SCHEDULE,EXPECTED_DETECTOR_MATCH,DETECTED_AS_PREREGISTERED,FAIL,PASS,FAIL,FAIL:CHECK_REQUIRED_AFTER_SCHEDULE,,201
AEI_P3_FORMAL_20260826T034308Z_9b5f3c2bdfbe,1,M1.05:d598e89b357205c7b4bd47c5ebbe933f8be1f7c8dcdee85e66ec6829cafb91d3,d598e89b357205c7b4bd47c5ebbe933f8be1f7c8dcdee85e66ec6829cafb91d3,M1,M1.05,CHECK_REQUIRED_AFTER_SCHEDULE,CHECK_REQUIRED_AFTER_SCHEDULE,EXPECTED_DETECTOR_MATCH,DETECTED_AS_PREREGISTERED,FAIL,PASS,FAIL,FAIL:CHECK_REQUIRED_AFTER_SCHEDULE,,202
AEI_P3_FORMAL_20260826T034308Z_9b5f3c2bdfbe,1,M1.05:eb3670bbe434a59cc94347384a5d50fb526d26a00dbf6da73e54438c4bacc2a0,eb3670bbe434a59cc94347384a5d50fb526d26a00dbf6da73e54438c4bacc2a0,M1,M1.05,CHECK_REQUIRED_AFTER_SCHEDULE,CHECK_REQUIRED_AFTER_SCHEDULE,EXPECTED_DETECTOR_MATCH,DETECTED_AS_PREREGISTERED,FAIL,PASS,FAIL,FAIL:CHECK_REQUIRED_AFTER_SCHEDULE,,203
AEI_P3_FORMAL_20260826T034308Z_9b5f3c2bdfbe,1,M1.05:f1e5fc58ea336e13c098308a2da00dee7de3dd3aa08d6170df4a3cb1afd09795,f1e5fc58ea336e13c098308a2da00dee7de3dd3aa08d6170df4a3cb1afd09795,M1,M1.05,CHECK_REQUIRED_AFTER_SCHEDULE,CHECK_REQUIRED_AFTER_SCHEDULE,EXPECTED_DETECTOR_MATCH,DETECTED_AS_PREREGISTERED,FAIL,PASS,FAIL,FAIL:CHECK_REQUIRED_AFTER_SCHEDULE,,204
AEI_P3_FORMAL_20260826T034308Z_9b5f3c2bdfbe,1,M1.05:f583baa2dad1527b5f84f71805410ee51b78fce2b1be62de49f1636c06821c7b,f583baa2dad1527b5f84f71805410ee51b78fce2b1be62de49f1636c06821c7b,M1,M1.05,CHECK_REQUIRED_AFTER_SCHEDULE,CHECK_REQUIRED_AFTER_SCHEDULE,EXPECTED_DETECTOR_MATCH,DETECTED_AS_PREREGISTERED,FAIL,PASS,FAIL,FAIL:CHECK_REQUIRED_AFTER_SCHEDULE,,205
AEI_P3_FORMAL_20260826T034308Z_9b5f3c2bdfbe,1,M1.05:f64f55ad9277004ae441909cd6556d26eeaf73d3eb3c537384be703615149f96,f64f55ad9277004ae441909cd6556d26eeaf73d3eb3c537384be703615149f96,M1,M1.05,CHECK_REQUIRED_AFTER_SCHEDULE,CHECK_REQUIRED_AFTER_SCHEDULE,EXPECTED_DETECTOR_MATCH,DETECTED_AS_PREREGISTERED,FAIL,PASS,FAIL,FAIL:CHECK_REQUIRED_AFTER_SCHEDULE,,206
AEI_P3_FORMAL_20260826T034308Z_9b5f3c2bdfbe,1,M1.05:f80e8a50e0815fda9eef8635e52671f3888786c4daef5767b8da7b74e4311646,f80e8a50e0815fda9eef8635e52671f3888786c4daef5767b8da7b74e4311646,M1,M1.05,CHECK_REQUIRED_AFTER_SCHEDULE,CHECK_REQUIRED_AFTER_SCHEDULE,EXPECTED_DETECTOR_MATCH,DETECTED_AS_PREREGISTERED,FAIL,PASS,FAIL,FAIL:CHECK_REQUIRED_AFTER_SCHEDULE,,207
AEI_P3_FORMAL_20260826T034308Z_9b5f3c2bdfbe,1,M1.05:f9ade00b139ce33674b05d1766de3ec85779abfd83f893a7b2437817100901d9,f9ade00b139ce33674b05d1766de3ec85779abfd83f893a7b2437817100901d9,M1,M1.05,CHECK_REQUIRED_AFTER_SCHEDULE,CHECK_REQUIRED_AFTER_SCHEDULE,EXPECTED_DETECTOR_MATCH,DETECTED_AS_PREREGISTERED,FAIL,PASS,FAIL,FAIL:CHECK_REQUIRED_AFTER_SCHEDULE,,208
AEI_P3_FORMAL_20260826T034308Z_9b5f3c2bdfbe,1,M1.05:feb26c8ce25b99d6b090e07fca86c8e2dbf3ff2d6b891634c4c71b179329ab47,feb26c8ce25b99d6b090e07fca86c8e2dbf3ff2d6b891634c4c71b179329ab47,M1,M1.05,CHECK_REQUIRED_AFTER_SCHEDULE,CHECK_REQUIRED_AFTER_SCHEDULE,EXPECTED_DETECTOR_MATCH,DETECTED_AS_PREREGISTERED,FAIL,PASS,FAIL,FAIL:CHECK_REQUIRED_AFTER_SCHEDULE,,209
AEI_P3_FORMAL_20260826T034308Z_9b5f3c2bdfbe,1,M1.06:052b2dfeb855619b4e74c70e7155e5699a6aebc572c887f1432462ecf4afce6b,052b2dfeb855619b4e74c70e7155e5699a6aebc572c887f1432462ecf4afce6b,M1,M1.06,CHECK_REQUIRED_LIFECYCLE_PROVENANCE,CHECK_REQUIRED_LIFECYCLE_PROVENANCE,EXPECTED_DETECTOR_MATCH,DETECTED_AS_PREREGISTERED,FAIL,PASS,FAIL,FAIL:CHECK_REQUIRED_LIFECYCLE_PROVENANCE,,210
AEI_P3_FORMAL_20260826T034308Z_9b5f3c2bdfbe,1,M1.06:0edc936e36dbd00367c35ec096b127c69211776f53ead8d7b9619a78d9b3beb5,0edc936e36dbd00367c35ec096b127c69211776f53ead8d7b9619a78d9b3beb5,M1,M1.06,CHECK_REQUIRED_LIFECYCLE_PROVENANCE,CHECK_REQUIRED_LIFECYCLE_PROVENANCE,EXPECTED_DETECTOR_MATCH,DETECTED_AS_PREREGISTERED,FAIL,PASS,FAIL,FAIL:CHECK_REQUIRED_LIFECYCLE_PROVENANCE,,211
AEI_P3_FORMAL_20260826T034308Z_9b5f3c2bdfbe,1,M1.06:19993579c580ecb799e1ce158990340e547863ae75c4be153b97908cb5cd08a2,19993579c580ecb799e1ce158990340e547863ae75c4be153b97908cb5cd08a2,M1,M1.06,CHECK_REQUIRED_LIFECYCLE_PROVENANCE,CHECK_REQUIRED_LIFECYCLE_PROVENANCE,EXPECTED_DETECTOR_MATCH,DETECTED_AS_PREREGISTERED,FAIL,PASS,FAIL,FAIL:CHECK_REQUIRED_LIFECYCLE_PROVENANCE,,212
AEI_P3_FORMAL_20260826T034308Z_9b5f3c2bdfbe,1,M1.06:1bb3dc3f26212de23def1f2ca0d598d344fea56b8a73247e2f6390ebea07946d,1bb3dc3f26212de23def1f2ca0d598d344fea56b8a73247e2f6390ebea07946d,M1,M1.06,CHECK_REQUIRED_LIFECYCLE_PROVENANCE,CHECK_REQUIRED_LIFECYCLE_PROVENANCE,EXPECTED_DETECTOR_MATCH,DETECTED_AS_PREREGISTERED,FAIL,PASS,FAIL,FAIL:CHECK_REQUIRED_LIFECYCLE_PROVENANCE,,213
AEI_P3_FORMAL_20260826T034308Z_9b5f3c2bdfbe,1,M1.06:2443e5a3d32298289c0b98d2a7d3a03cbf4194a7adecf97293b0ac348944ba9e,2443e5a3d32298289c0b98d2a7d3a03cbf4194a7adecf97293b0ac348944ba9e,M1,M1.06,CHECK_REQUIRED_LIFECYCLE_PROVENANCE,CHECK_REQUIRED_LIFECYCLE_PROVENANCE,EXPECTED_DETECTOR_MATCH,DETECTED_AS_PREREGISTERED,FAIL,PASS,FAIL,FAIL:CHECK_REQUIRED_LIFECYCLE_PROVENANCE,,214
AEI_P3_FORMAL_20260826T034308Z_9b5f3c2bdfbe,1,M1.06:245cb7ed72fd0a10da80157bd648a7ae9e8bd9ef722909fe778d274715ad67b3,245cb7ed72fd0a10da80157bd648a7ae9e8bd9ef722909fe778d274715ad67b3,M1,M1.06,CHECK_REQUIRED_LIFECYCLE_PROVENANCE,CHECK_REQUIRED_LIFECYCLE_PROVENANCE,EXPECTED_DETECTOR_MATCH,DETECTED_AS_PREREGISTERED,FAIL,PASS,FAIL,FAIL:CHECK_REQUIRED_LIFECYCLE_PROVENANCE,,215
AEI_P3_FORMAL_20260826T034308Z_9b5f3c2bdfbe,1,M1.06:268469c82535bf1ba82a82324d755f40ad8bc7255c875b8e25c2d7943cff1ff3,268469c82535bf1ba82a82324d755f40ad8bc7255c875b8e25c2d7943cff1ff3,M1,M1.06,CHECK_REQUIRED_LIFECYCLE_PROVENANCE,CHECK_REQUIRED_LIFECYCLE_PROVENANCE,EXPECTED_DETECTOR_MATCH,DETECTED_AS_PREREGISTERED,FAIL,PASS,FAIL,FAIL:CHECK_REQUIRED_LIFECYCLE_PROVENANCE,,216
AEI_P3_FORMAL_20260826T034308Z_9b5f3c2bdfbe,1,M1.06:2908e9ba69598735be8757d9b153473f5bacec1feb89ecff91ce994824a10178,2908e9ba69598735be8757d9b153473f5bacec1feb89ecff91ce994824a10178,M1,M1.06,CHECK_REQUIRED_LIFECYCLE_PROVENANCE,CHECK_REQUIRED_LIFECYCLE_PROVENANCE,EXPECTED_DETECTOR_MATCH,DETECTED_AS_PREREGISTERED,FAIL,PASS,FAIL,FAIL:CHECK_REQUIRED_LIFECYCLE_PROVENANCE,,217
AEI_P3_FORMAL_20260826T034308Z_9b5f3c2bdfbe,1,M1.06:474b6ef7aac2feb7cb9195d7d3644f0d53d378eb4518ef87a9a2f7714d8ef3d5,474b6ef7aac2feb7cb9195d7d3644f0d53d378eb4518ef87a9a2f7714d8ef3d5,M1,M1.06,CHECK_REQUIRED_LIFECYCLE_PROVENANCE,CHECK_REQUIRED_LIFECYCLE_PROVENANCE,EXPECTED_DETECTOR_MATCH,DETECTED_AS_PREREGISTERED,FAIL,PASS,FAIL,FAIL:CHECK_REQUIRED_LIFECYCLE_PROVENANCE,,218
AEI_P3_FORMAL_20260826T034308Z_9b5f3c2bdfbe,1,M1.06:4fafb9a13ff5e2fda82a804bf609727b68a17926d69ae1574c4801604ec81359,4fafb9a13ff5e2fda82a804bf609727b68a17926d69ae1574c4801604ec81359,M1,M1.06,CHECK_REQUIRED_LIFECYCLE_PROVENANCE,CHECK_REQUIRED_LIFECYCLE_PROVENANCE,EXPECTED_DETECTOR_MATCH,DETECTED_AS_PREREGISTERED,FAIL,PASS,FAIL,FAIL:CHECK_REQUIRED_LIFECYCLE_PROVENANCE,,219
AEI_P3_FORMAL_20260826T034308Z_9b5f3c2bdfbe,1,M1.06:54349d927b9070c144f507868f9ef8b962c7c926426b33c3a7e0c88f715b246a,54349d927b9070c144f507868f9ef8b962c7c926426b33c3a7e0c88f715b246a,M1,M1.06,CHECK_REQUIRED_LIFECYCLE_PROVENANCE,CHECK_REQUIRED_LIFECYCLE_PROVENANCE,EXPECTED_DETECTOR_MATCH,DETECTED_AS_PREREGISTERED,FAIL,PASS,FAIL,FAIL:CHECK_REQUIRED_LIFECYCLE_PROVENANCE,,220
AEI_P3_FORMAL_20260826T034308Z_9b5f3c2bdfbe,1,M1.06:558b8365de15727bf495595ed539867872c185b280ea249712f3b1d5f8674cd5,558b8365de15727bf495595ed539867872c185b280ea249712f3b1d5f8674cd5,M1,M1.06,CHECK_REQUIRED_LIFECYCLE_PROVENANCE,CHECK_REQUIRED_LIFECYCLE_PROVENANCE,EXPECTED_DETECTOR_MATCH,DETECTED_AS_PREREGISTERED,FAIL,PASS,FAIL,FAIL:CHECK_REQUIRED_LIFECYCLE_PROVENANCE,,221
AEI_P3_FORMAL_20260826T034308Z_9b5f3c2bdfbe,1,M1.06:5ecccd77f46ab5549088b57686632a9eb5ccf1a5a977fbe35cfae6a50eca52bb,5ecccd77f46ab5549088b57686632a9eb5ccf1a5a977fbe35cfae6a50eca52bb,M1,M1.06,CHECK_REQUIRED_LIFECYCLE_PROVENANCE,CHECK_REQUIRED_LIFECYCLE_PROVENANCE,EXPECTED_DETECTOR_MATCH,DETECTED_AS_PREREGISTERED,FAIL,PASS,FAIL,FAIL:CHECK_REQUIRED_LIFECYCLE_PROVENANCE,,222
AEI_P3_FORMAL_20260826T034308Z_9b5f3c2bdfbe,1,M1.06:5f24b2bbe16d5c8f667064d5031553e1dd9c4d9dbb7e0757cb922d9ba47928d5,5f24b2bbe16d5c8f667064d5031553e1dd9c4d9dbb7e0757cb922d9ba47928d5,M1,M1.06,CHECK_REQUIRED_LIFECYCLE_PROVENANCE,CHECK_REQUIRED_LIFECYCLE_PROVENANCE,EXPECTED_DETECTOR_MATCH,DETECTED_AS_PREREGISTERED,FAIL,PASS,FAIL,FAIL:CHECK_REQUIRED_LIFECYCLE_PROVENANCE,,223
AEI_P3_FORMAL_20260826T034308Z_9b5f3c2bdfbe,1,M1.06:61f77c0251bcd2bbb51e6bff7e048bfcda7139b4e796314d32b47961ac3b5c1b,61f77c0251bcd2bbb51e6bff7e048bfcda7139b4e796314d32b47961ac3b5c1b,M1,M1.06,CHECK_REQUIRED_LIFECYCLE_PROVENANCE,CHECK_REQUIRED_LIFECYCLE_PROVENANCE,EXPECTED_DETECTOR_MATCH,DETECTED_AS_PREREGISTERED,FAIL,PASS,FAIL,FAIL:CHECK_REQUIRED_LIFECYCLE_PROVENANCE,,224
AEI_P3_FORMAL_20260826T034308Z_9b5f3c2bdfbe,1,M1.06:634f3d08fd93ba622176ea6c9ff7ff1fb9d57a9b14f936f27d1460655fc20d72,634f3d08fd93ba622176ea6c9ff7ff1fb9d57a9b14f936f27d1460655fc20d72,M1,M1.06,CHECK_REQUIRED_LIFECYCLE_PROVENANCE,CHECK_REQUIRED_LIFECYCLE_PROVENANCE,EXPECTED_DETECTOR_MATCH,DETECTED_AS_PREREGISTERED,FAIL,PASS,FAIL,FAIL:CHECK_REQUIRED_LIFECYCLE_PROVENANCE,,225
AEI_P3_FORMAL_20260826T034308Z_9b5f3c2bdfbe,1,M1.06:73cdcc11d1c23e47664696979a9b12b94deb5da000c18f37a8d7c0b641090788,73cdcc11d1c23e47664696979a9b12b94deb5da000c18f37a8d7c0b641090788,M1,M1.06,CHECK_REQUIRED_LIFECYCLE_PROVENANCE,CHECK_REQUIRED_LIFECYCLE_PROVENANCE,EXPECTED_DETECTOR_MATCH,DETECTED_AS_PREREGISTERED,FAIL,PASS,FAIL,FAIL:CHECK_REQUIRED_LIFECYCLE_PROVENANCE,,226
AEI_P3_FORMAL_20260826T034308Z_9b5f3c2bdfbe,1,M1.06:7dc2cc636acd7eeb3db7367222360894cac918d6adca467d2f7a79960bbe8b1c,7dc2cc636acd7eeb3db7367222360894cac918d6adca467d2f7a79960bbe8b1c,M1,M1.06,CHECK_REQUIRED_LIFECYCLE_PROVENANCE,CHECK_REQUIRED_LIFECYCLE_PROVENANCE,EXPECTED_DETECTOR_MATCH,DETECTED_AS_PREREGISTERED,FAIL,PASS,FAIL,FAIL:CHECK_REQUIRED_LIFECYCLE_PROVENANCE,,227
AEI_P3_FORMAL_20260826T034308Z_9b5f3c2bdfbe,1,M1.06:8c60197386a54af6d06cac0996c81cbca4971ac83984afcf2a52fa27a5bb1b42,8c60197386a54af6d06cac0996c81cbca4971ac83984afcf2a52fa27a5bb1b42,M1,M1.06,CHECK_REQUIRED_LIFECYCLE_PROVENANCE,CHECK_REQUIRED_LIFECYCLE_PROVENANCE,EXPECTED_DETECTOR_MATCH,DETECTED_AS_PREREGISTERED,FAIL,PASS,FAIL,FAIL:CHECK_REQUIRED_LIFECYCLE_PROVENANCE,,228
AEI_P3_FORMAL_20260826T034308Z_9b5f3c2bdfbe,1,M1.06:8e3a1df6f55a6d53d21fd63c9dcda45cee6d1576c4989d45b40828d31e6d7281,8e3a1df6f55a6d53d21fd63c9dcda45cee6d1576c4989d45b40828d31e6d7281,M1,M1.06,CHECK_REQUIRED_LIFECYCLE_PROVENANCE,CHECK_REQUIRED_LIFECYCLE_PROVENANCE,EXPECTED_DETECTOR_MATCH,DETECTED_AS_PREREGISTERED,FAIL,PASS,FAIL,FAIL:CHECK_REQUIRED_LIFECYCLE_PROVENANCE,,229
AEI_P3_FORMAL_20260826T034308Z_9b5f3c2bdfbe,1,M1.06:97eb8ea8dfec0a163a4b54e1179247553055627de3df3d7a40c8879cacc64800,97eb8ea8dfec0a163a4b54e1179247553055627de3df3d7a40c8879cacc64800,M1,M1.06,CHECK_REQUIRED_LIFECYCLE_PROVENANCE,CHECK_REQUIRED_LIFECYCLE_PROVENANCE,EXPECTED_DETECTOR_MATCH,DETECTED_AS_PREREGISTERED,FAIL,PASS,FAIL,FAIL:CHECK_REQUIRED_LIFECYCLE_PROVENANCE,,230
AEI_P3_FORMAL_20260826T034308Z_9b5f3c2bdfbe,1,M1.06:9827288498c6ff63f3f7ec6f3bb833b53ac1c3cbaf59021addc82b6a8c08bae2,9827288498c6ff63f3f7ec6f3bb833b53ac1c3cbaf59021addc82b6a8c08bae2,M1,M1.06,CHECK_REQUIRED_LIFECYCLE_PROVENANCE,CHECK_REQUIRED_LIFECYCLE_PROVENANCE,EXPECTED_DETECTOR_MATCH,DETECTED_AS_PREREGISTERED,FAIL,PASS,FAIL,FAIL:CHECK_REQUIRED_LIFECYCLE_PROVENANCE,,231
AEI_P3_FORMAL_20260826T034308Z_9b5f3c2bdfbe,1,M1.06:9f7906189c782cba7c3a4cc9cb8785764c8ad3fb1e637423a7a310d6c438feb5,9f7906189c782cba7c3a4cc9cb8785764c8ad3fb1e637423a7a310d6c438feb5,M1,M1.06,CHECK_REQUIRED_LIFECYCLE_PROVENANCE,CHECK_REQUIRED_LIFECYCLE_PROVENANCE,EXPECTED_DETECTOR_MATCH,DETECTED_AS_PREREGISTERED,FAIL,PASS,FAIL,FAIL:CHECK_REQUIRED_LIFECYCLE_PROVENANCE,,232
AEI_P3_FORMAL_20260826T034308Z_9b5f3c2bdfbe,1,M1.06:aa5b4ee1688c71f1a3932cd7d9b629a08e31ef09728f3280c98c7636eecfb8d3,aa5b4ee1688c71f1a3932cd7d9b629a08e31ef09728f3280c98c7636eecfb8d3,M1,M1.06,CHECK_REQUIRED_LIFECYCLE_PROVENANCE,CHECK_REQUIRED_LIFECYCLE_PROVENANCE,EXPECTED_DETECTOR_MATCH,DETECTED_AS_PREREGISTERED,FAIL,PASS,FAIL,FAIL:CHECK_REQUIRED_LIFECYCLE_PROVENANCE,,233
AEI_P3_FORMAL_20260826T034308Z_9b5f3c2bdfbe,1,M1.06:aad646b14392b632d658225dedb7d3953424ab9ab19ebafdc67bd9a7f02eb50b,aad646b14392b632d658225dedb7d3953424ab9ab19ebafdc67bd9a7f02eb50b,M1,M1.06,CHECK_REQUIRED_LIFECYCLE_PROVENANCE,CHECK_REQUIRED_LIFECYCLE_PROVENANCE,EXPECTED_DETECTOR_MATCH,DETECTED_AS_PREREGISTERED,FAIL,PASS,FAIL,FAIL:CHECK_REQUIRED_LIFECYCLE_PROVENANCE,,234
AEI_P3_FORMAL_20260826T034308Z_9b5f3c2bdfbe,1,M1.06:abc8d6ba26b9728a25ebd17f4066aa5421f54fde1c1ef630cc33cb308c0fb8e5,abc8d6ba26b9728a25ebd17f4066aa5421f54fde1c1ef630cc33cb308c0fb8e5,M1,M1.06,CHECK_REQUIRED_LIFECYCLE_PROVENANCE,CHECK_REQUIRED_LIFECYCLE_PROVENANCE,EXPECTED_DETECTOR_MATCH,DETECTED_AS_PREREGISTERED,FAIL,PASS,FAIL,FAIL:CHECK_REQUIRED_LIFECYCLE_PROVENANCE,,235
AEI_P3_FORMAL_20260826T034308Z_9b5f3c2bdfbe,1,M1.06:b0f01f4c7ca822555039b9267d8985edbeb149abc0a710d6583cea634584f862,b0f01f4c7ca822555039b9267d8985edbeb149abc0a710d6583cea634584f862,M1,M1.06,CHECK_REQUIRED_LIFECYCLE_PROVENANCE,CHECK_REQUIRED_LIFECYCLE_PROVENANCE,EXPECTED_DETECTOR_MATCH,DETECTED_AS_PREREGISTERED,FAIL,PASS,FAIL,FAIL:CHECK_REQUIRED_LIFECYCLE_PROVENANCE,,236
AEI_P3_FORMAL_20260826T034308Z_9b5f3c2bdfbe,1,M1.06:b31f9c5cbf923f188771558357941c1a7d6a71089f67793c620cf7034a070eb2,b31f9c5cbf923f188771558357941c1a7d6a71089f67793c620cf7034a070eb2,M1,M1.06,CHECK_REQUIRED_LIFECYCLE_PROVENANCE,CHECK_REQUIRED_LIFECYCLE_PROVENANCE,EXPECTED_DETECTOR_MATCH,DETECTED_AS_PREREGISTERED,FAIL,PASS,FAIL,FAIL:CHECK_REQUIRED_LIFECYCLE_PROVENANCE,,237
AEI_P3_FORMAL_20260826T034308Z_9b5f3c2bdfbe,1,M1.06:b5c400c27e6dbb1cc8466c5ce68e1530b6d984599f3c01c36496b49b586ff5e3,b5c400c27e6dbb1cc8466c5ce68e1530b6d984599f3c01c36496b49b586ff5e3,M1,M1.06,CHECK_REQUIRED_LIFECYCLE_PROVENANCE,CHECK_REQUIRED_LIFECYCLE_PROVENANCE,EXPECTED_DETECTOR_MATCH,DETECTED_AS_PREREGISTERED,FAIL,PASS,FAIL,FAIL:CHECK_REQUIRED_LIFECYCLE_PROVENANCE,,238
AEI_P3_FORMAL_20260826T034308Z_9b5f3c2bdfbe,1,M1.06:bb3f15222034bdf87b9be499b27f859fe778b781693fd54677f83bd7531f0680,bb3f15222034bdf87b9be499b27f859fe778b781693fd54677f83bd7531f0680,M1,M1.06,CHECK_REQUIRED_LIFECYCLE_PROVENANCE,CHECK_REQUIRED_LIFECYCLE_PROVENANCE,EXPECTED_DETECTOR_MATCH,DETECTED_AS_PREREGISTERED,FAIL,PASS,FAIL,FAIL:CHECK_REQUIRED_LIFECYCLE_PROVENANCE,,239
AEI_P3_FORMAL_20260826T034308Z_9b5f3c2bdfbe,1,M1.06:ce18361670bfbcde2f3ff22167187aecef9164dedbf1198bc7563c147804780e,ce18361670bfbcde2f3ff22167187aecef9164dedbf1198bc7563c147804780e,M1,M1.06,CHECK_REQUIRED_LIFECYCLE_PROVENANCE,CHECK_REQUIRED_LIFECYCLE_PROVENANCE,EXPECTED_DETECTOR_MATCH,DETECTED_AS_PREREGISTERED,FAIL,PASS,FAIL,FAIL:CHECK_REQUIRED_LIFECYCLE_PROVENANCE,,240
AEI_P3_FORMAL_20260826T034308Z_9b5f3c2bdfbe,1,M1.06:ceae66508816dc9f5458c925c89f155658e6c78710a8753d337ac385481cc1bf,ceae66508816dc9f5458c925c89f155658e6c78710a8753d337ac385481cc1bf,M1,M1.06,CHECK_REQUIRED_LIFECYCLE_PROVENANCE,CHECK_REQUIRED_LIFECYCLE_PROVENANCE,EXPECTED_DETECTOR_MATCH,DETECTED_AS_PREREGISTERED,FAIL,PASS,FAIL,FAIL:CHECK_REQUIRED_LIFECYCLE_PROVENANCE,,241
AEI_P3_FORMAL_20260826T034308Z_9b5f3c2bdfbe,1,M1.06:d093d52f24139c1b6fb09b775beedd000f1a7b3716df906d7d36e91e7e848265,d093d52f24139c1b6fb09b775beedd000f1a7b3716df906d7d36e91e7e848265,M1,M1.06,CHECK_REQUIRED_LIFECYCLE_PROVENANCE,CHECK_REQUIRED_LIFECYCLE_PROVENANCE,EXPECTED_DETECTOR_MATCH,DETECTED_AS_PREREGISTERED,FAIL,PASS,FAIL,FAIL:CHECK_REQUIRED_LIFECYCLE_PROVENANCE,,242
AEI_P3_FORMAL_20260826T034308Z_9b5f3c2bdfbe,1,M1.06:d4b957654a5efd71168d6f7e67936e6abf4666ceb41e7919635002157b125411,d4b957654a5efd71168d6f7e67936e6abf4666ceb41e7919635002157b125411,M1,M1.06,CHECK_REQUIRED_LIFECYCLE_PROVENANCE,CHECK_REQUIRED_LIFECYCLE_PROVENANCE,EXPECTED_DETECTOR_MATCH,DETECTED_AS_PREREGISTERED,FAIL,PASS,FAIL,FAIL:CHECK_REQUIRED_LIFECYCLE_PROVENANCE,,243
AEI_P3_FORMAL_20260826T034308Z_9b5f3c2bdfbe,1,M1.06:d598e89b357205c7b4bd47c5ebbe933f8be1f7c8dcdee85e66ec6829cafb91d3,d598e89b357205c7b4bd47c5ebbe933f8be1f7c8dcdee85e66ec6829cafb91d3,M1,M1.06,CHECK_REQUIRED_LIFECYCLE_PROVENANCE,CHECK_REQUIRED_LIFECYCLE_PROVENANCE,EXPECTED_DETECTOR_MATCH,DETECTED_AS_PREREGISTERED,FAIL,PASS,FAIL,FAIL:CHECK_REQUIRED_LIFECYCLE_PROVENANCE,,244
AEI_P3_FORMAL_20260826T034308Z_9b5f3c2bdfbe,1,M1.06:eb3670bbe434a59cc94347384a5d50fb526d26a00dbf6da73e54438c4bacc2a0,eb3670bbe434a59cc94347384a5d50fb526d26a00dbf6da73e54438c4bacc2a0,M1,M1.06,CHECK_REQUIRED_LIFECYCLE_PROVENANCE,CHECK_REQUIRED_LIFECYCLE_PROVENANCE,EXPECTED_DETECTOR_MATCH,DETECTED_AS_PREREGISTERED,FAIL,PASS,FAIL,FAIL:CHECK_REQUIRED_LIFECYCLE_PROVENANCE,,245
AEI_P3_FORMAL_20260826T034308Z_9b5f3c2bdfbe,1,M1.06:f1e5fc58ea336e13c098308a2da00dee7de3dd3aa08d6170df4a3cb1afd09795,f1e5fc58ea336e13c098308a2da00dee7de3dd3aa08d6170df4a3cb1afd09795,M1,M1.06,CHECK_REQUIRED_LIFECYCLE_PROVENANCE,CHECK_REQUIRED_LIFECYCLE_PROVENANCE,EXPECTED_DETECTOR_MATCH,DETECTED_AS_PREREGISTERED,FAIL,PASS,FAIL,FAIL:CHECK_REQUIRED_LIFECYCLE_PROVENANCE,,246
AEI_P3_FORMAL_20260826T034308Z_9b5f3c2bdfbe,1,M1.06:f583baa2dad1527b5f84f71805410ee51b78fce2b1be62de49f1636c06821c7b,f583baa2dad1527b5f84f71805410ee51b78fce2b1be62de49f1636c06821c7b,M1,M1.06,CHECK_REQUIRED_LIFECYCLE_PROVENANCE,CHECK_REQUIRED_LIFECYCLE_PROVENANCE,EXPECTED_DETECTOR_MATCH,DETECTED_AS_PREREGISTERED,FAIL,PASS,FAIL,FAIL:CHECK_REQUIRED_LIFECYCLE_PROVENANCE,,247
AEI_P3_FORMAL_20260826T034308Z_9b5f3c2bdfbe,1,M1.06:f64f55ad9277004ae441909cd6556d26eeaf73d3eb3c537384be703615149f96,f64f55ad9277004ae441909cd6556d26eeaf73d3eb3c537384be703615149f96,M1,M1.06,CHECK_REQUIRED_LIFECYCLE_PROVENANCE,CHECK_REQUIRED_LIFECYCLE_PROVENANCE,EXPECTED_DETECTOR_MATCH,DETECTED_AS_PREREGISTERED,FAIL,PASS,FAIL,FAIL:CHECK_REQUIRED_LIFECYCLE_PROVENANCE,,248
AEI_P3_FORMAL_20260826T034308Z_9b5f3c2bdfbe,1,M1.06:f80e8a50e0815fda9eef8635e52671f3888786c4daef5767b8da7b74e4311646,f80e8a50e0815fda9eef8635e52671f3888786c4daef5767b8da7b74e4311646,M1,M1.06,CHECK_REQUIRED_LIFECYCLE_PROVENANCE,CHECK_REQUIRED_LIFECYCLE_PROVENANCE,EXPECTED_DETECTOR_MATCH,DETECTED_AS_PREREGISTERED,FAIL,PASS,FAIL,FAIL:CHECK_REQUIRED_LIFECYCLE_PROVENANCE,,249
AEI_P3_FORMAL_20260826T034308Z_9b5f3c2bdfbe,1,M1.06:f9ade00b139ce33674b05d1766de3ec85779abfd83f893a7b2437817100901d9,f9ade00b139ce33674b05d1766de3ec85779abfd83f893a7b2437817100901d9,M1,M1.06,CHECK_REQUIRED_LIFECYCLE_PROVENANCE,CHECK_REQUIRED_LIFECYCLE_PROVENANCE,EXPECTED_DETECTOR_MATCH,DETECTED_AS_PREREGISTERED,FAIL,PASS,FAIL,FAIL:CHECK_REQUIRED_LIFECYCLE_PROVENANCE,,250
AEI_P3_FORMAL_20260826T034308Z_9b5f3c2bdfbe,1,M1.06:feb26c8ce25b99d6b090e07fca86c8e2dbf3ff2d6b891634c4c71b179329ab47,feb26c8ce25b99d6b090e07fca86c8e2dbf3ff2d6b891634c4c71b179329ab47,M1,M1.06,CHECK_REQUIRED_LIFECYCLE_PROVENANCE,CHECK_REQUIRED_LIFECYCLE_PROVENANCE,EXPECTED_DETECTOR_MATCH,DETECTED_AS_PREREGISTERED,FAIL,PASS,FAIL,FAIL:CHECK_REQUIRED_LIFECYCLE_PROVENANCE,,251
AEI_P3_FORMAL_20260826T034308Z_9b5f3c2bdfbe,1,M1.07:052b2dfeb855619b4e74c70e7155e5699a6aebc572c887f1432462ecf4afce6b,052b2dfeb855619b4e74c70e7155e5699a6aebc572c887f1432462ecf4afce6b,M1,M1.07,CHECK_REQUIRED_PLAN_DELTA,CHECK_REQUIRED_PLAN_DELTA,EXPECTED_DETECTOR_MATCH,DETECTED_AS_PREREGISTERED,FAIL,PASS,FAIL,FAIL:CHECK_REQUIRED_PLAN_DELTA,,252
AEI_P3_FORMAL_20260826T034308Z_9b5f3c2bdfbe,1,M1.07:0edc936e36dbd00367c35ec096b127c69211776f53ead8d7b9619a78d9b3beb5,0edc936e36dbd00367c35ec096b127c69211776f53ead8d7b9619a78d9b3beb5,M1,M1.07,CHECK_REQUIRED_PLAN_DELTA,CHECK_REQUIRED_PLAN_DELTA,EXPECTED_DETECTOR_MATCH,DETECTED_AS_PREREGISTERED,FAIL,PASS,FAIL,FAIL:CHECK_REQUIRED_PLAN_DELTA,,253
AEI_P3_FORMAL_20260826T034308Z_9b5f3c2bdfbe,1,M1.07:19993579c580ecb799e1ce158990340e547863ae75c4be153b97908cb5cd08a2,19993579c580ecb799e1ce158990340e547863ae75c4be153b97908cb5cd08a2,M1,M1.07,CHECK_REQUIRED_PLAN_DELTA,CHECK_REQUIRED_PLAN_DELTA,EXPECTED_DETECTOR_MATCH,DETECTED_AS_PREREGISTERED,FAIL,PASS,FAIL,FAIL:CHECK_REQUIRED_PLAN_DELTA,,254
AEI_P3_FORMAL_20260826T034308Z_9b5f3c2bdfbe,1,M1.07:1bb3dc3f26212de23def1f2ca0d598d344fea56b8a73247e2f6390ebea07946d,1bb3dc3f26212de23def1f2ca0d598d344fea56b8a73247e2f6390ebea07946d,M1,M1.07,CHECK_REQUIRED_PLAN_DELTA,CHECK_REQUIRED_PLAN_DELTA,EXPECTED_DETECTOR_MATCH,DETECTED_AS_PREREGISTERED,FAIL,PASS,FAIL,FAIL:CHECK_REQUIRED_PLAN_DELTA,,255
AEI_P3_FORMAL_20260826T034308Z_9b5f3c2bdfbe,1,M1.07:2443e5a3d32298289c0b98d2a7d3a03cbf4194a7adecf97293b0ac348944ba9e,2443e5a3d32298289c0b98d2a7d3a03cbf4194a7adecf97293b0ac348944ba9e,M1,M1.07,CHECK_REQUIRED_PLAN_DELTA,CHECK_REQUIRED_PLAN_DELTA,EXPECTED_DETECTOR_MATCH,DETECTED_AS_PREREGISTERED,FAIL,PASS,FAIL,FAIL:CHECK_REQUIRED_PLAN_DELTA,,256
AEI_P3_FORMAL_20260826T034308Z_9b5f3c2bdfbe,1,M1.07:245cb7ed72fd0a10da80157bd648a7ae9e8bd9ef722909fe778d274715ad67b3,245cb7ed72fd0a10da80157bd648a7ae9e8bd9ef722909fe778d274715ad67b3,M1,M1.07,CHECK_REQUIRED_PLAN_DELTA,CHECK_REQUIRED_PLAN_DELTA,EXPECTED_DETECTOR_MATCH,DETECTED_AS_PREREGISTERED,FAIL,PASS,FAIL,FAIL:CHECK_REQUIRED_PLAN_DELTA,,257
AEI_P3_FORMAL_20260826T034308Z_9b5f3c2bdfbe,1,M1.07:268469c82535bf1ba82a82324d755f40ad8bc7255c875b8e25c2d7943cff1ff3,268469c82535bf1ba82a82324d755f40ad8bc7255c875b8e25c2d7943cff1ff3,M1,M1.07,CHECK_REQUIRED_PLAN_DELTA,CHECK_REQUIRED_PLAN_DELTA,EXPECTED_DETECTOR_MATCH,DETECTED_AS_PREREGISTERED,FAIL,PASS,FAIL,FAIL:CHECK_REQUIRED_PLAN_DELTA,,258
AEI_P3_FORMAL_20260826T034308Z_9b5f3c2bdfbe,1,M1.07:2908e9ba69598735be8757d9b153473f5bacec1feb89ecff91ce994824a10178,2908e9ba69598735be8757d9b153473f5bacec1feb89ecff91ce994824a10178,M1,M1.07,CHECK_REQUIRED_PLAN_DELTA,CHECK_REQUIRED_PLAN_DELTA,EXPECTED_DETECTOR_MATCH,DETECTED_AS_PREREGISTERED,FAIL,PASS,FAIL,FAIL:CHECK_REQUIRED_PLAN_DELTA,,259
AEI_P3_FORMAL_20260826T034308Z_9b5f3c2bdfbe,1,M1.07:474b6ef7aac2feb7cb9195d7d3644f0d53d378eb4518ef87a9a2f7714d8ef3d5,474b6ef7aac2feb7cb9195d7d3644f0d53d378eb4518ef87a9a2f7714d8ef3d5,M1,M1.07,CHECK_REQUIRED_PLAN_DELTA,CHECK_REQUIRED_PLAN_DELTA,EXPECTED_DETECTOR_MATCH,DETECTED_AS_PREREGISTERED,FAIL,PASS,FAIL,FAIL:CHECK_REQUIRED_PLAN_DELTA,,260
AEI_P3_FORMAL_20260826T034308Z_9b5f3c2bdfbe,1,M1.07:4fafb9a13ff5e2fda82a804bf609727b68a17926d69ae1574c4801604ec81359,4fafb9a13ff5e2fda82a804bf609727b68a17926d69ae1574c4801604ec81359,M1,M1.07,CHECK_REQUIRED_PLAN_DELTA,CHECK_REQUIRED_PLAN_DELTA,EXPECTED_DETECTOR_MATCH,DETECTED_AS_PREREGISTERED,FAIL,PASS,FAIL,FAIL:CHECK_REQUIRED_PLAN_DELTA,,261
AEI_P3_FORMAL_20260826T034308Z_9b5f3c2bdfbe,1,M1.07:54349d927b9070c144f507868f9ef8b962c7c926426b33c3a7e0c88f715b246a,54349d927b9070c144f507868f9ef8b962c7c926426b33c3a7e0c88f715b246a,M1,M1.07,CHECK_REQUIRED_PLAN_DELTA,CHECK_REQUIRED_PLAN_DELTA,EXPECTED_DETECTOR_MATCH,DETECTED_AS_PREREGISTERED,FAIL,PASS,FAIL,FAIL:CHECK_REQUIRED_PLAN_DELTA,,262
AEI_P3_FORMAL_20260826T034308Z_9b5f3c2bdfbe,1,M1.07:558b8365de15727bf495595ed539867872c185b280ea249712f3b1d5f8674cd5,558b8365de15727bf495595ed539867872c185b280ea249712f3b1d5f8674cd5,M1,M1.07,CHECK_REQUIRED_PLAN_DELTA,CHECK_REQUIRED_PLAN_DELTA,EXPECTED_DETECTOR_MATCH,DETECTED_AS_PREREGISTERED,FAIL,PASS,FAIL,FAIL:CHECK_REQUIRED_PLAN_DELTA,,263
AEI_P3_FORMAL_20260826T034308Z_9b5f3c2bdfbe,1,M1.07:5ecccd77f46ab5549088b57686632a9eb5ccf1a5a977fbe35cfae6a50eca52bb,5ecccd77f46ab5549088b57686632a9eb5ccf1a5a977fbe35cfae6a50eca52bb,M1,M1.07,CHECK_REQUIRED_PLAN_DELTA,CHECK_REQUIRED_PLAN_DELTA,EXPECTED_DETECTOR_MATCH,DETECTED_AS_PREREGISTERED,FAIL,PASS,FAIL,FAIL:CHECK_REQUIRED_PLAN_DELTA,,264
AEI_P3_FORMAL_20260826T034308Z_9b5f3c2bdfbe,1,M1.07:5f24b2bbe16d5c8f667064d5031553e1dd9c4d9dbb7e0757cb922d9ba47928d5,5f24b2bbe16d5c8f667064d5031553e1dd9c4d9dbb7e0757cb922d9ba47928d5,M1,M1.07,CHECK_REQUIRED_PLAN_DELTA,CHECK_REQUIRED_PLAN_DELTA,EXPECTED_DETECTOR_MATCH,DETECTED_AS_PREREGISTERED,FAIL,PASS,FAIL,FAIL:CHECK_REQUIRED_PLAN_DELTA,,265
AEI_P3_FORMAL_20260826T034308Z_9b5f3c2bdfbe,1,M1.07:61f77c0251bcd2bbb51e6bff7e048bfcda7139b4e796314d32b47961ac3b5c1b,61f77c0251bcd2bbb51e6bff7e048bfcda7139b4e796314d32b47961ac3b5c1b,M1,M1.07,CHECK_REQUIRED_PLAN_DELTA,CHECK_REQUIRED_PLAN_DELTA,EXPECTED_DETECTOR_MATCH,DETECTED_AS_PREREGISTERED,FAIL,PASS,FAIL,FAIL:CHECK_REQUIRED_PLAN_DELTA,,266
AEI_P3_FORMAL_20260826T034308Z_9b5f3c2bdfbe,1,M1.07:634f3d08fd93ba622176ea6c9ff7ff1fb9d57a9b14f936f27d1460655fc20d72,634f3d08fd93ba622176ea6c9ff7ff1fb9d57a9b14f936f27d1460655fc20d72,M1,M1.07,CHECK_REQUIRED_PLAN_DELTA,CHECK_REQUIRED_PLAN_DELTA,EXPECTED_DETECTOR_MATCH,DETECTED_AS_PREREGISTERED,FAIL,PASS,FAIL,FAIL:CHECK_REQUIRED_PLAN_DELTA,,267
AEI_P3_FORMAL_20260826T034308Z_9b5f3c2bdfbe,1,M1.07:73cdcc11d1c23e47664696979a9b12b94deb5da000c18f37a8d7c0b641090788,73cdcc11d1c23e47664696979a9b12b94deb5da000c18f37a8d7c0b641090788,M1,M1.07,CHECK_REQUIRED_PLAN_DELTA,CHECK_REQUIRED_PLAN_DELTA,EXPECTED_DETECTOR_MATCH,DETECTED_AS_PREREGISTERED,FAIL,PASS,FAIL,FAIL:CHECK_REQUIRED_PLAN_DELTA,,268
AEI_P3_FORMAL_20260826T034308Z_9b5f3c2bdfbe,1,M1.07:7dc2cc636acd7eeb3db7367222360894cac918d6adca467d2f7a79960bbe8b1c,7dc2cc636acd7eeb3db7367222360894cac918d6adca467d2f7a79960bbe8b1c,M1,M1.07,CHECK_REQUIRED_PLAN_DELTA,CHECK_REQUIRED_PLAN_DELTA,EXPECTED_DETECTOR_MATCH,DETECTED_AS_PREREGISTERED,FAIL,PASS,FAIL,FAIL:CHECK_REQUIRED_PLAN_DELTA,,269
AEI_P3_FORMAL_20260826T034308Z_9b5f3c2bdfbe,1,M1.07:8c60197386a54af6d06cac0996c81cbca4971ac83984afcf2a52fa27a5bb1b42,8c60197386a54af6d06cac0996c81cbca4971ac83984afcf2a52fa27a5bb1b42,M1,M1.07,CHECK_REQUIRED_PLAN_DELTA,CHECK_REQUIRED_PLAN_DELTA,EXPECTED_DETECTOR_MATCH,DETECTED_AS_PREREGISTERED,FAIL,PASS,FAIL,FAIL:CHECK_REQUIRED_PLAN_DELTA,,270
AEI_P3_FORMAL_20260826T034308Z_9b5f3c2bdfbe,1,M1.07:8e3a1df6f55a6d53d21fd63c9dcda45cee6d1576c4989d45b40828d31e6d7281,8e3a1df6f55a6d53d21fd63c9dcda45cee6d1576c4989d45b40828d31e6d7281,M1,M1.07,CHECK_REQUIRED_PLAN_DELTA,CHECK_REQUIRED_PLAN_DELTA,EXPECTED_DETECTOR_MATCH,DETECTED_AS_PREREGISTERED,FAIL,PASS,FAIL,FAIL:CHECK_REQUIRED_PLAN_DELTA,,271
AEI_P3_FORMAL_20260826T034308Z_9b5f3c2bdfbe,1,M1.07:97eb8ea8dfec0a163a4b54e1179247553055627de3df3d7a40c8879cacc64800,97eb8ea8dfec0a163a4b54e1179247553055627de3df3d7a40c8879cacc64800,M1,M1.07,CHECK_REQUIRED_PLAN_DELTA,CHECK_REQUIRED_PLAN_DELTA,EXPECTED_DETECTOR_MATCH,DETECTED_AS_PREREGISTERED,FAIL,PASS,FAIL,FAIL:CHECK_REQUIRED_PLAN_DELTA,,272
AEI_P3_FORMAL_20260826T034308Z_9b5f3c2bdfbe,1,M1.07:9827288498c6ff63f3f7ec6f3bb833b53ac1c3cbaf59021addc82b6a8c08bae2,9827288498c6ff63f3f7ec6f3bb833b53ac1c3cbaf59021addc82b6a8c08bae2,M1,M1.07,CHECK_REQUIRED_PLAN_DELTA,CHECK_REQUIRED_PLAN_DELTA,EXPECTED_DETECTOR_MATCH,DETECTED_AS_PREREGISTERED,FAIL,PASS,FAIL,FAIL:CHECK_REQUIRED_PLAN_DELTA,,273
AEI_P3_FORMAL_20260826T034308Z_9b5f3c2bdfbe,1,M1.07:9f7906189c782cba7c3a4cc9cb8785764c8ad3fb1e637423a7a310d6c438feb5,9f7906189c782cba7c3a4cc9cb8785764c8ad3fb1e637423a7a310d6c438feb5,M1,M1.07,CHECK_REQUIRED_PLAN_DELTA,CHECK_REQUIRED_PLAN_DELTA,EXPECTED_DETECTOR_MATCH,DETECTED_AS_PREREGISTERED,FAIL,PASS,FAIL,FAIL:CHECK_REQUIRED_PLAN_DELTA,,274
AEI_P3_FORMAL_20260826T034308Z_9b5f3c2bdfbe,1,M1.07:aa5b4ee1688c71f1a3932cd7d9b629a08e31ef09728f3280c98c7636eecfb8d3,aa5b4ee1688c71f1a3932cd7d9b629a08e31ef09728f3280c98c7636eecfb8d3,M1,M1.07,CHECK_REQUIRED_PLAN_DELTA,CHECK_REQUIRED_PLAN_DELTA,EXPECTED_DETECTOR_MATCH,DETECTED_AS_PREREGISTERED,FAIL,PASS,FAIL,FAIL:CHECK_REQUIRED_PLAN_DELTA,,275
AEI_P3_FORMAL_20260826T034308Z_9b5f3c2bdfbe,1,M1.07:aad646b14392b632d658225dedb7d3953424ab9ab19ebafdc67bd9a7f02eb50b,aad646b14392b632d658225dedb7d3953424ab9ab19ebafdc67bd9a7f02eb50b,M1,M1.07,CHECK_REQUIRED_PLAN_DELTA,CHECK_REQUIRED_PLAN_DELTA,EXPECTED_DETECTOR_MATCH,DETECTED_AS_PREREGISTERED,FAIL,PASS,FAIL,FAIL:CHECK_REQUIRED_PLAN_DELTA,,276
AEI_P3_FORMAL_20260826T034308Z_9b5f3c2bdfbe,1,M1.07:abc8d6ba26b9728a25ebd17f4066aa5421f54fde1c1ef630cc33cb308c0fb8e5,abc8d6ba26b9728a25ebd17f4066aa5421f54fde1c1ef630cc33cb308c0fb8e5,M1,M1.07,CHECK_REQUIRED_PLAN_DELTA,CHECK_REQUIRED_PLAN_DELTA,EXPECTED_DETECTOR_MATCH,DETECTED_AS_PREREGISTERED,FAIL,PASS,FAIL,FAIL:CHECK_REQUIRED_PLAN_DELTA,,277
AEI_P3_FORMAL_20260826T034308Z_9b5f3c2bdfbe,1,M1.07:b0f01f4c7ca822555039b9267d8985edbeb149abc0a710d6583cea634584f862,b0f01f4c7ca822555039b9267d8985edbeb149abc0a710d6583cea634584f862,M1,M1.07,CHECK_REQUIRED_PLAN_DELTA,CHECK_REQUIRED_PLAN_DELTA,EXPECTED_DETECTOR_MATCH,DETECTED_AS_PREREGISTERED,FAIL,PASS,FAIL,FAIL:CHECK_REQUIRED_PLAN_DELTA,,278
AEI_P3_FORMAL_20260826T034308Z_9b5f3c2bdfbe,1,M1.07:b31f9c5cbf923f188771558357941c1a7d6a71089f67793c620cf7034a070eb2,b31f9c5cbf923f188771558357941c1a7d6a71089f67793c620cf7034a070eb2,M1,M1.07,CHECK_REQUIRED_PLAN_DELTA,CHECK_REQUIRED_PLAN_DELTA,EXPECTED_DETECTOR_MATCH,DETECTED_AS_PREREGISTERED,FAIL,PASS,FAIL,FAIL:CHECK_REQUIRED_PLAN_DELTA,,279
AEI_P3_FORMAL_20260826T034308Z_9b5f3c2bdfbe,1,M1.07:b5c400c27e6dbb1cc8466c5ce68e1530b6d984599f3c01c36496b49b586ff5e3,b5c400c27e6dbb1cc8466c5ce68e1530b6d984599f3c01c36496b49b586ff5e3,M1,M1.07,CHECK_REQUIRED_PLAN_DELTA,CHECK_REQUIRED_PLAN_DELTA,EXPECTED_DETECTOR_MATCH,DETECTED_AS_PREREGISTERED,FAIL,PASS,FAIL,FAIL:CHECK_REQUIRED_PLAN_DELTA,,280
AEI_P3_FORMAL_20260826T034308Z_9b5f3c2bdfbe,1,M1.07:bb3f15222034bdf87b9be499b27f859fe778b781693fd54677f83bd7531f0680,bb3f15222034bdf87b9be499b27f859fe778b781693fd54677f83bd7531f0680,M1,M1.07,CHECK_REQUIRED_PLAN_DELTA,CHECK_REQUIRED_PLAN_DELTA,EXPECTED_DETECTOR_MATCH,DETECTED_AS_PREREGISTERED,FAIL,PASS,FAIL,FAIL:CHECK_REQUIRED_PLAN_DELTA,,281
AEI_P3_FORMAL_20260826T034308Z_9b5f3c2bdfbe,1,M1.07:ce18361670bfbcde2f3ff22167187aecef9164dedbf1198bc7563c147804780e,ce18361670bfbcde2f3ff22167187aecef9164dedbf1198bc7563c147804780e,M1,M1.07,CHECK_REQUIRED_PLAN_DELTA,CHECK_REQUIRED_PLAN_DELTA,EXPECTED_DETECTOR_MATCH,DETECTED_AS_PREREGISTERED,FAIL,PASS,FAIL,FAIL:CHECK_REQUIRED_PLAN_DELTA,,282
AEI_P3_FORMAL_20260826T034308Z_9b5f3c2bdfbe,1,M1.07:ceae66508816dc9f5458c925c89f155658e6c78710a8753d337ac385481cc1bf,ceae66508816dc9f5458c925c89f155658e6c78710a8753d337ac385481cc1bf,M1,M1.07,CHECK_REQUIRED_PLAN_DELTA,CHECK_REQUIRED_PLAN_DELTA,EXPECTED_DETECTOR_MATCH,DETECTED_AS_PREREGISTERED,FAIL,PASS,FAIL,FAIL:CHECK_REQUIRED_PLAN_DELTA,,283
AEI_P3_FORMAL_20260826T034308Z_9b5f3c2bdfbe,1,M1.07:d093d52f24139c1b6fb09b775beedd000f1a7b3716df906d7d36e91e7e848265,d093d52f24139c1b6fb09b775beedd000f1a7b3716df906d7d36e91e7e848265,M1,M1.07,CHECK_REQUIRED_PLAN_DELTA,CHECK_REQUIRED_PLAN_DELTA,EXPECTED_DETECTOR_MATCH,DETECTED_AS_PREREGISTERED,FAIL,PASS,FAIL,FAIL:CHECK_REQUIRED_PLAN_DELTA,,284
AEI_P3_FORMAL_20260826T034308Z_9b5f3c2bdfbe,1,M1.07:d4b957654a5efd71168d6f7e67936e6abf4666ceb41e7919635002157b125411,d4b957654a5efd71168d6f7e67936e6abf4666ceb41e7919635002157b125411,M1,M1.07,CHECK_REQUIRED_PLAN_DELTA,CHECK_REQUIRED_PLAN_DELTA,EXPECTED_DETECTOR_MATCH,DETECTED_AS_PREREGISTERED,FAIL,PASS,FAIL,FAIL:CHECK_REQUIRED_PLAN_DELTA,,285
AEI_P3_FORMAL_20260826T034308Z_9b5f3c2bdfbe,1,M1.07:d598e89b357205c7b4bd47c5ebbe933f8be1f7c8dcdee85e66ec6829cafb91d3,d598e89b357205c7b4bd47c5ebbe933f8be1f7c8dcdee85e66ec6829cafb91d3,M1,M1.07,CHECK_REQUIRED_PLAN_DELTA,CHECK_REQUIRED_PLAN_DELTA,EXPECTED_DETECTOR_MATCH,DETECTED_AS_PREREGISTERED,FAIL,PASS,FAIL,FAIL:CHECK_REQUIRED_PLAN_DELTA,,286
AEI_P3_FORMAL_20260826T034308Z_9b5f3c2bdfbe,1,M1.07:eb3670bbe434a59cc94347384a5d50fb526d26a00dbf6da73e54438c4bacc2a0,eb3670bbe434a59cc94347384a5d50fb526d26a00dbf6da73e54438c4bacc2a0,M1,M1.07,CHECK_REQUIRED_PLAN_DELTA,CHECK_REQUIRED_PLAN_DELTA,EXPECTED_DETECTOR_MATCH,DETECTED_AS_PREREGISTERED,FAIL,PASS,FAIL,FAIL:CHECK_REQUIRED_PLAN_DELTA,,287
AEI_P3_FORMAL_20260826T034308Z_9b5f3c2bdfbe,1,M1.07:f1e5fc58ea336e13c098308a2da00dee7de3dd3aa08d6170df4a3cb1afd09795,f1e5fc58ea336e13c098308a2da00dee7de3dd3aa08d6170df4a3cb1afd09795,M1,M1.07,CHECK_REQUIRED_PLAN_DELTA,CHECK_REQUIRED_PLAN_DELTA,EXPECTED_DETECTOR_MATCH,DETECTED_AS_PREREGISTERED,FAIL,PASS,FAIL,FAIL:CHECK_REQUIRED_PLAN_DELTA,,288
AEI_P3_FORMAL_20260826T034308Z_9b5f3c2bdfbe,1,M1.07:f583baa2dad1527b5f84f71805410ee51b78fce2b1be62de49f1636c06821c7b,f583baa2dad1527b5f84f71805410ee51b78fce2b1be62de49f1636c06821c7b,M1,M1.07,CHECK_REQUIRED_PLAN_DELTA,CHECK_REQUIRED_PLAN_DELTA,EXPECTED_DETECTOR_MATCH,DETECTED_AS_PREREGISTERED,FAIL,PASS,FAIL,FAIL:CHECK_REQUIRED_PLAN_DELTA,,289
AEI_P3_FORMAL_20260826T034308Z_9b5f3c2bdfbe,1,M1.07:f64f55ad9277004ae441909cd6556d26eeaf73d3eb3c537384be703615149f96,f64f55ad9277004ae441909cd6556d26eeaf73d3eb3c537384be703615149f96,M1,M1.07,CHECK_REQUIRED_PLAN_DELTA,CHECK_REQUIRED_PLAN_DELTA,EXPECTED_DETECTOR_MATCH,DETECTED_AS_PREREGISTERED,FAIL,PASS,FAIL,FAIL:CHECK_REQUIRED_PLAN_DELTA,,290
AEI_P3_FORMAL_20260826T034308Z_9b5f3c2bdfbe,1,M1.07:f80e8a50e0815fda9eef8635e52671f3888786c4daef5767b8da7b74e4311646,f80e8a50e0815fda9eef8635e52671f3888786c4daef5767b8da7b74e4311646,M1,M1.07,CHECK_REQUIRED_PLAN_DELTA,CHECK_REQUIRED_PLAN_DELTA,EXPECTED_DETECTOR_MATCH,DETECTED_AS_PREREGISTERED,FAIL,PASS,FAIL,FAIL:CHECK_REQUIRED_PLAN_DELTA,,291
AEI_P3_FORMAL_20260826T034308Z_9b5f3c2bdfbe,1,M1.07:f9ade00b139ce33674b05d1766de3ec85779abfd83f893a7b2437817100901d9,f9ade00b139ce33674b05d1766de3ec85779abfd83f893a7b2437817100901d9,M1,M1.07,CHECK_REQUIRED_PLAN_DELTA,CHECK_REQUIRED_PLAN_DELTA,EXPECTED_DETECTOR_MATCH,DETECTED_AS_PREREGISTERED,FAIL,PASS,FAIL,FAIL:CHECK_REQUIRED_PLAN_DELTA,,292
AEI_P3_FORMAL_20260826T034308Z_9b5f3c2bdfbe,1,M1.07:feb26c8ce25b99d6b090e07fca86c8e2dbf3ff2d6b891634c4c71b179329ab47,feb26c8ce25b99d6b090e07fca86c8e2dbf3ff2d6b891634c4c71b179329ab47,M1,M1.07,CHECK_REQUIRED_PLAN_DELTA,CHECK_REQUIRED_PLAN_DELTA,EXPECTED_DETECTOR_MATCH,DETECTED_AS_PREREGISTERED,FAIL,PASS,FAIL,FAIL:CHECK_REQUIRED_PLAN_DELTA,,293
AEI_P3_FORMAL_20260826T034308Z_9b5f3c2bdfbe,1,M1.08:052b2dfeb855619b4e74c70e7155e5699a6aebc572c887f1432462ecf4afce6b,052b2dfeb855619b4e74c70e7155e5699a6aebc572c887f1432462ecf4afce6b,M1,M1.08,CHECK_REQUIRED_SOLVER_ARTIFACT,CHECK_REQUIRED_SOLVER_ARTIFACT|CHECK_OB7_REQUIRED_SOLVER_VERSION|CHECK_OB7_REQUIRED_MODEL_HASH|CHECK_OB7_REQUIRED_INSTANCE_HASH|CHECK_OB7_REQUIRED_SEED|CHECK_OB7_REQUIRED_WORKERS|CHECK_OB7_REQUIRED_BUDGET_SECONDS|CHECK_OB7_REQUIRED_STATUS|CHECK_OB7_REQUIRED_OBJECTIVE_ENCODED|CHECK_OB7_REQUIRED_SOLVER_SCHEDULE_HASH|CHECK_OB7_REQUIRED_SCHEDULE_ARTIFACT|CHECK_OB7_REQUIRED_SCHEDULE_ARTIFACT_SHA256,EXPECTED_DETECTOR_MATCH,DETECTED_AS_PREREGISTERED,FAIL,FAIL,FAIL,FAIL:CHECK_REQUIRED_SOLVER_ARTIFACT,,294
AEI_P3_FORMAL_20260826T034308Z_9b5f3c2bdfbe,1,M1.08:0edc936e36dbd00367c35ec096b127c69211776f53ead8d7b9619a78d9b3beb5,0edc936e36dbd00367c35ec096b127c69211776f53ead8d7b9619a78d9b3beb5,M1,M1.08,CHECK_REQUIRED_SOLVER_ARTIFACT,CHECK_REQUIRED_SOLVER_ARTIFACT|CHECK_OB7_REQUIRED_SOLVER_VERSION|CHECK_OB7_REQUIRED_MODEL_HASH|CHECK_OB7_REQUIRED_INSTANCE_HASH|CHECK_OB7_REQUIRED_SEED|CHECK_OB7_REQUIRED_WORKERS|CHECK_OB7_REQUIRED_BUDGET_SECONDS|CHECK_OB7_REQUIRED_STATUS|CHECK_OB7_REQUIRED_OBJECTIVE_ENCODED|CHECK_OB7_REQUIRED_SOLVER_SCHEDULE_HASH|CHECK_OB7_REQUIRED_SCHEDULE_ARTIFACT|CHECK_OB7_REQUIRED_SCHEDULE_ARTIFACT_SHA256,EXPECTED_DETECTOR_MATCH,DETECTED_AS_PREREGISTERED,FAIL,FAIL,FAIL,FAIL:CHECK_REQUIRED_SOLVER_ARTIFACT,,295
AEI_P3_FORMAL_20260826T034308Z_9b5f3c2bdfbe,1,M1.08:19993579c580ecb799e1ce158990340e547863ae75c4be153b97908cb5cd08a2,19993579c580ecb799e1ce158990340e547863ae75c4be153b97908cb5cd08a2,M1,M1.08,CHECK_REQUIRED_SOLVER_ARTIFACT,CHECK_REQUIRED_SOLVER_ARTIFACT|CHECK_OB7_REQUIRED_SOLVER_VERSION|CHECK_OB7_REQUIRED_MODEL_HASH|CHECK_OB7_REQUIRED_INSTANCE_HASH|CHECK_OB7_REQUIRED_SEED|CHECK_OB7_REQUIRED_WORKERS|CHECK_OB7_REQUIRED_BUDGET_SECONDS|CHECK_OB7_REQUIRED_STATUS|CHECK_OB7_REQUIRED_OBJECTIVE_ENCODED|CHECK_OB7_REQUIRED_SOLVER_SCHEDULE_HASH|CHECK_OB7_REQUIRED_SCHEDULE_ARTIFACT|CHECK_OB7_REQUIRED_SCHEDULE_ARTIFACT_SHA256,EXPECTED_DETECTOR_MATCH,DETECTED_AS_PREREGISTERED,FAIL,FAIL,FAIL,FAIL:CHECK_REQUIRED_SOLVER_ARTIFACT,,296
AEI_P3_FORMAL_20260826T034308Z_9b5f3c2bdfbe,1,M1.08:1bb3dc3f26212de23def1f2ca0d598d344fea56b8a73247e2f6390ebea07946d,1bb3dc3f26212de23def1f2ca0d598d344fea56b8a73247e2f6390ebea07946d,M1,M1.08,CHECK_REQUIRED_SOLVER_ARTIFACT,CHECK_REQUIRED_SOLVER_ARTIFACT|CHECK_OB7_REQUIRED_SOLVER_VERSION|CHECK_OB7_REQUIRED_MODEL_HASH|CHECK_OB7_REQUIRED_INSTANCE_HASH|CHECK_OB7_REQUIRED_SEED|CHECK_OB7_REQUIRED_WORKERS|CHECK_OB7_REQUIRED_BUDGET_SECONDS|CHECK_OB7_REQUIRED_STATUS|CHECK_OB7_REQUIRED_OBJECTIVE_ENCODED|CHECK_OB7_REQUIRED_SOLVER_SCHEDULE_HASH|CHECK_OB7_REQUIRED_SCHEDULE_ARTIFACT|CHECK_OB7_REQUIRED_SCHEDULE_ARTIFACT_SHA256,EXPECTED_DETECTOR_MATCH,DETECTED_AS_PREREGISTERED,FAIL,FAIL,FAIL,FAIL:CHECK_REQUIRED_SOLVER_ARTIFACT,,297
AEI_P3_FORMAL_20260826T034308Z_9b5f3c2bdfbe,1,M1.08:2443e5a3d32298289c0b98d2a7d3a03cbf4194a7adecf97293b0ac348944ba9e,2443e5a3d32298289c0b98d2a7d3a03cbf4194a7adecf97293b0ac348944ba9e,M1,M1.08,CHECK_REQUIRED_SOLVER_ARTIFACT,CHECK_REQUIRED_SOLVER_ARTIFACT|CHECK_OB7_REQUIRED_SOLVER_VERSION|CHECK_OB7_REQUIRED_MODEL_HASH|CHECK_OB7_REQUIRED_INSTANCE_HASH|CHECK_OB7_REQUIRED_SEED|CHECK_OB7_REQUIRED_WORKERS|CHECK_OB7_REQUIRED_BUDGET_SECONDS|CHECK_OB7_REQUIRED_STATUS|CHECK_OB7_REQUIRED_OBJECTIVE_ENCODED|CHECK_OB7_REQUIRED_SOLVER_SCHEDULE_HASH|CHECK_OB7_REQUIRED_SCHEDULE_ARTIFACT|CHECK_OB7_REQUIRED_SCHEDULE_ARTIFACT_SHA256,EXPECTED_DETECTOR_MATCH,DETECTED_AS_PREREGISTERED,FAIL,FAIL,FAIL,FAIL:CHECK_REQUIRED_SOLVER_ARTIFACT,,298
AEI_P3_FORMAL_20260826T034308Z_9b5f3c2bdfbe,1,M1.08:245cb7ed72fd0a10da80157bd648a7ae9e8bd9ef722909fe778d274715ad67b3,245cb7ed72fd0a10da80157bd648a7ae9e8bd9ef722909fe778d274715ad67b3,M1,M1.08,CHECK_REQUIRED_SOLVER_ARTIFACT,CHECK_REQUIRED_SOLVER_ARTIFACT|CHECK_OB7_REQUIRED_SOLVER_VERSION|CHECK_OB7_REQUIRED_MODEL_HASH|CHECK_OB7_REQUIRED_INSTANCE_HASH|CHECK_OB7_REQUIRED_SEED|CHECK_OB7_REQUIRED_WORKERS|CHECK_OB7_REQUIRED_BUDGET_SECONDS|CHECK_OB7_REQUIRED_STATUS|CHECK_OB7_REQUIRED_OBJECTIVE_ENCODED|CHECK_OB7_REQUIRED_SOLVER_SCHEDULE_HASH|CHECK_OB7_REQUIRED_SCHEDULE_ARTIFACT|CHECK_OB7_REQUIRED_SCHEDULE_ARTIFACT_SHA256,EXPECTED_DETECTOR_MATCH,DETECTED_AS_PREREGISTERED,FAIL,FAIL,FAIL,FAIL:CHECK_REQUIRED_SOLVER_ARTIFACT,,299
AEI_P3_FORMAL_20260826T034308Z_9b5f3c2bdfbe,1,M1.08:268469c82535bf1ba82a82324d755f40ad8bc7255c875b8e25c2d7943cff1ff3,268469c82535bf1ba82a82324d755f40ad8bc7255c875b8e25c2d7943cff1ff3,M1,M1.08,CHECK_REQUIRED_SOLVER_ARTIFACT,CHECK_REQUIRED_SOLVER_ARTIFACT|CHECK_OB7_REQUIRED_SOLVER_VERSION|CHECK_OB7_REQUIRED_MODEL_HASH|CHECK_OB7_REQUIRED_INSTANCE_HASH|CHECK_OB7_REQUIRED_SEED|CHECK_OB7_REQUIRED_WORKERS|CHECK_OB7_REQUIRED_BUDGET_SECONDS|CHECK_OB7_REQUIRED_STATUS|CHECK_OB7_REQUIRED_OBJECTIVE_ENCODED|CHECK_OB7_REQUIRED_SOLVER_SCHEDULE_HASH|CHECK_OB7_REQUIRED_SCHEDULE_ARTIFACT|CHECK_OB7_REQUIRED_SCHEDULE_ARTIFACT_SHA256,EXPECTED_DETECTOR_MATCH,DETECTED_AS_PREREGISTERED,FAIL,FAIL,FAIL,FAIL:CHECK_REQUIRED_SOLVER_ARTIFACT,,300
AEI_P3_FORMAL_20260826T034308Z_9b5f3c2bdfbe,1,M1.08:2908e9ba69598735be8757d9b153473f5bacec1feb89ecff91ce994824a10178,2908e9ba69598735be8757d9b153473f5bacec1feb89ecff91ce994824a10178,M1,M1.08,CHECK_REQUIRED_SOLVER_ARTIFACT,CHECK_REQUIRED_SOLVER_ARTIFACT|CHECK_OB7_REQUIRED_SOLVER_VERSION|CHECK_OB7_REQUIRED_MODEL_HASH|CHECK_OB7_REQUIRED_INSTANCE_HASH|CHECK_OB7_REQUIRED_SEED|CHECK_OB7_REQUIRED_WORKERS|CHECK_OB7_REQUIRED_BUDGET_SECONDS|CHECK_OB7_REQUIRED_STATUS|CHECK_OB7_REQUIRED_OBJECTIVE_ENCODED|CHECK_OB7_REQUIRED_SOLVER_SCHEDULE_HASH|CHECK_OB7_REQUIRED_SCHEDULE_ARTIFACT|CHECK_OB7_REQUIRED_SCHEDULE_ARTIFACT_SHA256,EXPECTED_DETECTOR_MATCH,DETECTED_AS_PREREGISTERED,FAIL,FAIL,FAIL,FAIL:CHECK_REQUIRED_SOLVER_ARTIFACT,,301
AEI_P3_FORMAL_20260826T034308Z_9b5f3c2bdfbe,1,M1.08:474b6ef7aac2feb7cb9195d7d3644f0d53d378eb4518ef87a9a2f7714d8ef3d5,474b6ef7aac2feb7cb9195d7d3644f0d53d378eb4518ef87a9a2f7714d8ef3d5,M1,M1.08,CHECK_REQUIRED_SOLVER_ARTIFACT,CHECK_REQUIRED_SOLVER_ARTIFACT|CHECK_OB7_REQUIRED_SOLVER_VERSION|CHECK_OB7_REQUIRED_MODEL_HASH|CHECK_OB7_REQUIRED_INSTANCE_HASH|CHECK_OB7_REQUIRED_SEED|CHECK_OB7_REQUIRED_WORKERS|CHECK_OB7_REQUIRED_BUDGET_SECONDS|CHECK_OB7_REQUIRED_STATUS|CHECK_OB7_REQUIRED_OBJECTIVE_ENCODED|CHECK_OB7_REQUIRED_SOLVER_SCHEDULE_HASH|CHECK_OB7_REQUIRED_SCHEDULE_ARTIFACT|CHECK_OB7_REQUIRED_SCHEDULE_ARTIFACT_SHA256,EXPECTED_DETECTOR_MATCH,DETECTED_AS_PREREGISTERED,FAIL,FAIL,FAIL,FAIL:CHECK_REQUIRED_SOLVER_ARTIFACT,,302
AEI_P3_FORMAL_20260826T034308Z_9b5f3c2bdfbe,1,M1.08:4fafb9a13ff5e2fda82a804bf609727b68a17926d69ae1574c4801604ec81359,4fafb9a13ff5e2fda82a804bf609727b68a17926d69ae1574c4801604ec81359,M1,M1.08,CHECK_REQUIRED_SOLVER_ARTIFACT,CHECK_REQUIRED_SOLVER_ARTIFACT|CHECK_OB7_REQUIRED_SOLVER_VERSION|CHECK_OB7_REQUIRED_MODEL_HASH|CHECK_OB7_REQUIRED_INSTANCE_HASH|CHECK_OB7_REQUIRED_SEED|CHECK_OB7_REQUIRED_WORKERS|CHECK_OB7_REQUIRED_BUDGET_SECONDS|CHECK_OB7_REQUIRED_STATUS|CHECK_OB7_REQUIRED_OBJECTIVE_ENCODED|CHECK_OB7_REQUIRED_SOLVER_SCHEDULE_HASH|CHECK_OB7_REQUIRED_SCHEDULE_ARTIFACT|CHECK_OB7_REQUIRED_SCHEDULE_ARTIFACT_SHA256,EXPECTED_DETECTOR_MATCH,DETECTED_AS_PREREGISTERED,FAIL,FAIL,FAIL,FAIL:CHECK_REQUIRED_SOLVER_ARTIFACT,,303
AEI_P3_FORMAL_20260826T034308Z_9b5f3c2bdfbe,1,M1.08:54349d927b9070c144f507868f9ef8b962c7c926426b33c3a7e0c88f715b246a,54349d927b9070c144f507868f9ef8b962c7c926426b33c3a7e0c88f715b246a,M1,M1.08,CHECK_REQUIRED_SOLVER_ARTIFACT,CHECK_REQUIRED_SOLVER_ARTIFACT|CHECK_OB7_REQUIRED_SOLVER_VERSION|CHECK_OB7_REQUIRED_MODEL_HASH|CHECK_OB7_REQUIRED_INSTANCE_HASH|CHECK_OB7_REQUIRED_SEED|CHECK_OB7_REQUIRED_WORKERS|CHECK_OB7_REQUIRED_BUDGET_SECONDS|CHECK_OB7_REQUIRED_STATUS|CHECK_OB7_REQUIRED_OBJECTIVE_ENCODED|CHECK_OB7_REQUIRED_SOLVER_SCHEDULE_HASH|CHECK_OB7_REQUIRED_SCHEDULE_ARTIFACT|CHECK_OB7_REQUIRED_SCHEDULE_ARTIFACT_SHA256,EXPECTED_DETECTOR_MATCH,DETECTED_AS_PREREGISTERED,FAIL,FAIL,FAIL,FAIL:CHECK_REQUIRED_SOLVER_ARTIFACT,,304
AEI_P3_FORMAL_20260826T034308Z_9b5f3c2bdfbe,1,M1.08:558b8365de15727bf495595ed539867872c185b280ea249712f3b1d5f8674cd5,558b8365de15727bf495595ed539867872c185b280ea249712f3b1d5f8674cd5,M1,M1.08,CHECK_REQUIRED_SOLVER_ARTIFACT,CHECK_REQUIRED_SOLVER_ARTIFACT|CHECK_OB7_REQUIRED_SOLVER_VERSION|CHECK_OB7_REQUIRED_MODEL_HASH|CHECK_OB7_REQUIRED_INSTANCE_HASH|CHECK_OB7_REQUIRED_SEED|CHECK_OB7_REQUIRED_WORKERS|CHECK_OB7_REQUIRED_BUDGET_SECONDS|CHECK_OB7_REQUIRED_STATUS|CHECK_OB7_REQUIRED_OBJECTIVE_ENCODED|CHECK_OB7_REQUIRED_SOLVER_SCHEDULE_HASH|CHECK_OB7_REQUIRED_SCHEDULE_ARTIFACT|CHECK_OB7_REQUIRED_SCHEDULE_ARTIFACT_SHA256,EXPECTED_DETECTOR_MATCH,DETECTED_AS_PREREGISTERED,FAIL,FAIL,FAIL,FAIL:CHECK_REQUIRED_SOLVER_ARTIFACT,,305
AEI_P3_FORMAL_20260826T034308Z_9b5f3c2bdfbe,1,M1.08:5ecccd77f46ab5549088b57686632a9eb5ccf1a5a977fbe35cfae6a50eca52bb,5ecccd77f46ab5549088b57686632a9eb5ccf1a5a977fbe35cfae6a50eca52bb,M1,M1.08,CHECK_REQUIRED_SOLVER_ARTIFACT,CHECK_REQUIRED_SOLVER_ARTIFACT|CHECK_OB7_REQUIRED_SOLVER_VERSION|CHECK_OB7_REQUIRED_MODEL_HASH|CHECK_OB7_REQUIRED_INSTANCE_HASH|CHECK_OB7_REQUIRED_SEED|CHECK_OB7_REQUIRED_WORKERS|CHECK_OB7_REQUIRED_BUDGET_SECONDS|CHECK_OB7_REQUIRED_STATUS|CHECK_OB7_REQUIRED_OBJECTIVE_ENCODED|CHECK_OB7_REQUIRED_SOLVER_SCHEDULE_HASH|CHECK_OB7_REQUIRED_SCHEDULE_ARTIFACT|CHECK_OB7_REQUIRED_SCHEDULE_ARTIFACT_SHA256,EXPECTED_DETECTOR_MATCH,DETECTED_AS_PREREGISTERED,FAIL,FAIL,FAIL,FAIL:CHECK_REQUIRED_SOLVER_ARTIFACT,,306
AEI_P3_FORMAL_20260826T034308Z_9b5f3c2bdfbe,1,M1.08:5f24b2bbe16d5c8f667064d5031553e1dd9c4d9dbb7e0757cb922d9ba47928d5,5f24b2bbe16d5c8f667064d5031553e1dd9c4d9dbb7e0757cb922d9ba47928d5,M1,M1.08,CHECK_REQUIRED_SOLVER_ARTIFACT,CHECK_REQUIRED_SOLVER_ARTIFACT|CHECK_OB7_REQUIRED_SOLVER_VERSION|CHECK_OB7_REQUIRED_MODEL_HASH|CHECK_OB7_REQUIRED_INSTANCE_HASH|CHECK_OB7_REQUIRED_SEED|CHECK_OB7_REQUIRED_WORKERS|CHECK_OB7_REQUIRED_BUDGET_SECONDS|CHECK_OB7_REQUIRED_STATUS|CHECK_OB7_REQUIRED_OBJECTIVE_ENCODED|CHECK_OB7_REQUIRED_SOLVER_SCHEDULE_HASH|CHECK_OB7_REQUIRED_SCHEDULE_ARTIFACT|CHECK_OB7_REQUIRED_SCHEDULE_ARTIFACT_SHA256,EXPECTED_DETECTOR_MATCH,DETECTED_AS_PREREGISTERED,FAIL,FAIL,FAIL,FAIL:CHECK_REQUIRED_SOLVER_ARTIFACT,,307
AEI_P3_FORMAL_20260826T034308Z_9b5f3c2bdfbe,1,M1.08:61f77c0251bcd2bbb51e6bff7e048bfcda7139b4e796314d32b47961ac3b5c1b,61f77c0251bcd2bbb51e6bff7e048bfcda7139b4e796314d32b47961ac3b5c1b,M1,M1.08,CHECK_REQUIRED_SOLVER_ARTIFACT,CHECK_REQUIRED_SOLVER_ARTIFACT|CHECK_OB7_REQUIRED_SOLVER_VERSION|CHECK_OB7_REQUIRED_MODEL_HASH|CHECK_OB7_REQUIRED_INSTANCE_HASH|CHECK_OB7_REQUIRED_SEED|CHECK_OB7_REQUIRED_WORKERS|CHECK_OB7_REQUIRED_BUDGET_SECONDS|CHECK_OB7_REQUIRED_STATUS|CHECK_OB7_REQUIRED_OBJECTIVE_ENCODED|CHECK_OB7_REQUIRED_SOLVER_SCHEDULE_HASH|CHECK_OB7_REQUIRED_SCHEDULE_ARTIFACT|CHECK_OB7_REQUIRED_SCHEDULE_ARTIFACT_SHA256,EXPECTED_DETECTOR_MATCH,DETECTED_AS_PREREGISTERED,FAIL,FAIL,FAIL,FAIL:CHECK_REQUIRED_SOLVER_ARTIFACT,,308
AEI_P3_FORMAL_20260826T034308Z_9b5f3c2bdfbe,1,M1.08:634f3d08fd93ba622176ea6c9ff7ff1fb9d57a9b14f936f27d1460655fc20d72,634f3d08fd93ba622176ea6c9ff7ff1fb9d57a9b14f936f27d1460655fc20d72,M1,M1.08,CHECK_REQUIRED_SOLVER_ARTIFACT,CHECK_REQUIRED_SOLVER_ARTIFACT|CHECK_OB7_REQUIRED_SOLVER_VERSION|CHECK_OB7_REQUIRED_MODEL_HASH|CHECK_OB7_REQUIRED_INSTANCE_HASH|CHECK_OB7_REQUIRED_SEED|CHECK_OB7_REQUIRED_WORKERS|CHECK_OB7_REQUIRED_BUDGET_SECONDS|CHECK_OB7_REQUIRED_STATUS|CHECK_OB7_REQUIRED_OBJECTIVE_ENCODED|CHECK_OB7_REQUIRED_SOLVER_SCHEDULE_HASH|CHECK_OB7_REQUIRED_SCHEDULE_ARTIFACT|CHECK_OB7_REQUIRED_SCHEDULE_ARTIFACT_SHA256,EXPECTED_DETECTOR_MATCH,DETECTED_AS_PREREGISTERED,FAIL,FAIL,FAIL,FAIL:CHECK_REQUIRED_SOLVER_ARTIFACT,,309
AEI_P3_FORMAL_20260826T034308Z_9b5f3c2bdfbe,1,M1.08:73cdcc11d1c23e47664696979a9b12b94deb5da000c18f37a8d7c0b641090788,73cdcc11d1c23e47664696979a9b12b94deb5da000c18f37a8d7c0b641090788,M1,M1.08,CHECK_REQUIRED_SOLVER_ARTIFACT,CHECK_REQUIRED_SOLVER_ARTIFACT|CHECK_OB7_REQUIRED_SOLVER_VERSION|CHECK_OB7_REQUIRED_MODEL_HASH|CHECK_OB7_REQUIRED_INSTANCE_HASH|CHECK_OB7_REQUIRED_SEED|CHECK_OB7_REQUIRED_WORKERS|CHECK_OB7_REQUIRED_BUDGET_SECONDS|CHECK_OB7_REQUIRED_STATUS|CHECK_OB7_REQUIRED_OBJECTIVE_ENCODED|CHECK_OB7_REQUIRED_SOLVER_SCHEDULE_HASH|CHECK_OB7_REQUIRED_SCHEDULE_ARTIFACT|CHECK_OB7_REQUIRED_SCHEDULE_ARTIFACT_SHA256,EXPECTED_DETECTOR_MATCH,DETECTED_AS_PREREGISTERED,FAIL,FAIL,FAIL,FAIL:CHECK_REQUIRED_SOLVER_ARTIFACT,,310
AEI_P3_FORMAL_20260826T034308Z_9b5f3c2bdfbe,1,M1.08:7dc2cc636acd7eeb3db7367222360894cac918d6adca467d2f7a79960bbe8b1c,7dc2cc636acd7eeb3db7367222360894cac918d6adca467d2f7a79960bbe8b1c,M1,M1.08,CHECK_REQUIRED_SOLVER_ARTIFACT,CHECK_REQUIRED_SOLVER_ARTIFACT|CHECK_OB7_REQUIRED_SOLVER_VERSION|CHECK_OB7_REQUIRED_MODEL_HASH|CHECK_OB7_REQUIRED_INSTANCE_HASH|CHECK_OB7_REQUIRED_SEED|CHECK_OB7_REQUIRED_WORKERS|CHECK_OB7_REQUIRED_BUDGET_SECONDS|CHECK_OB7_REQUIRED_STATUS|CHECK_OB7_REQUIRED_OBJECTIVE_ENCODED|CHECK_OB7_REQUIRED_SOLVER_SCHEDULE_HASH|CHECK_OB7_REQUIRED_SCHEDULE_ARTIFACT|CHECK_OB7_REQUIRED_SCHEDULE_ARTIFACT_SHA256,EXPECTED_DETECTOR_MATCH,DETECTED_AS_PREREGISTERED,FAIL,FAIL,FAIL,FAIL:CHECK_REQUIRED_SOLVER_ARTIFACT,,311
AEI_P3_FORMAL_20260826T034308Z_9b5f3c2bdfbe,1,M1.08:8c60197386a54af6d06cac0996c81cbca4971ac83984afcf2a52fa27a5bb1b42,8c60197386a54af6d06cac0996c81cbca4971ac83984afcf2a52fa27a5bb1b42,M1,M1.08,CHECK_REQUIRED_SOLVER_ARTIFACT,CHECK_REQUIRED_SOLVER_ARTIFACT|CHECK_OB7_REQUIRED_SOLVER_VERSION|CHECK_OB7_REQUIRED_MODEL_HASH|CHECK_OB7_REQUIRED_INSTANCE_HASH|CHECK_OB7_REQUIRED_SEED|CHECK_OB7_REQUIRED_WORKERS|CHECK_OB7_REQUIRED_BUDGET_SECONDS|CHECK_OB7_REQUIRED_STATUS|CHECK_OB7_REQUIRED_OBJECTIVE_ENCODED|CHECK_OB7_REQUIRED_SOLVER_SCHEDULE_HASH|CHECK_OB7_REQUIRED_SCHEDULE_ARTIFACT|CHECK_OB7_REQUIRED_SCHEDULE_ARTIFACT_SHA256,EXPECTED_DETECTOR_MATCH,DETECTED_AS_PREREGISTERED,FAIL,FAIL,FAIL,FAIL:CHECK_REQUIRED_SOLVER_ARTIFACT,,312
AEI_P3_FORMAL_20260826T034308Z_9b5f3c2bdfbe,1,M1.08:8e3a1df6f55a6d53d21fd63c9dcda45cee6d1576c4989d45b40828d31e6d7281,8e3a1df6f55a6d53d21fd63c9dcda45cee6d1576c4989d45b40828d31e6d7281,M1,M1.08,CHECK_REQUIRED_SOLVER_ARTIFACT,CHECK_REQUIRED_SOLVER_ARTIFACT|CHECK_OB7_REQUIRED_SOLVER_VERSION|CHECK_OB7_REQUIRED_MODEL_HASH|CHECK_OB7_REQUIRED_INSTANCE_HASH|CHECK_OB7_REQUIRED_SEED|CHECK_OB7_REQUIRED_WORKERS|CHECK_OB7_REQUIRED_BUDGET_SECONDS|CHECK_OB7_REQUIRED_STATUS|CHECK_OB7_REQUIRED_OBJECTIVE_ENCODED|CHECK_OB7_REQUIRED_SOLVER_SCHEDULE_HASH|CHECK_OB7_REQUIRED_SCHEDULE_ARTIFACT|CHECK_OB7_REQUIRED_SCHEDULE_ARTIFACT_SHA256,EXPECTED_DETECTOR_MATCH,DETECTED_AS_PREREGISTERED,FAIL,FAIL,FAIL,FAIL:CHECK_REQUIRED_SOLVER_ARTIFACT,,313
AEI_P3_FORMAL_20260826T034308Z_9b5f3c2bdfbe,1,M1.08:97eb8ea8dfec0a163a4b54e1179247553055627de3df3d7a40c8879cacc64800,97eb8ea8dfec0a163a4b54e1179247553055627de3df3d7a40c8879cacc64800,M1,M1.08,CHECK_REQUIRED_SOLVER_ARTIFACT,CHECK_REQUIRED_SOLVER_ARTIFACT|CHECK_OB7_REQUIRED_SOLVER_VERSION|CHECK_OB7_REQUIRED_MODEL_HASH|CHECK_OB7_REQUIRED_INSTANCE_HASH|CHECK_OB7_REQUIRED_SEED|CHECK_OB7_REQUIRED_WORKERS|CHECK_OB7_REQUIRED_BUDGET_SECONDS|CHECK_OB7_REQUIRED_STATUS|CHECK_OB7_REQUIRED_OBJECTIVE_ENCODED|CHECK_OB7_REQUIRED_SOLVER_SCHEDULE_HASH|CHECK_OB7_REQUIRED_SCHEDULE_ARTIFACT|CHECK_OB7_REQUIRED_SCHEDULE_ARTIFACT_SHA256,EXPECTED_DETECTOR_MATCH,DETECTED_AS_PREREGISTERED,FAIL,FAIL,FAIL,FAIL:CHECK_REQUIRED_SOLVER_ARTIFACT,,314
AEI_P3_FORMAL_20260826T034308Z_9b5f3c2bdfbe,1,M1.08:9827288498c6ff63f3f7ec6f3bb833b53ac1c3cbaf59021addc82b6a8c08bae2,9827288498c6ff63f3f7ec6f3bb833b53ac1c3cbaf59021addc82b6a8c08bae2,M1,M1.08,CHECK_REQUIRED_SOLVER_ARTIFACT,CHECK_REQUIRED_SOLVER_ARTIFACT|CHECK_OB7_REQUIRED_SOLVER_VERSION|CHECK_OB7_REQUIRED_MODEL_HASH|CHECK_OB7_REQUIRED_INSTANCE_HASH|CHECK_OB7_REQUIRED_SEED|CHECK_OB7_REQUIRED_WORKERS|CHECK_OB7_REQUIRED_BUDGET_SECONDS|CHECK_OB7_REQUIRED_STATUS|CHECK_OB7_REQUIRED_OBJECTIVE_ENCODED|CHECK_OB7_REQUIRED_SOLVER_SCHEDULE_HASH|CHECK_OB7_REQUIRED_SCHEDULE_ARTIFACT|CHECK_OB7_REQUIRED_SCHEDULE_ARTIFACT_SHA256,EXPECTED_DETECTOR_MATCH,DETECTED_AS_PREREGISTERED,FAIL,FAIL,FAIL,FAIL:CHECK_REQUIRED_SOLVER_ARTIFACT,,315
AEI_P3_FORMAL_20260826T034308Z_9b5f3c2bdfbe,1,M1.08:9f7906189c782cba7c3a4cc9cb8785764c8ad3fb1e637423a7a310d6c438feb5,9f7906189c782cba7c3a4cc9cb8785764c8ad3fb1e637423a7a310d6c438feb5,M1,M1.08,CHECK_REQUIRED_SOLVER_ARTIFACT,CHECK_REQUIRED_SOLVER_ARTIFACT|CHECK_OB7_REQUIRED_SOLVER_VERSION|CHECK_OB7_REQUIRED_MODEL_HASH|CHECK_OB7_REQUIRED_INSTANCE_HASH|CHECK_OB7_REQUIRED_SEED|CHECK_OB7_REQUIRED_WORKERS|CHECK_OB7_REQUIRED_BUDGET_SECONDS|CHECK_OB7_REQUIRED_STATUS|CHECK_OB7_REQUIRED_OBJECTIVE_ENCODED|CHECK_OB7_REQUIRED_SOLVER_SCHEDULE_HASH|CHECK_OB7_REQUIRED_SCHEDULE_ARTIFACT|CHECK_OB7_REQUIRED_SCHEDULE_ARTIFACT_SHA256,EXPECTED_DETECTOR_MATCH,DETECTED_AS_PREREGISTERED,FAIL,FAIL,FAIL,FAIL:CHECK_REQUIRED_SOLVER_ARTIFACT,,316
AEI_P3_FORMAL_20260826T034308Z_9b5f3c2bdfbe,1,M1.08:aa5b4ee1688c71f1a3932cd7d9b629a08e31ef09728f3280c98c7636eecfb8d3,aa5b4ee1688c71f1a3932cd7d9b629a08e31ef09728f3280c98c7636eecfb8d3,M1,M1.08,CHECK_REQUIRED_SOLVER_ARTIFACT,CHECK_REQUIRED_SOLVER_ARTIFACT|CHECK_OB7_REQUIRED_SOLVER_VERSION|CHECK_OB7_REQUIRED_MODEL_HASH|CHECK_OB7_REQUIRED_INSTANCE_HASH|CHECK_OB7_REQUIRED_SEED|CHECK_OB7_REQUIRED_WORKERS|CHECK_OB7_REQUIRED_BUDGET_SECONDS|CHECK_OB7_REQUIRED_STATUS|CHECK_OB7_REQUIRED_OBJECTIVE_ENCODED|CHECK_OB7_REQUIRED_SOLVER_SCHEDULE_HASH|CHECK_OB7_REQUIRED_SCHEDULE_ARTIFACT|CHECK_OB7_REQUIRED_SCHEDULE_ARTIFACT_SHA256,EXPECTED_DETECTOR_MATCH,DETECTED_AS_PREREGISTERED,FAIL,FAIL,FAIL,FAIL:CHECK_REQUIRED_SOLVER_ARTIFACT,,317
AEI_P3_FORMAL_20260826T034308Z_9b5f3c2bdfbe,1,M1.08:aad646b14392b632d658225dedb7d3953424ab9ab19ebafdc67bd9a7f02eb50b,aad646b14392b632d658225dedb7d3953424ab9ab19ebafdc67bd9a7f02eb50b,M1,M1.08,CHECK_REQUIRED_SOLVER_ARTIFACT,CHECK_REQUIRED_SOLVER_ARTIFACT|CHECK_OB7_REQUIRED_SOLVER_VERSION|CHECK_OB7_REQUIRED_MODEL_HASH|CHECK_OB7_REQUIRED_INSTANCE_HASH|CHECK_OB7_REQUIRED_SEED|CHECK_OB7_REQUIRED_WORKERS|CHECK_OB7_REQUIRED_BUDGET_SECONDS|CHECK_OB7_REQUIRED_STATUS|CHECK_OB7_REQUIRED_OBJECTIVE_ENCODED|CHECK_OB7_REQUIRED_SOLVER_SCHEDULE_HASH|CHECK_OB7_REQUIRED_SCHEDULE_ARTIFACT|CHECK_OB7_REQUIRED_SCHEDULE_ARTIFACT_SHA256,EXPECTED_DETECTOR_MATCH,DETECTED_AS_PREREGISTERED,FAIL,FAIL,FAIL,FAIL:CHECK_REQUIRED_SOLVER_ARTIFACT,,318
AEI_P3_FORMAL_20260826T034308Z_9b5f3c2bdfbe,1,M1.08:abc8d6ba26b9728a25ebd17f4066aa5421f54fde1c1ef630cc33cb308c0fb8e5,abc8d6ba26b9728a25ebd17f4066aa5421f54fde1c1ef630cc33cb308c0fb8e5,M1,M1.08,CHECK_REQUIRED_SOLVER_ARTIFACT,CHECK_REQUIRED_SOLVER_ARTIFACT|CHECK_OB7_REQUIRED_SOLVER_VERSION|CHECK_OB7_REQUIRED_MODEL_HASH|CHECK_OB7_REQUIRED_INSTANCE_HASH|CHECK_OB7_REQUIRED_SEED|CHECK_OB7_REQUIRED_WORKERS|CHECK_OB7_REQUIRED_BUDGET_SECONDS|CHECK_OB7_REQUIRED_STATUS|CHECK_OB7_REQUIRED_OBJECTIVE_ENCODED|CHECK_OB7_REQUIRED_SOLVER_SCHEDULE_HASH|CHECK_OB7_REQUIRED_SCHEDULE_ARTIFACT|CHECK_OB7_REQUIRED_SCHEDULE_ARTIFACT_SHA256,EXPECTED_DETECTOR_MATCH,DETECTED_AS_PREREGISTERED,FAIL,FAIL,FAIL,FAIL:CHECK_REQUIRED_SOLVER_ARTIFACT,,319
AEI_P3_FORMAL_20260826T034308Z_9b5f3c2bdfbe,1,M1.08:b0f01f4c7ca822555039b9267d8985edbeb149abc0a710d6583cea634584f862,b0f01f4c7ca822555039b9267d8985edbeb149abc0a710d6583cea634584f862,M1,M1.08,CHECK_REQUIRED_SOLVER_ARTIFACT,CHECK_REQUIRED_SOLVER_ARTIFACT|CHECK_OB7_REQUIRED_SOLVER_VERSION|CHECK_OB7_REQUIRED_MODEL_HASH|CHECK_OB7_REQUIRED_INSTANCE_HASH|CHECK_OB7_REQUIRED_SEED|CHECK_OB7_REQUIRED_WORKERS|CHECK_OB7_REQUIRED_BUDGET_SECONDS|CHECK_OB7_REQUIRED_STATUS|CHECK_OB7_REQUIRED_OBJECTIVE_ENCODED|CHECK_OB7_REQUIRED_SOLVER_SCHEDULE_HASH|CHECK_OB7_REQUIRED_SCHEDULE_ARTIFACT|CHECK_OB7_REQUIRED_SCHEDULE_ARTIFACT_SHA256,EXPECTED_DETECTOR_MATCH,DETECTED_AS_PREREGISTERED,FAIL,FAIL,FAIL,FAIL:CHECK_REQUIRED_SOLVER_ARTIFACT,,320
AEI_P3_FORMAL_20260826T034308Z_9b5f3c2bdfbe,1,M1.08:b31f9c5cbf923f188771558357941c1a7d6a71089f67793c620cf7034a070eb2,b31f9c5cbf923f188771558357941c1a7d6a71089f67793c620cf7034a070eb2,M1,M1.08,CHECK_REQUIRED_SOLVER_ARTIFACT,CHECK_REQUIRED_SOLVER_ARTIFACT|CHECK_OB7_REQUIRED_SOLVER_VERSION|CHECK_OB7_REQUIRED_MODEL_HASH|CHECK_OB7_REQUIRED_INSTANCE_HASH|CHECK_OB7_REQUIRED_SEED|CHECK_OB7_REQUIRED_WORKERS|CHECK_OB7_REQUIRED_BUDGET_SECONDS|CHECK_OB7_REQUIRED_STATUS|CHECK_OB7_REQUIRED_OBJECTIVE_ENCODED|CHECK_OB7_REQUIRED_SOLVER_SCHEDULE_HASH|CHECK_OB7_REQUIRED_SCHEDULE_ARTIFACT|CHECK_OB7_REQUIRED_SCHEDULE_ARTIFACT_SHA256,EXPECTED_DETECTOR_MATCH,DETECTED_AS_PREREGISTERED,FAIL,FAIL,FAIL,FAIL:CHECK_REQUIRED_SOLVER_ARTIFACT,,321
AEI_P3_FORMAL_20260826T034308Z_9b5f3c2bdfbe,1,M1.08:b5c400c27e6dbb1cc8466c5ce68e1530b6d984599f3c01c36496b49b586ff5e3,b5c400c27e6dbb1cc8466c5ce68e1530b6d984599f3c01c36496b49b586ff5e3,M1,M1.08,CHECK_REQUIRED_SOLVER_ARTIFACT,CHECK_REQUIRED_SOLVER_ARTIFACT|CHECK_OB7_REQUIRED_SOLVER_VERSION|CHECK_OB7_REQUIRED_MODEL_HASH|CHECK_OB7_REQUIRED_INSTANCE_HASH|CHECK_OB7_REQUIRED_SEED|CHECK_OB7_REQUIRED_WORKERS|CHECK_OB7_REQUIRED_BUDGET_SECONDS|CHECK_OB7_REQUIRED_STATUS|CHECK_OB7_REQUIRED_OBJECTIVE_ENCODED|CHECK_OB7_REQUIRED_SOLVER_SCHEDULE_HASH|CHECK_OB7_REQUIRED_SCHEDULE_ARTIFACT|CHECK_OB7_REQUIRED_SCHEDULE_ARTIFACT_SHA256,EXPECTED_DETECTOR_MATCH,DETECTED_AS_PREREGISTERED,FAIL,FAIL,FAIL,FAIL:CHECK_REQUIRED_SOLVER_ARTIFACT,,322
AEI_P3_FORMAL_20260826T034308Z_9b5f3c2bdfbe,1,M1.08:bb3f15222034bdf87b9be499b27f859fe778b781693fd54677f83bd7531f0680,bb3f15222034bdf87b9be499b27f859fe778b781693fd54677f83bd7531f0680,M1,M1.08,CHECK_REQUIRED_SOLVER_ARTIFACT,CHECK_REQUIRED_SOLVER_ARTIFACT|CHECK_OB7_REQUIRED_SOLVER_VERSION|CHECK_OB7_REQUIRED_MODEL_HASH|CHECK_OB7_REQUIRED_INSTANCE_HASH|CHECK_OB7_REQUIRED_SEED|CHECK_OB7_REQUIRED_WORKERS|CHECK_OB7_REQUIRED_BUDGET_SECONDS|CHECK_OB7_REQUIRED_STATUS|CHECK_OB7_REQUIRED_OBJECTIVE_ENCODED|CHECK_OB7_REQUIRED_SOLVER_SCHEDULE_HASH|CHECK_OB7_REQUIRED_SCHEDULE_ARTIFACT|CHECK_OB7_REQUIRED_SCHEDULE_ARTIFACT_SHA256,EXPECTED_DETECTOR_MATCH,DETECTED_AS_PREREGISTERED,FAIL,FAIL,FAIL,FAIL:CHECK_REQUIRED_SOLVER_ARTIFACT,,323
AEI_P3_FORMAL_20260826T034308Z_9b5f3c2bdfbe,1,M1.08:ce18361670bfbcde2f3ff22167187aecef9164dedbf1198bc7563c147804780e,ce18361670bfbcde2f3ff22167187aecef9164dedbf1198bc7563c147804780e,M1,M1.08,CHECK_REQUIRED_SOLVER_ARTIFACT,CHECK_REQUIRED_SOLVER_ARTIFACT|CHECK_OB7_REQUIRED_SOLVER_VERSION|CHECK_OB7_REQUIRED_MODEL_HASH|CHECK_OB7_REQUIRED_INSTANCE_HASH|CHECK_OB7_REQUIRED_SEED|CHECK_OB7_REQUIRED_WORKERS|CHECK_OB7_REQUIRED_BUDGET_SECONDS|CHECK_OB7_REQUIRED_STATUS|CHECK_OB7_REQUIRED_OBJECTIVE_ENCODED|CHECK_OB7_REQUIRED_SOLVER_SCHEDULE_HASH|CHECK_OB7_REQUIRED_SCHEDULE_ARTIFACT|CHECK_OB7_REQUIRED_SCHEDULE_ARTIFACT_SHA256,EXPECTED_DETECTOR_MATCH,DETECTED_AS_PREREGISTERED,FAIL,FAIL,FAIL,FAIL:CHECK_REQUIRED_SOLVER_ARTIFACT,,324
AEI_P3_FORMAL_20260826T034308Z_9b5f3c2bdfbe,1,M1.08:ceae66508816dc9f5458c925c89f155658e6c78710a8753d337ac385481cc1bf,ceae66508816dc9f5458c925c89f155658e6c78710a8753d337ac385481cc1bf,M1,M1.08,CHECK_REQUIRED_SOLVER_ARTIFACT,CHECK_REQUIRED_SOLVER_ARTIFACT|CHECK_OB7_REQUIRED_SOLVER_VERSION|CHECK_OB7_REQUIRED_MODEL_HASH|CHECK_OB7_REQUIRED_INSTANCE_HASH|CHECK_OB7_REQUIRED_SEED|CHECK_OB7_REQUIRED_WORKERS|CHECK_OB7_REQUIRED_BUDGET_SECONDS|CHECK_OB7_REQUIRED_STATUS|CHECK_OB7_REQUIRED_OBJECTIVE_ENCODED|CHECK_OB7_REQUIRED_SOLVER_SCHEDULE_HASH|CHECK_OB7_REQUIRED_SCHEDULE_ARTIFACT|CHECK_OB7_REQUIRED_SCHEDULE_ARTIFACT_SHA256,EXPECTED_DETECTOR_MATCH,DETECTED_AS_PREREGISTERED,FAIL,FAIL,FAIL,FAIL:CHECK_REQUIRED_SOLVER_ARTIFACT,,325
AEI_P3_FORMAL_20260826T034308Z_9b5f3c2bdfbe,1,M1.08:d093d52f24139c1b6fb09b775beedd000f1a7b3716df906d7d36e91e7e848265,d093d52f24139c1b6fb09b775beedd000f1a7b3716df906d7d36e91e7e848265,M1,M1.08,CHECK_REQUIRED_SOLVER_ARTIFACT,CHECK_REQUIRED_SOLVER_ARTIFACT|CHECK_OB7_REQUIRED_SOLVER_VERSION|CHECK_OB7_REQUIRED_MODEL_HASH|CHECK_OB7_REQUIRED_INSTANCE_HASH|CHECK_OB7_REQUIRED_SEED|CHECK_OB7_REQUIRED_WORKERS|CHECK_OB7_REQUIRED_BUDGET_SECONDS|CHECK_OB7_REQUIRED_STATUS|CHECK_OB7_REQUIRED_OBJECTIVE_ENCODED|CHECK_OB7_REQUIRED_SOLVER_SCHEDULE_HASH|CHECK_OB7_REQUIRED_SCHEDULE_ARTIFACT|CHECK_OB7_REQUIRED_SCHEDULE_ARTIFACT_SHA256,EXPECTED_DETECTOR_MATCH,DETECTED_AS_PREREGISTERED,FAIL,FAIL,FAIL,FAIL:CHECK_REQUIRED_SOLVER_ARTIFACT,,326
AEI_P3_FORMAL_20260826T034308Z_9b5f3c2bdfbe,1,M1.08:d4b957654a5efd71168d6f7e67936e6abf4666ceb41e7919635002157b125411,d4b957654a5efd71168d6f7e67936e6abf4666ceb41e7919635002157b125411,M1,M1.08,CHECK_REQUIRED_SOLVER_ARTIFACT,CHECK_REQUIRED_SOLVER_ARTIFACT|CHECK_OB7_REQUIRED_SOLVER_VERSION|CHECK_OB7_REQUIRED_MODEL_HASH|CHECK_OB7_REQUIRED_INSTANCE_HASH|CHECK_OB7_REQUIRED_SEED|CHECK_OB7_REQUIRED_WORKERS|CHECK_OB7_REQUIRED_BUDGET_SECONDS|CHECK_OB7_REQUIRED_STATUS|CHECK_OB7_REQUIRED_OBJECTIVE_ENCODED|CHECK_OB7_REQUIRED_SOLVER_SCHEDULE_HASH|CHECK_OB7_REQUIRED_SCHEDULE_ARTIFACT|CHECK_OB7_REQUIRED_SCHEDULE_ARTIFACT_SHA256,EXPECTED_DETECTOR_MATCH,DETECTED_AS_PREREGISTERED,FAIL,FAIL,FAIL,FAIL:CHECK_REQUIRED_SOLVER_ARTIFACT,,327
AEI_P3_FORMAL_20260826T034308Z_9b5f3c2bdfbe,1,M1.08:d598e89b357205c7b4bd47c5ebbe933f8be1f7c8dcdee85e66ec6829cafb91d3,d598e89b357205c7b4bd47c5ebbe933f8be1f7c8dcdee85e66ec6829cafb91d3,M1,M1.08,CHECK_REQUIRED_SOLVER_ARTIFACT,CHECK_REQUIRED_SOLVER_ARTIFACT|CHECK_OB7_REQUIRED_SOLVER_VERSION|CHECK_OB7_REQUIRED_MODEL_HASH|CHECK_OB7_REQUIRED_INSTANCE_HASH|CHECK_OB7_REQUIRED_SEED|CHECK_OB7_REQUIRED_WORKERS|CHECK_OB7_REQUIRED_BUDGET_SECONDS|CHECK_OB7_REQUIRED_STATUS|CHECK_OB7_REQUIRED_OBJECTIVE_ENCODED|CHECK_OB7_REQUIRED_SOLVER_SCHEDULE_HASH|CHECK_OB7_REQUIRED_SCHEDULE_ARTIFACT|CHECK_OB7_REQUIRED_SCHEDULE_ARTIFACT_SHA256,EXPECTED_DETECTOR_MATCH,DETECTED_AS_PREREGISTERED,FAIL,FAIL,FAIL,FAIL:CHECK_REQUIRED_SOLVER_ARTIFACT,,328
AEI_P3_FORMAL_20260826T034308Z_9b5f3c2bdfbe,1,M1.08:eb3670bbe434a59cc94347384a5d50fb526d26a00dbf6da73e54438c4bacc2a0,eb3670bbe434a59cc94347384a5d50fb526d26a00dbf6da73e54438c4bacc2a0,M1,M1.08,CHECK_REQUIRED_SOLVER_ARTIFACT,CHECK_REQUIRED_SOLVER_ARTIFACT|CHECK_OB7_REQUIRED_SOLVER_VERSION|CHECK_OB7_REQUIRED_MODEL_HASH|CHECK_OB7_REQUIRED_INSTANCE_HASH|CHECK_OB7_REQUIRED_SEED|CHECK_OB7_REQUIRED_WORKERS|CHECK_OB7_REQUIRED_BUDGET_SECONDS|CHECK_OB7_REQUIRED_STATUS|CHECK_OB7_REQUIRED_OBJECTIVE_ENCODED|CHECK_OB7_REQUIRED_SOLVER_SCHEDULE_HASH|CHECK_OB7_REQUIRED_SCHEDULE_ARTIFACT|CHECK_OB7_REQUIRED_SCHEDULE_ARTIFACT_SHA256,EXPECTED_DETECTOR_MATCH,DETECTED_AS_PREREGISTERED,FAIL,FAIL,FAIL,FAIL:CHECK_REQUIRED_SOLVER_ARTIFACT,,329
AEI_P3_FORMAL_20260826T034308Z_9b5f3c2bdfbe,1,M1.08:f1e5fc58ea336e13c098308a2da00dee7de3dd3aa08d6170df4a3cb1afd09795,f1e5fc58ea336e13c098308a2da00dee7de3dd3aa08d6170df4a3cb1afd09795,M1,M1.08,CHECK_REQUIRED_SOLVER_ARTIFACT,CHECK_REQUIRED_SOLVER_ARTIFACT|CHECK_OB7_REQUIRED_SOLVER_VERSION|CHECK_OB7_REQUIRED_MODEL_HASH|CHECK_OB7_REQUIRED_INSTANCE_HASH|CHECK_OB7_REQUIRED_SEED|CHECK_OB7_REQUIRED_WORKERS|CHECK_OB7_REQUIRED_BUDGET_SECONDS|CHECK_OB7_REQUIRED_STATUS|CHECK_OB7_REQUIRED_OBJECTIVE_ENCODED|CHECK_OB7_REQUIRED_SOLVER_SCHEDULE_HASH|CHECK_OB7_REQUIRED_SCHEDULE_ARTIFACT|CHECK_OB7_REQUIRED_SCHEDULE_ARTIFACT_SHA256,EXPECTED_DETECTOR_MATCH,DETECTED_AS_PREREGISTERED,FAIL,FAIL,FAIL,FAIL:CHECK_REQUIRED_SOLVER_ARTIFACT,,330
AEI_P3_FORMAL_20260826T034308Z_9b5f3c2bdfbe,1,M1.08:f583baa2dad1527b5f84f71805410ee51b78fce2b1be62de49f1636c06821c7b,f583baa2dad1527b5f84f71805410ee51b78fce2b1be62de49f1636c06821c7b,M1,M1.08,CHECK_REQUIRED_SOLVER_ARTIFACT,CHECK_REQUIRED_SOLVER_ARTIFACT|CHECK_OB7_REQUIRED_SOLVER_VERSION|CHECK_OB7_REQUIRED_MODEL_HASH|CHECK_OB7_REQUIRED_INSTANCE_HASH|CHECK_OB7_REQUIRED_SEED|CHECK_OB7_REQUIRED_WORKERS|CHECK_OB7_REQUIRED_BUDGET_SECONDS|CHECK_OB7_REQUIRED_STATUS|CHECK_OB7_REQUIRED_OBJECTIVE_ENCODED|CHECK_OB7_REQUIRED_SOLVER_SCHEDULE_HASH|CHECK_OB7_REQUIRED_SCHEDULE_ARTIFACT|CHECK_OB7_REQUIRED_SCHEDULE_ARTIFACT_SHA256,EXPECTED_DETECTOR_MATCH,DETECTED_AS_PREREGISTERED,FAIL,FAIL,FAIL,FAIL:CHECK_REQUIRED_SOLVER_ARTIFACT,,331
AEI_P3_FORMAL_20260826T034308Z_9b5f3c2bdfbe,1,M1.08:f64f55ad9277004ae441909cd6556d26eeaf73d3eb3c537384be703615149f96,f64f55ad9277004ae441909cd6556d26eeaf73d3eb3c537384be703615149f96,M1,M1.08,CHECK_REQUIRED_SOLVER_ARTIFACT,CHECK_REQUIRED_SOLVER_ARTIFACT|CHECK_OB7_REQUIRED_SOLVER_VERSION|CHECK_OB7_REQUIRED_MODEL_HASH|CHECK_OB7_REQUIRED_INSTANCE_HASH|CHECK_OB7_REQUIRED_SEED|CHECK_OB7_REQUIRED_WORKERS|CHECK_OB7_REQUIRED_BUDGET_SECONDS|CHECK_OB7_REQUIRED_STATUS|CHECK_OB7_REQUIRED_OBJECTIVE_ENCODED|CHECK_OB7_REQUIRED_SOLVER_SCHEDULE_HASH|CHECK_OB7_REQUIRED_SCHEDULE_ARTIFACT|CHECK_OB7_REQUIRED_SCHEDULE_ARTIFACT_SHA256,EXPECTED_DETECTOR_MATCH,DETECTED_AS_PREREGISTERED,FAIL,FAIL,FAIL,FAIL:CHECK_REQUIRED_SOLVER_ARTIFACT,,332
AEI_P3_FORMAL_20260826T034308Z_9b5f3c2bdfbe,1,M1.08:f80e8a50e0815fda9eef8635e52671f3888786c4daef5767b8da7b74e4311646,f80e8a50e0815fda9eef8635e52671f3888786c4daef5767b8da7b74e4311646,M1,M1.08,CHECK_REQUIRED_SOLVER_ARTIFACT,CHECK_REQUIRED_SOLVER_ARTIFACT|CHECK_OB7_REQUIRED_SOLVER_VERSION|CHECK_OB7_REQUIRED_MODEL_HASH|CHECK_OB7_REQUIRED_INSTANCE_HASH|CHECK_OB7_REQUIRED_SEED|CHECK_OB7_REQUIRED_WORKERS|CHECK_OB7_REQUIRED_BUDGET_SECONDS|CHECK_OB7_REQUIRED_STATUS|CHECK_OB7_REQUIRED_OBJECTIVE_ENCODED|CHECK_OB7_REQUIRED_SOLVER_SCHEDULE_HASH|CHECK_OB7_REQUIRED_SCHEDULE_ARTIFACT|CHECK_OB7_REQUIRED_SCHEDULE_ARTIFACT_SHA256,EXPECTED_DETECTOR_MATCH,DETECTED_AS_PREREGISTERED,FAIL,FAIL,FAIL,FAIL:CHECK_REQUIRED_SOLVER_ARTIFACT,,333
AEI_P3_FORMAL_20260826T034308Z_9b5f3c2bdfbe,1,M1.08:f9ade00b139ce33674b05d1766de3ec85779abfd83f893a7b2437817100901d9,f9ade00b139ce33674b05d1766de3ec85779abfd83f893a7b2437817100901d9,M1,M1.08,CHECK_REQUIRED_SOLVER_ARTIFACT,CHECK_REQUIRED_SOLVER_ARTIFACT|CHECK_OB7_REQUIRED_SOLVER_VERSION|CHECK_OB7_REQUIRED_MODEL_HASH|CHECK_OB7_REQUIRED_INSTANCE_HASH|CHECK_OB7_REQUIRED_SEED|CHECK_OB7_REQUIRED_WORKERS|CHECK_OB7_REQUIRED_BUDGET_SECONDS|CHECK_OB7_REQUIRED_STATUS|CHECK_OB7_REQUIRED_OBJECTIVE_ENCODED|CHECK_OB7_REQUIRED_SOLVER_SCHEDULE_HASH|CHECK_OB7_REQUIRED_SCHEDULE_ARTIFACT|CHECK_OB7_REQUIRED_SCHEDULE_ARTIFACT_SHA256,EXPECTED_DETECTOR_MATCH,DETECTED_AS_PREREGISTERED,FAIL,FAIL,FAIL,FAIL:CHECK_REQUIRED_SOLVER_ARTIFACT,,334
AEI_P3_FORMAL_20260826T034308Z_9b5f3c2bdfbe,1,M1.08:feb26c8ce25b99d6b090e07fca86c8e2dbf3ff2d6b891634c4c71b179329ab47,feb26c8ce25b99d6b090e07fca86c8e2dbf3ff2d6b891634c4c71b179329ab47,M1,M1.08,CHECK_REQUIRED_SOLVER_ARTIFACT,CHECK_REQUIRED_SOLVER_ARTIFACT|CHECK_OB7_REQUIRED_SOLVER_VERSION|CHECK_OB7_REQUIRED_MODEL_HASH|CHECK_OB7_REQUIRED_INSTANCE_HASH|CHECK_OB7_REQUIRED_SEED|CHECK_OB7_REQUIRED_WORKERS|CHECK_OB7_REQUIRED_BUDGET_SECONDS|CHECK_OB7_REQUIRED_STATUS|CHECK_OB7_REQUIRED_OBJECTIVE_ENCODED|CHECK_OB7_REQUIRED_SOLVER_SCHEDULE_HASH|CHECK_OB7_REQUIRED_SCHEDULE_ARTIFACT|CHECK_OB7_REQUIRED_SCHEDULE_ARTIFACT_SHA256,EXPECTED_DETECTOR_MATCH,DETECTED_AS_PREREGISTERED,FAIL,FAIL,FAIL,FAIL:CHECK_REQUIRED_SOLVER_ARTIFACT,,335
AEI_P3_FORMAL_20260826T034308Z_9b5f3c2bdfbe,1,M2.01:052b2dfeb855619b4e74c70e7155e5699a6aebc572c887f1432462ecf4afce6b,052b2dfeb855619b4e74c70e7155e5699a6aebc572c887f1432462ecf4afce6b,M2,M2.01,CHECK_REQUEST_EVENT_IDENTITY,CHECK_REQUEST_EVENT_IDENTITY|CHECK_INPUT_DELTA_RECOMPUTATION|CHECK_AUDIT_CHAIN_ID,EXPECTED_DETECTOR_MATCH,DETECTED_AS_PREREGISTERED,FAIL,PASS,FAIL,FAIL:CHECK_REQUEST_EVENT_IDENTITY,,336
AEI_P3_FORMAL_20260826T034308Z_9b5f3c2bdfbe,1,M2.01:0edc936e36dbd00367c35ec096b127c69211776f53ead8d7b9619a78d9b3beb5,0edc936e36dbd00367c35ec096b127c69211776f53ead8d7b9619a78d9b3beb5,M2,M2.01,CHECK_REQUEST_EVENT_IDENTITY,CHECK_REQUEST_EVENT_IDENTITY|CHECK_INPUT_DELTA_RECOMPUTATION|CHECK_AUDIT_CHAIN_ID,EXPECTED_DETECTOR_MATCH,DETECTED_AS_PREREGISTERED,FAIL,PASS,FAIL,FAIL:CHECK_REQUEST_EVENT_IDENTITY,,337
AEI_P3_FORMAL_20260826T034308Z_9b5f3c2bdfbe,1,M2.01:19993579c580ecb799e1ce158990340e547863ae75c4be153b97908cb5cd08a2,19993579c580ecb799e1ce158990340e547863ae75c4be153b97908cb5cd08a2,M2,M2.01,CHECK_REQUEST_EVENT_IDENTITY,CHECK_REQUEST_EVENT_IDENTITY|CHECK_INPUT_DELTA_RECOMPUTATION|CHECK_AUDIT_CHAIN_ID,EXPECTED_DETECTOR_MATCH,DETECTED_AS_PREREGISTERED,FAIL,PASS,FAIL,FAIL:CHECK_REQUEST_EVENT_IDENTITY,,338
AEI_P3_FORMAL_20260826T034308Z_9b5f3c2bdfbe,1,M2.01:1bb3dc3f26212de23def1f2ca0d598d344fea56b8a73247e2f6390ebea07946d,1bb3dc3f26212de23def1f2ca0d598d344fea56b8a73247e2f6390ebea07946d,M2,M2.01,CHECK_REQUEST_EVENT_IDENTITY,CHECK_REQUEST_EVENT_IDENTITY|CHECK_INPUT_DELTA_RECOMPUTATION|CHECK_AUDIT_CHAIN_ID,EXPECTED_DETECTOR_MATCH,DETECTED_AS_PREREGISTERED,FAIL,PASS,FAIL,FAIL:CHECK_REQUEST_EVENT_IDENTITY,,339
AEI_P3_FORMAL_20260826T034308Z_9b5f3c2bdfbe,1,M2.01:2443e5a3d32298289c0b98d2a7d3a03cbf4194a7adecf97293b0ac348944ba9e,2443e5a3d32298289c0b98d2a7d3a03cbf4194a7adecf97293b0ac348944ba9e,M2,M2.01,CHECK_REQUEST_EVENT_IDENTITY,CHECK_REQUEST_EVENT_IDENTITY|CHECK_INPUT_DELTA_RECOMPUTATION|CHECK_AUDIT_CHAIN_ID,EXPECTED_DETECTOR_MATCH,DETECTED_AS_PREREGISTERED,FAIL,PASS,FAIL,FAIL:CHECK_REQUEST_EVENT_IDENTITY,,340
AEI_P3_FORMAL_20260826T034308Z_9b5f3c2bdfbe,1,M2.01:245cb7ed72fd0a10da80157bd648a7ae9e8bd9ef722909fe778d274715ad67b3,245cb7ed72fd0a10da80157bd648a7ae9e8bd9ef722909fe778d274715ad67b3,M2,M2.01,CHECK_REQUEST_EVENT_IDENTITY,CHECK_REQUEST_EVENT_IDENTITY|CHECK_INPUT_DELTA_RECOMPUTATION|CHECK_AUDIT_CHAIN_ID,EXPECTED_DETECTOR_MATCH,DETECTED_AS_PREREGISTERED,FAIL,PASS,FAIL,FAIL:CHECK_REQUEST_EVENT_IDENTITY,,341
AEI_P3_FORMAL_20260826T034308Z_9b5f3c2bdfbe,1,M2.01:268469c82535bf1ba82a82324d755f40ad8bc7255c875b8e25c2d7943cff1ff3,268469c82535bf1ba82a82324d755f40ad8bc7255c875b8e25c2d7943cff1ff3,M2,M2.01,CHECK_REQUEST_EVENT_IDENTITY,CHECK_REQUEST_EVENT_IDENTITY|CHECK_INPUT_DELTA_RECOMPUTATION|CHECK_AUDIT_CHAIN_ID,EXPECTED_DETECTOR_MATCH,DETECTED_AS_PREREGISTERED,FAIL,PASS,FAIL,FAIL:CHECK_REQUEST_EVENT_IDENTITY,,342
AEI_P3_FORMAL_20260826T034308Z_9b5f3c2bdfbe,1,M2.01:2908e9ba69598735be8757d9b153473f5bacec1feb89ecff91ce994824a10178,2908e9ba69598735be8757d9b153473f5bacec1feb89ecff91ce994824a10178,M2,M2.01,CHECK_REQUEST_EVENT_IDENTITY,CHECK_REQUEST_EVENT_IDENTITY|CHECK_INPUT_DELTA_RECOMPUTATION|CHECK_AUDIT_CHAIN_ID,EXPECTED_DETECTOR_MATCH,DETECTED_AS_PREREGISTERED,FAIL,PASS,FAIL,FAIL:CHECK_REQUEST_EVENT_IDENTITY,,343
AEI_P3_FORMAL_20260826T034308Z_9b5f3c2bdfbe,1,M2.01:474b6ef7aac2feb7cb9195d7d3644f0d53d378eb4518ef87a9a2f7714d8ef3d5,474b6ef7aac2feb7cb9195d7d3644f0d53d378eb4518ef87a9a2f7714d8ef3d5,M2,M2.01,CHECK_REQUEST_EVENT_IDENTITY,CHECK_REQUEST_EVENT_IDENTITY|CHECK_INPUT_DELTA_RECOMPUTATION|CHECK_AUDIT_CHAIN_ID,EXPECTED_DETECTOR_MATCH,DETECTED_AS_PREREGISTERED,FAIL,PASS,FAIL,FAIL:CHECK_REQUEST_EVENT_IDENTITY,,344
AEI_P3_FORMAL_20260826T034308Z_9b5f3c2bdfbe,1,M2.01:4fafb9a13ff5e2fda82a804bf609727b68a17926d69ae1574c4801604ec81359,4fafb9a13ff5e2fda82a804bf609727b68a17926d69ae1574c4801604ec81359,M2,M2.01,CHECK_REQUEST_EVENT_IDENTITY,CHECK_REQUEST_EVENT_IDENTITY|CHECK_INPUT_DELTA_RECOMPUTATION|CHECK_AUDIT_CHAIN_ID,EXPECTED_DETECTOR_MATCH,DETECTED_AS_PREREGISTERED,FAIL,PASS,FAIL,FAIL:CHECK_REQUEST_EVENT_IDENTITY,,345
AEI_P3_FORMAL_20260826T034308Z_9b5f3c2bdfbe,1,M2.01:54349d927b9070c144f507868f9ef8b962c7c926426b33c3a7e0c88f715b246a,54349d927b9070c144f507868f9ef8b962c7c926426b33c3a7e0c88f715b246a,M2,M2.01,CHECK_REQUEST_EVENT_IDENTITY,CHECK_REQUEST_EVENT_IDENTITY|CHECK_INPUT_DELTA_RECOMPUTATION|CHECK_AUDIT_CHAIN_ID,EXPECTED_DETECTOR_MATCH,DETECTED_AS_PREREGISTERED,FAIL,PASS,FAIL,FAIL:CHECK_REQUEST_EVENT_IDENTITY,,346
AEI_P3_FORMAL_20260826T034308Z_9b5f3c2bdfbe,1,M2.01:558b8365de15727bf495595ed539867872c185b280ea249712f3b1d5f8674cd5,558b8365de15727bf495595ed539867872c185b280ea249712f3b1d5f8674cd5,M2,M2.01,CHECK_REQUEST_EVENT_IDENTITY,CHECK_REQUEST_EVENT_IDENTITY|CHECK_INPUT_DELTA_RECOMPUTATION|CHECK_AUDIT_CHAIN_ID,EXPECTED_DETECTOR_MATCH,DETECTED_AS_PREREGISTERED,FAIL,PASS,FAIL,FAIL:CHECK_REQUEST_EVENT_IDENTITY,,347
AEI_P3_FORMAL_20260826T034308Z_9b5f3c2bdfbe,1,M2.01:5ecccd77f46ab5549088b57686632a9eb5ccf1a5a977fbe35cfae6a50eca52bb,5ecccd77f46ab5549088b57686632a9eb5ccf1a5a977fbe35cfae6a50eca52bb,M2,M2.01,CHECK_REQUEST_EVENT_IDENTITY,CHECK_REQUEST_EVENT_IDENTITY|CHECK_INPUT_DELTA_RECOMPUTATION|CHECK_AUDIT_CHAIN_ID,EXPECTED_DETECTOR_MATCH,DETECTED_AS_PREREGISTERED,FAIL,PASS,FAIL,FAIL:CHECK_REQUEST_EVENT_IDENTITY,,348
AEI_P3_FORMAL_20260826T034308Z_9b5f3c2bdfbe,1,M2.01:5f24b2bbe16d5c8f667064d5031553e1dd9c4d9dbb7e0757cb922d9ba47928d5,5f24b2bbe16d5c8f667064d5031553e1dd9c4d9dbb7e0757cb922d9ba47928d5,M2,M2.01,CHECK_REQUEST_EVENT_IDENTITY,CHECK_REQUEST_EVENT_IDENTITY|CHECK_INPUT_DELTA_RECOMPUTATION|CHECK_AUDIT_CHAIN_ID,EXPECTED_DETECTOR_MATCH,DETECTED_AS_PREREGISTERED,FAIL,PASS,FAIL,FAIL:CHECK_REQUEST_EVENT_IDENTITY,,349
AEI_P3_FORMAL_20260826T034308Z_9b5f3c2bdfbe,1,M2.01:61f77c0251bcd2bbb51e6bff7e048bfcda7139b4e796314d32b47961ac3b5c1b,61f77c0251bcd2bbb51e6bff7e048bfcda7139b4e796314d32b47961ac3b5c1b,M2,M2.01,CHECK_REQUEST_EVENT_IDENTITY,CHECK_REQUEST_EVENT_IDENTITY|CHECK_INPUT_DELTA_RECOMPUTATION|CHECK_AUDIT_CHAIN_ID,EXPECTED_DETECTOR_MATCH,DETECTED_AS_PREREGISTERED,FAIL,PASS,FAIL,FAIL:CHECK_REQUEST_EVENT_IDENTITY,,350
AEI_P3_FORMAL_20260826T034308Z_9b5f3c2bdfbe,1,M2.01:634f3d08fd93ba622176ea6c9ff7ff1fb9d57a9b14f936f27d1460655fc20d72,634f3d08fd93ba622176ea6c9ff7ff1fb9d57a9b14f936f27d1460655fc20d72,M2,M2.01,CHECK_REQUEST_EVENT_IDENTITY,CHECK_REQUEST_EVENT_IDENTITY|CHECK_INPUT_DELTA_RECOMPUTATION|CHECK_AUDIT_CHAIN_ID,EXPECTED_DETECTOR_MATCH,DETECTED_AS_PREREGISTERED,FAIL,PASS,FAIL,FAIL:CHECK_REQUEST_EVENT_IDENTITY,,351
AEI_P3_FORMAL_20260826T034308Z_9b5f3c2bdfbe,1,M2.01:73cdcc11d1c23e47664696979a9b12b94deb5da000c18f37a8d7c0b641090788,73cdcc11d1c23e47664696979a9b12b94deb5da000c18f37a8d7c0b641090788,M2,M2.01,CHECK_REQUEST_EVENT_IDENTITY,CHECK_REQUEST_EVENT_IDENTITY|CHECK_INPUT_DELTA_RECOMPUTATION|CHECK_AUDIT_CHAIN_ID,EXPECTED_DETECTOR_MATCH,DETECTED_AS_PREREGISTERED,FAIL,PASS,FAIL,FAIL:CHECK_REQUEST_EVENT_IDENTITY,,352
AEI_P3_FORMAL_20260826T034308Z_9b5f3c2bdfbe,1,M2.01:7dc2cc636acd7eeb3db7367222360894cac918d6adca467d2f7a79960bbe8b1c,7dc2cc636acd7eeb3db7367222360894cac918d6adca467d2f7a79960bbe8b1c,M2,M2.01,CHECK_REQUEST_EVENT_IDENTITY,CHECK_REQUEST_EVENT_IDENTITY|CHECK_INPUT_DELTA_RECOMPUTATION|CHECK_AUDIT_CHAIN_ID,EXPECTED_DETECTOR_MATCH,DETECTED_AS_PREREGISTERED,FAIL,PASS,FAIL,FAIL:CHECK_REQUEST_EVENT_IDENTITY,,353
AEI_P3_FORMAL_20260826T034308Z_9b5f3c2bdfbe,1,M2.01:8c60197386a54af6d06cac0996c81cbca4971ac83984afcf2a52fa27a5bb1b42,8c60197386a54af6d06cac0996c81cbca4971ac83984afcf2a52fa27a5bb1b42,M2,M2.01,CHECK_REQUEST_EVENT_IDENTITY,CHECK_REQUEST_EVENT_IDENTITY|CHECK_INPUT_DELTA_RECOMPUTATION|CHECK_AUDIT_CHAIN_ID,EXPECTED_DETECTOR_MATCH,DETECTED_AS_PREREGISTERED,FAIL,PASS,FAIL,FAIL:CHECK_REQUEST_EVENT_IDENTITY,,354
AEI_P3_FORMAL_20260826T034308Z_9b5f3c2bdfbe,1,M2.01:8e3a1df6f55a6d53d21fd63c9dcda45cee6d1576c4989d45b40828d31e6d7281,8e3a1df6f55a6d53d21fd63c9dcda45cee6d1576c4989d45b40828d31e6d7281,M2,M2.01,CHECK_REQUEST_EVENT_IDENTITY,CHECK_REQUEST_EVENT_IDENTITY|CHECK_INPUT_DELTA_RECOMPUTATION|CHECK_AUDIT_CHAIN_ID,EXPECTED_DETECTOR_MATCH,DETECTED_AS_PREREGISTERED,FAIL,PASS,FAIL,FAIL:CHECK_REQUEST_EVENT_IDENTITY,,355
AEI_P3_FORMAL_20260826T034308Z_9b5f3c2bdfbe,1,M2.01:97eb8ea8dfec0a163a4b54e1179247553055627de3df3d7a40c8879cacc64800,97eb8ea8dfec0a163a4b54e1179247553055627de3df3d7a40c8879cacc64800,M2,M2.01,CHECK_REQUEST_EVENT_IDENTITY,CHECK_REQUEST_EVENT_IDENTITY|CHECK_INPUT_DELTA_RECOMPUTATION|CHECK_AUDIT_CHAIN_ID,EXPECTED_DETECTOR_MATCH,DETECTED_AS_PREREGISTERED,FAIL,PASS,FAIL,FAIL:CHECK_REQUEST_EVENT_IDENTITY,,356
AEI_P3_FORMAL_20260826T034308Z_9b5f3c2bdfbe,1,M2.01:9827288498c6ff63f3f7ec6f3bb833b53ac1c3cbaf59021addc82b6a8c08bae2,9827288498c6ff63f3f7ec6f3bb833b53ac1c3cbaf59021addc82b6a8c08bae2,M2,M2.01,CHECK_REQUEST_EVENT_IDENTITY,CHECK_REQUEST_EVENT_IDENTITY|CHECK_INPUT_DELTA_RECOMPUTATION|CHECK_AUDIT_CHAIN_ID,EXPECTED_DETECTOR_MATCH,DETECTED_AS_PREREGISTERED,FAIL,PASS,FAIL,FAIL:CHECK_REQUEST_EVENT_IDENTITY,,357
AEI_P3_FORMAL_20260826T034308Z_9b5f3c2bdfbe,1,M2.01:9f7906189c782cba7c3a4cc9cb8785764c8ad3fb1e637423a7a310d6c438feb5,9f7906189c782cba7c3a4cc9cb8785764c8ad3fb1e637423a7a310d6c438feb5,M2,M2.01,CHECK_REQUEST_EVENT_IDENTITY,CHECK_REQUEST_EVENT_IDENTITY|CHECK_INPUT_DELTA_RECOMPUTATION|CHECK_AUDIT_CHAIN_ID,EXPECTED_DETECTOR_MATCH,DETECTED_AS_PREREGISTERED,FAIL,PASS,FAIL,FAIL:CHECK_REQUEST_EVENT_IDENTITY,,358
AEI_P3_FORMAL_20260826T034308Z_9b5f3c2bdfbe,1,M2.01:aa5b4ee1688c71f1a3932cd7d9b629a08e31ef09728f3280c98c7636eecfb8d3,aa5b4ee1688c71f1a3932cd7d9b629a08e31ef09728f3280c98c7636eecfb8d3,M2,M2.01,CHECK_REQUEST_EVENT_IDENTITY,CHECK_REQUEST_EVENT_IDENTITY|CHECK_INPUT_DELTA_RECOMPUTATION|CHECK_AUDIT_CHAIN_ID,EXPECTED_DETECTOR_MATCH,DETECTED_AS_PREREGISTERED,FAIL,PASS,FAIL,FAIL:CHECK_REQUEST_EVENT_IDENTITY,,359
AEI_P3_FORMAL_20260826T034308Z_9b5f3c2bdfbe,1,M2.01:aad646b14392b632d658225dedb7d3953424ab9ab19ebafdc67bd9a7f02eb50b,aad646b14392b632d658225dedb7d3953424ab9ab19ebafdc67bd9a7f02eb50b,M2,M2.01,CHECK_REQUEST_EVENT_IDENTITY,CHECK_REQUEST_EVENT_IDENTITY|CHECK_INPUT_DELTA_RECOMPUTATION|CHECK_AUDIT_CHAIN_ID,EXPECTED_DETECTOR_MATCH,DETECTED_AS_PREREGISTERED,FAIL,PASS,FAIL,FAIL:CHECK_REQUEST_EVENT_IDENTITY,,360
AEI_P3_FORMAL_20260826T034308Z_9b5f3c2bdfbe,1,M2.01:abc8d6ba26b9728a25ebd17f4066aa5421f54fde1c1ef630cc33cb308c0fb8e5,abc8d6ba26b9728a25ebd17f4066aa5421f54fde1c1ef630cc33cb308c0fb8e5,M2,M2.01,CHECK_REQUEST_EVENT_IDENTITY,CHECK_REQUEST_EVENT_IDENTITY|CHECK_INPUT_DELTA_RECOMPUTATION|CHECK_AUDIT_CHAIN_ID,EXPECTED_DETECTOR_MATCH,DETECTED_AS_PREREGISTERED,FAIL,PASS,FAIL,FAIL:CHECK_REQUEST_EVENT_IDENTITY,,361
AEI_P3_FORMAL_20260826T034308Z_9b5f3c2bdfbe,1,M2.01:b0f01f4c7ca822555039b9267d8985edbeb149abc0a710d6583cea634584f862,b0f01f4c7ca822555039b9267d8985edbeb149abc0a710d6583cea634584f862,M2,M2.01,CHECK_REQUEST_EVENT_IDENTITY,CHECK_REQUEST_EVENT_IDENTITY|CHECK_INPUT_DELTA_RECOMPUTATION|CHECK_AUDIT_CHAIN_ID,EXPECTED_DETECTOR_MATCH,DETECTED_AS_PREREGISTERED,FAIL,PASS,FAIL,FAIL:CHECK_REQUEST_EVENT_IDENTITY,,362
AEI_P3_FORMAL_20260826T034308Z_9b5f3c2bdfbe,1,M2.01:b31f9c5cbf923f188771558357941c1a7d6a71089f67793c620cf7034a070eb2,b31f9c5cbf923f188771558357941c1a7d6a71089f67793c620cf7034a070eb2,M2,M2.01,CHECK_REQUEST_EVENT_IDENTITY,CHECK_REQUEST_EVENT_IDENTITY|CHECK_INPUT_DELTA_RECOMPUTATION|CHECK_AUDIT_CHAIN_ID,EXPECTED_DETECTOR_MATCH,DETECTED_AS_PREREGISTERED,FAIL,PASS,FAIL,FAIL:CHECK_REQUEST_EVENT_IDENTITY,,363
AEI_P3_FORMAL_20260826T034308Z_9b5f3c2bdfbe,1,M2.01:b5c400c27e6dbb1cc8466c5ce68e1530b6d984599f3c01c36496b49b586ff5e3,b5c400c27e6dbb1cc8466c5ce68e1530b6d984599f3c01c36496b49b586ff5e3,M2,M2.01,CHECK_REQUEST_EVENT_IDENTITY,CHECK_REQUEST_EVENT_IDENTITY|CHECK_INPUT_DELTA_RECOMPUTATION|CHECK_AUDIT_CHAIN_ID,EXPECTED_DETECTOR_MATCH,DETECTED_AS_PREREGISTERED,FAIL,PASS,FAIL,FAIL:CHECK_REQUEST_EVENT_IDENTITY,,364
AEI_P3_FORMAL_20260826T034308Z_9b5f3c2bdfbe,1,M2.01:bb3f15222034bdf87b9be499b27f859fe778b781693fd54677f83bd7531f0680,bb3f15222034bdf87b9be499b27f859fe778b781693fd54677f83bd7531f0680,M2,M2.01,CHECK_REQUEST_EVENT_IDENTITY,CHECK_REQUEST_EVENT_IDENTITY|CHECK_INPUT_DELTA_RECOMPUTATION|CHECK_AUDIT_CHAIN_ID,EXPECTED_DETECTOR_MATCH,DETECTED_AS_PREREGISTERED,FAIL,PASS,FAIL,FAIL:CHECK_REQUEST_EVENT_IDENTITY,,365
AEI_P3_FORMAL_20260826T034308Z_9b5f3c2bdfbe,1,M2.01:ce18361670bfbcde2f3ff22167187aecef9164dedbf1198bc7563c147804780e,ce18361670bfbcde2f3ff22167187aecef9164dedbf1198bc7563c147804780e,M2,M2.01,CHECK_REQUEST_EVENT_IDENTITY,CHECK_REQUEST_EVENT_IDENTITY|CHECK_INPUT_DELTA_RECOMPUTATION|CHECK_AUDIT_CHAIN_ID,EXPECTED_DETECTOR_MATCH,DETECTED_AS_PREREGISTERED,FAIL,PASS,FAIL,FAIL:CHECK_REQUEST_EVENT_IDENTITY,,366
AEI_P3_FORMAL_20260826T034308Z_9b5f3c2bdfbe,1,M2.01:ceae66508816dc9f5458c925c89f155658e6c78710a8753d337ac385481cc1bf,ceae66508816dc9f5458c925c89f155658e6c78710a8753d337ac385481cc1bf,M2,M2.01,CHECK_REQUEST_EVENT_IDENTITY,CHECK_REQUEST_EVENT_IDENTITY|CHECK_INPUT_DELTA_RECOMPUTATION|CHECK_AUDIT_CHAIN_ID,EXPECTED_DETECTOR_MATCH,DETECTED_AS_PREREGISTERED,FAIL,PASS,FAIL,FAIL:CHECK_REQUEST_EVENT_IDENTITY,,367
AEI_P3_FORMAL_20260826T034308Z_9b5f3c2bdfbe,1,M2.01:d093d52f24139c1b6fb09b775beedd000f1a7b3716df906d7d36e91e7e848265,d093d52f24139c1b6fb09b775beedd000f1a7b3716df906d7d36e91e7e848265,M2,M2.01,CHECK_REQUEST_EVENT_IDENTITY,CHECK_REQUEST_EVENT_IDENTITY|CHECK_INPUT_DELTA_RECOMPUTATION|CHECK_AUDIT_CHAIN_ID,EXPECTED_DETECTOR_MATCH,DETECTED_AS_PREREGISTERED,FAIL,PASS,FAIL,FAIL:CHECK_REQUEST_EVENT_IDENTITY,,368
AEI_P3_FORMAL_20260826T034308Z_9b5f3c2bdfbe,1,M2.01:d4b957654a5efd71168d6f7e67936e6abf4666ceb41e7919635002157b125411,d4b957654a5efd71168d6f7e67936e6abf4666ceb41e7919635002157b125411,M2,M2.01,CHECK_REQUEST_EVENT_IDENTITY,CHECK_REQUEST_EVENT_IDENTITY|CHECK_INPUT_DELTA_RECOMPUTATION|CHECK_AUDIT_CHAIN_ID,EXPECTED_DETECTOR_MATCH,DETECTED_AS_PREREGISTERED,FAIL,PASS,FAIL,FAIL:CHECK_REQUEST_EVENT_IDENTITY,,369
AEI_P3_FORMAL_20260826T034308Z_9b5f3c2bdfbe,1,M2.01:d598e89b357205c7b4bd47c5ebbe933f8be1f7c8dcdee85e66ec6829cafb91d3,d598e89b357205c7b4bd47c5ebbe933f8be1f7c8dcdee85e66ec6829cafb91d3,M2,M2.01,CHECK_REQUEST_EVENT_IDENTITY,CHECK_REQUEST_EVENT_IDENTITY|CHECK_INPUT_DELTA_RECOMPUTATION|CHECK_AUDIT_CHAIN_ID,EXPECTED_DETECTOR_MATCH,DETECTED_AS_PREREGISTERED,FAIL,PASS,FAIL,FAIL:CHECK_REQUEST_EVENT_IDENTITY,,370
AEI_P3_FORMAL_20260826T034308Z_9b5f3c2bdfbe,1,M2.01:eb3670bbe434a59cc94347384a5d50fb526d26a00dbf6da73e54438c4bacc2a0,eb3670bbe434a59cc94347384a5d50fb526d26a00dbf6da73e54438c4bacc2a0,M2,M2.01,CHECK_REQUEST_EVENT_IDENTITY,CHECK_REQUEST_EVENT_IDENTITY|CHECK_INPUT_DELTA_RECOMPUTATION|CHECK_AUDIT_CHAIN_ID,EXPECTED_DETECTOR_MATCH,DETECTED_AS_PREREGISTERED,FAIL,PASS,FAIL,FAIL:CHECK_REQUEST_EVENT_IDENTITY,,371
AEI_P3_FORMAL_20260826T034308Z_9b5f3c2bdfbe,1,M2.01:f1e5fc58ea336e13c098308a2da00dee7de3dd3aa08d6170df4a3cb1afd09795,f1e5fc58ea336e13c098308a2da00dee7de3dd3aa08d6170df4a3cb1afd09795,M2,M2.01,CHECK_REQUEST_EVENT_IDENTITY,CHECK_REQUEST_EVENT_IDENTITY|CHECK_INPUT_DELTA_RECOMPUTATION|CHECK_AUDIT_CHAIN_ID,EXPECTED_DETECTOR_MATCH,DETECTED_AS_PREREGISTERED,FAIL,PASS,FAIL,FAIL:CHECK_REQUEST_EVENT_IDENTITY,,372
AEI_P3_FORMAL_20260826T034308Z_9b5f3c2bdfbe,1,M2.01:f583baa2dad1527b5f84f71805410ee51b78fce2b1be62de49f1636c06821c7b,f583baa2dad1527b5f84f71805410ee51b78fce2b1be62de49f1636c06821c7b,M2,M2.01,CHECK_REQUEST_EVENT_IDENTITY,CHECK_REQUEST_EVENT_IDENTITY|CHECK_INPUT_DELTA_RECOMPUTATION|CHECK_AUDIT_CHAIN_ID,EXPECTED_DETECTOR_MATCH,DETECTED_AS_PREREGISTERED,FAIL,PASS,FAIL,FAIL:CHECK_REQUEST_EVENT_IDENTITY,,373
AEI_P3_FORMAL_20260826T034308Z_9b5f3c2bdfbe,1,M2.01:f64f55ad9277004ae441909cd6556d26eeaf73d3eb3c537384be703615149f96,f64f55ad9277004ae441909cd6556d26eeaf73d3eb3c537384be703615149f96,M2,M2.01,CHECK_REQUEST_EVENT_IDENTITY,CHECK_REQUEST_EVENT_IDENTITY|CHECK_INPUT_DELTA_RECOMPUTATION|CHECK_AUDIT_CHAIN_ID,EXPECTED_DETECTOR_MATCH,DETECTED_AS_PREREGISTERED,FAIL,PASS,FAIL,FAIL:CHECK_REQUEST_EVENT_IDENTITY,,374
AEI_P3_FORMAL_20260826T034308Z_9b5f3c2bdfbe,1,M2.01:f80e8a50e0815fda9eef8635e52671f3888786c4daef5767b8da7b74e4311646,f80e8a50e0815fda9eef8635e52671f3888786c4daef5767b8da7b74e4311646,M2,M2.01,CHECK_REQUEST_EVENT_IDENTITY,CHECK_REQUEST_EVENT_IDENTITY|CHECK_INPUT_DELTA_RECOMPUTATION|CHECK_AUDIT_CHAIN_ID,EXPECTED_DETECTOR_MATCH,DETECTED_AS_PREREGISTERED,FAIL,PASS,FAIL,FAIL:CHECK_REQUEST_EVENT_IDENTITY,,375
AEI_P3_FORMAL_20260826T034308Z_9b5f3c2bdfbe,1,M2.01:f9ade00b139ce33674b05d1766de3ec85779abfd83f893a7b2437817100901d9,f9ade00b139ce33674b05d1766de3ec85779abfd83f893a7b2437817100901d9,M2,M2.01,CHECK_REQUEST_EVENT_IDENTITY,CHECK_REQUEST_EVENT_IDENTITY|CHECK_INPUT_DELTA_RECOMPUTATION|CHECK_AUDIT_CHAIN_ID,EXPECTED_DETECTOR_MATCH,DETECTED_AS_PREREGISTERED,FAIL,PASS,FAIL,FAIL:CHECK_REQUEST_EVENT_IDENTITY,,376
AEI_P3_FORMAL_20260826T034308Z_9b5f3c2bdfbe,1,M2.01:feb26c8ce25b99d6b090e07fca86c8e2dbf3ff2d6b891634c4c71b179329ab47,feb26c8ce25b99d6b090e07fca86c8e2dbf3ff2d6b891634c4c71b179329ab47,M2,M2.01,CHECK_REQUEST_EVENT_IDENTITY,CHECK_REQUEST_EVENT_IDENTITY|CHECK_INPUT_DELTA_RECOMPUTATION|CHECK_AUDIT_CHAIN_ID,EXPECTED_DETECTOR_MATCH,DETECTED_AS_PREREGISTERED,FAIL,PASS,FAIL,FAIL:CHECK_REQUEST_EVENT_IDENTITY,,377
AEI_P3_FORMAL_20260826T034308Z_9b5f3c2bdfbe,1,M3.01:052b2dfeb855619b4e74c70e7155e5699a6aebc572c887f1432462ecf4afce6b,052b2dfeb855619b4e74c70e7155e5699a6aebc572c887f1432462ecf4afce6b,M3,M3.01,CHECK_INSTANCE_PROVENANCE_LINK|CHECK_INSTANCE_LIFECYCLE_LINK|CHECK_INSTANCE_SOLVER_LINK,CHECK_INSTANCE_PROVENANCE_LINK|CHECK_INSTANCE_LIFECYCLE_LINK|CHECK_INSTANCE_SOLVER_LINK|CHECK_AUDIT_CHAIN_ID,EXPECTED_DETECTOR_MATCH,DETECTED_AS_PREREGISTERED,FAIL,PASS,FAIL,FAIL:CHECK_INSTANCE_PROVENANCE_LINK,,378
AEI_P3_FORMAL_20260826T034308Z_9b5f3c2bdfbe,1,M3.01:0edc936e36dbd00367c35ec096b127c69211776f53ead8d7b9619a78d9b3beb5,0edc936e36dbd00367c35ec096b127c69211776f53ead8d7b9619a78d9b3beb5,M3,M3.01,CHECK_INSTANCE_PROVENANCE_LINK|CHECK_INSTANCE_LIFECYCLE_LINK|CHECK_INSTANCE_SOLVER_LINK,CHECK_INSTANCE_PROVENANCE_LINK|CHECK_INSTANCE_LIFECYCLE_LINK|CHECK_INSTANCE_SOLVER_LINK|CHECK_AUDIT_CHAIN_ID,EXPECTED_DETECTOR_MATCH,DETECTED_AS_PREREGISTERED,FAIL,PASS,FAIL,FAIL:CHECK_INSTANCE_PROVENANCE_LINK,,379
AEI_P3_FORMAL_20260826T034308Z_9b5f3c2bdfbe,1,M3.01:19993579c580ecb799e1ce158990340e547863ae75c4be153b97908cb5cd08a2,19993579c580ecb799e1ce158990340e547863ae75c4be153b97908cb5cd08a2,M3,M3.01,CHECK_INSTANCE_PROVENANCE_LINK|CHECK_INSTANCE_LIFECYCLE_LINK|CHECK_INSTANCE_SOLVER_LINK,CHECK_INSTANCE_PROVENANCE_LINK|CHECK_INSTANCE_LIFECYCLE_LINK|CHECK_INSTANCE_SOLVER_LINK|CHECK_AUDIT_CHAIN_ID,EXPECTED_DETECTOR_MATCH,DETECTED_AS_PREREGISTERED,FAIL,PASS,FAIL,FAIL:CHECK_INSTANCE_PROVENANCE_LINK,,380
AEI_P3_FORMAL_20260826T034308Z_9b5f3c2bdfbe,1,M3.01:1bb3dc3f26212de23def1f2ca0d598d344fea56b8a73247e2f6390ebea07946d,1bb3dc3f26212de23def1f2ca0d598d344fea56b8a73247e2f6390ebea07946d,M3,M3.01,CHECK_INSTANCE_PROVENANCE_LINK|CHECK_INSTANCE_LIFECYCLE_LINK|CHECK_INSTANCE_SOLVER_LINK,CHECK_INSTANCE_PROVENANCE_LINK|CHECK_INSTANCE_LIFECYCLE_LINK|CHECK_INSTANCE_SOLVER_LINK|CHECK_AUDIT_CHAIN_ID,EXPECTED_DETECTOR_MATCH,DETECTED_AS_PREREGISTERED,FAIL,PASS,FAIL,FAIL:CHECK_INSTANCE_PROVENANCE_LINK,,381
AEI_P3_FORMAL_20260826T034308Z_9b5f3c2bdfbe,1,M3.01:2443e5a3d32298289c0b98d2a7d3a03cbf4194a7adecf97293b0ac348944ba9e,2443e5a3d32298289c0b98d2a7d3a03cbf4194a7adecf97293b0ac348944ba9e,M3,M3.01,CHECK_INSTANCE_PROVENANCE_LINK|CHECK_INSTANCE_LIFECYCLE_LINK|CHECK_INSTANCE_SOLVER_LINK,CHECK_INSTANCE_PROVENANCE_LINK|CHECK_INSTANCE_LIFECYCLE_LINK|CHECK_INSTANCE_SOLVER_LINK|CHECK_AUDIT_CHAIN_ID,EXPECTED_DETECTOR_MATCH,DETECTED_AS_PREREGISTERED,FAIL,PASS,FAIL,FAIL:CHECK_INSTANCE_PROVENANCE_LINK,,382
AEI_P3_FORMAL_20260826T034308Z_9b5f3c2bdfbe,1,M3.01:245cb7ed72fd0a10da80157bd648a7ae9e8bd9ef722909fe778d274715ad67b3,245cb7ed72fd0a10da80157bd648a7ae9e8bd9ef722909fe778d274715ad67b3,M3,M3.01,CHECK_INSTANCE_PROVENANCE_LINK|CHECK_INSTANCE_LIFECYCLE_LINK|CHECK_INSTANCE_SOLVER_LINK,CHECK_INSTANCE_PROVENANCE_LINK|CHECK_INSTANCE_LIFECYCLE_LINK|CHECK_INSTANCE_SOLVER_LINK|CHECK_AUDIT_CHAIN_ID,EXPECTED_DETECTOR_MATCH,DETECTED_AS_PREREGISTERED,FAIL,PASS,FAIL,FAIL:CHECK_INSTANCE_PROVENANCE_LINK,,383
AEI_P3_FORMAL_20260826T034308Z_9b5f3c2bdfbe,1,M3.01:268469c82535bf1ba82a82324d755f40ad8bc7255c875b8e25c2d7943cff1ff3,268469c82535bf1ba82a82324d755f40ad8bc7255c875b8e25c2d7943cff1ff3,M3,M3.01,CHECK_INSTANCE_PROVENANCE_LINK|CHECK_INSTANCE_LIFECYCLE_LINK|CHECK_INSTANCE_SOLVER_LINK,CHECK_INSTANCE_PROVENANCE_LINK|CHECK_INSTANCE_LIFECYCLE_LINK|CHECK_INSTANCE_SOLVER_LINK|CHECK_AUDIT_CHAIN_ID,EXPECTED_DETECTOR_MATCH,DETECTED_AS_PREREGISTERED,FAIL,PASS,FAIL,FAIL:CHECK_INSTANCE_PROVENANCE_LINK,,384
AEI_P3_FORMAL_20260826T034308Z_9b5f3c2bdfbe,1,M3.01:2908e9ba69598735be8757d9b153473f5bacec1feb89ecff91ce994824a10178,2908e9ba69598735be8757d9b153473f5bacec1feb89ecff91ce994824a10178,M3,M3.01,CHECK_INSTANCE_PROVENANCE_LINK|CHECK_INSTANCE_LIFECYCLE_LINK|CHECK_INSTANCE_SOLVER_LINK,CHECK_INSTANCE_PROVENANCE_LINK|CHECK_INSTANCE_LIFECYCLE_LINK|CHECK_INSTANCE_SOLVER_LINK|CHECK_AUDIT_CHAIN_ID,EXPECTED_DETECTOR_MATCH,DETECTED_AS_PREREGISTERED,FAIL,PASS,FAIL,FAIL:CHECK_INSTANCE_PROVENANCE_LINK,,385
AEI_P3_FORMAL_20260826T034308Z_9b5f3c2bdfbe,1,M3.01:474b6ef7aac2feb7cb9195d7d3644f0d53d378eb4518ef87a9a2f7714d8ef3d5,474b6ef7aac2feb7cb9195d7d3644f0d53d378eb4518ef87a9a2f7714d8ef3d5,M3,M3.01,CHECK_INSTANCE_PROVENANCE_LINK|CHECK_INSTANCE_LIFECYCLE_LINK|CHECK_INSTANCE_SOLVER_LINK,CHECK_INSTANCE_PROVENANCE_LINK|CHECK_INSTANCE_LIFECYCLE_LINK|CHECK_INSTANCE_SOLVER_LINK|CHECK_AUDIT_CHAIN_ID,EXPECTED_DETECTOR_MATCH,DETECTED_AS_PREREGISTERED,FAIL,PASS,FAIL,FAIL:CHECK_INSTANCE_PROVENANCE_LINK,,386
AEI_P3_FORMAL_20260826T034308Z_9b5f3c2bdfbe,1,M3.01:4fafb9a13ff5e2fda82a804bf609727b68a17926d69ae1574c4801604ec81359,4fafb9a13ff5e2fda82a804bf609727b68a17926d69ae1574c4801604ec81359,M3,M3.01,CHECK_INSTANCE_PROVENANCE_LINK|CHECK_INSTANCE_LIFECYCLE_LINK|CHECK_INSTANCE_SOLVER_LINK,CHECK_INSTANCE_PROVENANCE_LINK|CHECK_INSTANCE_LIFECYCLE_LINK|CHECK_INSTANCE_SOLVER_LINK|CHECK_AUDIT_CHAIN_ID,EXPECTED_DETECTOR_MATCH,DETECTED_AS_PREREGISTERED,FAIL,PASS,FAIL,FAIL:CHECK_INSTANCE_PROVENANCE_LINK,,387
AEI_P3_FORMAL_20260826T034308Z_9b5f3c2bdfbe,1,M3.01:54349d927b9070c144f507868f9ef8b962c7c926426b33c3a7e0c88f715b246a,54349d927b9070c144f507868f9ef8b962c7c926426b33c3a7e0c88f715b246a,M3,M3.01,CHECK_INSTANCE_PROVENANCE_LINK|CHECK_INSTANCE_LIFECYCLE_LINK|CHECK_INSTANCE_SOLVER_LINK,CHECK_INSTANCE_PROVENANCE_LINK|CHECK_INSTANCE_LIFECYCLE_LINK|CHECK_INSTANCE_SOLVER_LINK|CHECK_AUDIT_CHAIN_ID,EXPECTED_DETECTOR_MATCH,DETECTED_AS_PREREGISTERED,FAIL,PASS,FAIL,FAIL:CHECK_INSTANCE_PROVENANCE_LINK,,388
AEI_P3_FORMAL_20260826T034308Z_9b5f3c2bdfbe,1,M3.01:558b8365de15727bf495595ed539867872c185b280ea249712f3b1d5f8674cd5,558b8365de15727bf495595ed539867872c185b280ea249712f3b1d5f8674cd5,M3,M3.01,CHECK_INSTANCE_PROVENANCE_LINK|CHECK_INSTANCE_LIFECYCLE_LINK|CHECK_INSTANCE_SOLVER_LINK,CHECK_INSTANCE_PROVENANCE_LINK|CHECK_INSTANCE_LIFECYCLE_LINK|CHECK_INSTANCE_SOLVER_LINK|CHECK_AUDIT_CHAIN_ID,EXPECTED_DETECTOR_MATCH,DETECTED_AS_PREREGISTERED,FAIL,PASS,FAIL,FAIL:CHECK_INSTANCE_PROVENANCE_LINK,,389
AEI_P3_FORMAL_20260826T034308Z_9b5f3c2bdfbe,1,M3.01:5ecccd77f46ab5549088b57686632a9eb5ccf1a5a977fbe35cfae6a50eca52bb,5ecccd77f46ab5549088b57686632a9eb5ccf1a5a977fbe35cfae6a50eca52bb,M3,M3.01,CHECK_INSTANCE_PROVENANCE_LINK|CHECK_INSTANCE_LIFECYCLE_LINK|CHECK_INSTANCE_SOLVER_LINK,CHECK_INSTANCE_PROVENANCE_LINK|CHECK_INSTANCE_LIFECYCLE_LINK|CHECK_INSTANCE_SOLVER_LINK|CHECK_AUDIT_CHAIN_ID,EXPECTED_DETECTOR_MATCH,DETECTED_AS_PREREGISTERED,FAIL,PASS,FAIL,FAIL:CHECK_INSTANCE_PROVENANCE_LINK,,390
AEI_P3_FORMAL_20260826T034308Z_9b5f3c2bdfbe,1,M3.01:5f24b2bbe16d5c8f667064d5031553e1dd9c4d9dbb7e0757cb922d9ba47928d5,5f24b2bbe16d5c8f667064d5031553e1dd9c4d9dbb7e0757cb922d9ba47928d5,M3,M3.01,CHECK_INSTANCE_PROVENANCE_LINK|CHECK_INSTANCE_LIFECYCLE_LINK|CHECK_INSTANCE_SOLVER_LINK,CHECK_INSTANCE_PROVENANCE_LINK|CHECK_INSTANCE_LIFECYCLE_LINK|CHECK_INSTANCE_SOLVER_LINK|CHECK_AUDIT_CHAIN_ID,EXPECTED_DETECTOR_MATCH,DETECTED_AS_PREREGISTERED,FAIL,PASS,FAIL,FAIL:CHECK_INSTANCE_PROVENANCE_LINK,,391
AEI_P3_FORMAL_20260826T034308Z_9b5f3c2bdfbe,1,M3.01:61f77c0251bcd2bbb51e6bff7e048bfcda7139b4e796314d32b47961ac3b5c1b,61f77c0251bcd2bbb51e6bff7e048bfcda7139b4e796314d32b47961ac3b5c1b,M3,M3.01,CHECK_INSTANCE_PROVENANCE_LINK|CHECK_INSTANCE_LIFECYCLE_LINK|CHECK_INSTANCE_SOLVER_LINK,CHECK_INSTANCE_PROVENANCE_LINK|CHECK_INSTANCE_LIFECYCLE_LINK|CHECK_INSTANCE_SOLVER_LINK|CHECK_AUDIT_CHAIN_ID,EXPECTED_DETECTOR_MATCH,DETECTED_AS_PREREGISTERED,FAIL,PASS,FAIL,FAIL:CHECK_INSTANCE_PROVENANCE_LINK,,392
AEI_P3_FORMAL_20260826T034308Z_9b5f3c2bdfbe,1,M3.01:634f3d08fd93ba622176ea6c9ff7ff1fb9d57a9b14f936f27d1460655fc20d72,634f3d08fd93ba622176ea6c9ff7ff1fb9d57a9b14f936f27d1460655fc20d72,M3,M3.01,CHECK_INSTANCE_PROVENANCE_LINK|CHECK_INSTANCE_LIFECYCLE_LINK|CHECK_INSTANCE_SOLVER_LINK,CHECK_INSTANCE_PROVENANCE_LINK|CHECK_INSTANCE_LIFECYCLE_LINK|CHECK_INSTANCE_SOLVER_LINK|CHECK_AUDIT_CHAIN_ID,EXPECTED_DETECTOR_MATCH,DETECTED_AS_PREREGISTERED,FAIL,PASS,FAIL,FAIL:CHECK_INSTANCE_PROVENANCE_LINK,,393
AEI_P3_FORMAL_20260826T034308Z_9b5f3c2bdfbe,1,M3.01:73cdcc11d1c23e47664696979a9b12b94deb5da000c18f37a8d7c0b641090788,73cdcc11d1c23e47664696979a9b12b94deb5da000c18f37a8d7c0b641090788,M3,M3.01,CHECK_INSTANCE_PROVENANCE_LINK|CHECK_INSTANCE_LIFECYCLE_LINK|CHECK_INSTANCE_SOLVER_LINK,CHECK_INSTANCE_PROVENANCE_LINK|CHECK_INSTANCE_LIFECYCLE_LINK|CHECK_INSTANCE_SOLVER_LINK|CHECK_AUDIT_CHAIN_ID,EXPECTED_DETECTOR_MATCH,DETECTED_AS_PREREGISTERED,FAIL,PASS,FAIL,FAIL:CHECK_INSTANCE_PROVENANCE_LINK,,394
AEI_P3_FORMAL_20260826T034308Z_9b5f3c2bdfbe,1,M3.01:7dc2cc636acd7eeb3db7367222360894cac918d6adca467d2f7a79960bbe8b1c,7dc2cc636acd7eeb3db7367222360894cac918d6adca467d2f7a79960bbe8b1c,M3,M3.01,CHECK_INSTANCE_PROVENANCE_LINK|CHECK_INSTANCE_LIFECYCLE_LINK|CHECK_INSTANCE_SOLVER_LINK,CHECK_INSTANCE_PROVENANCE_LINK|CHECK_INSTANCE_LIFECYCLE_LINK|CHECK_INSTANCE_SOLVER_LINK|CHECK_AUDIT_CHAIN_ID,EXPECTED_DETECTOR_MATCH,DETECTED_AS_PREREGISTERED,FAIL,PASS,FAIL,FAIL:CHECK_INSTANCE_PROVENANCE_LINK,,395
AEI_P3_FORMAL_20260826T034308Z_9b5f3c2bdfbe,1,M3.01:8c60197386a54af6d06cac0996c81cbca4971ac83984afcf2a52fa27a5bb1b42,8c60197386a54af6d06cac0996c81cbca4971ac83984afcf2a52fa27a5bb1b42,M3,M3.01,CHECK_INSTANCE_PROVENANCE_LINK|CHECK_INSTANCE_LIFECYCLE_LINK|CHECK_INSTANCE_SOLVER_LINK,CHECK_INSTANCE_PROVENANCE_LINK|CHECK_INSTANCE_LIFECYCLE_LINK|CHECK_INSTANCE_SOLVER_LINK|CHECK_AUDIT_CHAIN_ID,EXPECTED_DETECTOR_MATCH,DETECTED_AS_PREREGISTERED,FAIL,PASS,FAIL,FAIL:CHECK_INSTANCE_PROVENANCE_LINK,,396
AEI_P3_FORMAL_20260826T034308Z_9b5f3c2bdfbe,1,M3.01:8e3a1df6f55a6d53d21fd63c9dcda45cee6d1576c4989d45b40828d31e6d7281,8e3a1df6f55a6d53d21fd63c9dcda45cee6d1576c4989d45b40828d31e6d7281,M3,M3.01,CHECK_INSTANCE_PROVENANCE_LINK|CHECK_INSTANCE_LIFECYCLE_LINK|CHECK_INSTANCE_SOLVER_LINK,CHECK_INSTANCE_PROVENANCE_LINK|CHECK_INSTANCE_LIFECYCLE_LINK|CHECK_INSTANCE_SOLVER_LINK|CHECK_AUDIT_CHAIN_ID,EXPECTED_DETECTOR_MATCH,DETECTED_AS_PREREGISTERED,FAIL,PASS,FAIL,FAIL:CHECK_INSTANCE_PROVENANCE_LINK,,397
AEI_P3_FORMAL_20260826T034308Z_9b5f3c2bdfbe,1,M3.01:97eb8ea8dfec0a163a4b54e1179247553055627de3df3d7a40c8879cacc64800,97eb8ea8dfec0a163a4b54e1179247553055627de3df3d7a40c8879cacc64800,M3,M3.01,CHECK_INSTANCE_PROVENANCE_LINK|CHECK_INSTANCE_LIFECYCLE_LINK|CHECK_INSTANCE_SOLVER_LINK,CHECK_INSTANCE_PROVENANCE_LINK|CHECK_INSTANCE_LIFECYCLE_LINK|CHECK_INSTANCE_SOLVER_LINK|CHECK_AUDIT_CHAIN_ID,EXPECTED_DETECTOR_MATCH,DETECTED_AS_PREREGISTERED,FAIL,PASS,FAIL,FAIL:CHECK_INSTANCE_PROVENANCE_LINK,,398
AEI_P3_FORMAL_20260826T034308Z_9b5f3c2bdfbe,1,M3.01:9827288498c6ff63f3f7ec6f3bb833b53ac1c3cbaf59021addc82b6a8c08bae2,9827288498c6ff63f3f7ec6f3bb833b53ac1c3cbaf59021addc82b6a8c08bae2,M3,M3.01,CHECK_INSTANCE_PROVENANCE_LINK|CHECK_INSTANCE_LIFECYCLE_LINK|CHECK_INSTANCE_SOLVER_LINK,CHECK_INSTANCE_PROVENANCE_LINK|CHECK_INSTANCE_LIFECYCLE_LINK|CHECK_INSTANCE_SOLVER_LINK|CHECK_AUDIT_CHAIN_ID,EXPECTED_DETECTOR_MATCH,DETECTED_AS_PREREGISTERED,FAIL,PASS,FAIL,FAIL:CHECK_INSTANCE_PROVENANCE_LINK,,399
AEI_P3_FORMAL_20260826T034308Z_9b5f3c2bdfbe,1,M3.01:9f7906189c782cba7c3a4cc9cb8785764c8ad3fb1e637423a7a310d6c438feb5,9f7906189c782cba7c3a4cc9cb8785764c8ad3fb1e637423a7a310d6c438feb5,M3,M3.01,CHECK_INSTANCE_PROVENANCE_LINK|CHECK_INSTANCE_LIFECYCLE_LINK|CHECK_INSTANCE_SOLVER_LINK,CHECK_INSTANCE_PROVENANCE_LINK|CHECK_INSTANCE_LIFECYCLE_LINK|CHECK_INSTANCE_SOLVER_LINK|CHECK_AUDIT_CHAIN_ID,EXPECTED_DETECTOR_MATCH,DETECTED_AS_PREREGISTERED,FAIL,PASS,FAIL,FAIL:CHECK_INSTANCE_PROVENANCE_LINK,,400
AEI_P3_FORMAL_20260826T034308Z_9b5f3c2bdfbe,1,M3.01:aa5b4ee1688c71f1a3932cd7d9b629a08e31ef09728f3280c98c7636eecfb8d3,aa5b4ee1688c71f1a3932cd7d9b629a08e31ef09728f3280c98c7636eecfb8d3,M3,M3.01,CHECK_INSTANCE_PROVENANCE_LINK|CHECK_INSTANCE_LIFECYCLE_LINK|CHECK_INSTANCE_SOLVER_LINK,CHECK_INSTANCE_PROVENANCE_LINK|CHECK_INSTANCE_LIFECYCLE_LINK|CHECK_INSTANCE_SOLVER_LINK|CHECK_AUDIT_CHAIN_ID,EXPECTED_DETECTOR_MATCH,DETECTED_AS_PREREGISTERED,FAIL,PASS,FAIL,FAIL:CHECK_INSTANCE_PROVENANCE_LINK,,401
AEI_P3_FORMAL_20260826T034308Z_9b5f3c2bdfbe,1,M3.01:aad646b14392b632d658225dedb7d3953424ab9ab19ebafdc67bd9a7f02eb50b,aad646b14392b632d658225dedb7d3953424ab9ab19ebafdc67bd9a7f02eb50b,M3,M3.01,CHECK_INSTANCE_PROVENANCE_LINK|CHECK_INSTANCE_LIFECYCLE_LINK|CHECK_INSTANCE_SOLVER_LINK,CHECK_INSTANCE_PROVENANCE_LINK|CHECK_INSTANCE_LIFECYCLE_LINK|CHECK_INSTANCE_SOLVER_LINK|CHECK_AUDIT_CHAIN_ID,EXPECTED_DETECTOR_MATCH,DETECTED_AS_PREREGISTERED,FAIL,PASS,FAIL,FAIL:CHECK_INSTANCE_PROVENANCE_LINK,,402
AEI_P3_FORMAL_20260826T034308Z_9b5f3c2bdfbe,1,M3.01:abc8d6ba26b9728a25ebd17f4066aa5421f54fde1c1ef630cc33cb308c0fb8e5,abc8d6ba26b9728a25ebd17f4066aa5421f54fde1c1ef630cc33cb308c0fb8e5,M3,M3.01,CHECK_INSTANCE_PROVENANCE_LINK|CHECK_INSTANCE_LIFECYCLE_LINK|CHECK_INSTANCE_SOLVER_LINK,CHECK_INSTANCE_PROVENANCE_LINK|CHECK_INSTANCE_LIFECYCLE_LINK|CHECK_INSTANCE_SOLVER_LINK|CHECK_AUDIT_CHAIN_ID,EXPECTED_DETECTOR_MATCH,DETECTED_AS_PREREGISTERED,FAIL,PASS,FAIL,FAIL:CHECK_INSTANCE_PROVENANCE_LINK,,403
AEI_P3_FORMAL_20260826T034308Z_9b5f3c2bdfbe,1,M3.01:b0f01f4c7ca822555039b9267d8985edbeb149abc0a710d6583cea634584f862,b0f01f4c7ca822555039b9267d8985edbeb149abc0a710d6583cea634584f862,M3,M3.01,CHECK_INSTANCE_PROVENANCE_LINK|CHECK_INSTANCE_LIFECYCLE_LINK|CHECK_INSTANCE_SOLVER_LINK,CHECK_INSTANCE_PROVENANCE_LINK|CHECK_INSTANCE_LIFECYCLE_LINK|CHECK_INSTANCE_SOLVER_LINK|CHECK_AUDIT_CHAIN_ID,EXPECTED_DETECTOR_MATCH,DETECTED_AS_PREREGISTERED,FAIL,PASS,FAIL,FAIL:CHECK_INSTANCE_PROVENANCE_LINK,,404
AEI_P3_FORMAL_20260826T034308Z_9b5f3c2bdfbe,1,M3.01:b31f9c5cbf923f188771558357941c1a7d6a71089f67793c620cf7034a070eb2,b31f9c5cbf923f188771558357941c1a7d6a71089f67793c620cf7034a070eb2,M3,M3.01,CHECK_INSTANCE_PROVENANCE_LINK|CHECK_INSTANCE_LIFECYCLE_LINK|CHECK_INSTANCE_SOLVER_LINK,CHECK_INSTANCE_PROVENANCE_LINK|CHECK_INSTANCE_LIFECYCLE_LINK|CHECK_INSTANCE_SOLVER_LINK|CHECK_AUDIT_CHAIN_ID,EXPECTED_DETECTOR_MATCH,DETECTED_AS_PREREGISTERED,FAIL,PASS,FAIL,FAIL:CHECK_INSTANCE_PROVENANCE_LINK,,405
AEI_P3_FORMAL_20260826T034308Z_9b5f3c2bdfbe,1,M3.01:b5c400c27e6dbb1cc8466c5ce68e1530b6d984599f3c01c36496b49b586ff5e3,b5c400c27e6dbb1cc8466c5ce68e1530b6d984599f3c01c36496b49b586ff5e3,M3,M3.01,CHECK_INSTANCE_PROVENANCE_LINK|CHECK_INSTANCE_LIFECYCLE_LINK|CHECK_INSTANCE_SOLVER_LINK,CHECK_INSTANCE_PROVENANCE_LINK|CHECK_INSTANCE_LIFECYCLE_LINK|CHECK_INSTANCE_SOLVER_LINK|CHECK_AUDIT_CHAIN_ID,EXPECTED_DETECTOR_MATCH,DETECTED_AS_PREREGISTERED,FAIL,PASS,FAIL,FAIL:CHECK_INSTANCE_PROVENANCE_LINK,,406
AEI_P3_FORMAL_20260826T034308Z_9b5f3c2bdfbe,1,M3.01:bb3f15222034bdf87b9be499b27f859fe778b781693fd54677f83bd7531f0680,bb3f15222034bdf87b9be499b27f859fe778b781693fd54677f83bd7531f0680,M3,M3.01,CHECK_INSTANCE_PROVENANCE_LINK|CHECK_INSTANCE_LIFECYCLE_LINK|CHECK_INSTANCE_SOLVER_LINK,CHECK_INSTANCE_PROVENANCE_LINK|CHECK_INSTANCE_LIFECYCLE_LINK|CHECK_INSTANCE_SOLVER_LINK|CHECK_AUDIT_CHAIN_ID,EXPECTED_DETECTOR_MATCH,DETECTED_AS_PREREGISTERED,FAIL,PASS,FAIL,FAIL:CHECK_INSTANCE_PROVENANCE_LINK,,407
AEI_P3_FORMAL_20260826T034308Z_9b5f3c2bdfbe,1,M3.01:ce18361670bfbcde2f3ff22167187aecef9164dedbf1198bc7563c147804780e,ce18361670bfbcde2f3ff22167187aecef9164dedbf1198bc7563c147804780e,M3,M3.01,CHECK_INSTANCE_PROVENANCE_LINK|CHECK_INSTANCE_LIFECYCLE_LINK|CHECK_INSTANCE_SOLVER_LINK,CHECK_INSTANCE_PROVENANCE_LINK|CHECK_INSTANCE_LIFECYCLE_LINK|CHECK_INSTANCE_SOLVER_LINK|CHECK_AUDIT_CHAIN_ID,EXPECTED_DETECTOR_MATCH,DETECTED_AS_PREREGISTERED,FAIL,PASS,FAIL,FAIL:CHECK_INSTANCE_PROVENANCE_LINK,,408
AEI_P3_FORMAL_20260826T034308Z_9b5f3c2bdfbe,1,M3.01:ceae66508816dc9f5458c925c89f155658e6c78710a8753d337ac385481cc1bf,ceae66508816dc9f5458c925c89f155658e6c78710a8753d337ac385481cc1bf,M3,M3.01,CHECK_INSTANCE_PROVENANCE_LINK|CHECK_INSTANCE_LIFECYCLE_LINK|CHECK_INSTANCE_SOLVER_LINK,CHECK_INSTANCE_PROVENANCE_LINK|CHECK_INSTANCE_LIFECYCLE_LINK|CHECK_INSTANCE_SOLVER_LINK|CHECK_AUDIT_CHAIN_ID,EXPECTED_DETECTOR_MATCH,DETECTED_AS_PREREGISTERED,FAIL,PASS,FAIL,FAIL:CHECK_INSTANCE_PROVENANCE_LINK,,409
AEI_P3_FORMAL_20260826T034308Z_9b5f3c2bdfbe,1,M3.01:d093d52f24139c1b6fb09b775beedd000f1a7b3716df906d7d36e91e7e848265,d093d52f24139c1b6fb09b775beedd000f1a7b3716df906d7d36e91e7e848265,M3,M3.01,CHECK_INSTANCE_PROVENANCE_LINK|CHECK_INSTANCE_LIFECYCLE_LINK|CHECK_INSTANCE_SOLVER_LINK,CHECK_INSTANCE_PROVENANCE_LINK|CHECK_INSTANCE_LIFECYCLE_LINK|CHECK_INSTANCE_SOLVER_LINK|CHECK_AUDIT_CHAIN_ID,EXPECTED_DETECTOR_MATCH,DETECTED_AS_PREREGISTERED,FAIL,PASS,FAIL,FAIL:CHECK_INSTANCE_PROVENANCE_LINK,,410
AEI_P3_FORMAL_20260826T034308Z_9b5f3c2bdfbe,1,M3.01:d4b957654a5efd71168d6f7e67936e6abf4666ceb41e7919635002157b125411,d4b957654a5efd71168d6f7e67936e6abf4666ceb41e7919635002157b125411,M3,M3.01,CHECK_INSTANCE_PROVENANCE_LINK|CHECK_INSTANCE_LIFECYCLE_LINK|CHECK_INSTANCE_SOLVER_LINK,CHECK_INSTANCE_PROVENANCE_LINK|CHECK_INSTANCE_LIFECYCLE_LINK|CHECK_INSTANCE_SOLVER_LINK|CHECK_AUDIT_CHAIN_ID,EXPECTED_DETECTOR_MATCH,DETECTED_AS_PREREGISTERED,FAIL,PASS,FAIL,FAIL:CHECK_INSTANCE_PROVENANCE_LINK,,411
AEI_P3_FORMAL_20260826T034308Z_9b5f3c2bdfbe,1,M3.01:d598e89b357205c7b4bd47c5ebbe933f8be1f7c8dcdee85e66ec6829cafb91d3,d598e89b357205c7b4bd47c5ebbe933f8be1f7c8dcdee85e66ec6829cafb91d3,M3,M3.01,CHECK_INSTANCE_PROVENANCE_LINK|CHECK_INSTANCE_LIFECYCLE_LINK|CHECK_INSTANCE_SOLVER_LINK,CHECK_INSTANCE_PROVENANCE_LINK|CHECK_INSTANCE_LIFECYCLE_LINK|CHECK_INSTANCE_SOLVER_LINK|CHECK_AUDIT_CHAIN_ID,EXPECTED_DETECTOR_MATCH,DETECTED_AS_PREREGISTERED,FAIL,PASS,FAIL,FAIL:CHECK_INSTANCE_PROVENANCE_LINK,,412
AEI_P3_FORMAL_20260826T034308Z_9b5f3c2bdfbe,1,M3.01:eb3670bbe434a59cc94347384a5d50fb526d26a00dbf6da73e54438c4bacc2a0,eb3670bbe434a59cc94347384a5d50fb526d26a00dbf6da73e54438c4bacc2a0,M3,M3.01,CHECK_INSTANCE_PROVENANCE_LINK|CHECK_INSTANCE_LIFECYCLE_LINK|CHECK_INSTANCE_SOLVER_LINK,CHECK_INSTANCE_PROVENANCE_LINK|CHECK_INSTANCE_LIFECYCLE_LINK|CHECK_INSTANCE_SOLVER_LINK|CHECK_AUDIT_CHAIN_ID,EXPECTED_DETECTOR_MATCH,DETECTED_AS_PREREGISTERED,FAIL,PASS,FAIL,FAIL:CHECK_INSTANCE_PROVENANCE_LINK,,413
AEI_P3_FORMAL_20260826T034308Z_9b5f3c2bdfbe,1,M3.01:f1e5fc58ea336e13c098308a2da00dee7de3dd3aa08d6170df4a3cb1afd09795,f1e5fc58ea336e13c098308a2da00dee7de3dd3aa08d6170df4a3cb1afd09795,M3,M3.01,CHECK_INSTANCE_PROVENANCE_LINK|CHECK_INSTANCE_LIFECYCLE_LINK|CHECK_INSTANCE_SOLVER_LINK,CHECK_INSTANCE_PROVENANCE_LINK|CHECK_INSTANCE_LIFECYCLE_LINK|CHECK_INSTANCE_SOLVER_LINK|CHECK_AUDIT_CHAIN_ID,EXPECTED_DETECTOR_MATCH,DETECTED_AS_PREREGISTERED,FAIL,PASS,FAIL,FAIL:CHECK_INSTANCE_PROVENANCE_LINK,,414
AEI_P3_FORMAL_20260826T034308Z_9b5f3c2bdfbe,1,M3.01:f583baa2dad1527b5f84f71805410ee51b78fce2b1be62de49f1636c06821c7b,f583baa2dad1527b5f84f71805410ee51b78fce2b1be62de49f1636c06821c7b,M3,M3.01,CHECK_INSTANCE_PROVENANCE_LINK|CHECK_INSTANCE_LIFECYCLE_LINK|CHECK_INSTANCE_SOLVER_LINK,CHECK_INSTANCE_PROVENANCE_LINK|CHECK_INSTANCE_LIFECYCLE_LINK|CHECK_INSTANCE_SOLVER_LINK|CHECK_AUDIT_CHAIN_ID,EXPECTED_DETECTOR_MATCH,DETECTED_AS_PREREGISTERED,FAIL,PASS,FAIL,FAIL:CHECK_INSTANCE_PROVENANCE_LINK,,415
AEI_P3_FORMAL_20260826T034308Z_9b5f3c2bdfbe,1,M3.01:f64f55ad9277004ae441909cd6556d26eeaf73d3eb3c537384be703615149f96,f64f55ad9277004ae441909cd6556d26eeaf73d3eb3c537384be703615149f96,M3,M3.01,CHECK_INSTANCE_PROVENANCE_LINK|CHECK_INSTANCE_LIFECYCLE_LINK|CHECK_INSTANCE_SOLVER_LINK,CHECK_INSTANCE_PROVENANCE_LINK|CHECK_INSTANCE_LIFECYCLE_LINK|CHECK_INSTANCE_SOLVER_LINK|CHECK_AUDIT_CHAIN_ID,EXPECTED_DETECTOR_MATCH,DETECTED_AS_PREREGISTERED,FAIL,PASS,FAIL,FAIL:CHECK_INSTANCE_PROVENANCE_LINK,,416
AEI_P3_FORMAL_20260826T034308Z_9b5f3c2bdfbe,1,M3.01:f80e8a50e0815fda9eef8635e52671f3888786c4daef5767b8da7b74e4311646,f80e8a50e0815fda9eef8635e52671f3888786c4daef5767b8da7b74e4311646,M3,M3.01,CHECK_INSTANCE_PROVENANCE_LINK|CHECK_INSTANCE_LIFECYCLE_LINK|CHECK_INSTANCE_SOLVER_LINK,CHECK_INSTANCE_PROVENANCE_LINK|CHECK_INSTANCE_LIFECYCLE_LINK|CHECK_INSTANCE_SOLVER_LINK|CHECK_AUDIT_CHAIN_ID,EXPECTED_DETECTOR_MATCH,DETECTED_AS_PREREGISTERED,FAIL,PASS,FAIL,FAIL:CHECK_INSTANCE_PROVENANCE_LINK,,417
AEI_P3_FORMAL_20260826T034308Z_9b5f3c2bdfbe,1,M3.01:f9ade00b139ce33674b05d1766de3ec85779abfd83f893a7b2437817100901d9,f9ade00b139ce33674b05d1766de3ec85779abfd83f893a7b2437817100901d9,M3,M3.01,CHECK_INSTANCE_PROVENANCE_LINK|CHECK_INSTANCE_LIFECYCLE_LINK|CHECK_INSTANCE_SOLVER_LINK,CHECK_INSTANCE_PROVENANCE_LINK|CHECK_INSTANCE_LIFECYCLE_LINK|CHECK_INSTANCE_SOLVER_LINK|CHECK_AUDIT_CHAIN_ID,EXPECTED_DETECTOR_MATCH,DETECTED_AS_PREREGISTERED,FAIL,PASS,FAIL,FAIL:CHECK_INSTANCE_PROVENANCE_LINK,,418
AEI_P3_FORMAL_20260826T034308Z_9b5f3c2bdfbe,1,M3.01:feb26c8ce25b99d6b090e07fca86c8e2dbf3ff2d6b891634c4c71b179329ab47,feb26c8ce25b99d6b090e07fca86c8e2dbf3ff2d6b891634c4c71b179329ab47,M3,M3.01,CHECK_INSTANCE_PROVENANCE_LINK|CHECK_INSTANCE_LIFECYCLE_LINK|CHECK_INSTANCE_SOLVER_LINK,CHECK_INSTANCE_PROVENANCE_LINK|CHECK_INSTANCE_LIFECYCLE_LINK|CHECK_INSTANCE_SOLVER_LINK|CHECK_AUDIT_CHAIN_ID,EXPECTED_DETECTOR_MATCH,DETECTED_AS_PREREGISTERED,FAIL,PASS,FAIL,FAIL:CHECK_INSTANCE_PROVENANCE_LINK,,419
AEI_P3_FORMAL_20260826T034308Z_9b5f3c2bdfbe,1,M4.01:052b2dfeb855619b4e74c70e7155e5699a6aebc572c887f1432462ecf4afce6b,052b2dfeb855619b4e74c70e7155e5699a6aebc572c887f1432462ecf4afce6b,M4,M4.01,CHECK_SCHEDULE_PROVENANCE_LINK|CHECK_SCHEDULE_LIFECYCLE_LINK|CHECK_SOLVER_SCHEDULE_LINK|CHECK_PLAN_DELTA_RECOMPUTATION,CHECK_SCHEDULE_PROVENANCE_LINK|CHECK_SCHEDULE_LIFECYCLE_LINK|CHECK_SOLVER_SCHEDULE_LINK|CHECK_PLAN_DELTA_RECOMPUTATION,EXPECTED_DETECTOR_MATCH,DETECTED_AS_PREREGISTERED,FAIL,PASS,FAIL,FAIL:CHECK_SCHEDULE_PROVENANCE_LINK,,420
AEI_P3_FORMAL_20260826T034308Z_9b5f3c2bdfbe,1,M4.01:0edc936e36dbd00367c35ec096b127c69211776f53ead8d7b9619a78d9b3beb5,0edc936e36dbd00367c35ec096b127c69211776f53ead8d7b9619a78d9b3beb5,M4,M4.01,CHECK_SCHEDULE_PROVENANCE_LINK|CHECK_SCHEDULE_LIFECYCLE_LINK|CHECK_SOLVER_SCHEDULE_LINK|CHECK_PLAN_DELTA_RECOMPUTATION,CHECK_SCHEDULE_PROVENANCE_LINK|CHECK_SCHEDULE_LIFECYCLE_LINK|CHECK_SOLVER_SCHEDULE_LINK|CHECK_PLAN_DELTA_RECOMPUTATION,EXPECTED_DETECTOR_MATCH,DETECTED_AS_PREREGISTERED,FAIL,PASS,FAIL,FAIL:CHECK_SCHEDULE_PROVENANCE_LINK,,421
AEI_P3_FORMAL_20260826T034308Z_9b5f3c2bdfbe,1,M4.01:19993579c580ecb799e1ce158990340e547863ae75c4be153b97908cb5cd08a2,19993579c580ecb799e1ce158990340e547863ae75c4be153b97908cb5cd08a2,M4,M4.01,CHECK_SCHEDULE_PROVENANCE_LINK|CHECK_SCHEDULE_LIFECYCLE_LINK|CHECK_SOLVER_SCHEDULE_LINK|CHECK_PLAN_DELTA_RECOMPUTATION,CHECK_SCHEDULE_PROVENANCE_LINK|CHECK_SCHEDULE_LIFECYCLE_LINK|CHECK_SOLVER_SCHEDULE_LINK|CHECK_PLAN_DELTA_RECOMPUTATION,EXPECTED_DETECTOR_MATCH,DETECTED_AS_PREREGISTERED,FAIL,PASS,FAIL,FAIL:CHECK_SCHEDULE_PROVENANCE_LINK,,422
AEI_P3_FORMAL_20260826T034308Z_9b5f3c2bdfbe,1,M4.01:1bb3dc3f26212de23def1f2ca0d598d344fea56b8a73247e2f6390ebea07946d,1bb3dc3f26212de23def1f2ca0d598d344fea56b8a73247e2f6390ebea07946d,M4,M4.01,CHECK_SCHEDULE_PROVENANCE_LINK|CHECK_SCHEDULE_LIFECYCLE_LINK|CHECK_SOLVER_SCHEDULE_LINK|CHECK_PLAN_DELTA_RECOMPUTATION,CHECK_SCHEDULE_PROVENANCE_LINK|CHECK_SCHEDULE_LIFECYCLE_LINK|CHECK_SOLVER_SCHEDULE_LINK|CHECK_PLAN_DELTA_RECOMPUTATION,EXPECTED_DETECTOR_MATCH,DETECTED_AS_PREREGISTERED,FAIL,PASS,FAIL,FAIL:CHECK_SCHEDULE_PROVENANCE_LINK,,423
AEI_P3_FORMAL_20260826T034308Z_9b5f3c2bdfbe,1,M4.01:2443e5a3d32298289c0b98d2a7d3a03cbf4194a7adecf97293b0ac348944ba9e,2443e5a3d32298289c0b98d2a7d3a03cbf4194a7adecf97293b0ac348944ba9e,M4,M4.01,CHECK_SCHEDULE_PROVENANCE_LINK|CHECK_SCHEDULE_LIFECYCLE_LINK|CHECK_SOLVER_SCHEDULE_LINK|CHECK_PLAN_DELTA_RECOMPUTATION,CHECK_SCHEDULE_PROVENANCE_LINK|CHECK_SCHEDULE_LIFECYCLE_LINK|CHECK_SOLVER_SCHEDULE_LINK|CHECK_PLAN_DELTA_RECOMPUTATION,EXPECTED_DETECTOR_MATCH,DETECTED_AS_PREREGISTERED,FAIL,PASS,FAIL,FAIL:CHECK_SCHEDULE_PROVENANCE_LINK,,424
AEI_P3_FORMAL_20260826T034308Z_9b5f3c2bdfbe,1,M4.01:245cb7ed72fd0a10da80157bd648a7ae9e8bd9ef722909fe778d274715ad67b3,245cb7ed72fd0a10da80157bd648a7ae9e8bd9ef722909fe778d274715ad67b3,M4,M4.01,CHECK_SCHEDULE_PROVENANCE_LINK|CHECK_SCHEDULE_LIFECYCLE_LINK|CHECK_SOLVER_SCHEDULE_LINK|CHECK_PLAN_DELTA_RECOMPUTATION,CHECK_SCHEDULE_PROVENANCE_LINK|CHECK_SCHEDULE_LIFECYCLE_LINK|CHECK_SOLVER_SCHEDULE_LINK|CHECK_PLAN_DELTA_RECOMPUTATION,EXPECTED_DETECTOR_MATCH,DETECTED_AS_PREREGISTERED,FAIL,PASS,FAIL,FAIL:CHECK_SCHEDULE_PROVENANCE_LINK,,425
AEI_P3_FORMAL_20260826T034308Z_9b5f3c2bdfbe,1,M4.01:268469c82535bf1ba82a82324d755f40ad8bc7255c875b8e25c2d7943cff1ff3,268469c82535bf1ba82a82324d755f40ad8bc7255c875b8e25c2d7943cff1ff3,M4,M4.01,CHECK_SCHEDULE_PROVENANCE_LINK|CHECK_SCHEDULE_LIFECYCLE_LINK|CHECK_SOLVER_SCHEDULE_LINK|CHECK_PLAN_DELTA_RECOMPUTATION,CHECK_SCHEDULE_PROVENANCE_LINK|CHECK_SCHEDULE_LIFECYCLE_LINK|CHECK_SOLVER_SCHEDULE_LINK|CHECK_PLAN_DELTA_RECOMPUTATION,EXPECTED_DETECTOR_MATCH,DETECTED_AS_PREREGISTERED,FAIL,PASS,FAIL,FAIL:CHECK_SCHEDULE_PROVENANCE_LINK,,426
AEI_P3_FORMAL_20260826T034308Z_9b5f3c2bdfbe,1,M4.01:2908e9ba69598735be8757d9b153473f5bacec1feb89ecff91ce994824a10178,2908e9ba69598735be8757d9b153473f5bacec1feb89ecff91ce994824a10178,M4,M4.01,CHECK_SCHEDULE_PROVENANCE_LINK|CHECK_SCHEDULE_LIFECYCLE_LINK|CHECK_SOLVER_SCHEDULE_LINK|CHECK_PLAN_DELTA_RECOMPUTATION,CHECK_SCHEDULE_PROVENANCE_LINK|CHECK_SCHEDULE_LIFECYCLE_LINK|CHECK_SOLVER_SCHEDULE_LINK|CHECK_PLAN_DELTA_RECOMPUTATION,EXPECTED_DETECTOR_MATCH,DETECTED_AS_PREREGISTERED,FAIL,PASS,FAIL,FAIL:CHECK_SCHEDULE_PROVENANCE_LINK,,427
AEI_P3_FORMAL_20260826T034308Z_9b5f3c2bdfbe,1,M4.01:474b6ef7aac2feb7cb9195d7d3644f0d53d378eb4518ef87a9a2f7714d8ef3d5,474b6ef7aac2feb7cb9195d7d3644f0d53d378eb4518ef87a9a2f7714d8ef3d5,M4,M4.01,CHECK_SCHEDULE_PROVENANCE_LINK|CHECK_SCHEDULE_LIFECYCLE_LINK|CHECK_SOLVER_SCHEDULE_LINK|CHECK_PLAN_DELTA_RECOMPUTATION,CHECK_SCHEDULE_PROVENANCE_LINK|CHECK_SCHEDULE_LIFECYCLE_LINK|CHECK_SOLVER_SCHEDULE_LINK|CHECK_PLAN_DELTA_RECOMPUTATION,EXPECTED_DETECTOR_MATCH,DETECTED_AS_PREREGISTERED,FAIL,PASS,FAIL,FAIL:CHECK_SCHEDULE_PROVENANCE_LINK,,428
AEI_P3_FORMAL_20260826T034308Z_9b5f3c2bdfbe,1,M4.01:4fafb9a13ff5e2fda82a804bf609727b68a17926d69ae1574c4801604ec81359,4fafb9a13ff5e2fda82a804bf609727b68a17926d69ae1574c4801604ec81359,M4,M4.01,CHECK_SCHEDULE_PROVENANCE_LINK|CHECK_SCHEDULE_LIFECYCLE_LINK|CHECK_SOLVER_SCHEDULE_LINK|CHECK_PLAN_DELTA_RECOMPUTATION,CHECK_SCHEDULE_PROVENANCE_LINK|CHECK_SCHEDULE_LIFECYCLE_LINK|CHECK_SOLVER_SCHEDULE_LINK|CHECK_PLAN_DELTA_RECOMPUTATION,EXPECTED_DETECTOR_MATCH,DETECTED_AS_PREREGISTERED,FAIL,PASS,FAIL,FAIL:CHECK_SCHEDULE_PROVENANCE_LINK,,429
AEI_P3_FORMAL_20260826T034308Z_9b5f3c2bdfbe,1,M4.01:54349d927b9070c144f507868f9ef8b962c7c926426b33c3a7e0c88f715b246a,54349d927b9070c144f507868f9ef8b962c7c926426b33c3a7e0c88f715b246a,M4,M4.01,CHECK_SCHEDULE_PROVENANCE_LINK|CHECK_SCHEDULE_LIFECYCLE_LINK|CHECK_SOLVER_SCHEDULE_LINK|CHECK_PLAN_DELTA_RECOMPUTATION,CHECK_SCHEDULE_PROVENANCE_LINK|CHECK_SCHEDULE_LIFECYCLE_LINK|CHECK_SOLVER_SCHEDULE_LINK|CHECK_PLAN_DELTA_RECOMPUTATION,EXPECTED_DETECTOR_MATCH,DETECTED_AS_PREREGISTERED,FAIL,PASS,FAIL,FAIL:CHECK_SCHEDULE_PROVENANCE_LINK,,430
AEI_P3_FORMAL_20260826T034308Z_9b5f3c2bdfbe,1,M4.01:558b8365de15727bf495595ed539867872c185b280ea249712f3b1d5f8674cd5,558b8365de15727bf495595ed539867872c185b280ea249712f3b1d5f8674cd5,M4,M4.01,CHECK_SCHEDULE_PROVENANCE_LINK|CHECK_SCHEDULE_LIFECYCLE_LINK|CHECK_SOLVER_SCHEDULE_LINK|CHECK_PLAN_DELTA_RECOMPUTATION,CHECK_SCHEDULE_PROVENANCE_LINK|CHECK_SCHEDULE_LIFECYCLE_LINK|CHECK_SOLVER_SCHEDULE_LINK|CHECK_PLAN_DELTA_RECOMPUTATION,EXPECTED_DETECTOR_MATCH,DETECTED_AS_PREREGISTERED,FAIL,PASS,FAIL,FAIL:CHECK_SCHEDULE_PROVENANCE_LINK,,431
AEI_P3_FORMAL_20260826T034308Z_9b5f3c2bdfbe,1,M4.01:5ecccd77f46ab5549088b57686632a9eb5ccf1a5a977fbe35cfae6a50eca52bb,5ecccd77f46ab5549088b57686632a9eb5ccf1a5a977fbe35cfae6a50eca52bb,M4,M4.01,CHECK_SCHEDULE_PROVENANCE_LINK|CHECK_SCHEDULE_LIFECYCLE_LINK|CHECK_SOLVER_SCHEDULE_LINK|CHECK_PLAN_DELTA_RECOMPUTATION,CHECK_SCHEDULE_PROVENANCE_LINK|CHECK_SCHEDULE_LIFECYCLE_LINK|CHECK_SOLVER_SCHEDULE_LINK|CHECK_PLAN_DELTA_RECOMPUTATION,EXPECTED_DETECTOR_MATCH,DETECTED_AS_PREREGISTERED,FAIL,PASS,FAIL,FAIL:CHECK_SCHEDULE_PROVENANCE_LINK,,432
AEI_P3_FORMAL_20260826T034308Z_9b5f3c2bdfbe,1,M4.01:5f24b2bbe16d5c8f667064d5031553e1dd9c4d9dbb7e0757cb922d9ba47928d5,5f24b2bbe16d5c8f667064d5031553e1dd9c4d9dbb7e0757cb922d9ba47928d5,M4,M4.01,CHECK_SCHEDULE_PROVENANCE_LINK|CHECK_SCHEDULE_LIFECYCLE_LINK|CHECK_SOLVER_SCHEDULE_LINK|CHECK_PLAN_DELTA_RECOMPUTATION,CHECK_SCHEDULE_PROVENANCE_LINK|CHECK_SCHEDULE_LIFECYCLE_LINK|CHECK_SOLVER_SCHEDULE_LINK|CHECK_PLAN_DELTA_RECOMPUTATION,EXPECTED_DETECTOR_MATCH,DETECTED_AS_PREREGISTERED,FAIL,PASS,FAIL,FAIL:CHECK_SCHEDULE_PROVENANCE_LINK,,433
AEI_P3_FORMAL_20260826T034308Z_9b5f3c2bdfbe,1,M4.01:61f77c0251bcd2bbb51e6bff7e048bfcda7139b4e796314d32b47961ac3b5c1b,61f77c0251bcd2bbb51e6bff7e048bfcda7139b4e796314d32b47961ac3b5c1b,M4,M4.01,CHECK_SCHEDULE_PROVENANCE_LINK|CHECK_SCHEDULE_LIFECYCLE_LINK|CHECK_SOLVER_SCHEDULE_LINK|CHECK_PLAN_DELTA_RECOMPUTATION,CHECK_SCHEDULE_PROVENANCE_LINK|CHECK_SCHEDULE_LIFECYCLE_LINK|CHECK_SOLVER_SCHEDULE_LINK|CHECK_PLAN_DELTA_RECOMPUTATION,EXPECTED_DETECTOR_MATCH,DETECTED_AS_PREREGISTERED,FAIL,PASS,FAIL,FAIL:CHECK_SCHEDULE_PROVENANCE_LINK,,434
AEI_P3_FORMAL_20260826T034308Z_9b5f3c2bdfbe,1,M4.01:634f3d08fd93ba622176ea6c9ff7ff1fb9d57a9b14f936f27d1460655fc20d72,634f3d08fd93ba622176ea6c9ff7ff1fb9d57a9b14f936f27d1460655fc20d72,M4,M4.01,CHECK_SCHEDULE_PROVENANCE_LINK|CHECK_SCHEDULE_LIFECYCLE_LINK|CHECK_SOLVER_SCHEDULE_LINK|CHECK_PLAN_DELTA_RECOMPUTATION,CHECK_SCHEDULE_PROVENANCE_LINK|CHECK_SCHEDULE_LIFECYCLE_LINK|CHECK_SOLVER_SCHEDULE_LINK|CHECK_PLAN_DELTA_RECOMPUTATION,EXPECTED_DETECTOR_MATCH,DETECTED_AS_PREREGISTERED,FAIL,PASS,FAIL,FAIL:CHECK_SCHEDULE_PROVENANCE_LINK,,435
AEI_P3_FORMAL_20260826T034308Z_9b5f3c2bdfbe,1,M4.01:73cdcc11d1c23e47664696979a9b12b94deb5da000c18f37a8d7c0b641090788,73cdcc11d1c23e47664696979a9b12b94deb5da000c18f37a8d7c0b641090788,M4,M4.01,CHECK_SCHEDULE_PROVENANCE_LINK|CHECK_SCHEDULE_LIFECYCLE_LINK|CHECK_SOLVER_SCHEDULE_LINK|CHECK_PLAN_DELTA_RECOMPUTATION,CHECK_SCHEDULE_PROVENANCE_LINK|CHECK_SCHEDULE_LIFECYCLE_LINK|CHECK_SOLVER_SCHEDULE_LINK|CHECK_PLAN_DELTA_RECOMPUTATION,EXPECTED_DETECTOR_MATCH,DETECTED_AS_PREREGISTERED,FAIL,PASS,FAIL,FAIL:CHECK_SCHEDULE_PROVENANCE_LINK,,436
AEI_P3_FORMAL_20260826T034308Z_9b5f3c2bdfbe,1,M4.01:7dc2cc636acd7eeb3db7367222360894cac918d6adca467d2f7a79960bbe8b1c,7dc2cc636acd7eeb3db7367222360894cac918d6adca467d2f7a79960bbe8b1c,M4,M4.01,CHECK_SCHEDULE_PROVENANCE_LINK|CHECK_SCHEDULE_LIFECYCLE_LINK|CHECK_SOLVER_SCHEDULE_LINK|CHECK_PLAN_DELTA_RECOMPUTATION,CHECK_SCHEDULE_PROVENANCE_LINK|CHECK_SCHEDULE_LIFECYCLE_LINK|CHECK_SOLVER_SCHEDULE_LINK|CHECK_PLAN_DELTA_RECOMPUTATION,EXPECTED_DETECTOR_MATCH,DETECTED_AS_PREREGISTERED,FAIL,PASS,FAIL,FAIL:CHECK_SCHEDULE_PROVENANCE_LINK,,437
AEI_P3_FORMAL_20260826T034308Z_9b5f3c2bdfbe,1,M4.01:8c60197386a54af6d06cac0996c81cbca4971ac83984afcf2a52fa27a5bb1b42,8c60197386a54af6d06cac0996c81cbca4971ac83984afcf2a52fa27a5bb1b42,M4,M4.01,CHECK_SCHEDULE_PROVENANCE_LINK|CHECK_SCHEDULE_LIFECYCLE_LINK|CHECK_SOLVER_SCHEDULE_LINK|CHECK_PLAN_DELTA_RECOMPUTATION,CHECK_SCHEDULE_PROVENANCE_LINK|CHECK_SCHEDULE_LIFECYCLE_LINK|CHECK_SOLVER_SCHEDULE_LINK|CHECK_PLAN_DELTA_RECOMPUTATION,EXPECTED_DETECTOR_MATCH,DETECTED_AS_PREREGISTERED,FAIL,PASS,FAIL,FAIL:CHECK_SCHEDULE_PROVENANCE_LINK,,438
AEI_P3_FORMAL_20260826T034308Z_9b5f3c2bdfbe,1,M4.01:8e3a1df6f55a6d53d21fd63c9dcda45cee6d1576c4989d45b40828d31e6d7281,8e3a1df6f55a6d53d21fd63c9dcda45cee6d1576c4989d45b40828d31e6d7281,M4,M4.01,CHECK_SCHEDULE_PROVENANCE_LINK|CHECK_SCHEDULE_LIFECYCLE_LINK|CHECK_SOLVER_SCHEDULE_LINK|CHECK_PLAN_DELTA_RECOMPUTATION,CHECK_SCHEDULE_PROVENANCE_LINK|CHECK_SCHEDULE_LIFECYCLE_LINK|CHECK_SOLVER_SCHEDULE_LINK|CHECK_PLAN_DELTA_RECOMPUTATION,EXPECTED_DETECTOR_MATCH,DETECTED_AS_PREREGISTERED,FAIL,PASS,FAIL,FAIL:CHECK_SCHEDULE_PROVENANCE_LINK,,439
AEI_P3_FORMAL_20260826T034308Z_9b5f3c2bdfbe,1,M4.01:97eb8ea8dfec0a163a4b54e1179247553055627de3df3d7a40c8879cacc64800,97eb8ea8dfec0a163a4b54e1179247553055627de3df3d7a40c8879cacc64800,M4,M4.01,CHECK_SCHEDULE_PROVENANCE_LINK|CHECK_SCHEDULE_LIFECYCLE_LINK|CHECK_SOLVER_SCHEDULE_LINK|CHECK_PLAN_DELTA_RECOMPUTATION,CHECK_SCHEDULE_PROVENANCE_LINK|CHECK_SCHEDULE_LIFECYCLE_LINK|CHECK_SOLVER_SCHEDULE_LINK|CHECK_PLAN_DELTA_RECOMPUTATION,EXPECTED_DETECTOR_MATCH,DETECTED_AS_PREREGISTERED,FAIL,PASS,FAIL,FAIL:CHECK_SCHEDULE_PROVENANCE_LINK,,440
AEI_P3_FORMAL_20260826T034308Z_9b5f3c2bdfbe,1,M4.01:9827288498c6ff63f3f7ec6f3bb833b53ac1c3cbaf59021addc82b6a8c08bae2,9827288498c6ff63f3f7ec6f3bb833b53ac1c3cbaf59021addc82b6a8c08bae2,M4,M4.01,CHECK_SCHEDULE_PROVENANCE_LINK|CHECK_SCHEDULE_LIFECYCLE_LINK|CHECK_SOLVER_SCHEDULE_LINK|CHECK_PLAN_DELTA_RECOMPUTATION,CHECK_SCHEDULE_PROVENANCE_LINK|CHECK_SCHEDULE_LIFECYCLE_LINK|CHECK_SOLVER_SCHEDULE_LINK|CHECK_PLAN_DELTA_RECOMPUTATION,EXPECTED_DETECTOR_MATCH,DETECTED_AS_PREREGISTERED,FAIL,PASS,FAIL,FAIL:CHECK_SCHEDULE_PROVENANCE_LINK,,441
AEI_P3_FORMAL_20260826T034308Z_9b5f3c2bdfbe,1,M4.01:9f7906189c782cba7c3a4cc9cb8785764c8ad3fb1e637423a7a310d6c438feb5,9f7906189c782cba7c3a4cc9cb8785764c8ad3fb1e637423a7a310d6c438feb5,M4,M4.01,CHECK_SCHEDULE_PROVENANCE_LINK|CHECK_SCHEDULE_LIFECYCLE_LINK|CHECK_SOLVER_SCHEDULE_LINK|CHECK_PLAN_DELTA_RECOMPUTATION,CHECK_SCHEDULE_PROVENANCE_LINK|CHECK_SCHEDULE_LIFECYCLE_LINK|CHECK_SOLVER_SCHEDULE_LINK|CHECK_PLAN_DELTA_RECOMPUTATION,EXPECTED_DETECTOR_MATCH,DETECTED_AS_PREREGISTERED,FAIL,PASS,FAIL,FAIL:CHECK_SCHEDULE_PROVENANCE_LINK,,442
AEI_P3_FORMAL_20260826T034308Z_9b5f3c2bdfbe,1,M4.01:aa5b4ee1688c71f1a3932cd7d9b629a08e31ef09728f3280c98c7636eecfb8d3,aa5b4ee1688c71f1a3932cd7d9b629a08e31ef09728f3280c98c7636eecfb8d3,M4,M4.01,CHECK_SCHEDULE_PROVENANCE_LINK|CHECK_SCHEDULE_LIFECYCLE_LINK|CHECK_SOLVER_SCHEDULE_LINK|CHECK_PLAN_DELTA_RECOMPUTATION,CHECK_SCHEDULE_PROVENANCE_LINK|CHECK_SCHEDULE_LIFECYCLE_LINK|CHECK_SOLVER_SCHEDULE_LINK|CHECK_PLAN_DELTA_RECOMPUTATION,EXPECTED_DETECTOR_MATCH,DETECTED_AS_PREREGISTERED,FAIL,PASS,FAIL,FAIL:CHECK_SCHEDULE_PROVENANCE_LINK,,443
AEI_P3_FORMAL_20260826T034308Z_9b5f3c2bdfbe,1,M4.01:aad646b14392b632d658225dedb7d3953424ab9ab19ebafdc67bd9a7f02eb50b,aad646b14392b632d658225dedb7d3953424ab9ab19ebafdc67bd9a7f02eb50b,M4,M4.01,CHECK_SCHEDULE_PROVENANCE_LINK|CHECK_SCHEDULE_LIFECYCLE_LINK|CHECK_SOLVER_SCHEDULE_LINK|CHECK_PLAN_DELTA_RECOMPUTATION,CHECK_SCHEDULE_PROVENANCE_LINK|CHECK_SCHEDULE_LIFECYCLE_LINK|CHECK_SOLVER_SCHEDULE_LINK|CHECK_PLAN_DELTA_RECOMPUTATION,EXPECTED_DETECTOR_MATCH,DETECTED_AS_PREREGISTERED,FAIL,PASS,FAIL,FAIL:CHECK_SCHEDULE_PROVENANCE_LINK,,444
AEI_P3_FORMAL_20260826T034308Z_9b5f3c2bdfbe,1,M4.01:abc8d6ba26b9728a25ebd17f4066aa5421f54fde1c1ef630cc33cb308c0fb8e5,abc8d6ba26b9728a25ebd17f4066aa5421f54fde1c1ef630cc33cb308c0fb8e5,M4,M4.01,CHECK_SCHEDULE_PROVENANCE_LINK|CHECK_SCHEDULE_LIFECYCLE_LINK|CHECK_SOLVER_SCHEDULE_LINK|CHECK_PLAN_DELTA_RECOMPUTATION,CHECK_SCHEDULE_PROVENANCE_LINK|CHECK_SCHEDULE_LIFECYCLE_LINK|CHECK_SOLVER_SCHEDULE_LINK|CHECK_PLAN_DELTA_RECOMPUTATION,EXPECTED_DETECTOR_MATCH,DETECTED_AS_PREREGISTERED,FAIL,PASS,FAIL,FAIL:CHECK_SCHEDULE_PROVENANCE_LINK,,445
AEI_P3_FORMAL_20260826T034308Z_9b5f3c2bdfbe,1,M4.01:b0f01f4c7ca822555039b9267d8985edbeb149abc0a710d6583cea634584f862,b0f01f4c7ca822555039b9267d8985edbeb149abc0a710d6583cea634584f862,M4,M4.01,CHECK_SCHEDULE_PROVENANCE_LINK|CHECK_SCHEDULE_LIFECYCLE_LINK|CHECK_SOLVER_SCHEDULE_LINK|CHECK_PLAN_DELTA_RECOMPUTATION,CHECK_SCHEDULE_PROVENANCE_LINK|CHECK_SCHEDULE_LIFECYCLE_LINK|CHECK_SOLVER_SCHEDULE_LINK|CHECK_PLAN_DELTA_RECOMPUTATION,EXPECTED_DETECTOR_MATCH,DETECTED_AS_PREREGISTERED,FAIL,PASS,FAIL,FAIL:CHECK_SCHEDULE_PROVENANCE_LINK,,446
AEI_P3_FORMAL_20260826T034308Z_9b5f3c2bdfbe,1,M4.01:b31f9c5cbf923f188771558357941c1a7d6a71089f67793c620cf7034a070eb2,b31f9c5cbf923f188771558357941c1a7d6a71089f67793c620cf7034a070eb2,M4,M4.01,CHECK_SCHEDULE_PROVENANCE_LINK|CHECK_SCHEDULE_LIFECYCLE_LINK|CHECK_SOLVER_SCHEDULE_LINK|CHECK_PLAN_DELTA_RECOMPUTATION,CHECK_SCHEDULE_PROVENANCE_LINK|CHECK_SCHEDULE_LIFECYCLE_LINK|CHECK_SOLVER_SCHEDULE_LINK|CHECK_PLAN_DELTA_RECOMPUTATION,EXPECTED_DETECTOR_MATCH,DETECTED_AS_PREREGISTERED,FAIL,PASS,FAIL,FAIL:CHECK_SCHEDULE_PROVENANCE_LINK,,447
AEI_P3_FORMAL_20260826T034308Z_9b5f3c2bdfbe,1,M4.01:b5c400c27e6dbb1cc8466c5ce68e1530b6d984599f3c01c36496b49b586ff5e3,b5c400c27e6dbb1cc8466c5ce68e1530b6d984599f3c01c36496b49b586ff5e3,M4,M4.01,CHECK_SCHEDULE_PROVENANCE_LINK|CHECK_SCHEDULE_LIFECYCLE_LINK|CHECK_SOLVER_SCHEDULE_LINK|CHECK_PLAN_DELTA_RECOMPUTATION,CHECK_SCHEDULE_PROVENANCE_LINK|CHECK_SCHEDULE_LIFECYCLE_LINK|CHECK_SOLVER_SCHEDULE_LINK|CHECK_PLAN_DELTA_RECOMPUTATION,EXPECTED_DETECTOR_MATCH,DETECTED_AS_PREREGISTERED,FAIL,PASS,FAIL,FAIL:CHECK_SCHEDULE_PROVENANCE_LINK,,448
AEI_P3_FORMAL_20260826T034308Z_9b5f3c2bdfbe,1,M4.01:bb3f15222034bdf87b9be499b27f859fe778b781693fd54677f83bd7531f0680,bb3f15222034bdf87b9be499b27f859fe778b781693fd54677f83bd7531f0680,M4,M4.01,CHECK_SCHEDULE_PROVENANCE_LINK|CHECK_SCHEDULE_LIFECYCLE_LINK|CHECK_SOLVER_SCHEDULE_LINK|CHECK_PLAN_DELTA_RECOMPUTATION,CHECK_SCHEDULE_PROVENANCE_LINK|CHECK_SCHEDULE_LIFECYCLE_LINK|CHECK_SOLVER_SCHEDULE_LINK|CHECK_PLAN_DELTA_RECOMPUTATION,EXPECTED_DETECTOR_MATCH,DETECTED_AS_PREREGISTERED,FAIL,PASS,FAIL,FAIL:CHECK_SCHEDULE_PROVENANCE_LINK,,449
AEI_P3_FORMAL_20260826T034308Z_9b5f3c2bdfbe,1,M4.01:ce18361670bfbcde2f3ff22167187aecef9164dedbf1198bc7563c147804780e,ce18361670bfbcde2f3ff22167187aecef9164dedbf1198bc7563c147804780e,M4,M4.01,CHECK_SCHEDULE_PROVENANCE_LINK|CHECK_SCHEDULE_LIFECYCLE_LINK|CHECK_SOLVER_SCHEDULE_LINK|CHECK_PLAN_DELTA_RECOMPUTATION,CHECK_SCHEDULE_PROVENANCE_LINK|CHECK_SCHEDULE_LIFECYCLE_LINK|CHECK_SOLVER_SCHEDULE_LINK|CHECK_PLAN_DELTA_RECOMPUTATION,EXPECTED_DETECTOR_MATCH,DETECTED_AS_PREREGISTERED,FAIL,PASS,FAIL,FAIL:CHECK_SCHEDULE_PROVENANCE_LINK,,450
AEI_P3_FORMAL_20260826T034308Z_9b5f3c2bdfbe,1,M4.01:ceae66508816dc9f5458c925c89f155658e6c78710a8753d337ac385481cc1bf,ceae66508816dc9f5458c925c89f155658e6c78710a8753d337ac385481cc1bf,M4,M4.01,CHECK_SCHEDULE_PROVENANCE_LINK|CHECK_SCHEDULE_LIFECYCLE_LINK|CHECK_SOLVER_SCHEDULE_LINK|CHECK_PLAN_DELTA_RECOMPUTATION,CHECK_SCHEDULE_PROVENANCE_LINK|CHECK_SCHEDULE_LIFECYCLE_LINK|CHECK_SOLVER_SCHEDULE_LINK|CHECK_PLAN_DELTA_RECOMPUTATION,EXPECTED_DETECTOR_MATCH,DETECTED_AS_PREREGISTERED,FAIL,PASS,FAIL,FAIL:CHECK_SCHEDULE_PROVENANCE_LINK,,451
AEI_P3_FORMAL_20260826T034308Z_9b5f3c2bdfbe,1,M4.01:d093d52f24139c1b6fb09b775beedd000f1a7b3716df906d7d36e91e7e848265,d093d52f24139c1b6fb09b775beedd000f1a7b3716df906d7d36e91e7e848265,M4,M4.01,CHECK_SCHEDULE_PROVENANCE_LINK|CHECK_SCHEDULE_LIFECYCLE_LINK|CHECK_SOLVER_SCHEDULE_LINK|CHECK_PLAN_DELTA_RECOMPUTATION,CHECK_SCHEDULE_PROVENANCE_LINK|CHECK_SCHEDULE_LIFECYCLE_LINK|CHECK_SOLVER_SCHEDULE_LINK|CHECK_PLAN_DELTA_RECOMPUTATION,EXPECTED_DETECTOR_MATCH,DETECTED_AS_PREREGISTERED,FAIL,PASS,FAIL,FAIL:CHECK_SCHEDULE_PROVENANCE_LINK,,452
AEI_P3_FORMAL_20260826T034308Z_9b5f3c2bdfbe,1,M4.01:d4b957654a5efd71168d6f7e67936e6abf4666ceb41e7919635002157b125411,d4b957654a5efd71168d6f7e67936e6abf4666ceb41e7919635002157b125411,M4,M4.01,CHECK_SCHEDULE_PROVENANCE_LINK|CHECK_SCHEDULE_LIFECYCLE_LINK|CHECK_SOLVER_SCHEDULE_LINK|CHECK_PLAN_DELTA_RECOMPUTATION,CHECK_SCHEDULE_PROVENANCE_LINK|CHECK_SCHEDULE_LIFECYCLE_LINK|CHECK_SOLVER_SCHEDULE_LINK|CHECK_PLAN_DELTA_RECOMPUTATION,EXPECTED_DETECTOR_MATCH,DETECTED_AS_PREREGISTERED,FAIL,PASS,FAIL,FAIL:CHECK_SCHEDULE_PROVENANCE_LINK,,453
AEI_P3_FORMAL_20260826T034308Z_9b5f3c2bdfbe,1,M4.01:d598e89b357205c7b4bd47c5ebbe933f8be1f7c8dcdee85e66ec6829cafb91d3,d598e89b357205c7b4bd47c5ebbe933f8be1f7c8dcdee85e66ec6829cafb91d3,M4,M4.01,CHECK_SCHEDULE_PROVENANCE_LINK|CHECK_SCHEDULE_LIFECYCLE_LINK|CHECK_SOLVER_SCHEDULE_LINK|CHECK_PLAN_DELTA_RECOMPUTATION,CHECK_SCHEDULE_PROVENANCE_LINK|CHECK_SCHEDULE_LIFECYCLE_LINK|CHECK_SOLVER_SCHEDULE_LINK|CHECK_PLAN_DELTA_RECOMPUTATION,EXPECTED_DETECTOR_MATCH,DETECTED_AS_PREREGISTERED,FAIL,PASS,FAIL,FAIL:CHECK_SCHEDULE_PROVENANCE_LINK,,454
AEI_P3_FORMAL_20260826T034308Z_9b5f3c2bdfbe,1,M4.01:eb3670bbe434a59cc94347384a5d50fb526d26a00dbf6da73e54438c4bacc2a0,eb3670bbe434a59cc94347384a5d50fb526d26a00dbf6da73e54438c4bacc2a0,M4,M4.01,CHECK_SCHEDULE_PROVENANCE_LINK|CHECK_SCHEDULE_LIFECYCLE_LINK|CHECK_SOLVER_SCHEDULE_LINK|CHECK_PLAN_DELTA_RECOMPUTATION,CHECK_SCHEDULE_PROVENANCE_LINK|CHECK_SCHEDULE_LIFECYCLE_LINK|CHECK_SOLVER_SCHEDULE_LINK|CHECK_PLAN_DELTA_RECOMPUTATION,EXPECTED_DETECTOR_MATCH,DETECTED_AS_PREREGISTERED,FAIL,PASS,FAIL,FAIL:CHECK_SCHEDULE_PROVENANCE_LINK,,455
AEI_P3_FORMAL_20260826T034308Z_9b5f3c2bdfbe,1,M4.01:f1e5fc58ea336e13c098308a2da00dee7de3dd3aa08d6170df4a3cb1afd09795,f1e5fc58ea336e13c098308a2da00dee7de3dd3aa08d6170df4a3cb1afd09795,M4,M4.01,CHECK_SCHEDULE_PROVENANCE_LINK|CHECK_SCHEDULE_LIFECYCLE_LINK|CHECK_SOLVER_SCHEDULE_LINK|CHECK_PLAN_DELTA_RECOMPUTATION,CHECK_SCHEDULE_PROVENANCE_LINK|CHECK_SCHEDULE_LIFECYCLE_LINK|CHECK_SOLVER_SCHEDULE_LINK|CHECK_PLAN_DELTA_RECOMPUTATION,EXPECTED_DETECTOR_MATCH,DETECTED_AS_PREREGISTERED,FAIL,PASS,FAIL,FAIL:CHECK_SCHEDULE_PROVENANCE_LINK,,456
AEI_P3_FORMAL_20260826T034308Z_9b5f3c2bdfbe,1,M4.01:f583baa2dad1527b5f84f71805410ee51b78fce2b1be62de49f1636c06821c7b,f583baa2dad1527b5f84f71805410ee51b78fce2b1be62de49f1636c06821c7b,M4,M4.01,CHECK_SCHEDULE_PROVENANCE_LINK|CHECK_SCHEDULE_LIFECYCLE_LINK|CHECK_SOLVER_SCHEDULE_LINK|CHECK_PLAN_DELTA_RECOMPUTATION,CHECK_SCHEDULE_PROVENANCE_LINK|CHECK_SCHEDULE_LIFECYCLE_LINK|CHECK_SOLVER_SCHEDULE_LINK|CHECK_PLAN_DELTA_RECOMPUTATION,EXPECTED_DETECTOR_MATCH,DETECTED_AS_PREREGISTERED,FAIL,PASS,FAIL,FAIL:CHECK_SCHEDULE_PROVENANCE_LINK,,457
AEI_P3_FORMAL_20260826T034308Z_9b5f3c2bdfbe,1,M4.01:f64f55ad9277004ae441909cd6556d26eeaf73d3eb3c537384be703615149f96,f64f55ad9277004ae441909cd6556d26eeaf73d3eb3c537384be703615149f96,M4,M4.01,CHECK_SCHEDULE_PROVENANCE_LINK|CHECK_SCHEDULE_LIFECYCLE_LINK|CHECK_SOLVER_SCHEDULE_LINK|CHECK_PLAN_DELTA_RECOMPUTATION,CHECK_SCHEDULE_PROVENANCE_LINK|CHECK_SCHEDULE_LIFECYCLE_LINK|CHECK_SOLVER_SCHEDULE_LINK|CHECK_PLAN_DELTA_RECOMPUTATION,EXPECTED_DETECTOR_MATCH,DETECTED_AS_PREREGISTERED,FAIL,PASS,FAIL,FAIL:CHECK_SCHEDULE_PROVENANCE_LINK,,458
AEI_P3_FORMAL_20260826T034308Z_9b5f3c2bdfbe,1,M4.01:f80e8a50e0815fda9eef8635e52671f3888786c4daef5767b8da7b74e4311646,f80e8a50e0815fda9eef8635e52671f3888786c4daef5767b8da7b74e4311646,M4,M4.01,CHECK_SCHEDULE_PROVENANCE_LINK|CHECK_SCHEDULE_LIFECYCLE_LINK|CHECK_SOLVER_SCHEDULE_LINK|CHECK_PLAN_DELTA_RECOMPUTATION,CHECK_SCHEDULE_PROVENANCE_LINK|CHECK_SCHEDULE_LIFECYCLE_LINK|CHECK_SOLVER_SCHEDULE_LINK|CHECK_PLAN_DELTA_RECOMPUTATION,EXPECTED_DETECTOR_MATCH,DETECTED_AS_PREREGISTERED,FAIL,PASS,FAIL,FAIL:CHECK_SCHEDULE_PROVENANCE_LINK,,459
AEI_P3_FORMAL_20260826T034308Z_9b5f3c2bdfbe,1,M4.01:f9ade00b139ce33674b05d1766de3ec85779abfd83f893a7b2437817100901d9,f9ade00b139ce33674b05d1766de3ec85779abfd83f893a7b2437817100901d9,M4,M4.01,CHECK_SCHEDULE_PROVENANCE_LINK|CHECK_SCHEDULE_LIFECYCLE_LINK|CHECK_SOLVER_SCHEDULE_LINK|CHECK_PLAN_DELTA_RECOMPUTATION,CHECK_SCHEDULE_PROVENANCE_LINK|CHECK_SCHEDULE_LIFECYCLE_LINK|CHECK_SOLVER_SCHEDULE_LINK|CHECK_PLAN_DELTA_RECOMPUTATION,EXPECTED_DETECTOR_MATCH,DETECTED_AS_PREREGISTERED,FAIL,PASS,FAIL,FAIL:CHECK_SCHEDULE_PROVENANCE_LINK,,460
AEI_P3_FORMAL_20260826T034308Z_9b5f3c2bdfbe,1,M4.01:feb26c8ce25b99d6b090e07fca86c8e2dbf3ff2d6b891634c4c71b179329ab47,feb26c8ce25b99d6b090e07fca86c8e2dbf3ff2d6b891634c4c71b179329ab47,M4,M4.01,CHECK_SCHEDULE_PROVENANCE_LINK|CHECK_SCHEDULE_LIFECYCLE_LINK|CHECK_SOLVER_SCHEDULE_LINK|CHECK_PLAN_DELTA_RECOMPUTATION,CHECK_SCHEDULE_PROVENANCE_LINK|CHECK_SCHEDULE_LIFECYCLE_LINK|CHECK_SOLVER_SCHEDULE_LINK|CHECK_PLAN_DELTA_RECOMPUTATION,EXPECTED_DETECTOR_MATCH,DETECTED_AS_PREREGISTERED,FAIL,PASS,FAIL,FAIL:CHECK_SCHEDULE_PROVENANCE_LINK,,461
AEI_P3_FORMAL_20260826T034308Z_9b5f3c2bdfbe,1,M5.01:052b2dfeb855619b4e74c70e7155e5699a6aebc572c887f1432462ecf4afce6b,052b2dfeb855619b4e74c70e7155e5699a6aebc572c887f1432462ecf4afce6b,M5,M5.01,CHECK_PARENT_SCHEDULE_HASH,CHECK_PARENT_SCHEDULE_HASH,EXPECTED_DETECTOR_MATCH,DETECTED_AS_PREREGISTERED,FAIL,PASS,FAIL,FAIL:CHECK_PARENT_SCHEDULE_HASH,,462
AEI_P3_FORMAL_20260826T034308Z_9b5f3c2bdfbe,1,M5.01:0edc936e36dbd00367c35ec096b127c69211776f53ead8d7b9619a78d9b3beb5,0edc936e36dbd00367c35ec096b127c69211776f53ead8d7b9619a78d9b3beb5,M5,M5.01,CHECK_PARENT_SCHEDULE_HASH,CHECK_PARENT_SCHEDULE_HASH,EXPECTED_DETECTOR_MATCH,DETECTED_AS_PREREGISTERED,FAIL,PASS,FAIL,FAIL:CHECK_PARENT_SCHEDULE_HASH,,463
AEI_P3_FORMAL_20260826T034308Z_9b5f3c2bdfbe,1,M5.01:19993579c580ecb799e1ce158990340e547863ae75c4be153b97908cb5cd08a2,19993579c580ecb799e1ce158990340e547863ae75c4be153b97908cb5cd08a2,M5,M5.01,CHECK_PARENT_SCHEDULE_HASH,CHECK_PARENT_SCHEDULE_HASH,EXPECTED_DETECTOR_MATCH,DETECTED_AS_PREREGISTERED,FAIL,PASS,FAIL,FAIL:CHECK_PARENT_SCHEDULE_HASH,,464
AEI_P3_FORMAL_20260826T034308Z_9b5f3c2bdfbe,1,M5.01:1bb3dc3f26212de23def1f2ca0d598d344fea56b8a73247e2f6390ebea07946d,1bb3dc3f26212de23def1f2ca0d598d344fea56b8a73247e2f6390ebea07946d,M5,M5.01,CHECK_PARENT_SCHEDULE_HASH,CHECK_PARENT_SCHEDULE_HASH,EXPECTED_DETECTOR_MATCH,DETECTED_AS_PREREGISTERED,FAIL,PASS,FAIL,FAIL:CHECK_PARENT_SCHEDULE_HASH,,465
AEI_P3_FORMAL_20260826T034308Z_9b5f3c2bdfbe,1,M5.01:2443e5a3d32298289c0b98d2a7d3a03cbf4194a7adecf97293b0ac348944ba9e,2443e5a3d32298289c0b98d2a7d3a03cbf4194a7adecf97293b0ac348944ba9e,M5,M5.01,CHECK_PARENT_SCHEDULE_HASH,CHECK_PARENT_SCHEDULE_HASH,EXPECTED_DETECTOR_MATCH,DETECTED_AS_PREREGISTERED,FAIL,PASS,FAIL,FAIL:CHECK_PARENT_SCHEDULE_HASH,,466
AEI_P3_FORMAL_20260826T034308Z_9b5f3c2bdfbe,1,M5.01:245cb7ed72fd0a10da80157bd648a7ae9e8bd9ef722909fe778d274715ad67b3,245cb7ed72fd0a10da80157bd648a7ae9e8bd9ef722909fe778d274715ad67b3,M5,M5.01,CHECK_PARENT_SCHEDULE_HASH,CHECK_PARENT_SCHEDULE_HASH,EXPECTED_DETECTOR_MATCH,DETECTED_AS_PREREGISTERED,FAIL,PASS,FAIL,FAIL:CHECK_PARENT_SCHEDULE_HASH,,467
AEI_P3_FORMAL_20260826T034308Z_9b5f3c2bdfbe,1,M5.01:268469c82535bf1ba82a82324d755f40ad8bc7255c875b8e25c2d7943cff1ff3,268469c82535bf1ba82a82324d755f40ad8bc7255c875b8e25c2d7943cff1ff3,M5,M5.01,CHECK_PARENT_SCHEDULE_HASH,CHECK_PARENT_SCHEDULE_HASH,EXPECTED_DETECTOR_MATCH,DETECTED_AS_PREREGISTERED,FAIL,PASS,FAIL,FAIL:CHECK_PARENT_SCHEDULE_HASH,,468
AEI_P3_FORMAL_20260826T034308Z_9b5f3c2bdfbe,1,M5.01:2908e9ba69598735be8757d9b153473f5bacec1feb89ecff91ce994824a10178,2908e9ba69598735be8757d9b153473f5bacec1feb89ecff91ce994824a10178,M5,M5.01,CHECK_PARENT_SCHEDULE_HASH,CHECK_PARENT_SCHEDULE_HASH,EXPECTED_DETECTOR_MATCH,DETECTED_AS_PREREGISTERED,FAIL,PASS,FAIL,FAIL:CHECK_PARENT_SCHEDULE_HASH,,469
AEI_P3_FORMAL_20260826T034308Z_9b5f3c2bdfbe,1,M5.01:474b6ef7aac2feb7cb9195d7d3644f0d53d378eb4518ef87a9a2f7714d8ef3d5,474b6ef7aac2feb7cb9195d7d3644f0d53d378eb4518ef87a9a2f7714d8ef3d5,M5,M5.01,CHECK_PARENT_SCHEDULE_HASH,CHECK_PARENT_SCHEDULE_HASH,EXPECTED_DETECTOR_MATCH,DETECTED_AS_PREREGISTERED,FAIL,PASS,FAIL,FAIL:CHECK_PARENT_SCHEDULE_HASH,,470
AEI_P3_FORMAL_20260826T034308Z_9b5f3c2bdfbe,1,M5.01:4fafb9a13ff5e2fda82a804bf609727b68a17926d69ae1574c4801604ec81359,4fafb9a13ff5e2fda82a804bf609727b68a17926d69ae1574c4801604ec81359,M5,M5.01,CHECK_PARENT_SCHEDULE_HASH,CHECK_PARENT_SCHEDULE_HASH,EXPECTED_DETECTOR_MATCH,DETECTED_AS_PREREGISTERED,FAIL,PASS,FAIL,FAIL:CHECK_PARENT_SCHEDULE_HASH,,471
AEI_P3_FORMAL_20260826T034308Z_9b5f3c2bdfbe,1,M5.01:54349d927b9070c144f507868f9ef8b962c7c926426b33c3a7e0c88f715b246a,54349d927b9070c144f507868f9ef8b962c7c926426b33c3a7e0c88f715b246a,M5,M5.01,CHECK_PARENT_SCHEDULE_HASH,CHECK_PARENT_SCHEDULE_HASH,EXPECTED_DETECTOR_MATCH,DETECTED_AS_PREREGISTERED,FAIL,PASS,FAIL,FAIL:CHECK_PARENT_SCHEDULE_HASH,,472
AEI_P3_FORMAL_20260826T034308Z_9b5f3c2bdfbe,1,M5.01:558b8365de15727bf495595ed539867872c185b280ea249712f3b1d5f8674cd5,558b8365de15727bf495595ed539867872c185b280ea249712f3b1d5f8674cd5,M5,M5.01,CHECK_PARENT_SCHEDULE_HASH,CHECK_PARENT_SCHEDULE_HASH,EXPECTED_DETECTOR_MATCH,DETECTED_AS_PREREGISTERED,FAIL,PASS,FAIL,FAIL:CHECK_PARENT_SCHEDULE_HASH,,473
AEI_P3_FORMAL_20260826T034308Z_9b5f3c2bdfbe,1,M5.01:5ecccd77f46ab5549088b57686632a9eb5ccf1a5a977fbe35cfae6a50eca52bb,5ecccd77f46ab5549088b57686632a9eb5ccf1a5a977fbe35cfae6a50eca52bb,M5,M5.01,CHECK_PARENT_SCHEDULE_HASH,CHECK_PARENT_SCHEDULE_HASH,EXPECTED_DETECTOR_MATCH,DETECTED_AS_PREREGISTERED,FAIL,PASS,FAIL,FAIL:CHECK_PARENT_SCHEDULE_HASH,,474
AEI_P3_FORMAL_20260826T034308Z_9b5f3c2bdfbe,1,M5.01:5f24b2bbe16d5c8f667064d5031553e1dd9c4d9dbb7e0757cb922d9ba47928d5,5f24b2bbe16d5c8f667064d5031553e1dd9c4d9dbb7e0757cb922d9ba47928d5,M5,M5.01,CHECK_PARENT_SCHEDULE_HASH,CHECK_PARENT_SCHEDULE_HASH,EXPECTED_DETECTOR_MATCH,DETECTED_AS_PREREGISTERED,FAIL,PASS,FAIL,FAIL:CHECK_PARENT_SCHEDULE_HASH,,475
AEI_P3_FORMAL_20260826T034308Z_9b5f3c2bdfbe,1,M5.01:61f77c0251bcd2bbb51e6bff7e048bfcda7139b4e796314d32b47961ac3b5c1b,61f77c0251bcd2bbb51e6bff7e048bfcda7139b4e796314d32b47961ac3b5c1b,M5,M5.01,CHECK_PARENT_SCHEDULE_HASH,CHECK_PARENT_SCHEDULE_HASH,EXPECTED_DETECTOR_MATCH,DETECTED_AS_PREREGISTERED,FAIL,PASS,FAIL,FAIL:CHECK_PARENT_SCHEDULE_HASH,,476
AEI_P3_FORMAL_20260826T034308Z_9b5f3c2bdfbe,1,M5.01:634f3d08fd93ba622176ea6c9ff7ff1fb9d57a9b14f936f27d1460655fc20d72,634f3d08fd93ba622176ea6c9ff7ff1fb9d57a9b14f936f27d1460655fc20d72,M5,M5.01,CHECK_PARENT_SCHEDULE_HASH,CHECK_PARENT_SCHEDULE_HASH,EXPECTED_DETECTOR_MATCH,DETECTED_AS_PREREGISTERED,FAIL,PASS,FAIL,FAIL:CHECK_PARENT_SCHEDULE_HASH,,477
AEI_P3_FORMAL_20260826T034308Z_9b5f3c2bdfbe,1,M5.01:73cdcc11d1c23e47664696979a9b12b94deb5da000c18f37a8d7c0b641090788,73cdcc11d1c23e47664696979a9b12b94deb5da000c18f37a8d7c0b641090788,M5,M5.01,CHECK_PARENT_SCHEDULE_HASH,CHECK_PARENT_SCHEDULE_HASH,EXPECTED_DETECTOR_MATCH,DETECTED_AS_PREREGISTERED,FAIL,PASS,FAIL,FAIL:CHECK_PARENT_SCHEDULE_HASH,,478
AEI_P3_FORMAL_20260826T034308Z_9b5f3c2bdfbe,1,M5.01:7dc2cc636acd7eeb3db7367222360894cac918d6adca467d2f7a79960bbe8b1c,7dc2cc636acd7eeb3db7367222360894cac918d6adca467d2f7a79960bbe8b1c,M5,M5.01,CHECK_PARENT_SCHEDULE_HASH,CHECK_PARENT_SCHEDULE_HASH,EXPECTED_DETECTOR_MATCH,DETECTED_AS_PREREGISTERED,FAIL,PASS,FAIL,FAIL:CHECK_PARENT_SCHEDULE_HASH,,479
AEI_P3_FORMAL_20260826T034308Z_9b5f3c2bdfbe,1,M5.01:8c60197386a54af6d06cac0996c81cbca4971ac83984afcf2a52fa27a5bb1b42,8c60197386a54af6d06cac0996c81cbca4971ac83984afcf2a52fa27a5bb1b42,M5,M5.01,CHECK_PARENT_SCHEDULE_HASH,CHECK_PARENT_SCHEDULE_HASH,EXPECTED_DETECTOR_MATCH,DETECTED_AS_PREREGISTERED,FAIL,PASS,FAIL,FAIL:CHECK_PARENT_SCHEDULE_HASH,,480
AEI_P3_FORMAL_20260826T034308Z_9b5f3c2bdfbe,1,M5.01:8e3a1df6f55a6d53d21fd63c9dcda45cee6d1576c4989d45b40828d31e6d7281,8e3a1df6f55a6d53d21fd63c9dcda45cee6d1576c4989d45b40828d31e6d7281,M5,M5.01,CHECK_PARENT_SCHEDULE_HASH,CHECK_PARENT_SCHEDULE_HASH,EXPECTED_DETECTOR_MATCH,DETECTED_AS_PREREGISTERED,FAIL,PASS,FAIL,FAIL:CHECK_PARENT_SCHEDULE_HASH,,481
AEI_P3_FORMAL_20260826T034308Z_9b5f3c2bdfbe,1,M5.01:97eb8ea8dfec0a163a4b54e1179247553055627de3df3d7a40c8879cacc64800,97eb8ea8dfec0a163a4b54e1179247553055627de3df3d7a40c8879cacc64800,M5,M5.01,CHECK_PARENT_SCHEDULE_HASH,CHECK_PARENT_SCHEDULE_HASH,EXPECTED_DETECTOR_MATCH,DETECTED_AS_PREREGISTERED,FAIL,PASS,FAIL,FAIL:CHECK_PARENT_SCHEDULE_HASH,,482
AEI_P3_FORMAL_20260826T034308Z_9b5f3c2bdfbe,1,M5.01:9827288498c6ff63f3f7ec6f3bb833b53ac1c3cbaf59021addc82b6a8c08bae2,9827288498c6ff63f3f7ec6f3bb833b53ac1c3cbaf59021addc82b6a8c08bae2,M5,M5.01,CHECK_PARENT_SCHEDULE_HASH,CHECK_PARENT_SCHEDULE_HASH,EXPECTED_DETECTOR_MATCH,DETECTED_AS_PREREGISTERED,FAIL,PASS,FAIL,FAIL:CHECK_PARENT_SCHEDULE_HASH,,483
AEI_P3_FORMAL_20260826T034308Z_9b5f3c2bdfbe,1,M5.01:9f7906189c782cba7c3a4cc9cb8785764c8ad3fb1e637423a7a310d6c438feb5,9f7906189c782cba7c3a4cc9cb8785764c8ad3fb1e637423a7a310d6c438feb5,M5,M5.01,CHECK_PARENT_SCHEDULE_HASH,CHECK_PARENT_SCHEDULE_HASH,EXPECTED_DETECTOR_MATCH,DETECTED_AS_PREREGISTERED,FAIL,PASS,FAIL,FAIL:CHECK_PARENT_SCHEDULE_HASH,,484
AEI_P3_FORMAL_20260826T034308Z_9b5f3c2bdfbe,1,M5.01:aa5b4ee1688c71f1a3932cd7d9b629a08e31ef09728f3280c98c7636eecfb8d3,aa5b4ee1688c71f1a3932cd7d9b629a08e31ef09728f3280c98c7636eecfb8d3,M5,M5.01,CHECK_PARENT_SCHEDULE_HASH,CHECK_PARENT_SCHEDULE_HASH,EXPECTED_DETECTOR_MATCH,DETECTED_AS_PREREGISTERED,FAIL,PASS,FAIL,FAIL:CHECK_PARENT_SCHEDULE_HASH,,485
AEI_P3_FORMAL_20260826T034308Z_9b5f3c2bdfbe,1,M5.01:aad646b14392b632d658225dedb7d3953424ab9ab19ebafdc67bd9a7f02eb50b,aad646b14392b632d658225dedb7d3953424ab9ab19ebafdc67bd9a7f02eb50b,M5,M5.01,CHECK_PARENT_SCHEDULE_HASH,CHECK_PARENT_SCHEDULE_HASH,EXPECTED_DETECTOR_MATCH,DETECTED_AS_PREREGISTERED,FAIL,PASS,FAIL,FAIL:CHECK_PARENT_SCHEDULE_HASH,,486
AEI_P3_FORMAL_20260826T034308Z_9b5f3c2bdfbe,1,M5.01:abc8d6ba26b9728a25ebd17f4066aa5421f54fde1c1ef630cc33cb308c0fb8e5,abc8d6ba26b9728a25ebd17f4066aa5421f54fde1c1ef630cc33cb308c0fb8e5,M5,M5.01,CHECK_PARENT_SCHEDULE_HASH,CHECK_PARENT_SCHEDULE_HASH,EXPECTED_DETECTOR_MATCH,DETECTED_AS_PREREGISTERED,FAIL,PASS,FAIL,FAIL:CHECK_PARENT_SCHEDULE_HASH,,487
AEI_P3_FORMAL_20260826T034308Z_9b5f3c2bdfbe,1,M5.01:b0f01f4c7ca822555039b9267d8985edbeb149abc0a710d6583cea634584f862,b0f01f4c7ca822555039b9267d8985edbeb149abc0a710d6583cea634584f862,M5,M5.01,CHECK_PARENT_SCHEDULE_HASH,CHECK_PARENT_SCHEDULE_HASH,EXPECTED_DETECTOR_MATCH,DETECTED_AS_PREREGISTERED,FAIL,PASS,FAIL,FAIL:CHECK_PARENT_SCHEDULE_HASH,,488
AEI_P3_FORMAL_20260826T034308Z_9b5f3c2bdfbe,1,M5.01:b31f9c5cbf923f188771558357941c1a7d6a71089f67793c620cf7034a070eb2,b31f9c5cbf923f188771558357941c1a7d6a71089f67793c620cf7034a070eb2,M5,M5.01,CHECK_PARENT_SCHEDULE_HASH,CHECK_PARENT_SCHEDULE_HASH,EXPECTED_DETECTOR_MATCH,DETECTED_AS_PREREGISTERED,FAIL,PASS,FAIL,FAIL:CHECK_PARENT_SCHEDULE_HASH,,489
AEI_P3_FORMAL_20260826T034308Z_9b5f3c2bdfbe,1,M5.01:b5c400c27e6dbb1cc8466c5ce68e1530b6d984599f3c01c36496b49b586ff5e3,b5c400c27e6dbb1cc8466c5ce68e1530b6d984599f3c01c36496b49b586ff5e3,M5,M5.01,CHECK_PARENT_SCHEDULE_HASH,CHECK_PARENT_SCHEDULE_HASH,EXPECTED_DETECTOR_MATCH,DETECTED_AS_PREREGISTERED,FAIL,PASS,FAIL,FAIL:CHECK_PARENT_SCHEDULE_HASH,,490
AEI_P3_FORMAL_20260826T034308Z_9b5f3c2bdfbe,1,M5.01:bb3f15222034bdf87b9be499b27f859fe778b781693fd54677f83bd7531f0680,bb3f15222034bdf87b9be499b27f859fe778b781693fd54677f83bd7531f0680,M5,M5.01,CHECK_PARENT_SCHEDULE_HASH,CHECK_PARENT_SCHEDULE_HASH,EXPECTED_DETECTOR_MATCH,DETECTED_AS_PREREGISTERED,FAIL,PASS,FAIL,FAIL:CHECK_PARENT_SCHEDULE_HASH,,491
AEI_P3_FORMAL_20260826T034308Z_9b5f3c2bdfbe,1,M5.01:ce18361670bfbcde2f3ff22167187aecef9164dedbf1198bc7563c147804780e,ce18361670bfbcde2f3ff22167187aecef9164dedbf1198bc7563c147804780e,M5,M5.01,CHECK_PARENT_SCHEDULE_HASH,CHECK_PARENT_SCHEDULE_HASH,EXPECTED_DETECTOR_MATCH,DETECTED_AS_PREREGISTERED,FAIL,PASS,FAIL,FAIL:CHECK_PARENT_SCHEDULE_HASH,,492
AEI_P3_FORMAL_20260826T034308Z_9b5f3c2bdfbe,1,M5.01:ceae66508816dc9f5458c925c89f155658e6c78710a8753d337ac385481cc1bf,ceae66508816dc9f5458c925c89f155658e6c78710a8753d337ac385481cc1bf,M5,M5.01,CHECK_PARENT_SCHEDULE_HASH,CHECK_PARENT_SCHEDULE_HASH,EXPECTED_DETECTOR_MATCH,DETECTED_AS_PREREGISTERED,FAIL,PASS,FAIL,FAIL:CHECK_PARENT_SCHEDULE_HASH,,493
AEI_P3_FORMAL_20260826T034308Z_9b5f3c2bdfbe,1,M5.01:d093d52f24139c1b6fb09b775beedd000f1a7b3716df906d7d36e91e7e848265,d093d52f24139c1b6fb09b775beedd000f1a7b3716df906d7d36e91e7e848265,M5,M5.01,CHECK_PARENT_SCHEDULE_HASH,CHECK_PARENT_SCHEDULE_HASH,EXPECTED_DETECTOR_MATCH,DETECTED_AS_PREREGISTERED,FAIL,PASS,FAIL,FAIL:CHECK_PARENT_SCHEDULE_HASH,,494
AEI_P3_FORMAL_20260826T034308Z_9b5f3c2bdfbe,1,M5.01:d4b957654a5efd71168d6f7e67936e6abf4666ceb41e7919635002157b125411,d4b957654a5efd71168d6f7e67936e6abf4666ceb41e7919635002157b125411,M5,M5.01,CHECK_PARENT_SCHEDULE_HASH,CHECK_PARENT_SCHEDULE_HASH,EXPECTED_DETECTOR_MATCH,DETECTED_AS_PREREGISTERED,FAIL,PASS,FAIL,FAIL:CHECK_PARENT_SCHEDULE_HASH,,495
AEI_P3_FORMAL_20260826T034308Z_9b5f3c2bdfbe,1,M5.01:d598e89b357205c7b4bd47c5ebbe933f8be1f7c8dcdee85e66ec6829cafb91d3,d598e89b357205c7b4bd47c5ebbe933f8be1f7c8dcdee85e66ec6829cafb91d3,M5,M5.01,CHECK_PARENT_SCHEDULE_HASH,CHECK_PARENT_SCHEDULE_HASH,EXPECTED_DETECTOR_MATCH,DETECTED_AS_PREREGISTERED,FAIL,PASS,FAIL,FAIL:CHECK_PARENT_SCHEDULE_HASH,,496
AEI_P3_FORMAL_20260826T034308Z_9b5f3c2bdfbe,1,M5.01:eb3670bbe434a59cc94347384a5d50fb526d26a00dbf6da73e54438c4bacc2a0,eb3670bbe434a59cc94347384a5d50fb526d26a00dbf6da73e54438c4bacc2a0,M5,M5.01,CHECK_PARENT_SCHEDULE_HASH,CHECK_PARENT_SCHEDULE_HASH,EXPECTED_DETECTOR_MATCH,DETECTED_AS_PREREGISTERED,FAIL,PASS,FAIL,FAIL:CHECK_PARENT_SCHEDULE_HASH,,497
AEI_P3_FORMAL_20260826T034308Z_9b5f3c2bdfbe,1,M5.01:f1e5fc58ea336e13c098308a2da00dee7de3dd3aa08d6170df4a3cb1afd09795,f1e5fc58ea336e13c098308a2da00dee7de3dd3aa08d6170df4a3cb1afd09795,M5,M5.01,CHECK_PARENT_SCHEDULE_HASH,CHECK_PARENT_SCHEDULE_HASH,EXPECTED_DETECTOR_MATCH,DETECTED_AS_PREREGISTERED,FAIL,PASS,FAIL,FAIL:CHECK_PARENT_SCHEDULE_HASH,,498
AEI_P3_FORMAL_20260826T034308Z_9b5f3c2bdfbe,1,M5.01:f583baa2dad1527b5f84f71805410ee51b78fce2b1be62de49f1636c06821c7b,f583baa2dad1527b5f84f71805410ee51b78fce2b1be62de49f1636c06821c7b,M5,M5.01,CHECK_PARENT_SCHEDULE_HASH,CHECK_PARENT_SCHEDULE_HASH,EXPECTED_DETECTOR_MATCH,DETECTED_AS_PREREGISTERED,FAIL,PASS,FAIL,FAIL:CHECK_PARENT_SCHEDULE_HASH,,499
AEI_P3_FORMAL_20260826T034308Z_9b5f3c2bdfbe,1,M5.01:f64f55ad9277004ae441909cd6556d26eeaf73d3eb3c537384be703615149f96,f64f55ad9277004ae441909cd6556d26eeaf73d3eb3c537384be703615149f96,M5,M5.01,CHECK_PARENT_SCHEDULE_HASH,CHECK_PARENT_SCHEDULE_HASH,EXPECTED_DETECTOR_MATCH,DETECTED_AS_PREREGISTERED,FAIL,PASS,FAIL,FAIL:CHECK_PARENT_SCHEDULE_HASH,,500
AEI_P3_FORMAL_20260826T034308Z_9b5f3c2bdfbe,1,M5.01:f80e8a50e0815fda9eef8635e52671f3888786c4daef5767b8da7b74e4311646,f80e8a50e0815fda9eef8635e52671f3888786c4daef5767b8da7b74e4311646,M5,M5.01,CHECK_PARENT_SCHEDULE_HASH,CHECK_PARENT_SCHEDULE_HASH,EXPECTED_DETECTOR_MATCH,DETECTED_AS_PREREGISTERED,FAIL,PASS,FAIL,FAIL:CHECK_PARENT_SCHEDULE_HASH,,501
AEI_P3_FORMAL_20260826T034308Z_9b5f3c2bdfbe,1,M5.01:f9ade00b139ce33674b05d1766de3ec85779abfd83f893a7b2437817100901d9,f9ade00b139ce33674b05d1766de3ec85779abfd83f893a7b2437817100901d9,M5,M5.01,CHECK_PARENT_SCHEDULE_HASH,CHECK_PARENT_SCHEDULE_HASH,EXPECTED_DETECTOR_MATCH,DETECTED_AS_PREREGISTERED,FAIL,PASS,FAIL,FAIL:CHECK_PARENT_SCHEDULE_HASH,,502
AEI_P3_FORMAL_20260826T034308Z_9b5f3c2bdfbe,1,M5.01:feb26c8ce25b99d6b090e07fca86c8e2dbf3ff2d6b891634c4c71b179329ab47,feb26c8ce25b99d6b090e07fca86c8e2dbf3ff2d6b891634c4c71b179329ab47,M5,M5.01,CHECK_PARENT_SCHEDULE_HASH,CHECK_PARENT_SCHEDULE_HASH,EXPECTED_DETECTOR_MATCH,DETECTED_AS_PREREGISTERED,FAIL,PASS,FAIL,FAIL:CHECK_PARENT_SCHEDULE_HASH,,503
AEI_P3_FORMAL_20260826T034308Z_9b5f3c2bdfbe,1,M6.01:052b2dfeb855619b4e74c70e7155e5699a6aebc572c887f1432462ecf4afce6b,052b2dfeb855619b4e74c70e7155e5699a6aebc572c887f1432462ecf4afce6b,M6,M6.01,CHECK_LIFECYCLE_VERSION_SEQUENCE,CHECK_LIFECYCLE_VERSION_SEQUENCE|CHECK_LIFECYCLE_PROVENANCE_LINK,EXPECTED_DETECTOR_MATCH,DETECTED_AS_PREREGISTERED,FAIL,PASS,FAIL,FAIL:CHECK_LIFECYCLE_VERSION_SEQUENCE,,504
AEI_P3_FORMAL_20260826T034308Z_9b5f3c2bdfbe,1,M6.01:0edc936e36dbd00367c35ec096b127c69211776f53ead8d7b9619a78d9b3beb5,0edc936e36dbd00367c35ec096b127c69211776f53ead8d7b9619a78d9b3beb5,M6,M6.01,CHECK_LIFECYCLE_VERSION_SEQUENCE,CHECK_LIFECYCLE_VERSION_SEQUENCE|CHECK_LIFECYCLE_PROVENANCE_LINK,EXPECTED_DETECTOR_MATCH,DETECTED_AS_PREREGISTERED,FAIL,PASS,FAIL,FAIL:CHECK_LIFECYCLE_VERSION_SEQUENCE,,505
AEI_P3_FORMAL_20260826T034308Z_9b5f3c2bdfbe,1,M6.01:19993579c580ecb799e1ce158990340e547863ae75c4be153b97908cb5cd08a2,19993579c580ecb799e1ce158990340e547863ae75c4be153b97908cb5cd08a2,M6,M6.01,CHECK_LIFECYCLE_VERSION_SEQUENCE,CHECK_LIFECYCLE_VERSION_SEQUENCE|CHECK_LIFECYCLE_PROVENANCE_LINK,EXPECTED_DETECTOR_MATCH,DETECTED_AS_PREREGISTERED,FAIL,PASS,FAIL,FAIL:CHECK_LIFECYCLE_VERSION_SEQUENCE,,506
AEI_P3_FORMAL_20260826T034308Z_9b5f3c2bdfbe,1,M6.01:1bb3dc3f26212de23def1f2ca0d598d344fea56b8a73247e2f6390ebea07946d,1bb3dc3f26212de23def1f2ca0d598d344fea56b8a73247e2f6390ebea07946d,M6,M6.01,CHECK_LIFECYCLE_VERSION_SEQUENCE,CHECK_LIFECYCLE_VERSION_SEQUENCE|CHECK_LIFECYCLE_PROVENANCE_LINK,EXPECTED_DETECTOR_MATCH,DETECTED_AS_PREREGISTERED,FAIL,PASS,FAIL,FAIL:CHECK_LIFECYCLE_VERSION_SEQUENCE,,507
AEI_P3_FORMAL_20260826T034308Z_9b5f3c2bdfbe,1,M6.01:2443e5a3d32298289c0b98d2a7d3a03cbf4194a7adecf97293b0ac348944ba9e,2443e5a3d32298289c0b98d2a7d3a03cbf4194a7adecf97293b0ac348944ba9e,M6,M6.01,CHECK_LIFECYCLE_VERSION_SEQUENCE,CHECK_LIFECYCLE_VERSION_SEQUENCE|CHECK_LIFECYCLE_PROVENANCE_LINK,EXPECTED_DETECTOR_MATCH,DETECTED_AS_PREREGISTERED,FAIL,PASS,FAIL,FAIL:CHECK_LIFECYCLE_VERSION_SEQUENCE,,508
AEI_P3_FORMAL_20260826T034308Z_9b5f3c2bdfbe,1,M6.01:245cb7ed72fd0a10da80157bd648a7ae9e8bd9ef722909fe778d274715ad67b3,245cb7ed72fd0a10da80157bd648a7ae9e8bd9ef722909fe778d274715ad67b3,M6,M6.01,CHECK_LIFECYCLE_VERSION_SEQUENCE,CHECK_LIFECYCLE_VERSION_SEQUENCE|CHECK_LIFECYCLE_PROVENANCE_LINK,EXPECTED_DETECTOR_MATCH,DETECTED_AS_PREREGISTERED,FAIL,PASS,FAIL,FAIL:CHECK_LIFECYCLE_VERSION_SEQUENCE,,509
AEI_P3_FORMAL_20260826T034308Z_9b5f3c2bdfbe,1,M6.01:268469c82535bf1ba82a82324d755f40ad8bc7255c875b8e25c2d7943cff1ff3,268469c82535bf1ba82a82324d755f40ad8bc7255c875b8e25c2d7943cff1ff3,M6,M6.01,CHECK_LIFECYCLE_VERSION_SEQUENCE,CHECK_LIFECYCLE_VERSION_SEQUENCE|CHECK_LIFECYCLE_PROVENANCE_LINK,EXPECTED_DETECTOR_MATCH,DETECTED_AS_PREREGISTERED,FAIL,PASS,FAIL,FAIL:CHECK_LIFECYCLE_VERSION_SEQUENCE,,510
AEI_P3_FORMAL_20260826T034308Z_9b5f3c2bdfbe,1,M6.01:2908e9ba69598735be8757d9b153473f5bacec1feb89ecff91ce994824a10178,2908e9ba69598735be8757d9b153473f5bacec1feb89ecff91ce994824a10178,M6,M6.01,CHECK_LIFECYCLE_VERSION_SEQUENCE,CHECK_LIFECYCLE_VERSION_SEQUENCE|CHECK_LIFECYCLE_PROVENANCE_LINK,EXPECTED_DETECTOR_MATCH,DETECTED_AS_PREREGISTERED,FAIL,PASS,FAIL,FAIL:CHECK_LIFECYCLE_VERSION_SEQUENCE,,511
AEI_P3_FORMAL_20260826T034308Z_9b5f3c2bdfbe,1,M6.01:474b6ef7aac2feb7cb9195d7d3644f0d53d378eb4518ef87a9a2f7714d8ef3d5,474b6ef7aac2feb7cb9195d7d3644f0d53d378eb4518ef87a9a2f7714d8ef3d5,M6,M6.01,CHECK_LIFECYCLE_VERSION_SEQUENCE,CHECK_LIFECYCLE_VERSION_SEQUENCE|CHECK_LIFECYCLE_PROVENANCE_LINK,EXPECTED_DETECTOR_MATCH,DETECTED_AS_PREREGISTERED,FAIL,PASS,FAIL,FAIL:CHECK_LIFECYCLE_VERSION_SEQUENCE,,512
AEI_P3_FORMAL_20260826T034308Z_9b5f3c2bdfbe,1,M6.01:4fafb9a13ff5e2fda82a804bf609727b68a17926d69ae1574c4801604ec81359,4fafb9a13ff5e2fda82a804bf609727b68a17926d69ae1574c4801604ec81359,M6,M6.01,CHECK_LIFECYCLE_VERSION_SEQUENCE,CHECK_LIFECYCLE_VERSION_SEQUENCE|CHECK_LIFECYCLE_PROVENANCE_LINK,EXPECTED_DETECTOR_MATCH,DETECTED_AS_PREREGISTERED,FAIL,PASS,FAIL,FAIL:CHECK_LIFECYCLE_VERSION_SEQUENCE,,513
AEI_P3_FORMAL_20260826T034308Z_9b5f3c2bdfbe,1,M6.01:54349d927b9070c144f507868f9ef8b962c7c926426b33c3a7e0c88f715b246a,54349d927b9070c144f507868f9ef8b962c7c926426b33c3a7e0c88f715b246a,M6,M6.01,CHECK_LIFECYCLE_VERSION_SEQUENCE,CHECK_LIFECYCLE_VERSION_SEQUENCE|CHECK_LIFECYCLE_PROVENANCE_LINK,EXPECTED_DETECTOR_MATCH,DETECTED_AS_PREREGISTERED,FAIL,PASS,FAIL,FAIL:CHECK_LIFECYCLE_VERSION_SEQUENCE,,514
AEI_P3_FORMAL_20260826T034308Z_9b5f3c2bdfbe,1,M6.01:558b8365de15727bf495595ed539867872c185b280ea249712f3b1d5f8674cd5,558b8365de15727bf495595ed539867872c185b280ea249712f3b1d5f8674cd5,M6,M6.01,CHECK_LIFECYCLE_VERSION_SEQUENCE,CHECK_LIFECYCLE_VERSION_SEQUENCE|CHECK_LIFECYCLE_PROVENANCE_LINK,EXPECTED_DETECTOR_MATCH,DETECTED_AS_PREREGISTERED,FAIL,PASS,FAIL,FAIL:CHECK_LIFECYCLE_VERSION_SEQUENCE,,515
AEI_P3_FORMAL_20260826T034308Z_9b5f3c2bdfbe,1,M6.01:5ecccd77f46ab5549088b57686632a9eb5ccf1a5a977fbe35cfae6a50eca52bb,5ecccd77f46ab5549088b57686632a9eb5ccf1a5a977fbe35cfae6a50eca52bb,M6,M6.01,CHECK_LIFECYCLE_VERSION_SEQUENCE,CHECK_LIFECYCLE_VERSION_SEQUENCE|CHECK_LIFECYCLE_PROVENANCE_LINK,EXPECTED_DETECTOR_MATCH,DETECTED_AS_PREREGISTERED,FAIL,PASS,FAIL,FAIL:CHECK_LIFECYCLE_VERSION_SEQUENCE,,516
AEI_P3_FORMAL_20260826T034308Z_9b5f3c2bdfbe,1,M6.01:5f24b2bbe16d5c8f667064d5031553e1dd9c4d9dbb7e0757cb922d9ba47928d5,5f24b2bbe16d5c8f667064d5031553e1dd9c4d9dbb7e0757cb922d9ba47928d5,M6,M6.01,CHECK_LIFECYCLE_VERSION_SEQUENCE,CHECK_LIFECYCLE_VERSION_SEQUENCE|CHECK_LIFECYCLE_PROVENANCE_LINK,EXPECTED_DETECTOR_MATCH,DETECTED_AS_PREREGISTERED,FAIL,PASS,FAIL,FAIL:CHECK_LIFECYCLE_VERSION_SEQUENCE,,517
AEI_P3_FORMAL_20260826T034308Z_9b5f3c2bdfbe,1,M6.01:61f77c0251bcd2bbb51e6bff7e048bfcda7139b4e796314d32b47961ac3b5c1b,61f77c0251bcd2bbb51e6bff7e048bfcda7139b4e796314d32b47961ac3b5c1b,M6,M6.01,CHECK_LIFECYCLE_VERSION_SEQUENCE,CHECK_LIFECYCLE_VERSION_SEQUENCE|CHECK_LIFECYCLE_PROVENANCE_LINK,EXPECTED_DETECTOR_MATCH,DETECTED_AS_PREREGISTERED,FAIL,PASS,FAIL,FAIL:CHECK_LIFECYCLE_VERSION_SEQUENCE,,518
AEI_P3_FORMAL_20260826T034308Z_9b5f3c2bdfbe,1,M6.01:634f3d08fd93ba622176ea6c9ff7ff1fb9d57a9b14f936f27d1460655fc20d72,634f3d08fd93ba622176ea6c9ff7ff1fb9d57a9b14f936f27d1460655fc20d72,M6,M6.01,CHECK_LIFECYCLE_VERSION_SEQUENCE,CHECK_LIFECYCLE_VERSION_SEQUENCE|CHECK_LIFECYCLE_PROVENANCE_LINK,EXPECTED_DETECTOR_MATCH,DETECTED_AS_PREREGISTERED,FAIL,PASS,FAIL,FAIL:CHECK_LIFECYCLE_VERSION_SEQUENCE,,519
AEI_P3_FORMAL_20260826T034308Z_9b5f3c2bdfbe,1,M6.01:73cdcc11d1c23e47664696979a9b12b94deb5da000c18f37a8d7c0b641090788,73cdcc11d1c23e47664696979a9b12b94deb5da000c18f37a8d7c0b641090788,M6,M6.01,CHECK_LIFECYCLE_VERSION_SEQUENCE,CHECK_LIFECYCLE_VERSION_SEQUENCE|CHECK_LIFECYCLE_PROVENANCE_LINK,EXPECTED_DETECTOR_MATCH,DETECTED_AS_PREREGISTERED,FAIL,PASS,FAIL,FAIL:CHECK_LIFECYCLE_VERSION_SEQUENCE,,520
AEI_P3_FORMAL_20260826T034308Z_9b5f3c2bdfbe,1,M6.01:7dc2cc636acd7eeb3db7367222360894cac918d6adca467d2f7a79960bbe8b1c,7dc2cc636acd7eeb3db7367222360894cac918d6adca467d2f7a79960bbe8b1c,M6,M6.01,CHECK_LIFECYCLE_VERSION_SEQUENCE,CHECK_LIFECYCLE_VERSION_SEQUENCE|CHECK_LIFECYCLE_PROVENANCE_LINK,EXPECTED_DETECTOR_MATCH,DETECTED_AS_PREREGISTERED,FAIL,PASS,FAIL,FAIL:CHECK_LIFECYCLE_VERSION_SEQUENCE,,521
AEI_P3_FORMAL_20260826T034308Z_9b5f3c2bdfbe,1,M6.01:8c60197386a54af6d06cac0996c81cbca4971ac83984afcf2a52fa27a5bb1b42,8c60197386a54af6d06cac0996c81cbca4971ac83984afcf2a52fa27a5bb1b42,M6,M6.01,CHECK_LIFECYCLE_VERSION_SEQUENCE,CHECK_LIFECYCLE_VERSION_SEQUENCE|CHECK_LIFECYCLE_PROVENANCE_LINK,EXPECTED_DETECTOR_MATCH,DETECTED_AS_PREREGISTERED,FAIL,PASS,FAIL,FAIL:CHECK_LIFECYCLE_VERSION_SEQUENCE,,522
AEI_P3_FORMAL_20260826T034308Z_9b5f3c2bdfbe,1,M6.01:8e3a1df6f55a6d53d21fd63c9dcda45cee6d1576c4989d45b40828d31e6d7281,8e3a1df6f55a6d53d21fd63c9dcda45cee6d1576c4989d45b40828d31e6d7281,M6,M6.01,CHECK_LIFECYCLE_VERSION_SEQUENCE,CHECK_LIFECYCLE_VERSION_SEQUENCE|CHECK_LIFECYCLE_PROVENANCE_LINK,EXPECTED_DETECTOR_MATCH,DETECTED_AS_PREREGISTERED,FAIL,PASS,FAIL,FAIL:CHECK_LIFECYCLE_VERSION_SEQUENCE,,523
AEI_P3_FORMAL_20260826T034308Z_9b5f3c2bdfbe,1,M6.01:97eb8ea8dfec0a163a4b54e1179247553055627de3df3d7a40c8879cacc64800,97eb8ea8dfec0a163a4b54e1179247553055627de3df3d7a40c8879cacc64800,M6,M6.01,CHECK_LIFECYCLE_VERSION_SEQUENCE,CHECK_LIFECYCLE_VERSION_SEQUENCE|CHECK_LIFECYCLE_PROVENANCE_LINK,EXPECTED_DETECTOR_MATCH,DETECTED_AS_PREREGISTERED,FAIL,PASS,FAIL,FAIL:CHECK_LIFECYCLE_VERSION_SEQUENCE,,524
AEI_P3_FORMAL_20260826T034308Z_9b5f3c2bdfbe,1,M6.01:9827288498c6ff63f3f7ec6f3bb833b53ac1c3cbaf59021addc82b6a8c08bae2,9827288498c6ff63f3f7ec6f3bb833b53ac1c3cbaf59021addc82b6a8c08bae2,M6,M6.01,CHECK_LIFECYCLE_VERSION_SEQUENCE,CHECK_LIFECYCLE_VERSION_SEQUENCE|CHECK_LIFECYCLE_PROVENANCE_LINK,EXPECTED_DETECTOR_MATCH,DETECTED_AS_PREREGISTERED,FAIL,PASS,FAIL,FAIL:CHECK_LIFECYCLE_VERSION_SEQUENCE,,525
AEI_P3_FORMAL_20260826T034308Z_9b5f3c2bdfbe,1,M6.01:9f7906189c782cba7c3a4cc9cb8785764c8ad3fb1e637423a7a310d6c438feb5,9f7906189c782cba7c3a4cc9cb8785764c8ad3fb1e637423a7a310d6c438feb5,M6,M6.01,CHECK_LIFECYCLE_VERSION_SEQUENCE,CHECK_LIFECYCLE_VERSION_SEQUENCE|CHECK_LIFECYCLE_PROVENANCE_LINK,EXPECTED_DETECTOR_MATCH,DETECTED_AS_PREREGISTERED,FAIL,PASS,FAIL,FAIL:CHECK_LIFECYCLE_VERSION_SEQUENCE,,526
AEI_P3_FORMAL_20260826T034308Z_9b5f3c2bdfbe,1,M6.01:aa5b4ee1688c71f1a3932cd7d9b629a08e31ef09728f3280c98c7636eecfb8d3,aa5b4ee1688c71f1a3932cd7d9b629a08e31ef09728f3280c98c7636eecfb8d3,M6,M6.01,CHECK_LIFECYCLE_VERSION_SEQUENCE,CHECK_LIFECYCLE_VERSION_SEQUENCE|CHECK_LIFECYCLE_PROVENANCE_LINK,EXPECTED_DETECTOR_MATCH,DETECTED_AS_PREREGISTERED,FAIL,PASS,FAIL,FAIL:CHECK_LIFECYCLE_VERSION_SEQUENCE,,527
AEI_P3_FORMAL_20260826T034308Z_9b5f3c2bdfbe,1,M6.01:aad646b14392b632d658225dedb7d3953424ab9ab19ebafdc67bd9a7f02eb50b,aad646b14392b632d658225dedb7d3953424ab9ab19ebafdc67bd9a7f02eb50b,M6,M6.01,CHECK_LIFECYCLE_VERSION_SEQUENCE,CHECK_LIFECYCLE_VERSION_SEQUENCE|CHECK_LIFECYCLE_PROVENANCE_LINK,EXPECTED_DETECTOR_MATCH,DETECTED_AS_PREREGISTERED,FAIL,PASS,FAIL,FAIL:CHECK_LIFECYCLE_VERSION_SEQUENCE,,528
AEI_P3_FORMAL_20260826T034308Z_9b5f3c2bdfbe,1,M6.01:abc8d6ba26b9728a25ebd17f4066aa5421f54fde1c1ef630cc33cb308c0fb8e5,abc8d6ba26b9728a25ebd17f4066aa5421f54fde1c1ef630cc33cb308c0fb8e5,M6,M6.01,CHECK_LIFECYCLE_VERSION_SEQUENCE,CHECK_LIFECYCLE_VERSION_SEQUENCE|CHECK_LIFECYCLE_PROVENANCE_LINK,EXPECTED_DETECTOR_MATCH,DETECTED_AS_PREREGISTERED,FAIL,PASS,FAIL,FAIL:CHECK_LIFECYCLE_VERSION_SEQUENCE,,529
AEI_P3_FORMAL_20260826T034308Z_9b5f3c2bdfbe,1,M6.01:b0f01f4c7ca822555039b9267d8985edbeb149abc0a710d6583cea634584f862,b0f01f4c7ca822555039b9267d8985edbeb149abc0a710d6583cea634584f862,M6,M6.01,CHECK_LIFECYCLE_VERSION_SEQUENCE,CHECK_LIFECYCLE_VERSION_SEQUENCE|CHECK_LIFECYCLE_PROVENANCE_LINK,EXPECTED_DETECTOR_MATCH,DETECTED_AS_PREREGISTERED,FAIL,PASS,FAIL,FAIL:CHECK_LIFECYCLE_VERSION_SEQUENCE,,530
AEI_P3_FORMAL_20260826T034308Z_9b5f3c2bdfbe,1,M6.01:b31f9c5cbf923f188771558357941c1a7d6a71089f67793c620cf7034a070eb2,b31f9c5cbf923f188771558357941c1a7d6a71089f67793c620cf7034a070eb2,M6,M6.01,CHECK_LIFECYCLE_VERSION_SEQUENCE,CHECK_LIFECYCLE_VERSION_SEQUENCE|CHECK_LIFECYCLE_PROVENANCE_LINK,EXPECTED_DETECTOR_MATCH,DETECTED_AS_PREREGISTERED,FAIL,PASS,FAIL,FAIL:CHECK_LIFECYCLE_VERSION_SEQUENCE,,531
AEI_P3_FORMAL_20260826T034308Z_9b5f3c2bdfbe,1,M6.01:b5c400c27e6dbb1cc8466c5ce68e1530b6d984599f3c01c36496b49b586ff5e3,b5c400c27e6dbb1cc8466c5ce68e1530b6d984599f3c01c36496b49b586ff5e3,M6,M6.01,CHECK_LIFECYCLE_VERSION_SEQUENCE,CHECK_LIFECYCLE_VERSION_SEQUENCE|CHECK_LIFECYCLE_PROVENANCE_LINK,EXPECTED_DETECTOR_MATCH,DETECTED_AS_PREREGISTERED,FAIL,PASS,FAIL,FAIL:CHECK_LIFECYCLE_VERSION_SEQUENCE,,532
AEI_P3_FORMAL_20260826T034308Z_9b5f3c2bdfbe,1,M6.01:bb3f15222034bdf87b9be499b27f859fe778b781693fd54677f83bd7531f0680,bb3f15222034bdf87b9be499b27f859fe778b781693fd54677f83bd7531f0680,M6,M6.01,CHECK_LIFECYCLE_VERSION_SEQUENCE,CHECK_LIFECYCLE_VERSION_SEQUENCE|CHECK_LIFECYCLE_PROVENANCE_LINK,EXPECTED_DETECTOR_MATCH,DETECTED_AS_PREREGISTERED,FAIL,PASS,FAIL,FAIL:CHECK_LIFECYCLE_VERSION_SEQUENCE,,533
AEI_P3_FORMAL_20260826T034308Z_9b5f3c2bdfbe,1,M6.01:ce18361670bfbcde2f3ff22167187aecef9164dedbf1198bc7563c147804780e,ce18361670bfbcde2f3ff22167187aecef9164dedbf1198bc7563c147804780e,M6,M6.01,CHECK_LIFECYCLE_VERSION_SEQUENCE,CHECK_LIFECYCLE_VERSION_SEQUENCE|CHECK_LIFECYCLE_PROVENANCE_LINK,EXPECTED_DETECTOR_MATCH,DETECTED_AS_PREREGISTERED,FAIL,PASS,FAIL,FAIL:CHECK_LIFECYCLE_VERSION_SEQUENCE,,534
AEI_P3_FORMAL_20260826T034308Z_9b5f3c2bdfbe,1,M6.01:ceae66508816dc9f5458c925c89f155658e6c78710a8753d337ac385481cc1bf,ceae66508816dc9f5458c925c89f155658e6c78710a8753d337ac385481cc1bf,M6,M6.01,CHECK_LIFECYCLE_VERSION_SEQUENCE,CHECK_LIFECYCLE_VERSION_SEQUENCE|CHECK_LIFECYCLE_PROVENANCE_LINK,EXPECTED_DETECTOR_MATCH,DETECTED_AS_PREREGISTERED,FAIL,PASS,FAIL,FAIL:CHECK_LIFECYCLE_VERSION_SEQUENCE,,535
AEI_P3_FORMAL_20260826T034308Z_9b5f3c2bdfbe,1,M6.01:d093d52f24139c1b6fb09b775beedd000f1a7b3716df906d7d36e91e7e848265,d093d52f24139c1b6fb09b775beedd000f1a7b3716df906d7d36e91e7e848265,M6,M6.01,CHECK_LIFECYCLE_VERSION_SEQUENCE,CHECK_LIFECYCLE_VERSION_SEQUENCE|CHECK_LIFECYCLE_PROVENANCE_LINK,EXPECTED_DETECTOR_MATCH,DETECTED_AS_PREREGISTERED,FAIL,PASS,FAIL,FAIL:CHECK_LIFECYCLE_VERSION_SEQUENCE,,536
AEI_P3_FORMAL_20260826T034308Z_9b5f3c2bdfbe,1,M6.01:d4b957654a5efd71168d6f7e67936e6abf4666ceb41e7919635002157b125411,d4b957654a5efd71168d6f7e67936e6abf4666ceb41e7919635002157b125411,M6,M6.01,CHECK_LIFECYCLE_VERSION_SEQUENCE,CHECK_LIFECYCLE_VERSION_SEQUENCE|CHECK_LIFECYCLE_PROVENANCE_LINK,EXPECTED_DETECTOR_MATCH,DETECTED_AS_PREREGISTERED,FAIL,PASS,FAIL,FAIL:CHECK_LIFECYCLE_VERSION_SEQUENCE,,537
AEI_P3_FORMAL_20260826T034308Z_9b5f3c2bdfbe,1,M6.01:d598e89b357205c7b4bd47c5ebbe933f8be1f7c8dcdee85e66ec6829cafb91d3,d598e89b357205c7b4bd47c5ebbe933f8be1f7c8dcdee85e66ec6829cafb91d3,M6,M6.01,CHECK_LIFECYCLE_VERSION_SEQUENCE,CHECK_LIFECYCLE_VERSION_SEQUENCE|CHECK_LIFECYCLE_PROVENANCE_LINK,EXPECTED_DETECTOR_MATCH,DETECTED_AS_PREREGISTERED,FAIL,PASS,FAIL,FAIL:CHECK_LIFECYCLE_VERSION_SEQUENCE,,538
AEI_P3_FORMAL_20260826T034308Z_9b5f3c2bdfbe,1,M6.01:eb3670bbe434a59cc94347384a5d50fb526d26a00dbf6da73e54438c4bacc2a0,eb3670bbe434a59cc94347384a5d50fb526d26a00dbf6da73e54438c4bacc2a0,M6,M6.01,CHECK_LIFECYCLE_VERSION_SEQUENCE,CHECK_LIFECYCLE_VERSION_SEQUENCE|CHECK_LIFECYCLE_PROVENANCE_LINK,EXPECTED_DETECTOR_MATCH,DETECTED_AS_PREREGISTERED,FAIL,PASS,FAIL,FAIL:CHECK_LIFECYCLE_VERSION_SEQUENCE,,539
AEI_P3_FORMAL_20260826T034308Z_9b5f3c2bdfbe,1,M6.01:f1e5fc58ea336e13c098308a2da00dee7de3dd3aa08d6170df4a3cb1afd09795,f1e5fc58ea336e13c098308a2da00dee7de3dd3aa08d6170df4a3cb1afd09795,M6,M6.01,CHECK_LIFECYCLE_VERSION_SEQUENCE,CHECK_LIFECYCLE_VERSION_SEQUENCE|CHECK_LIFECYCLE_PROVENANCE_LINK,EXPECTED_DETECTOR_MATCH,DETECTED_AS_PREREGISTERED,FAIL,PASS,FAIL,FAIL:CHECK_LIFECYCLE_VERSION_SEQUENCE,,540
AEI_P3_FORMAL_20260826T034308Z_9b5f3c2bdfbe,1,M6.01:f583baa2dad1527b5f84f71805410ee51b78fce2b1be62de49f1636c06821c7b,f583baa2dad1527b5f84f71805410ee51b78fce2b1be62de49f1636c06821c7b,M6,M6.01,CHECK_LIFECYCLE_VERSION_SEQUENCE,CHECK_LIFECYCLE_VERSION_SEQUENCE|CHECK_LIFECYCLE_PROVENANCE_LINK,EXPECTED_DETECTOR_MATCH,DETECTED_AS_PREREGISTERED,FAIL,PASS,FAIL,FAIL:CHECK_LIFECYCLE_VERSION_SEQUENCE,,541
AEI_P3_FORMAL_20260826T034308Z_9b5f3c2bdfbe,1,M6.01:f64f55ad9277004ae441909cd6556d26eeaf73d3eb3c537384be703615149f96,f64f55ad9277004ae441909cd6556d26eeaf73d3eb3c537384be703615149f96,M6,M6.01,CHECK_LIFECYCLE_VERSION_SEQUENCE,CHECK_LIFECYCLE_VERSION_SEQUENCE|CHECK_LIFECYCLE_PROVENANCE_LINK,EXPECTED_DETECTOR_MATCH,DETECTED_AS_PREREGISTERED,FAIL,PASS,FAIL,FAIL:CHECK_LIFECYCLE_VERSION_SEQUENCE,,542
AEI_P3_FORMAL_20260826T034308Z_9b5f3c2bdfbe,1,M6.01:f80e8a50e0815fda9eef8635e52671f3888786c4daef5767b8da7b74e4311646,f80e8a50e0815fda9eef8635e52671f3888786c4daef5767b8da7b74e4311646,M6,M6.01,CHECK_LIFECYCLE_VERSION_SEQUENCE,CHECK_LIFECYCLE_VERSION_SEQUENCE|CHECK_LIFECYCLE_PROVENANCE_LINK,EXPECTED_DETECTOR_MATCH,DETECTED_AS_PREREGISTERED,FAIL,PASS,FAIL,FAIL:CHECK_LIFECYCLE_VERSION_SEQUENCE,,543
AEI_P3_FORMAL_20260826T034308Z_9b5f3c2bdfbe,1,M6.01:f9ade00b139ce33674b05d1766de3ec85779abfd83f893a7b2437817100901d9,f9ade00b139ce33674b05d1766de3ec85779abfd83f893a7b2437817100901d9,M6,M6.01,CHECK_LIFECYCLE_VERSION_SEQUENCE,CHECK_LIFECYCLE_VERSION_SEQUENCE|CHECK_LIFECYCLE_PROVENANCE_LINK,EXPECTED_DETECTOR_MATCH,DETECTED_AS_PREREGISTERED,FAIL,PASS,FAIL,FAIL:CHECK_LIFECYCLE_VERSION_SEQUENCE,,544
AEI_P3_FORMAL_20260826T034308Z_9b5f3c2bdfbe,1,M6.01:feb26c8ce25b99d6b090e07fca86c8e2dbf3ff2d6b891634c4c71b179329ab47,feb26c8ce25b99d6b090e07fca86c8e2dbf3ff2d6b891634c4c71b179329ab47,M6,M6.01,CHECK_LIFECYCLE_VERSION_SEQUENCE,CHECK_LIFECYCLE_VERSION_SEQUENCE|CHECK_LIFECYCLE_PROVENANCE_LINK,EXPECTED_DETECTOR_MATCH,DETECTED_AS_PREREGISTERED,FAIL,PASS,FAIL,FAIL:CHECK_LIFECYCLE_VERSION_SEQUENCE,,545
AEI_P3_FORMAL_20260826T034308Z_9b5f3c2bdfbe,1,M7.01:052b2dfeb855619b4e74c70e7155e5699a6aebc572c887f1432462ecf4afce6b,052b2dfeb855619b4e74c70e7155e5699a6aebc572c887f1432462ecf4afce6b,M7,M7.01,CHECK_PLAN_DELTA_RECOMPUTATION,CHECK_PLAN_DELTA_RECOMPUTATION,EXPECTED_DETECTOR_MATCH,DETECTED_AS_PREREGISTERED,FAIL,PASS,FAIL,FAIL:CHECK_PLAN_DELTA_RECOMPUTATION,,546
AEI_P3_FORMAL_20260826T034308Z_9b5f3c2bdfbe,1,M7.01:0edc936e36dbd00367c35ec096b127c69211776f53ead8d7b9619a78d9b3beb5,0edc936e36dbd00367c35ec096b127c69211776f53ead8d7b9619a78d9b3beb5,M7,M7.01,CHECK_PLAN_DELTA_RECOMPUTATION,CHECK_PLAN_DELTA_RECOMPUTATION,EXPECTED_DETECTOR_MATCH,DETECTED_AS_PREREGISTERED,FAIL,PASS,FAIL,FAIL:CHECK_PLAN_DELTA_RECOMPUTATION,,547
AEI_P3_FORMAL_20260826T034308Z_9b5f3c2bdfbe,1,M7.01:19993579c580ecb799e1ce158990340e547863ae75c4be153b97908cb5cd08a2,19993579c580ecb799e1ce158990340e547863ae75c4be153b97908cb5cd08a2,M7,M7.01,CHECK_PLAN_DELTA_RECOMPUTATION,CHECK_PLAN_DELTA_RECOMPUTATION,EXPECTED_DETECTOR_MATCH,DETECTED_AS_PREREGISTERED,FAIL,PASS,FAIL,FAIL:CHECK_PLAN_DELTA_RECOMPUTATION,,548
AEI_P3_FORMAL_20260826T034308Z_9b5f3c2bdfbe,1,M7.01:1bb3dc3f26212de23def1f2ca0d598d344fea56b8a73247e2f6390ebea07946d,1bb3dc3f26212de23def1f2ca0d598d344fea56b8a73247e2f6390ebea07946d,M7,M7.01,CHECK_PLAN_DELTA_RECOMPUTATION,CHECK_PLAN_DELTA_RECOMPUTATION,EXPECTED_DETECTOR_MATCH,DETECTED_AS_PREREGISTERED,FAIL,PASS,FAIL,FAIL:CHECK_PLAN_DELTA_RECOMPUTATION,,549
AEI_P3_FORMAL_20260826T034308Z_9b5f3c2bdfbe,1,M7.01:2443e5a3d32298289c0b98d2a7d3a03cbf4194a7adecf97293b0ac348944ba9e,2443e5a3d32298289c0b98d2a7d3a03cbf4194a7adecf97293b0ac348944ba9e,M7,M7.01,CHECK_PLAN_DELTA_RECOMPUTATION,CHECK_PLAN_DELTA_RECOMPUTATION,EXPECTED_DETECTOR_MATCH,DETECTED_AS_PREREGISTERED,FAIL,PASS,FAIL,FAIL:CHECK_PLAN_DELTA_RECOMPUTATION,,550
AEI_P3_FORMAL_20260826T034308Z_9b5f3c2bdfbe,1,M7.01:245cb7ed72fd0a10da80157bd648a7ae9e8bd9ef722909fe778d274715ad67b3,245cb7ed72fd0a10da80157bd648a7ae9e8bd9ef722909fe778d274715ad67b3,M7,M7.01,CHECK_PLAN_DELTA_RECOMPUTATION,CHECK_PLAN_DELTA_RECOMPUTATION,EXPECTED_DETECTOR_MATCH,DETECTED_AS_PREREGISTERED,FAIL,PASS,FAIL,FAIL:CHECK_PLAN_DELTA_RECOMPUTATION,,551
AEI_P3_FORMAL_20260826T034308Z_9b5f3c2bdfbe,1,M7.01:268469c82535bf1ba82a82324d755f40ad8bc7255c875b8e25c2d7943cff1ff3,268469c82535bf1ba82a82324d755f40ad8bc7255c875b8e25c2d7943cff1ff3,M7,M7.01,CHECK_PLAN_DELTA_RECOMPUTATION,CHECK_PLAN_DELTA_RECOMPUTATION,EXPECTED_DETECTOR_MATCH,DETECTED_AS_PREREGISTERED,FAIL,PASS,FAIL,FAIL:CHECK_PLAN_DELTA_RECOMPUTATION,,552
AEI_P3_FORMAL_20260826T034308Z_9b5f3c2bdfbe,1,M7.01:2908e9ba69598735be8757d9b153473f5bacec1feb89ecff91ce994824a10178,2908e9ba69598735be8757d9b153473f5bacec1feb89ecff91ce994824a10178,M7,M7.01,CHECK_PLAN_DELTA_RECOMPUTATION,CHECK_PLAN_DELTA_RECOMPUTATION,EXPECTED_DETECTOR_MATCH,DETECTED_AS_PREREGISTERED,FAIL,PASS,FAIL,FAIL:CHECK_PLAN_DELTA_RECOMPUTATION,,553
AEI_P3_FORMAL_20260826T034308Z_9b5f3c2bdfbe,1,M7.01:474b6ef7aac2feb7cb9195d7d3644f0d53d378eb4518ef87a9a2f7714d8ef3d5,474b6ef7aac2feb7cb9195d7d3644f0d53d378eb4518ef87a9a2f7714d8ef3d5,M7,M7.01,CHECK_PLAN_DELTA_RECOMPUTATION,CHECK_PLAN_DELTA_RECOMPUTATION,EXPECTED_DETECTOR_MATCH,DETECTED_AS_PREREGISTERED,FAIL,PASS,FAIL,FAIL:CHECK_PLAN_DELTA_RECOMPUTATION,,554
AEI_P3_FORMAL_20260826T034308Z_9b5f3c2bdfbe,1,M7.01:4fafb9a13ff5e2fda82a804bf609727b68a17926d69ae1574c4801604ec81359,4fafb9a13ff5e2fda82a804bf609727b68a17926d69ae1574c4801604ec81359,M7,M7.01,CHECK_PLAN_DELTA_RECOMPUTATION,CHECK_PLAN_DELTA_RECOMPUTATION,EXPECTED_DETECTOR_MATCH,DETECTED_AS_PREREGISTERED,FAIL,PASS,FAIL,FAIL:CHECK_PLAN_DELTA_RECOMPUTATION,,555
AEI_P3_FORMAL_20260826T034308Z_9b5f3c2bdfbe,1,M7.01:54349d927b9070c144f507868f9ef8b962c7c926426b33c3a7e0c88f715b246a,54349d927b9070c144f507868f9ef8b962c7c926426b33c3a7e0c88f715b246a,M7,M7.01,CHECK_PLAN_DELTA_RECOMPUTATION,CHECK_PLAN_DELTA_RECOMPUTATION,EXPECTED_DETECTOR_MATCH,DETECTED_AS_PREREGISTERED,FAIL,PASS,FAIL,FAIL:CHECK_PLAN_DELTA_RECOMPUTATION,,556
AEI_P3_FORMAL_20260826T034308Z_9b5f3c2bdfbe,1,M7.01:558b8365de15727bf495595ed539867872c185b280ea249712f3b1d5f8674cd5,558b8365de15727bf495595ed539867872c185b280ea249712f3b1d5f8674cd5,M7,M7.01,CHECK_PLAN_DELTA_RECOMPUTATION,CHECK_PLAN_DELTA_RECOMPUTATION,EXPECTED_DETECTOR_MATCH,DETECTED_AS_PREREGISTERED,FAIL,PASS,FAIL,FAIL:CHECK_PLAN_DELTA_RECOMPUTATION,,557
AEI_P3_FORMAL_20260826T034308Z_9b5f3c2bdfbe,1,M7.01:5ecccd77f46ab5549088b57686632a9eb5ccf1a5a977fbe35cfae6a50eca52bb,5ecccd77f46ab5549088b57686632a9eb5ccf1a5a977fbe35cfae6a50eca52bb,M7,M7.01,CHECK_PLAN_DELTA_RECOMPUTATION,CHECK_PLAN_DELTA_RECOMPUTATION,EXPECTED_DETECTOR_MATCH,DETECTED_AS_PREREGISTERED,FAIL,PASS,FAIL,FAIL:CHECK_PLAN_DELTA_RECOMPUTATION,,558
AEI_P3_FORMAL_20260826T034308Z_9b5f3c2bdfbe,1,M7.01:5f24b2bbe16d5c8f667064d5031553e1dd9c4d9dbb7e0757cb922d9ba47928d5,5f24b2bbe16d5c8f667064d5031553e1dd9c4d9dbb7e0757cb922d9ba47928d5,M7,M7.01,CHECK_PLAN_DELTA_RECOMPUTATION,CHECK_PLAN_DELTA_RECOMPUTATION,EXPECTED_DETECTOR_MATCH,DETECTED_AS_PREREGISTERED,FAIL,PASS,FAIL,FAIL:CHECK_PLAN_DELTA_RECOMPUTATION,,559
AEI_P3_FORMAL_20260826T034308Z_9b5f3c2bdfbe,1,M7.01:61f77c0251bcd2bbb51e6bff7e048bfcda7139b4e796314d32b47961ac3b5c1b,61f77c0251bcd2bbb51e6bff7e048bfcda7139b4e796314d32b47961ac3b5c1b,M7,M7.01,CHECK_PLAN_DELTA_RECOMPUTATION,CHECK_PLAN_DELTA_RECOMPUTATION,EXPECTED_DETECTOR_MATCH,DETECTED_AS_PREREGISTERED,FAIL,PASS,FAIL,FAIL:CHECK_PLAN_DELTA_RECOMPUTATION,,560
AEI_P3_FORMAL_20260826T034308Z_9b5f3c2bdfbe,1,M7.01:634f3d08fd93ba622176ea6c9ff7ff1fb9d57a9b14f936f27d1460655fc20d72,634f3d08fd93ba622176ea6c9ff7ff1fb9d57a9b14f936f27d1460655fc20d72,M7,M7.01,CHECK_PLAN_DELTA_RECOMPUTATION,CHECK_PLAN_DELTA_RECOMPUTATION,EXPECTED_DETECTOR_MATCH,DETECTED_AS_PREREGISTERED,FAIL,PASS,FAIL,FAIL:CHECK_PLAN_DELTA_RECOMPUTATION,,561
AEI_P3_FORMAL_20260826T034308Z_9b5f3c2bdfbe,1,M7.01:73cdcc11d1c23e47664696979a9b12b94deb5da000c18f37a8d7c0b641090788,73cdcc11d1c23e47664696979a9b12b94deb5da000c18f37a8d7c0b641090788,M7,M7.01,CHECK_PLAN_DELTA_RECOMPUTATION,CHECK_PLAN_DELTA_RECOMPUTATION,EXPECTED_DETECTOR_MATCH,DETECTED_AS_PREREGISTERED,FAIL,PASS,FAIL,FAIL:CHECK_PLAN_DELTA_RECOMPUTATION,,562
AEI_P3_FORMAL_20260826T034308Z_9b5f3c2bdfbe,1,M7.01:7dc2cc636acd7eeb3db7367222360894cac918d6adca467d2f7a79960bbe8b1c,7dc2cc636acd7eeb3db7367222360894cac918d6adca467d2f7a79960bbe8b1c,M7,M7.01,CHECK_PLAN_DELTA_RECOMPUTATION,CHECK_PLAN_DELTA_RECOMPUTATION,EXPECTED_DETECTOR_MATCH,DETECTED_AS_PREREGISTERED,FAIL,PASS,FAIL,FAIL:CHECK_PLAN_DELTA_RECOMPUTATION,,563
AEI_P3_FORMAL_20260826T034308Z_9b5f3c2bdfbe,1,M7.01:8c60197386a54af6d06cac0996c81cbca4971ac83984afcf2a52fa27a5bb1b42,8c60197386a54af6d06cac0996c81cbca4971ac83984afcf2a52fa27a5bb1b42,M7,M7.01,CHECK_PLAN_DELTA_RECOMPUTATION,CHECK_PLAN_DELTA_RECOMPUTATION,EXPECTED_DETECTOR_MATCH,DETECTED_AS_PREREGISTERED,FAIL,PASS,FAIL,FAIL:CHECK_PLAN_DELTA_RECOMPUTATION,,564
AEI_P3_FORMAL_20260826T034308Z_9b5f3c2bdfbe,1,M7.01:8e3a1df6f55a6d53d21fd63c9dcda45cee6d1576c4989d45b40828d31e6d7281,8e3a1df6f55a6d53d21fd63c9dcda45cee6d1576c4989d45b40828d31e6d7281,M7,M7.01,CHECK_PLAN_DELTA_RECOMPUTATION,CHECK_PLAN_DELTA_RECOMPUTATION,EXPECTED_DETECTOR_MATCH,DETECTED_AS_PREREGISTERED,FAIL,PASS,FAIL,FAIL:CHECK_PLAN_DELTA_RECOMPUTATION,,565
AEI_P3_FORMAL_20260826T034308Z_9b5f3c2bdfbe,1,M7.01:97eb8ea8dfec0a163a4b54e1179247553055627de3df3d7a40c8879cacc64800,97eb8ea8dfec0a163a4b54e1179247553055627de3df3d7a40c8879cacc64800,M7,M7.01,CHECK_PLAN_DELTA_RECOMPUTATION,CHECK_PLAN_DELTA_RECOMPUTATION,EXPECTED_DETECTOR_MATCH,DETECTED_AS_PREREGISTERED,FAIL,PASS,FAIL,FAIL:CHECK_PLAN_DELTA_RECOMPUTATION,,566
AEI_P3_FORMAL_20260826T034308Z_9b5f3c2bdfbe,1,M7.01:9827288498c6ff63f3f7ec6f3bb833b53ac1c3cbaf59021addc82b6a8c08bae2,9827288498c6ff63f3f7ec6f3bb833b53ac1c3cbaf59021addc82b6a8c08bae2,M7,M7.01,CHECK_PLAN_DELTA_RECOMPUTATION,CHECK_PLAN_DELTA_RECOMPUTATION,EXPECTED_DETECTOR_MATCH,DETECTED_AS_PREREGISTERED,FAIL,PASS,FAIL,FAIL:CHECK_PLAN_DELTA_RECOMPUTATION,,567
AEI_P3_FORMAL_20260826T034308Z_9b5f3c2bdfbe,1,M7.01:9f7906189c782cba7c3a4cc9cb8785764c8ad3fb1e637423a7a310d6c438feb5,9f7906189c782cba7c3a4cc9cb8785764c8ad3fb1e637423a7a310d6c438feb5,M7,M7.01,CHECK_PLAN_DELTA_RECOMPUTATION,CHECK_PLAN_DELTA_RECOMPUTATION,EXPECTED_DETECTOR_MATCH,DETECTED_AS_PREREGISTERED,FAIL,PASS,FAIL,FAIL:CHECK_PLAN_DELTA_RECOMPUTATION,,568
AEI_P3_FORMAL_20260826T034308Z_9b5f3c2bdfbe,1,M7.01:aa5b4ee1688c71f1a3932cd7d9b629a08e31ef09728f3280c98c7636eecfb8d3,aa5b4ee1688c71f1a3932cd7d9b629a08e31ef09728f3280c98c7636eecfb8d3,M7,M7.01,CHECK_PLAN_DELTA_RECOMPUTATION,CHECK_PLAN_DELTA_RECOMPUTATION,EXPECTED_DETECTOR_MATCH,DETECTED_AS_PREREGISTERED,FAIL,PASS,FAIL,FAIL:CHECK_PLAN_DELTA_RECOMPUTATION,,569
AEI_P3_FORMAL_20260826T034308Z_9b5f3c2bdfbe,1,M7.01:aad646b14392b632d658225dedb7d3953424ab9ab19ebafdc67bd9a7f02eb50b,aad646b14392b632d658225dedb7d3953424ab9ab19ebafdc67bd9a7f02eb50b,M7,M7.01,CHECK_PLAN_DELTA_RECOMPUTATION,CHECK_PLAN_DELTA_RECOMPUTATION,EXPECTED_DETECTOR_MATCH,DETECTED_AS_PREREGISTERED,FAIL,PASS,FAIL,FAIL:CHECK_PLAN_DELTA_RECOMPUTATION,,570
AEI_P3_FORMAL_20260826T034308Z_9b5f3c2bdfbe,1,M7.01:abc8d6ba26b9728a25ebd17f4066aa5421f54fde1c1ef630cc33cb308c0fb8e5,abc8d6ba26b9728a25ebd17f4066aa5421f54fde1c1ef630cc33cb308c0fb8e5,M7,M7.01,CHECK_PLAN_DELTA_RECOMPUTATION,CHECK_PLAN_DELTA_RECOMPUTATION,EXPECTED_DETECTOR_MATCH,DETECTED_AS_PREREGISTERED,FAIL,PASS,FAIL,FAIL:CHECK_PLAN_DELTA_RECOMPUTATION,,571
AEI_P3_FORMAL_20260826T034308Z_9b5f3c2bdfbe,1,M7.01:b0f01f4c7ca822555039b9267d8985edbeb149abc0a710d6583cea634584f862,b0f01f4c7ca822555039b9267d8985edbeb149abc0a710d6583cea634584f862,M7,M7.01,CHECK_PLAN_DELTA_RECOMPUTATION,CHECK_PLAN_DELTA_RECOMPUTATION,EXPECTED_DETECTOR_MATCH,DETECTED_AS_PREREGISTERED,FAIL,PASS,FAIL,FAIL:CHECK_PLAN_DELTA_RECOMPUTATION,,572
AEI_P3_FORMAL_20260826T034308Z_9b5f3c2bdfbe,1,M7.01:b31f9c5cbf923f188771558357941c1a7d6a71089f67793c620cf7034a070eb2,b31f9c5cbf923f188771558357941c1a7d6a71089f67793c620cf7034a070eb2,M7,M7.01,CHECK_PLAN_DELTA_RECOMPUTATION,CHECK_PLAN_DELTA_RECOMPUTATION,EXPECTED_DETECTOR_MATCH,DETECTED_AS_PREREGISTERED,FAIL,PASS,FAIL,FAIL:CHECK_PLAN_DELTA_RECOMPUTATION,,573
AEI_P3_FORMAL_20260826T034308Z_9b5f3c2bdfbe,1,M7.01:b5c400c27e6dbb1cc8466c5ce68e1530b6d984599f3c01c36496b49b586ff5e3,b5c400c27e6dbb1cc8466c5ce68e1530b6d984599f3c01c36496b49b586ff5e3,M7,M7.01,CHECK_PLAN_DELTA_RECOMPUTATION,CHECK_PLAN_DELTA_RECOMPUTATION,EXPECTED_DETECTOR_MATCH,DETECTED_AS_PREREGISTERED,FAIL,PASS,FAIL,FAIL:CHECK_PLAN_DELTA_RECOMPUTATION,,574
AEI_P3_FORMAL_20260826T034308Z_9b5f3c2bdfbe,1,M7.01:bb3f15222034bdf87b9be499b27f859fe778b781693fd54677f83bd7531f0680,bb3f15222034bdf87b9be499b27f859fe778b781693fd54677f83bd7531f0680,M7,M7.01,CHECK_PLAN_DELTA_RECOMPUTATION,CHECK_PLAN_DELTA_RECOMPUTATION,EXPECTED_DETECTOR_MATCH,DETECTED_AS_PREREGISTERED,FAIL,PASS,FAIL,FAIL:CHECK_PLAN_DELTA_RECOMPUTATION,,575
AEI_P3_FORMAL_20260826T034308Z_9b5f3c2bdfbe,1,M7.01:ce18361670bfbcde2f3ff22167187aecef9164dedbf1198bc7563c147804780e,ce18361670bfbcde2f3ff22167187aecef9164dedbf1198bc7563c147804780e,M7,M7.01,CHECK_PLAN_DELTA_RECOMPUTATION,CHECK_PLAN_DELTA_RECOMPUTATION,EXPECTED_DETECTOR_MATCH,DETECTED_AS_PREREGISTERED,FAIL,PASS,FAIL,FAIL:CHECK_PLAN_DELTA_RECOMPUTATION,,576
AEI_P3_FORMAL_20260826T034308Z_9b5f3c2bdfbe,1,M7.01:ceae66508816dc9f5458c925c89f155658e6c78710a8753d337ac385481cc1bf,ceae66508816dc9f5458c925c89f155658e6c78710a8753d337ac385481cc1bf,M7,M7.01,CHECK_PLAN_DELTA_RECOMPUTATION,CHECK_PLAN_DELTA_RECOMPUTATION,EXPECTED_DETECTOR_MATCH,DETECTED_AS_PREREGISTERED,FAIL,PASS,FAIL,FAIL:CHECK_PLAN_DELTA_RECOMPUTATION,,577
AEI_P3_FORMAL_20260826T034308Z_9b5f3c2bdfbe,1,M7.01:d093d52f24139c1b6fb09b775beedd000f1a7b3716df906d7d36e91e7e848265,d093d52f24139c1b6fb09b775beedd000f1a7b3716df906d7d36e91e7e848265,M7,M7.01,CHECK_PLAN_DELTA_RECOMPUTATION,CHECK_PLAN_DELTA_RECOMPUTATION,EXPECTED_DETECTOR_MATCH,DETECTED_AS_PREREGISTERED,FAIL,PASS,FAIL,FAIL:CHECK_PLAN_DELTA_RECOMPUTATION,,578
AEI_P3_FORMAL_20260826T034308Z_9b5f3c2bdfbe,1,M7.01:d4b957654a5efd71168d6f7e67936e6abf4666ceb41e7919635002157b125411,d4b957654a5efd71168d6f7e67936e6abf4666ceb41e7919635002157b125411,M7,M7.01,CHECK_PLAN_DELTA_RECOMPUTATION,CHECK_PLAN_DELTA_RECOMPUTATION,EXPECTED_DETECTOR_MATCH,DETECTED_AS_PREREGISTERED,FAIL,PASS,FAIL,FAIL:CHECK_PLAN_DELTA_RECOMPUTATION,,579
AEI_P3_FORMAL_20260826T034308Z_9b5f3c2bdfbe,1,M7.01:d598e89b357205c7b4bd47c5ebbe933f8be1f7c8dcdee85e66ec6829cafb91d3,d598e89b357205c7b4bd47c5ebbe933f8be1f7c8dcdee85e66ec6829cafb91d3,M7,M7.01,CHECK_PLAN_DELTA_RECOMPUTATION,CHECK_PLAN_DELTA_RECOMPUTATION,EXPECTED_DETECTOR_MATCH,DETECTED_AS_PREREGISTERED,FAIL,PASS,FAIL,FAIL:CHECK_PLAN_DELTA_RECOMPUTATION,,580
AEI_P3_FORMAL_20260826T034308Z_9b5f3c2bdfbe,1,M7.01:eb3670bbe434a59cc94347384a5d50fb526d26a00dbf6da73e54438c4bacc2a0,eb3670bbe434a59cc94347384a5d50fb526d26a00dbf6da73e54438c4bacc2a0,M7,M7.01,CHECK_PLAN_DELTA_RECOMPUTATION,CHECK_PLAN_DELTA_RECOMPUTATION,EXPECTED_DETECTOR_MATCH,DETECTED_AS_PREREGISTERED,FAIL,PASS,FAIL,FAIL:CHECK_PLAN_DELTA_RECOMPUTATION,,581
AEI_P3_FORMAL_20260826T034308Z_9b5f3c2bdfbe,1,M7.01:f1e5fc58ea336e13c098308a2da00dee7de3dd3aa08d6170df4a3cb1afd09795,f1e5fc58ea336e13c098308a2da00dee7de3dd3aa08d6170df4a3cb1afd09795,M7,M7.01,CHECK_PLAN_DELTA_RECOMPUTATION,CHECK_PLAN_DELTA_RECOMPUTATION,EXPECTED_DETECTOR_MATCH,DETECTED_AS_PREREGISTERED,FAIL,PASS,FAIL,FAIL:CHECK_PLAN_DELTA_RECOMPUTATION,,582
AEI_P3_FORMAL_20260826T034308Z_9b5f3c2bdfbe,1,M7.01:f583baa2dad1527b5f84f71805410ee51b78fce2b1be62de49f1636c06821c7b,f583baa2dad1527b5f84f71805410ee51b78fce2b1be62de49f1636c06821c7b,M7,M7.01,CHECK_PLAN_DELTA_RECOMPUTATION,CHECK_PLAN_DELTA_RECOMPUTATION,EXPECTED_DETECTOR_MATCH,DETECTED_AS_PREREGISTERED,FAIL,PASS,FAIL,FAIL:CHECK_PLAN_DELTA_RECOMPUTATION,,583
AEI_P3_FORMAL_20260826T034308Z_9b5f3c2bdfbe,1,M7.01:f64f55ad9277004ae441909cd6556d26eeaf73d3eb3c537384be703615149f96,f64f55ad9277004ae441909cd6556d26eeaf73d3eb3c537384be703615149f96,M7,M7.01,CHECK_PLAN_DELTA_RECOMPUTATION,CHECK_PLAN_DELTA_RECOMPUTATION,EXPECTED_DETECTOR_MATCH,DETECTED_AS_PREREGISTERED,FAIL,PASS,FAIL,FAIL:CHECK_PLAN_DELTA_RECOMPUTATION,,584
AEI_P3_FORMAL_20260826T034308Z_9b5f3c2bdfbe,1,M7.01:f80e8a50e0815fda9eef8635e52671f3888786c4daef5767b8da7b74e4311646,f80e8a50e0815fda9eef8635e52671f3888786c4daef5767b8da7b74e4311646,M7,M7.01,CHECK_PLAN_DELTA_RECOMPUTATION,CHECK_PLAN_DELTA_RECOMPUTATION,EXPECTED_DETECTOR_MATCH,DETECTED_AS_PREREGISTERED,FAIL,PASS,FAIL,FAIL:CHECK_PLAN_DELTA_RECOMPUTATION,,585
AEI_P3_FORMAL_20260826T034308Z_9b5f3c2bdfbe,1,M7.01:f9ade00b139ce33674b05d1766de3ec85779abfd83f893a7b2437817100901d9,f9ade00b139ce33674b05d1766de3ec85779abfd83f893a7b2437817100901d9,M7,M7.01,CHECK_PLAN_DELTA_RECOMPUTATION,CHECK_PLAN_DELTA_RECOMPUTATION,EXPECTED_DETECTOR_MATCH,DETECTED_AS_PREREGISTERED,FAIL,PASS,FAIL,FAIL:CHECK_PLAN_DELTA_RECOMPUTATION,,586
AEI_P3_FORMAL_20260826T034308Z_9b5f3c2bdfbe,1,M7.01:feb26c8ce25b99d6b090e07fca86c8e2dbf3ff2d6b891634c4c71b179329ab47,feb26c8ce25b99d6b090e07fca86c8e2dbf3ff2d6b891634c4c71b179329ab47,M7,M7.01,CHECK_PLAN_DELTA_RECOMPUTATION,CHECK_PLAN_DELTA_RECOMPUTATION,EXPECTED_DETECTOR_MATCH,DETECTED_AS_PREREGISTERED,FAIL,PASS,FAIL,FAIL:CHECK_PLAN_DELTA_RECOMPUTATION,,587
AEI_P3_FORMAL_20260826T034308Z_9b5f3c2bdfbe,1,M8.01:052b2dfeb855619b4e74c70e7155e5699a6aebc572c887f1432462ecf4afce6b,052b2dfeb855619b4e74c70e7155e5699a6aebc572c887f1432462ecf4afce6b,M8,M8.01,CHECK_SOLVER_SCHEDULE_LINK|CHECK_SOLVER_ARTIFACT_LINK,CHECK_SOLVER_SCHEDULE_LINK|CHECK_SOLVER_ARTIFACT_LINK,EXPECTED_DETECTOR_MATCH,DETECTED_AS_PREREGISTERED,FAIL,PASS,FAIL,FAIL:CHECK_SOLVER_SCHEDULE_LINK,,588
AEI_P3_FORMAL_20260826T034308Z_9b5f3c2bdfbe,1,M8.01:0edc936e36dbd00367c35ec096b127c69211776f53ead8d7b9619a78d9b3beb5,0edc936e36dbd00367c35ec096b127c69211776f53ead8d7b9619a78d9b3beb5,M8,M8.01,CHECK_SOLVER_SCHEDULE_LINK|CHECK_SOLVER_ARTIFACT_LINK,CHECK_SOLVER_SCHEDULE_LINK|CHECK_SOLVER_ARTIFACT_LINK,EXPECTED_DETECTOR_MATCH,DETECTED_AS_PREREGISTERED,FAIL,PASS,FAIL,FAIL:CHECK_SOLVER_SCHEDULE_LINK,,589
AEI_P3_FORMAL_20260826T034308Z_9b5f3c2bdfbe,1,M8.01:19993579c580ecb799e1ce158990340e547863ae75c4be153b97908cb5cd08a2,19993579c580ecb799e1ce158990340e547863ae75c4be153b97908cb5cd08a2,M8,M8.01,CHECK_SOLVER_SCHEDULE_LINK|CHECK_SOLVER_ARTIFACT_LINK,CHECK_SOLVER_SCHEDULE_LINK|CHECK_SOLVER_ARTIFACT_LINK,EXPECTED_DETECTOR_MATCH,DETECTED_AS_PREREGISTERED,FAIL,PASS,FAIL,FAIL:CHECK_SOLVER_SCHEDULE_LINK,,590
AEI_P3_FORMAL_20260826T034308Z_9b5f3c2bdfbe,1,M8.01:1bb3dc3f26212de23def1f2ca0d598d344fea56b8a73247e2f6390ebea07946d,1bb3dc3f26212de23def1f2ca0d598d344fea56b8a73247e2f6390ebea07946d,M8,M8.01,CHECK_SOLVER_SCHEDULE_LINK|CHECK_SOLVER_ARTIFACT_LINK,CHECK_SOLVER_SCHEDULE_LINK|CHECK_SOLVER_ARTIFACT_LINK,EXPECTED_DETECTOR_MATCH,DETECTED_AS_PREREGISTERED,FAIL,PASS,FAIL,FAIL:CHECK_SOLVER_SCHEDULE_LINK,,591
AEI_P3_FORMAL_20260826T034308Z_9b5f3c2bdfbe,1,M8.01:2443e5a3d32298289c0b98d2a7d3a03cbf4194a7adecf97293b0ac348944ba9e,2443e5a3d32298289c0b98d2a7d3a03cbf4194a7adecf97293b0ac348944ba9e,M8,M8.01,CHECK_SOLVER_SCHEDULE_LINK|CHECK_SOLVER_ARTIFACT_LINK,CHECK_SOLVER_SCHEDULE_LINK|CHECK_SOLVER_ARTIFACT_LINK,EXPECTED_DETECTOR_MATCH,DETECTED_AS_PREREGISTERED,FAIL,PASS,FAIL,FAIL:CHECK_SOLVER_SCHEDULE_LINK,,592
AEI_P3_FORMAL_20260826T034308Z_9b5f3c2bdfbe,1,M8.01:245cb7ed72fd0a10da80157bd648a7ae9e8bd9ef722909fe778d274715ad67b3,245cb7ed72fd0a10da80157bd648a7ae9e8bd9ef722909fe778d274715ad67b3,M8,M8.01,CHECK_SOLVER_SCHEDULE_LINK|CHECK_SOLVER_ARTIFACT_LINK,CHECK_SOLVER_SCHEDULE_LINK|CHECK_SOLVER_ARTIFACT_LINK,EXPECTED_DETECTOR_MATCH,DETECTED_AS_PREREGISTERED,FAIL,PASS,FAIL,FAIL:CHECK_SOLVER_SCHEDULE_LINK,,593
AEI_P3_FORMAL_20260826T034308Z_9b5f3c2bdfbe,1,M8.01:268469c82535bf1ba82a82324d755f40ad8bc7255c875b8e25c2d7943cff1ff3,268469c82535bf1ba82a82324d755f40ad8bc7255c875b8e25c2d7943cff1ff3,M8,M8.01,CHECK_SOLVER_SCHEDULE_LINK|CHECK_SOLVER_ARTIFACT_LINK,CHECK_SOLVER_SCHEDULE_LINK|CHECK_SOLVER_ARTIFACT_LINK,EXPECTED_DETECTOR_MATCH,DETECTED_AS_PREREGISTERED,FAIL,PASS,FAIL,FAIL:CHECK_SOLVER_SCHEDULE_LINK,,594
AEI_P3_FORMAL_20260826T034308Z_9b5f3c2bdfbe,1,M8.01:2908e9ba69598735be8757d9b153473f5bacec1feb89ecff91ce994824a10178,2908e9ba69598735be8757d9b153473f5bacec1feb89ecff91ce994824a10178,M8,M8.01,CHECK_SOLVER_SCHEDULE_LINK|CHECK_SOLVER_ARTIFACT_LINK,CHECK_SOLVER_SCHEDULE_LINK|CHECK_SOLVER_ARTIFACT_LINK,EXPECTED_DETECTOR_MATCH,DETECTED_AS_PREREGISTERED,FAIL,PASS,FAIL,FAIL:CHECK_SOLVER_SCHEDULE_LINK,,595
AEI_P3_FORMAL_20260826T034308Z_9b5f3c2bdfbe,1,M8.01:474b6ef7aac2feb7cb9195d7d3644f0d53d378eb4518ef87a9a2f7714d8ef3d5,474b6ef7aac2feb7cb9195d7d3644f0d53d378eb4518ef87a9a2f7714d8ef3d5,M8,M8.01,CHECK_SOLVER_SCHEDULE_LINK|CHECK_SOLVER_ARTIFACT_LINK,CHECK_SOLVER_ARTIFACT_LINK,EXPECTED_DETECTOR_MATCH,DETECTED_AS_PREREGISTERED,FAIL,PASS,FAIL,FAIL:CHECK_SOLVER_ARTIFACT_LINK,,596
AEI_P3_FORMAL_20260826T034308Z_9b5f3c2bdfbe,1,M8.01:4fafb9a13ff5e2fda82a804bf609727b68a17926d69ae1574c4801604ec81359,4fafb9a13ff5e2fda82a804bf609727b68a17926d69ae1574c4801604ec81359,M8,M8.01,CHECK_SOLVER_SCHEDULE_LINK|CHECK_SOLVER_ARTIFACT_LINK,CHECK_SOLVER_ARTIFACT_LINK,EXPECTED_DETECTOR_MATCH,DETECTED_AS_PREREGISTERED,FAIL,PASS,FAIL,FAIL:CHECK_SOLVER_ARTIFACT_LINK,,597
AEI_P3_FORMAL_20260826T034308Z_9b5f3c2bdfbe,1,M8.01:54349d927b9070c144f507868f9ef8b962c7c926426b33c3a7e0c88f715b246a,54349d927b9070c144f507868f9ef8b962c7c926426b33c3a7e0c88f715b246a,M8,M8.01,CHECK_SOLVER_SCHEDULE_LINK|CHECK_SOLVER_ARTIFACT_LINK,CHECK_SOLVER_ARTIFACT_LINK,EXPECTED_DETECTOR_MATCH,DETECTED_AS_PREREGISTERED,FAIL,PASS,FAIL,FAIL:CHECK_SOLVER_ARTIFACT_LINK,,598
AEI_P3_FORMAL_20260826T034308Z_9b5f3c2bdfbe,1,M8.01:558b8365de15727bf495595ed539867872c185b280ea249712f3b1d5f8674cd5,558b8365de15727bf495595ed539867872c185b280ea249712f3b1d5f8674cd5,M8,M8.01,CHECK_SOLVER_SCHEDULE_LINK|CHECK_SOLVER_ARTIFACT_LINK,CHECK_SOLVER_SCHEDULE_LINK|CHECK_SOLVER_ARTIFACT_LINK,EXPECTED_DETECTOR_MATCH,DETECTED_AS_PREREGISTERED,FAIL,PASS,FAIL,FAIL:CHECK_SOLVER_SCHEDULE_LINK,,599
AEI_P3_FORMAL_20260826T034308Z_9b5f3c2bdfbe,1,M8.01:5ecccd77f46ab5549088b57686632a9eb5ccf1a5a977fbe35cfae6a50eca52bb,5ecccd77f46ab5549088b57686632a9eb5ccf1a5a977fbe35cfae6a50eca52bb,M8,M8.01,CHECK_SOLVER_SCHEDULE_LINK|CHECK_SOLVER_ARTIFACT_LINK,CHECK_SOLVER_SCHEDULE_LINK|CHECK_SOLVER_ARTIFACT_LINK,EXPECTED_DETECTOR_MATCH,DETECTED_AS_PREREGISTERED,FAIL,PASS,FAIL,FAIL:CHECK_SOLVER_SCHEDULE_LINK,,600
AEI_P3_FORMAL_20260826T034308Z_9b5f3c2bdfbe,1,M8.01:5f24b2bbe16d5c8f667064d5031553e1dd9c4d9dbb7e0757cb922d9ba47928d5,5f24b2bbe16d5c8f667064d5031553e1dd9c4d9dbb7e0757cb922d9ba47928d5,M8,M8.01,CHECK_SOLVER_SCHEDULE_LINK|CHECK_SOLVER_ARTIFACT_LINK,CHECK_SOLVER_SCHEDULE_LINK|CHECK_SOLVER_ARTIFACT_LINK,EXPECTED_DETECTOR_MATCH,DETECTED_AS_PREREGISTERED,FAIL,PASS,FAIL,FAIL:CHECK_SOLVER_SCHEDULE_LINK,,601
AEI_P3_FORMAL_20260826T034308Z_9b5f3c2bdfbe,1,M8.01:61f77c0251bcd2bbb51e6bff7e048bfcda7139b4e796314d32b47961ac3b5c1b,61f77c0251bcd2bbb51e6bff7e048bfcda7139b4e796314d32b47961ac3b5c1b,M8,M8.01,CHECK_SOLVER_SCHEDULE_LINK|CHECK_SOLVER_ARTIFACT_LINK,CHECK_SOLVER_SCHEDULE_LINK|CHECK_SOLVER_ARTIFACT_LINK,EXPECTED_DETECTOR_MATCH,DETECTED_AS_PREREGISTERED,FAIL,PASS,FAIL,FAIL:CHECK_SOLVER_SCHEDULE_LINK,,602
AEI_P3_FORMAL_20260826T034308Z_9b5f3c2bdfbe,1,M8.01:634f3d08fd93ba622176ea6c9ff7ff1fb9d57a9b14f936f27d1460655fc20d72,634f3d08fd93ba622176ea6c9ff7ff1fb9d57a9b14f936f27d1460655fc20d72,M8,M8.01,CHECK_SOLVER_SCHEDULE_LINK|CHECK_SOLVER_ARTIFACT_LINK,CHECK_SOLVER_SCHEDULE_LINK|CHECK_SOLVER_ARTIFACT_LINK,EXPECTED_DETECTOR_MATCH,DETECTED_AS_PREREGISTERED,FAIL,PASS,FAIL,FAIL:CHECK_SOLVER_SCHEDULE_LINK,,603
AEI_P3_FORMAL_20260826T034308Z_9b5f3c2bdfbe,1,M8.01:73cdcc11d1c23e47664696979a9b12b94deb5da000c18f37a8d7c0b641090788,73cdcc11d1c23e47664696979a9b12b94deb5da000c18f37a8d7c0b641090788,M8,M8.01,CHECK_SOLVER_SCHEDULE_LINK|CHECK_SOLVER_ARTIFACT_LINK,CHECK_SOLVER_SCHEDULE_LINK|CHECK_SOLVER_ARTIFACT_LINK,EXPECTED_DETECTOR_MATCH,DETECTED_AS_PREREGISTERED,FAIL,PASS,FAIL,FAIL:CHECK_SOLVER_SCHEDULE_LINK,,604
AEI_P3_FORMAL_20260826T034308Z_9b5f3c2bdfbe,1,M8.01:7dc2cc636acd7eeb3db7367222360894cac918d6adca467d2f7a79960bbe8b1c,7dc2cc636acd7eeb3db7367222360894cac918d6adca467d2f7a79960bbe8b1c,M8,M8.01,CHECK_SOLVER_SCHEDULE_LINK|CHECK_SOLVER_ARTIFACT_LINK,CHECK_SOLVER_ARTIFACT_LINK,EXPECTED_DETECTOR_MATCH,DETECTED_AS_PREREGISTERED,FAIL,PASS,FAIL,FAIL:CHECK_SOLVER_ARTIFACT_LINK,,605
AEI_P3_FORMAL_20260826T034308Z_9b5f3c2bdfbe,1,M8.01:8c60197386a54af6d06cac0996c81cbca4971ac83984afcf2a52fa27a5bb1b42,8c60197386a54af6d06cac0996c81cbca4971ac83984afcf2a52fa27a5bb1b42,M8,M8.01,CHECK_SOLVER_SCHEDULE_LINK|CHECK_SOLVER_ARTIFACT_LINK,CHECK_SOLVER_SCHEDULE_LINK|CHECK_SOLVER_ARTIFACT_LINK,EXPECTED_DETECTOR_MATCH,DETECTED_AS_PREREGISTERED,FAIL,PASS,FAIL,FAIL:CHECK_SOLVER_SCHEDULE_LINK,,606
AEI_P3_FORMAL_20260826T034308Z_9b5f3c2bdfbe,1,M8.01:8e3a1df6f55a6d53d21fd63c9dcda45cee6d1576c4989d45b40828d31e6d7281,8e3a1df6f55a6d53d21fd63c9dcda45cee6d1576c4989d45b40828d31e6d7281,M8,M8.01,CHECK_SOLVER_SCHEDULE_LINK|CHECK_SOLVER_ARTIFACT_LINK,CHECK_SOLVER_SCHEDULE_LINK|CHECK_SOLVER_ARTIFACT_LINK,EXPECTED_DETECTOR_MATCH,DETECTED_AS_PREREGISTERED,FAIL,PASS,FAIL,FAIL:CHECK_SOLVER_SCHEDULE_LINK,,607
AEI_P3_FORMAL_20260826T034308Z_9b5f3c2bdfbe,1,M8.01:97eb8ea8dfec0a163a4b54e1179247553055627de3df3d7a40c8879cacc64800,97eb8ea8dfec0a163a4b54e1179247553055627de3df3d7a40c8879cacc64800,M8,M8.01,CHECK_SOLVER_SCHEDULE_LINK|CHECK_SOLVER_ARTIFACT_LINK,CHECK_SOLVER_ARTIFACT_LINK,EXPECTED_DETECTOR_MATCH,DETECTED_AS_PREREGISTERED,FAIL,PASS,FAIL,FAIL:CHECK_SOLVER_ARTIFACT_LINK,,608
AEI_P3_FORMAL_20260826T034308Z_9b5f3c2bdfbe,1,M8.01:9827288498c6ff63f3f7ec6f3bb833b53ac1c3cbaf59021addc82b6a8c08bae2,9827288498c6ff63f3f7ec6f3bb833b53ac1c3cbaf59021addc82b6a8c08bae2,M8,M8.01,CHECK_SOLVER_SCHEDULE_LINK|CHECK_SOLVER_ARTIFACT_LINK,CHECK_SOLVER_SCHEDULE_LINK|CHECK_SOLVER_ARTIFACT_LINK,EXPECTED_DETECTOR_MATCH,DETECTED_AS_PREREGISTERED,FAIL,PASS,FAIL,FAIL:CHECK_SOLVER_SCHEDULE_LINK,,609
AEI_P3_FORMAL_20260826T034308Z_9b5f3c2bdfbe,1,M8.01:9f7906189c782cba7c3a4cc9cb8785764c8ad3fb1e637423a7a310d6c438feb5,9f7906189c782cba7c3a4cc9cb8785764c8ad3fb1e637423a7a310d6c438feb5,M8,M8.01,CHECK_SOLVER_SCHEDULE_LINK|CHECK_SOLVER_ARTIFACT_LINK,CHECK_SOLVER_SCHEDULE_LINK|CHECK_SOLVER_ARTIFACT_LINK,EXPECTED_DETECTOR_MATCH,DETECTED_AS_PREREGISTERED,FAIL,PASS,FAIL,FAIL:CHECK_SOLVER_SCHEDULE_LINK,,610
AEI_P3_FORMAL_20260826T034308Z_9b5f3c2bdfbe,1,M8.01:aa5b4ee1688c71f1a3932cd7d9b629a08e31ef09728f3280c98c7636eecfb8d3,aa5b4ee1688c71f1a3932cd7d9b629a08e31ef09728f3280c98c7636eecfb8d3,M8,M8.01,CHECK_SOLVER_SCHEDULE_LINK|CHECK_SOLVER_ARTIFACT_LINK,CHECK_SOLVER_SCHEDULE_LINK|CHECK_SOLVER_ARTIFACT_LINK,EXPECTED_DETECTOR_MATCH,DETECTED_AS_PREREGISTERED,FAIL,PASS,FAIL,FAIL:CHECK_SOLVER_SCHEDULE_LINK,,611
AEI_P3_FORMAL_20260826T034308Z_9b5f3c2bdfbe,1,M8.01:aad646b14392b632d658225dedb7d3953424ab9ab19ebafdc67bd9a7f02eb50b,aad646b14392b632d658225dedb7d3953424ab9ab19ebafdc67bd9a7f02eb50b,M8,M8.01,CHECK_SOLVER_SCHEDULE_LINK|CHECK_SOLVER_ARTIFACT_LINK,CHECK_SOLVER_SCHEDULE_LINK|CHECK_SOLVER_ARTIFACT_LINK,EXPECTED_DETECTOR_MATCH,DETECTED_AS_PREREGISTERED,FAIL,PASS,FAIL,FAIL:CHECK_SOLVER_SCHEDULE_LINK,,612
AEI_P3_FORMAL_20260826T034308Z_9b5f3c2bdfbe,1,M8.01:abc8d6ba26b9728a25ebd17f4066aa5421f54fde1c1ef630cc33cb308c0fb8e5,abc8d6ba26b9728a25ebd17f4066aa5421f54fde1c1ef630cc33cb308c0fb8e5,M8,M8.01,CHECK_SOLVER_SCHEDULE_LINK|CHECK_SOLVER_ARTIFACT_LINK,CHECK_SOLVER_SCHEDULE_LINK|CHECK_SOLVER_ARTIFACT_LINK,EXPECTED_DETECTOR_MATCH,DETECTED_AS_PREREGISTERED,FAIL,PASS,FAIL,FAIL:CHECK_SOLVER_SCHEDULE_LINK,,613
AEI_P3_FORMAL_20260826T034308Z_9b5f3c2bdfbe,1,M8.01:b0f01f4c7ca822555039b9267d8985edbeb149abc0a710d6583cea634584f862,b0f01f4c7ca822555039b9267d8985edbeb149abc0a710d6583cea634584f862,M8,M8.01,CHECK_SOLVER_SCHEDULE_LINK|CHECK_SOLVER_ARTIFACT_LINK,CHECK_SOLVER_SCHEDULE_LINK|CHECK_SOLVER_ARTIFACT_LINK,EXPECTED_DETECTOR_MATCH,DETECTED_AS_PREREGISTERED,FAIL,PASS,FAIL,FAIL:CHECK_SOLVER_SCHEDULE_LINK,,614
AEI_P3_FORMAL_20260826T034308Z_9b5f3c2bdfbe,1,M8.01:b31f9c5cbf923f188771558357941c1a7d6a71089f67793c620cf7034a070eb2,b31f9c5cbf923f188771558357941c1a7d6a71089f67793c620cf7034a070eb2,M8,M8.01,CHECK_SOLVER_SCHEDULE_LINK|CHECK_SOLVER_ARTIFACT_LINK,CHECK_SOLVER_SCHEDULE_LINK|CHECK_SOLVER_ARTIFACT_LINK,EXPECTED_DETECTOR_MATCH,DETECTED_AS_PREREGISTERED,FAIL,PASS,FAIL,FAIL:CHECK_SOLVER_SCHEDULE_LINK,,615
AEI_P3_FORMAL_20260826T034308Z_9b5f3c2bdfbe,1,M8.01:b5c400c27e6dbb1cc8466c5ce68e1530b6d984599f3c01c36496b49b586ff5e3,b5c400c27e6dbb1cc8466c5ce68e1530b6d984599f3c01c36496b49b586ff5e3,M8,M8.01,CHECK_SOLVER_SCHEDULE_LINK|CHECK_SOLVER_ARTIFACT_LINK,CHECK_SOLVER_SCHEDULE_LINK|CHECK_SOLVER_ARTIFACT_LINK,EXPECTED_DETECTOR_MATCH,DETECTED_AS_PREREGISTERED,FAIL,PASS,FAIL,FAIL:CHECK_SOLVER_SCHEDULE_LINK,,616
AEI_P3_FORMAL_20260826T034308Z_9b5f3c2bdfbe,1,M8.01:bb3f15222034bdf87b9be499b27f859fe778b781693fd54677f83bd7531f0680,bb3f15222034bdf87b9be499b27f859fe778b781693fd54677f83bd7531f0680,M8,M8.01,CHECK_SOLVER_SCHEDULE_LINK|CHECK_SOLVER_ARTIFACT_LINK,CHECK_SOLVER_SCHEDULE_LINK|CHECK_SOLVER_ARTIFACT_LINK,EXPECTED_DETECTOR_MATCH,DETECTED_AS_PREREGISTERED,FAIL,PASS,FAIL,FAIL:CHECK_SOLVER_SCHEDULE_LINK,,617
AEI_P3_FORMAL_20260826T034308Z_9b5f3c2bdfbe,1,M8.01:ce18361670bfbcde2f3ff22167187aecef9164dedbf1198bc7563c147804780e,ce18361670bfbcde2f3ff22167187aecef9164dedbf1198bc7563c147804780e,M8,M8.01,CHECK_SOLVER_SCHEDULE_LINK|CHECK_SOLVER_ARTIFACT_LINK,CHECK_SOLVER_ARTIFACT_LINK,EXPECTED_DETECTOR_MATCH,DETECTED_AS_PREREGISTERED,FAIL,PASS,FAIL,FAIL:CHECK_SOLVER_ARTIFACT_LINK,,618
AEI_P3_FORMAL_20260826T034308Z_9b5f3c2bdfbe,1,M8.01:ceae66508816dc9f5458c925c89f155658e6c78710a8753d337ac385481cc1bf,ceae66508816dc9f5458c925c89f155658e6c78710a8753d337ac385481cc1bf,M8,M8.01,CHECK_SOLVER_SCHEDULE_LINK|CHECK_SOLVER_ARTIFACT_LINK,CHECK_SOLVER_SCHEDULE_LINK|CHECK_SOLVER_ARTIFACT_LINK,EXPECTED_DETECTOR_MATCH,DETECTED_AS_PREREGISTERED,FAIL,PASS,FAIL,FAIL:CHECK_SOLVER_SCHEDULE_LINK,,619
AEI_P3_FORMAL_20260826T034308Z_9b5f3c2bdfbe,1,M8.01:d093d52f24139c1b6fb09b775beedd000f1a7b3716df906d7d36e91e7e848265,d093d52f24139c1b6fb09b775beedd000f1a7b3716df906d7d36e91e7e848265,M8,M8.01,CHECK_SOLVER_SCHEDULE_LINK|CHECK_SOLVER_ARTIFACT_LINK,CHECK_SOLVER_SCHEDULE_LINK|CHECK_SOLVER_ARTIFACT_LINK,EXPECTED_DETECTOR_MATCH,DETECTED_AS_PREREGISTERED,FAIL,PASS,FAIL,FAIL:CHECK_SOLVER_SCHEDULE_LINK,,620
AEI_P3_FORMAL_20260826T034308Z_9b5f3c2bdfbe,1,M8.01:d4b957654a5efd71168d6f7e67936e6abf4666ceb41e7919635002157b125411,d4b957654a5efd71168d6f7e67936e6abf4666ceb41e7919635002157b125411,M8,M8.01,CHECK_SOLVER_SCHEDULE_LINK|CHECK_SOLVER_ARTIFACT_LINK,CHECK_SOLVER_SCHEDULE_LINK|CHECK_SOLVER_ARTIFACT_LINK,EXPECTED_DETECTOR_MATCH,DETECTED_AS_PREREGISTERED,FAIL,PASS,FAIL,FAIL:CHECK_SOLVER_SCHEDULE_LINK,,621
AEI_P3_FORMAL_20260826T034308Z_9b5f3c2bdfbe,1,M8.01:d598e89b357205c7b4bd47c5ebbe933f8be1f7c8dcdee85e66ec6829cafb91d3,d598e89b357205c7b4bd47c5ebbe933f8be1f7c8dcdee85e66ec6829cafb91d3,M8,M8.01,CHECK_SOLVER_SCHEDULE_LINK|CHECK_SOLVER_ARTIFACT_LINK,CHECK_SOLVER_SCHEDULE_LINK|CHECK_SOLVER_ARTIFACT_LINK,EXPECTED_DETECTOR_MATCH,DETECTED_AS_PREREGISTERED,FAIL,PASS,FAIL,FAIL:CHECK_SOLVER_SCHEDULE_LINK,,622
AEI_P3_FORMAL_20260826T034308Z_9b5f3c2bdfbe,1,M8.01:eb3670bbe434a59cc94347384a5d50fb526d26a00dbf6da73e54438c4bacc2a0,eb3670bbe434a59cc94347384a5d50fb526d26a00dbf6da73e54438c4bacc2a0,M8,M8.01,CHECK_SOLVER_SCHEDULE_LINK|CHECK_SOLVER_ARTIFACT_LINK,CHECK_SOLVER_SCHEDULE_LINK|CHECK_SOLVER_ARTIFACT_LINK,EXPECTED_DETECTOR_MATCH,DETECTED_AS_PREREGISTERED,FAIL,PASS,FAIL,FAIL:CHECK_SOLVER_SCHEDULE_LINK,,623
AEI_P3_FORMAL_20260826T034308Z_9b5f3c2bdfbe,1,M8.01:f1e5fc58ea336e13c098308a2da00dee7de3dd3aa08d6170df4a3cb1afd09795,f1e5fc58ea336e13c098308a2da00dee7de3dd3aa08d6170df4a3cb1afd09795,M8,M8.01,CHECK_SOLVER_SCHEDULE_LINK|CHECK_SOLVER_ARTIFACT_LINK,CHECK_SOLVER_SCHEDULE_LINK|CHECK_SOLVER_ARTIFACT_LINK,EXPECTED_DETECTOR_MATCH,DETECTED_AS_PREREGISTERED,FAIL,PASS,FAIL,FAIL:CHECK_SOLVER_SCHEDULE_LINK,,624
AEI_P3_FORMAL_20260826T034308Z_9b5f3c2bdfbe,1,M8.01:f583baa2dad1527b5f84f71805410ee51b78fce2b1be62de49f1636c06821c7b,f583baa2dad1527b5f84f71805410ee51b78fce2b1be62de49f1636c06821c7b,M8,M8.01,CHECK_SOLVER_SCHEDULE_LINK|CHECK_SOLVER_ARTIFACT_LINK,CHECK_SOLVER_SCHEDULE_LINK|CHECK_SOLVER_ARTIFACT_LINK,EXPECTED_DETECTOR_MATCH,DETECTED_AS_PREREGISTERED,FAIL,PASS,FAIL,FAIL:CHECK_SOLVER_SCHEDULE_LINK,,625
AEI_P3_FORMAL_20260826T034308Z_9b5f3c2bdfbe,1,M8.01:f64f55ad9277004ae441909cd6556d26eeaf73d3eb3c537384be703615149f96,f64f55ad9277004ae441909cd6556d26eeaf73d3eb3c537384be703615149f96,M8,M8.01,CHECK_SOLVER_SCHEDULE_LINK|CHECK_SOLVER_ARTIFACT_LINK,CHECK_SOLVER_SCHEDULE_LINK|CHECK_SOLVER_ARTIFACT_LINK,EXPECTED_DETECTOR_MATCH,DETECTED_AS_PREREGISTERED,FAIL,PASS,FAIL,FAIL:CHECK_SOLVER_SCHEDULE_LINK,,626
AEI_P3_FORMAL_20260826T034308Z_9b5f3c2bdfbe,1,M8.01:f80e8a50e0815fda9eef8635e52671f3888786c4daef5767b8da7b74e4311646,f80e8a50e0815fda9eef8635e52671f3888786c4daef5767b8da7b74e4311646,M8,M8.01,CHECK_SOLVER_SCHEDULE_LINK|CHECK_SOLVER_ARTIFACT_LINK,CHECK_SOLVER_SCHEDULE_LINK|CHECK_SOLVER_ARTIFACT_LINK,EXPECTED_DETECTOR_MATCH,DETECTED_AS_PREREGISTERED,FAIL,PASS,FAIL,FAIL:CHECK_SOLVER_SCHEDULE_LINK,,627
AEI_P3_FORMAL_20260826T034308Z_9b5f3c2bdfbe,1,M8.01:f9ade00b139ce33674b05d1766de3ec85779abfd83f893a7b2437817100901d9,f9ade00b139ce33674b05d1766de3ec85779abfd83f893a7b2437817100901d9,M8,M8.01,CHECK_SOLVER_SCHEDULE_LINK|CHECK_SOLVER_ARTIFACT_LINK,CHECK_SOLVER_SCHEDULE_LINK|CHECK_SOLVER_ARTIFACT_LINK,EXPECTED_DETECTOR_MATCH,DETECTED_AS_PREREGISTERED,FAIL,PASS,FAIL,FAIL:CHECK_SOLVER_SCHEDULE_LINK,,628
AEI_P3_FORMAL_20260826T034308Z_9b5f3c2bdfbe,1,M8.01:feb26c8ce25b99d6b090e07fca86c8e2dbf3ff2d6b891634c4c71b179329ab47,feb26c8ce25b99d6b090e07fca86c8e2dbf3ff2d6b891634c4c71b179329ab47,M8,M8.01,CHECK_SOLVER_SCHEDULE_LINK|CHECK_SOLVER_ARTIFACT_LINK,CHECK_SOLVER_SCHEDULE_LINK|CHECK_SOLVER_ARTIFACT_LINK,EXPECTED_DETECTOR_MATCH,DETECTED_AS_PREREGISTERED,FAIL,PASS,FAIL,FAIL:CHECK_SOLVER_SCHEDULE_LINK,,629
AEI_P3_FORMAL_20260826T034308Z_9b5f3c2bdfbe,1,M9.01:052b2dfeb855619b4e74c70e7155e5699a6aebc572c887f1432462ecf4afce6b,052b2dfeb855619b4e74c70e7155e5699a6aebc572c887f1432462ecf4afce6b,M9,M9.01,CHECK_OB7_REQUIRED_SOLVER_VERSION,CHECK_OB7_REQUIRED_SOLVER_VERSION,EXPECTED_DETECTOR_MATCH,DETECTED_AS_PREREGISTERED,PASS,FAIL,FAIL,FAIL:CHECK_OB7_REQUIRED_SOLVER_VERSION,,630
AEI_P3_FORMAL_20260826T034308Z_9b5f3c2bdfbe,1,M9.01:0edc936e36dbd00367c35ec096b127c69211776f53ead8d7b9619a78d9b3beb5,0edc936e36dbd00367c35ec096b127c69211776f53ead8d7b9619a78d9b3beb5,M9,M9.01,CHECK_OB7_REQUIRED_SOLVER_VERSION,CHECK_OB7_REQUIRED_SOLVER_VERSION,EXPECTED_DETECTOR_MATCH,DETECTED_AS_PREREGISTERED,PASS,FAIL,FAIL,FAIL:CHECK_OB7_REQUIRED_SOLVER_VERSION,,631
AEI_P3_FORMAL_20260826T034308Z_9b5f3c2bdfbe,1,M9.01:19993579c580ecb799e1ce158990340e547863ae75c4be153b97908cb5cd08a2,19993579c580ecb799e1ce158990340e547863ae75c4be153b97908cb5cd08a2,M9,M9.01,CHECK_OB7_REQUIRED_SOLVER_VERSION,CHECK_OB7_REQUIRED_SOLVER_VERSION,EXPECTED_DETECTOR_MATCH,DETECTED_AS_PREREGISTERED,PASS,FAIL,FAIL,FAIL:CHECK_OB7_REQUIRED_SOLVER_VERSION,,632
AEI_P3_FORMAL_20260826T034308Z_9b5f3c2bdfbe,1,M9.01:1bb3dc3f26212de23def1f2ca0d598d344fea56b8a73247e2f6390ebea07946d,1bb3dc3f26212de23def1f2ca0d598d344fea56b8a73247e2f6390ebea07946d,M9,M9.01,CHECK_OB7_REQUIRED_SOLVER_VERSION,CHECK_OB7_REQUIRED_SOLVER_VERSION,EXPECTED_DETECTOR_MATCH,DETECTED_AS_PREREGISTERED,PASS,FAIL,FAIL,FAIL:CHECK_OB7_REQUIRED_SOLVER_VERSION,,633
AEI_P3_FORMAL_20260826T034308Z_9b5f3c2bdfbe,1,M9.01:2443e5a3d32298289c0b98d2a7d3a03cbf4194a7adecf97293b0ac348944ba9e,2443e5a3d32298289c0b98d2a7d3a03cbf4194a7adecf97293b0ac348944ba9e,M9,M9.01,CHECK_OB7_REQUIRED_SOLVER_VERSION,CHECK_OB7_REQUIRED_SOLVER_VERSION,EXPECTED_DETECTOR_MATCH,DETECTED_AS_PREREGISTERED,PASS,FAIL,FAIL,FAIL:CHECK_OB7_REQUIRED_SOLVER_VERSION,,634
AEI_P3_FORMAL_20260826T034308Z_9b5f3c2bdfbe,1,M9.01:245cb7ed72fd0a10da80157bd648a7ae9e8bd9ef722909fe778d274715ad67b3,245cb7ed72fd0a10da80157bd648a7ae9e8bd9ef722909fe778d274715ad67b3,M9,M9.01,CHECK_OB7_REQUIRED_SOLVER_VERSION,CHECK_OB7_REQUIRED_SOLVER_VERSION,EXPECTED_DETECTOR_MATCH,DETECTED_AS_PREREGISTERED,PASS,FAIL,FAIL,FAIL:CHECK_OB7_REQUIRED_SOLVER_VERSION,,635
AEI_P3_FORMAL_20260826T034308Z_9b5f3c2bdfbe,1,M9.01:268469c82535bf1ba82a82324d755f40ad8bc7255c875b8e25c2d7943cff1ff3,268469c82535bf1ba82a82324d755f40ad8bc7255c875b8e25c2d7943cff1ff3,M9,M9.01,CHECK_OB7_REQUIRED_SOLVER_VERSION,CHECK_OB7_REQUIRED_SOLVER_VERSION,EXPECTED_DETECTOR_MATCH,DETECTED_AS_PREREGISTERED,PASS,FAIL,FAIL,FAIL:CHECK_OB7_REQUIRED_SOLVER_VERSION,,636
AEI_P3_FORMAL_20260826T034308Z_9b5f3c2bdfbe,1,M9.01:2908e9ba69598735be8757d9b153473f5bacec1feb89ecff91ce994824a10178,2908e9ba69598735be8757d9b153473f5bacec1feb89ecff91ce994824a10178,M9,M9.01,CHECK_OB7_REQUIRED_SOLVER_VERSION,CHECK_OB7_REQUIRED_SOLVER_VERSION,EXPECTED_DETECTOR_MATCH,DETECTED_AS_PREREGISTERED,PASS,FAIL,FAIL,FAIL:CHECK_OB7_REQUIRED_SOLVER_VERSION,,637
AEI_P3_FORMAL_20260826T034308Z_9b5f3c2bdfbe,1,M9.01:474b6ef7aac2feb7cb9195d7d3644f0d53d378eb4518ef87a9a2f7714d8ef3d5,474b6ef7aac2feb7cb9195d7d3644f0d53d378eb4518ef87a9a2f7714d8ef3d5,M9,M9.01,CHECK_OB7_REQUIRED_SOLVER_VERSION,CHECK_OB7_REQUIRED_SOLVER_VERSION,EXPECTED_DETECTOR_MATCH,DETECTED_AS_PREREGISTERED,PASS,FAIL,FAIL,FAIL:CHECK_OB7_REQUIRED_SOLVER_VERSION,,638
AEI_P3_FORMAL_20260826T034308Z_9b5f3c2bdfbe,1,M9.01:4fafb9a13ff5e2fda82a804bf609727b68a17926d69ae1574c4801604ec81359,4fafb9a13ff5e2fda82a804bf609727b68a17926d69ae1574c4801604ec81359,M9,M9.01,CHECK_OB7_REQUIRED_SOLVER_VERSION,CHECK_OB7_REQUIRED_SOLVER_VERSION,EXPECTED_DETECTOR_MATCH,DETECTED_AS_PREREGISTERED,PASS,FAIL,FAIL,FAIL:CHECK_OB7_REQUIRED_SOLVER_VERSION,,639
AEI_P3_FORMAL_20260826T034308Z_9b5f3c2bdfbe,1,M9.01:54349d927b9070c144f507868f9ef8b962c7c926426b33c3a7e0c88f715b246a,54349d927b9070c144f507868f9ef8b962c7c926426b33c3a7e0c88f715b246a,M9,M9.01,CHECK_OB7_REQUIRED_SOLVER_VERSION,CHECK_OB7_REQUIRED_SOLVER_VERSION,EXPECTED_DETECTOR_MATCH,DETECTED_AS_PREREGISTERED,PASS,FAIL,FAIL,FAIL:CHECK_OB7_REQUIRED_SOLVER_VERSION,,640
AEI_P3_FORMAL_20260826T034308Z_9b5f3c2bdfbe,1,M9.01:558b8365de15727bf495595ed539867872c185b280ea249712f3b1d5f8674cd5,558b8365de15727bf495595ed539867872c185b280ea249712f3b1d5f8674cd5,M9,M9.01,CHECK_OB7_REQUIRED_SOLVER_VERSION,CHECK_OB7_REQUIRED_SOLVER_VERSION,EXPECTED_DETECTOR_MATCH,DETECTED_AS_PREREGISTERED,PASS,FAIL,FAIL,FAIL:CHECK_OB7_REQUIRED_SOLVER_VERSION,,641
AEI_P3_FORMAL_20260826T034308Z_9b5f3c2bdfbe,1,M9.01:5ecccd77f46ab5549088b57686632a9eb5ccf1a5a977fbe35cfae6a50eca52bb,5ecccd77f46ab5549088b57686632a9eb5ccf1a5a977fbe35cfae6a50eca52bb,M9,M9.01,CHECK_OB7_REQUIRED_SOLVER_VERSION,CHECK_OB7_REQUIRED_SOLVER_VERSION,EXPECTED_DETECTOR_MATCH,DETECTED_AS_PREREGISTERED,PASS,FAIL,FAIL,FAIL:CHECK_OB7_REQUIRED_SOLVER_VERSION,,642
AEI_P3_FORMAL_20260826T034308Z_9b5f3c2bdfbe,1,M9.01:5f24b2bbe16d5c8f667064d5031553e1dd9c4d9dbb7e0757cb922d9ba47928d5,5f24b2bbe16d5c8f667064d5031553e1dd9c4d9dbb7e0757cb922d9ba47928d5,M9,M9.01,CHECK_OB7_REQUIRED_SOLVER_VERSION,CHECK_OB7_REQUIRED_SOLVER_VERSION,EXPECTED_DETECTOR_MATCH,DETECTED_AS_PREREGISTERED,PASS,FAIL,FAIL,FAIL:CHECK_OB7_REQUIRED_SOLVER_VERSION,,643
AEI_P3_FORMAL_20260826T034308Z_9b5f3c2bdfbe,1,M9.01:61f77c0251bcd2bbb51e6bff7e048bfcda7139b4e796314d32b47961ac3b5c1b,61f77c0251bcd2bbb51e6bff7e048bfcda7139b4e796314d32b47961ac3b5c1b,M9,M9.01,CHECK_OB7_REQUIRED_SOLVER_VERSION,CHECK_OB7_REQUIRED_SOLVER_VERSION,EXPECTED_DETECTOR_MATCH,DETECTED_AS_PREREGISTERED,PASS,FAIL,FAIL,FAIL:CHECK_OB7_REQUIRED_SOLVER_VERSION,,644
AEI_P3_FORMAL_20260826T034308Z_9b5f3c2bdfbe,1,M9.01:634f3d08fd93ba622176ea6c9ff7ff1fb9d57a9b14f936f27d1460655fc20d72,634f3d08fd93ba622176ea6c9ff7ff1fb9d57a9b14f936f27d1460655fc20d72,M9,M9.01,CHECK_OB7_REQUIRED_SOLVER_VERSION,CHECK_OB7_REQUIRED_SOLVER_VERSION,EXPECTED_DETECTOR_MATCH,DETECTED_AS_PREREGISTERED,PASS,FAIL,FAIL,FAIL:CHECK_OB7_REQUIRED_SOLVER_VERSION,,645
AEI_P3_FORMAL_20260826T034308Z_9b5f3c2bdfbe,1,M9.01:73cdcc11d1c23e47664696979a9b12b94deb5da000c18f37a8d7c0b641090788,73cdcc11d1c23e47664696979a9b12b94deb5da000c18f37a8d7c0b641090788,M9,M9.01,CHECK_OB7_REQUIRED_SOLVER_VERSION,CHECK_OB7_REQUIRED_SOLVER_VERSION,EXPECTED_DETECTOR_MATCH,DETECTED_AS_PREREGISTERED,PASS,FAIL,FAIL,FAIL:CHECK_OB7_REQUIRED_SOLVER_VERSION,,646
AEI_P3_FORMAL_20260826T034308Z_9b5f3c2bdfbe,1,M9.01:7dc2cc636acd7eeb3db7367222360894cac918d6adca467d2f7a79960bbe8b1c,7dc2cc636acd7eeb3db7367222360894cac918d6adca467d2f7a79960bbe8b1c,M9,M9.01,CHECK_OB7_REQUIRED_SOLVER_VERSION,CHECK_OB7_REQUIRED_SOLVER_VERSION,EXPECTED_DETECTOR_MATCH,DETECTED_AS_PREREGISTERED,PASS,FAIL,FAIL,FAIL:CHECK_OB7_REQUIRED_SOLVER_VERSION,,647
AEI_P3_FORMAL_20260826T034308Z_9b5f3c2bdfbe,1,M9.01:8c60197386a54af6d06cac0996c81cbca4971ac83984afcf2a52fa27a5bb1b42,8c60197386a54af6d06cac0996c81cbca4971ac83984afcf2a52fa27a5bb1b42,M9,M9.01,CHECK_OB7_REQUIRED_SOLVER_VERSION,CHECK_OB7_REQUIRED_SOLVER_VERSION,EXPECTED_DETECTOR_MATCH,DETECTED_AS_PREREGISTERED,PASS,FAIL,FAIL,FAIL:CHECK_OB7_REQUIRED_SOLVER_VERSION,,648
AEI_P3_FORMAL_20260826T034308Z_9b5f3c2bdfbe,1,M9.01:8e3a1df6f55a6d53d21fd63c9dcda45cee6d1576c4989d45b40828d31e6d7281,8e3a1df6f55a6d53d21fd63c9dcda45cee6d1576c4989d45b40828d31e6d7281,M9,M9.01,CHECK_OB7_REQUIRED_SOLVER_VERSION,CHECK_OB7_REQUIRED_SOLVER_VERSION,EXPECTED_DETECTOR_MATCH,DETECTED_AS_PREREGISTERED,PASS,FAIL,FAIL,FAIL:CHECK_OB7_REQUIRED_SOLVER_VERSION,,649
AEI_P3_FORMAL_20260826T034308Z_9b5f3c2bdfbe,1,M9.01:97eb8ea8dfec0a163a4b54e1179247553055627de3df3d7a40c8879cacc64800,97eb8ea8dfec0a163a4b54e1179247553055627de3df3d7a40c8879cacc64800,M9,M9.01,CHECK_OB7_REQUIRED_SOLVER_VERSION,CHECK_OB7_REQUIRED_SOLVER_VERSION,EXPECTED_DETECTOR_MATCH,DETECTED_AS_PREREGISTERED,PASS,FAIL,FAIL,FAIL:CHECK_OB7_REQUIRED_SOLVER_VERSION,,650
AEI_P3_FORMAL_20260826T034308Z_9b5f3c2bdfbe,1,M9.01:9827288498c6ff63f3f7ec6f3bb833b53ac1c3cbaf59021addc82b6a8c08bae2,9827288498c6ff63f3f7ec6f3bb833b53ac1c3cbaf59021addc82b6a8c08bae2,M9,M9.01,CHECK_OB7_REQUIRED_SOLVER_VERSION,CHECK_OB7_REQUIRED_SOLVER_VERSION,EXPECTED_DETECTOR_MATCH,DETECTED_AS_PREREGISTERED,PASS,FAIL,FAIL,FAIL:CHECK_OB7_REQUIRED_SOLVER_VERSION,,651
AEI_P3_FORMAL_20260826T034308Z_9b5f3c2bdfbe,1,M9.01:9f7906189c782cba7c3a4cc9cb8785764c8ad3fb1e637423a7a310d6c438feb5,9f7906189c782cba7c3a4cc9cb8785764c8ad3fb1e637423a7a310d6c438feb5,M9,M9.01,CHECK_OB7_REQUIRED_SOLVER_VERSION,CHECK_OB7_REQUIRED_SOLVER_VERSION,EXPECTED_DETECTOR_MATCH,DETECTED_AS_PREREGISTERED,PASS,FAIL,FAIL,FAIL:CHECK_OB7_REQUIRED_SOLVER_VERSION,,652
AEI_P3_FORMAL_20260826T034308Z_9b5f3c2bdfbe,1,M9.01:aa5b4ee1688c71f1a3932cd7d9b629a08e31ef09728f3280c98c7636eecfb8d3,aa5b4ee1688c71f1a3932cd7d9b629a08e31ef09728f3280c98c7636eecfb8d3,M9,M9.01,CHECK_OB7_REQUIRED_SOLVER_VERSION,CHECK_OB7_REQUIRED_SOLVER_VERSION,EXPECTED_DETECTOR_MATCH,DETECTED_AS_PREREGISTERED,PASS,FAIL,FAIL,FAIL:CHECK_OB7_REQUIRED_SOLVER_VERSION,,653
AEI_P3_FORMAL_20260826T034308Z_9b5f3c2bdfbe,1,M9.01:aad646b14392b632d658225dedb7d3953424ab9ab19ebafdc67bd9a7f02eb50b,aad646b14392b632d658225dedb7d3953424ab9ab19ebafdc67bd9a7f02eb50b,M9,M9.01,CHECK_OB7_REQUIRED_SOLVER_VERSION,CHECK_OB7_REQUIRED_SOLVER_VERSION,EXPECTED_DETECTOR_MATCH,DETECTED_AS_PREREGISTERED,PASS,FAIL,FAIL,FAIL:CHECK_OB7_REQUIRED_SOLVER_VERSION,,654
AEI_P3_FORMAL_20260826T034308Z_9b5f3c2bdfbe,1,M9.01:abc8d6ba26b9728a25ebd17f4066aa5421f54fde1c1ef630cc33cb308c0fb8e5,abc8d6ba26b9728a25ebd17f4066aa5421f54fde1c1ef630cc33cb308c0fb8e5,M9,M9.01,CHECK_OB7_REQUIRED_SOLVER_VERSION,CHECK_OB7_REQUIRED_SOLVER_VERSION,EXPECTED_DETECTOR_MATCH,DETECTED_AS_PREREGISTERED,PASS,FAIL,FAIL,FAIL:CHECK_OB7_REQUIRED_SOLVER_VERSION,,655
AEI_P3_FORMAL_20260826T034308Z_9b5f3c2bdfbe,1,M9.01:b0f01f4c7ca822555039b9267d8985edbeb149abc0a710d6583cea634584f862,b0f01f4c7ca822555039b9267d8985edbeb149abc0a710d6583cea634584f862,M9,M9.01,CHECK_OB7_REQUIRED_SOLVER_VERSION,CHECK_OB7_REQUIRED_SOLVER_VERSION,EXPECTED_DETECTOR_MATCH,DETECTED_AS_PREREGISTERED,PASS,FAIL,FAIL,FAIL:CHECK_OB7_REQUIRED_SOLVER_VERSION,,656
AEI_P3_FORMAL_20260826T034308Z_9b5f3c2bdfbe,1,M9.01:b31f9c5cbf923f188771558357941c1a7d6a71089f67793c620cf7034a070eb2,b31f9c5cbf923f188771558357941c1a7d6a71089f67793c620cf7034a070eb2,M9,M9.01,CHECK_OB7_REQUIRED_SOLVER_VERSION,CHECK_OB7_REQUIRED_SOLVER_VERSION,EXPECTED_DETECTOR_MATCH,DETECTED_AS_PREREGISTERED,PASS,FAIL,FAIL,FAIL:CHECK_OB7_REQUIRED_SOLVER_VERSION,,657
AEI_P3_FORMAL_20260826T034308Z_9b5f3c2bdfbe,1,M9.01:b5c400c27e6dbb1cc8466c5ce68e1530b6d984599f3c01c36496b49b586ff5e3,b5c400c27e6dbb1cc8466c5ce68e1530b6d984599f3c01c36496b49b586ff5e3,M9,M9.01,CHECK_OB7_REQUIRED_SOLVER_VERSION,CHECK_OB7_REQUIRED_SOLVER_VERSION,EXPECTED_DETECTOR_MATCH,DETECTED_AS_PREREGISTERED,PASS,FAIL,FAIL,FAIL:CHECK_OB7_REQUIRED_SOLVER_VERSION,,658
AEI_P3_FORMAL_20260826T034308Z_9b5f3c2bdfbe,1,M9.01:bb3f15222034bdf87b9be499b27f859fe778b781693fd54677f83bd7531f0680,bb3f15222034bdf87b9be499b27f859fe778b781693fd54677f83bd7531f0680,M9,M9.01,CHECK_OB7_REQUIRED_SOLVER_VERSION,CHECK_OB7_REQUIRED_SOLVER_VERSION,EXPECTED_DETECTOR_MATCH,DETECTED_AS_PREREGISTERED,PASS,FAIL,FAIL,FAIL:CHECK_OB7_REQUIRED_SOLVER_VERSION,,659
AEI_P3_FORMAL_20260826T034308Z_9b5f3c2bdfbe,1,M9.01:ce18361670bfbcde2f3ff22167187aecef9164dedbf1198bc7563c147804780e,ce18361670bfbcde2f3ff22167187aecef9164dedbf1198bc7563c147804780e,M9,M9.01,CHECK_OB7_REQUIRED_SOLVER_VERSION,CHECK_OB7_REQUIRED_SOLVER_VERSION,EXPECTED_DETECTOR_MATCH,DETECTED_AS_PREREGISTERED,PASS,FAIL,FAIL,FAIL:CHECK_OB7_REQUIRED_SOLVER_VERSION,,660
AEI_P3_FORMAL_20260826T034308Z_9b5f3c2bdfbe,1,M9.01:ceae66508816dc9f5458c925c89f155658e6c78710a8753d337ac385481cc1bf,ceae66508816dc9f5458c925c89f155658e6c78710a8753d337ac385481cc1bf,M9,M9.01,CHECK_OB7_REQUIRED_SOLVER_VERSION,CHECK_OB7_REQUIRED_SOLVER_VERSION,EXPECTED_DETECTOR_MATCH,DETECTED_AS_PREREGISTERED,PASS,FAIL,FAIL,FAIL:CHECK_OB7_REQUIRED_SOLVER_VERSION,,661
AEI_P3_FORMAL_20260826T034308Z_9b5f3c2bdfbe,1,M9.01:d093d52f24139c1b6fb09b775beedd000f1a7b3716df906d7d36e91e7e848265,d093d52f24139c1b6fb09b775beedd000f1a7b3716df906d7d36e91e7e848265,M9,M9.01,CHECK_OB7_REQUIRED_SOLVER_VERSION,CHECK_OB7_REQUIRED_SOLVER_VERSION,EXPECTED_DETECTOR_MATCH,DETECTED_AS_PREREGISTERED,PASS,FAIL,FAIL,FAIL:CHECK_OB7_REQUIRED_SOLVER_VERSION,,662
AEI_P3_FORMAL_20260826T034308Z_9b5f3c2bdfbe,1,M9.01:d4b957654a5efd71168d6f7e67936e6abf4666ceb41e7919635002157b125411,d4b957654a5efd71168d6f7e67936e6abf4666ceb41e7919635002157b125411,M9,M9.01,CHECK_OB7_REQUIRED_SOLVER_VERSION,CHECK_OB7_REQUIRED_SOLVER_VERSION,EXPECTED_DETECTOR_MATCH,DETECTED_AS_PREREGISTERED,PASS,FAIL,FAIL,FAIL:CHECK_OB7_REQUIRED_SOLVER_VERSION,,663
AEI_P3_FORMAL_20260826T034308Z_9b5f3c2bdfbe,1,M9.01:d598e89b357205c7b4bd47c5ebbe933f8be1f7c8dcdee85e66ec6829cafb91d3,d598e89b357205c7b4bd47c5ebbe933f8be1f7c8dcdee85e66ec6829cafb91d3,M9,M9.01,CHECK_OB7_REQUIRED_SOLVER_VERSION,CHECK_OB7_REQUIRED_SOLVER_VERSION,EXPECTED_DETECTOR_MATCH,DETECTED_AS_PREREGISTERED,PASS,FAIL,FAIL,FAIL:CHECK_OB7_REQUIRED_SOLVER_VERSION,,664
AEI_P3_FORMAL_20260826T034308Z_9b5f3c2bdfbe,1,M9.01:eb3670bbe434a59cc94347384a5d50fb526d26a00dbf6da73e54438c4bacc2a0,eb3670bbe434a59cc94347384a5d50fb526d26a00dbf6da73e54438c4bacc2a0,M9,M9.01,CHECK_OB7_REQUIRED_SOLVER_VERSION,CHECK_OB7_REQUIRED_SOLVER_VERSION,EXPECTED_DETECTOR_MATCH,DETECTED_AS_PREREGISTERED,PASS,FAIL,FAIL,FAIL:CHECK_OB7_REQUIRED_SOLVER_VERSION,,665
AEI_P3_FORMAL_20260826T034308Z_9b5f3c2bdfbe,1,M9.01:f1e5fc58ea336e13c098308a2da00dee7de3dd3aa08d6170df4a3cb1afd09795,f1e5fc58ea336e13c098308a2da00dee7de3dd3aa08d6170df4a3cb1afd09795,M9,M9.01,CHECK_OB7_REQUIRED_SOLVER_VERSION,CHECK_OB7_REQUIRED_SOLVER_VERSION,EXPECTED_DETECTOR_MATCH,DETECTED_AS_PREREGISTERED,PASS,FAIL,FAIL,FAIL:CHECK_OB7_REQUIRED_SOLVER_VERSION,,666
AEI_P3_FORMAL_20260826T034308Z_9b5f3c2bdfbe,1,M9.01:f583baa2dad1527b5f84f71805410ee51b78fce2b1be62de49f1636c06821c7b,f583baa2dad1527b5f84f71805410ee51b78fce2b1be62de49f1636c06821c7b,M9,M9.01,CHECK_OB7_REQUIRED_SOLVER_VERSION,CHECK_OB7_REQUIRED_SOLVER_VERSION,EXPECTED_DETECTOR_MATCH,DETECTED_AS_PREREGISTERED,PASS,FAIL,FAIL,FAIL:CHECK_OB7_REQUIRED_SOLVER_VERSION,,667
AEI_P3_FORMAL_20260826T034308Z_9b5f3c2bdfbe,1,M9.01:f64f55ad9277004ae441909cd6556d26eeaf73d3eb3c537384be703615149f96,f64f55ad9277004ae441909cd6556d26eeaf73d3eb3c537384be703615149f96,M9,M9.01,CHECK_OB7_REQUIRED_SOLVER_VERSION,CHECK_OB7_REQUIRED_SOLVER_VERSION,EXPECTED_DETECTOR_MATCH,DETECTED_AS_PREREGISTERED,PASS,FAIL,FAIL,FAIL:CHECK_OB7_REQUIRED_SOLVER_VERSION,,668
AEI_P3_FORMAL_20260826T034308Z_9b5f3c2bdfbe,1,M9.01:f80e8a50e0815fda9eef8635e52671f3888786c4daef5767b8da7b74e4311646,f80e8a50e0815fda9eef8635e52671f3888786c4daef5767b8da7b74e4311646,M9,M9.01,CHECK_OB7_REQUIRED_SOLVER_VERSION,CHECK_OB7_REQUIRED_SOLVER_VERSION,EXPECTED_DETECTOR_MATCH,DETECTED_AS_PREREGISTERED,PASS,FAIL,FAIL,FAIL:CHECK_OB7_REQUIRED_SOLVER_VERSION,,669
AEI_P3_FORMAL_20260826T034308Z_9b5f3c2bdfbe,1,M9.01:f9ade00b139ce33674b05d1766de3ec85779abfd83f893a7b2437817100901d9,f9ade00b139ce33674b05d1766de3ec85779abfd83f893a7b2437817100901d9,M9,M9.01,CHECK_OB7_REQUIRED_SOLVER_VERSION,CHECK_OB7_REQUIRED_SOLVER_VERSION,EXPECTED_DETECTOR_MATCH,DETECTED_AS_PREREGISTERED,PASS,FAIL,FAIL,FAIL:CHECK_OB7_REQUIRED_SOLVER_VERSION,,670
AEI_P3_FORMAL_20260826T034308Z_9b5f3c2bdfbe,1,M9.01:feb26c8ce25b99d6b090e07fca86c8e2dbf3ff2d6b891634c4c71b179329ab47,feb26c8ce25b99d6b090e07fca86c8e2dbf3ff2d6b891634c4c71b179329ab47,M9,M9.01,CHECK_OB7_REQUIRED_SOLVER_VERSION,CHECK_OB7_REQUIRED_SOLVER_VERSION,EXPECTED_DETECTOR_MATCH,DETECTED_AS_PREREGISTERED,PASS,FAIL,FAIL,FAIL:CHECK_OB7_REQUIRED_SOLVER_VERSION,,671
AEI_P3_FORMAL_20260826T034308Z_9b5f3c2bdfbe,1,M9.02:052b2dfeb855619b4e74c70e7155e5699a6aebc572c887f1432462ecf4afce6b,052b2dfeb855619b4e74c70e7155e5699a6aebc572c887f1432462ecf4afce6b,M9,M9.02,CHECK_OB7_REQUIRED_MODEL_HASH,CHECK_OB7_REQUIRED_MODEL_HASH,EXPECTED_DETECTOR_MATCH,DETECTED_AS_PREREGISTERED,PASS,FAIL,FAIL,FAIL:CHECK_OB7_REQUIRED_MODEL_HASH,,672
AEI_P3_FORMAL_20260826T034308Z_9b5f3c2bdfbe,1,M9.02:0edc936e36dbd00367c35ec096b127c69211776f53ead8d7b9619a78d9b3beb5,0edc936e36dbd00367c35ec096b127c69211776f53ead8d7b9619a78d9b3beb5,M9,M9.02,CHECK_OB7_REQUIRED_MODEL_HASH,CHECK_OB7_REQUIRED_MODEL_HASH,EXPECTED_DETECTOR_MATCH,DETECTED_AS_PREREGISTERED,PASS,FAIL,FAIL,FAIL:CHECK_OB7_REQUIRED_MODEL_HASH,,673
AEI_P3_FORMAL_20260826T034308Z_9b5f3c2bdfbe,1,M9.02:19993579c580ecb799e1ce158990340e547863ae75c4be153b97908cb5cd08a2,19993579c580ecb799e1ce158990340e547863ae75c4be153b97908cb5cd08a2,M9,M9.02,CHECK_OB7_REQUIRED_MODEL_HASH,CHECK_OB7_REQUIRED_MODEL_HASH,EXPECTED_DETECTOR_MATCH,DETECTED_AS_PREREGISTERED,PASS,FAIL,FAIL,FAIL:CHECK_OB7_REQUIRED_MODEL_HASH,,674
AEI_P3_FORMAL_20260826T034308Z_9b5f3c2bdfbe,1,M9.02:1bb3dc3f26212de23def1f2ca0d598d344fea56b8a73247e2f6390ebea07946d,1bb3dc3f26212de23def1f2ca0d598d344fea56b8a73247e2f6390ebea07946d,M9,M9.02,CHECK_OB7_REQUIRED_MODEL_HASH,CHECK_OB7_REQUIRED_MODEL_HASH,EXPECTED_DETECTOR_MATCH,DETECTED_AS_PREREGISTERED,PASS,FAIL,FAIL,FAIL:CHECK_OB7_REQUIRED_MODEL_HASH,,675
AEI_P3_FORMAL_20260826T034308Z_9b5f3c2bdfbe,1,M9.02:2443e5a3d32298289c0b98d2a7d3a03cbf4194a7adecf97293b0ac348944ba9e,2443e5a3d32298289c0b98d2a7d3a03cbf4194a7adecf97293b0ac348944ba9e,M9,M9.02,CHECK_OB7_REQUIRED_MODEL_HASH,CHECK_OB7_REQUIRED_MODEL_HASH,EXPECTED_DETECTOR_MATCH,DETECTED_AS_PREREGISTERED,PASS,FAIL,FAIL,FAIL:CHECK_OB7_REQUIRED_MODEL_HASH,,676
AEI_P3_FORMAL_20260826T034308Z_9b5f3c2bdfbe,1,M9.02:245cb7ed72fd0a10da80157bd648a7ae9e8bd9ef722909fe778d274715ad67b3,245cb7ed72fd0a10da80157bd648a7ae9e8bd9ef722909fe778d274715ad67b3,M9,M9.02,CHECK_OB7_REQUIRED_MODEL_HASH,CHECK_OB7_REQUIRED_MODEL_HASH,EXPECTED_DETECTOR_MATCH,DETECTED_AS_PREREGISTERED,PASS,FAIL,FAIL,FAIL:CHECK_OB7_REQUIRED_MODEL_HASH,,677
AEI_P3_FORMAL_20260826T034308Z_9b5f3c2bdfbe,1,M9.02:268469c82535bf1ba82a82324d755f40ad8bc7255c875b8e25c2d7943cff1ff3,268469c82535bf1ba82a82324d755f40ad8bc7255c875b8e25c2d7943cff1ff3,M9,M9.02,CHECK_OB7_REQUIRED_MODEL_HASH,CHECK_OB7_REQUIRED_MODEL_HASH,EXPECTED_DETECTOR_MATCH,DETECTED_AS_PREREGISTERED,PASS,FAIL,FAIL,FAIL:CHECK_OB7_REQUIRED_MODEL_HASH,,678
AEI_P3_FORMAL_20260826T034308Z_9b5f3c2bdfbe,1,M9.02:2908e9ba69598735be8757d9b153473f5bacec1feb89ecff91ce994824a10178,2908e9ba69598735be8757d9b153473f5bacec1feb89ecff91ce994824a10178,M9,M9.02,CHECK_OB7_REQUIRED_MODEL_HASH,CHECK_OB7_REQUIRED_MODEL_HASH,EXPECTED_DETECTOR_MATCH,DETECTED_AS_PREREGISTERED,PASS,FAIL,FAIL,FAIL:CHECK_OB7_REQUIRED_MODEL_HASH,,679
AEI_P3_FORMAL_20260826T034308Z_9b5f3c2bdfbe,1,M9.02:474b6ef7aac2feb7cb9195d7d3644f0d53d378eb4518ef87a9a2f7714d8ef3d5,474b6ef7aac2feb7cb9195d7d3644f0d53d378eb4518ef87a9a2f7714d8ef3d5,M9,M9.02,CHECK_OB7_REQUIRED_MODEL_HASH,CHECK_OB7_REQUIRED_MODEL_HASH,EXPECTED_DETECTOR_MATCH,DETECTED_AS_PREREGISTERED,PASS,FAIL,FAIL,FAIL:CHECK_OB7_REQUIRED_MODEL_HASH,,680
AEI_P3_FORMAL_20260826T034308Z_9b5f3c2bdfbe,1,M9.02:4fafb9a13ff5e2fda82a804bf609727b68a17926d69ae1574c4801604ec81359,4fafb9a13ff5e2fda82a804bf609727b68a17926d69ae1574c4801604ec81359,M9,M9.02,CHECK_OB7_REQUIRED_MODEL_HASH,CHECK_OB7_REQUIRED_MODEL_HASH,EXPECTED_DETECTOR_MATCH,DETECTED_AS_PREREGISTERED,PASS,FAIL,FAIL,FAIL:CHECK_OB7_REQUIRED_MODEL_HASH,,681
AEI_P3_FORMAL_20260826T034308Z_9b5f3c2bdfbe,1,M9.02:54349d927b9070c144f507868f9ef8b962c7c926426b33c3a7e0c88f715b246a,54349d927b9070c144f507868f9ef8b962c7c926426b33c3a7e0c88f715b246a,M9,M9.02,CHECK_OB7_REQUIRED_MODEL_HASH,CHECK_OB7_REQUIRED_MODEL_HASH,EXPECTED_DETECTOR_MATCH,DETECTED_AS_PREREGISTERED,PASS,FAIL,FAIL,FAIL:CHECK_OB7_REQUIRED_MODEL_HASH,,682
AEI_P3_FORMAL_20260826T034308Z_9b5f3c2bdfbe,1,M9.02:558b8365de15727bf495595ed539867872c185b280ea249712f3b1d5f8674cd5,558b8365de15727bf495595ed539867872c185b280ea249712f3b1d5f8674cd5,M9,M9.02,CHECK_OB7_REQUIRED_MODEL_HASH,CHECK_OB7_REQUIRED_MODEL_HASH,EXPECTED_DETECTOR_MATCH,DETECTED_AS_PREREGISTERED,PASS,FAIL,FAIL,FAIL:CHECK_OB7_REQUIRED_MODEL_HASH,,683
AEI_P3_FORMAL_20260826T034308Z_9b5f3c2bdfbe,1,M9.02:5ecccd77f46ab5549088b57686632a9eb5ccf1a5a977fbe35cfae6a50eca52bb,5ecccd77f46ab5549088b57686632a9eb5ccf1a5a977fbe35cfae6a50eca52bb,M9,M9.02,CHECK_OB7_REQUIRED_MODEL_HASH,CHECK_OB7_REQUIRED_MODEL_HASH,EXPECTED_DETECTOR_MATCH,DETECTED_AS_PREREGISTERED,PASS,FAIL,FAIL,FAIL:CHECK_OB7_REQUIRED_MODEL_HASH,,684
AEI_P3_FORMAL_20260826T034308Z_9b5f3c2bdfbe,1,M9.02:5f24b2bbe16d5c8f667064d5031553e1dd9c4d9dbb7e0757cb922d9ba47928d5,5f24b2bbe16d5c8f667064d5031553e1dd9c4d9dbb7e0757cb922d9ba47928d5,M9,M9.02,CHECK_OB7_REQUIRED_MODEL_HASH,CHECK_OB7_REQUIRED_MODEL_HASH,EXPECTED_DETECTOR_MATCH,DETECTED_AS_PREREGISTERED,PASS,FAIL,FAIL,FAIL:CHECK_OB7_REQUIRED_MODEL_HASH,,685
AEI_P3_FORMAL_20260826T034308Z_9b5f3c2bdfbe,1,M9.02:61f77c0251bcd2bbb51e6bff7e048bfcda7139b4e796314d32b47961ac3b5c1b,61f77c0251bcd2bbb51e6bff7e048bfcda7139b4e796314d32b47961ac3b5c1b,M9,M9.02,CHECK_OB7_REQUIRED_MODEL_HASH,CHECK_OB7_REQUIRED_MODEL_HASH,EXPECTED_DETECTOR_MATCH,DETECTED_AS_PREREGISTERED,PASS,FAIL,FAIL,FAIL:CHECK_OB7_REQUIRED_MODEL_HASH,,686
AEI_P3_FORMAL_20260826T034308Z_9b5f3c2bdfbe,1,M9.02:634f3d08fd93ba622176ea6c9ff7ff1fb9d57a9b14f936f27d1460655fc20d72,634f3d08fd93ba622176ea6c9ff7ff1fb9d57a9b14f936f27d1460655fc20d72,M9,M9.02,CHECK_OB7_REQUIRED_MODEL_HASH,CHECK_OB7_REQUIRED_MODEL_HASH,EXPECTED_DETECTOR_MATCH,DETECTED_AS_PREREGISTERED,PASS,FAIL,FAIL,FAIL:CHECK_OB7_REQUIRED_MODEL_HASH,,687
AEI_P3_FORMAL_20260826T034308Z_9b5f3c2bdfbe,1,M9.02:73cdcc11d1c23e47664696979a9b12b94deb5da000c18f37a8d7c0b641090788,73cdcc11d1c23e47664696979a9b12b94deb5da000c18f37a8d7c0b641090788,M9,M9.02,CHECK_OB7_REQUIRED_MODEL_HASH,CHECK_OB7_REQUIRED_MODEL_HASH,EXPECTED_DETECTOR_MATCH,DETECTED_AS_PREREGISTERED,PASS,FAIL,FAIL,FAIL:CHECK_OB7_REQUIRED_MODEL_HASH,,688
AEI_P3_FORMAL_20260826T034308Z_9b5f3c2bdfbe,1,M9.02:7dc2cc636acd7eeb3db7367222360894cac918d6adca467d2f7a79960bbe8b1c,7dc2cc636acd7eeb3db7367222360894cac918d6adca467d2f7a79960bbe8b1c,M9,M9.02,CHECK_OB7_REQUIRED_MODEL_HASH,CHECK_OB7_REQUIRED_MODEL_HASH,EXPECTED_DETECTOR_MATCH,DETECTED_AS_PREREGISTERED,PASS,FAIL,FAIL,FAIL:CHECK_OB7_REQUIRED_MODEL_HASH,,689
AEI_P3_FORMAL_20260826T034308Z_9b5f3c2bdfbe,1,M9.02:8c60197386a54af6d06cac0996c81cbca4971ac83984afcf2a52fa27a5bb1b42,8c60197386a54af6d06cac0996c81cbca4971ac83984afcf2a52fa27a5bb1b42,M9,M9.02,CHECK_OB7_REQUIRED_MODEL_HASH,CHECK_OB7_REQUIRED_MODEL_HASH,EXPECTED_DETECTOR_MATCH,DETECTED_AS_PREREGISTERED,PASS,FAIL,FAIL,FAIL:CHECK_OB7_REQUIRED_MODEL_HASH,,690
AEI_P3_FORMAL_20260826T034308Z_9b5f3c2bdfbe,1,M9.02:8e3a1df6f55a6d53d21fd63c9dcda45cee6d1576c4989d45b40828d31e6d7281,8e3a1df6f55a6d53d21fd63c9dcda45cee6d1576c4989d45b40828d31e6d7281,M9,M9.02,CHECK_OB7_REQUIRED_MODEL_HASH,CHECK_OB7_REQUIRED_MODEL_HASH,EXPECTED_DETECTOR_MATCH,DETECTED_AS_PREREGISTERED,PASS,FAIL,FAIL,FAIL:CHECK_OB7_REQUIRED_MODEL_HASH,,691
AEI_P3_FORMAL_20260826T034308Z_9b5f3c2bdfbe,1,M9.02:97eb8ea8dfec0a163a4b54e1179247553055627de3df3d7a40c8879cacc64800,97eb8ea8dfec0a163a4b54e1179247553055627de3df3d7a40c8879cacc64800,M9,M9.02,CHECK_OB7_REQUIRED_MODEL_HASH,CHECK_OB7_REQUIRED_MODEL_HASH,EXPECTED_DETECTOR_MATCH,DETECTED_AS_PREREGISTERED,PASS,FAIL,FAIL,FAIL:CHECK_OB7_REQUIRED_MODEL_HASH,,692
AEI_P3_FORMAL_20260826T034308Z_9b5f3c2bdfbe,1,M9.02:9827288498c6ff63f3f7ec6f3bb833b53ac1c3cbaf59021addc82b6a8c08bae2,9827288498c6ff63f3f7ec6f3bb833b53ac1c3cbaf59021addc82b6a8c08bae2,M9,M9.02,CHECK_OB7_REQUIRED_MODEL_HASH,CHECK_OB7_REQUIRED_MODEL_HASH,EXPECTED_DETECTOR_MATCH,DETECTED_AS_PREREGISTERED,PASS,FAIL,FAIL,FAIL:CHECK_OB7_REQUIRED_MODEL_HASH,,693
AEI_P3_FORMAL_20260826T034308Z_9b5f3c2bdfbe,1,M9.02:9f7906189c782cba7c3a4cc9cb8785764c8ad3fb1e637423a7a310d6c438feb5,9f7906189c782cba7c3a4cc9cb8785764c8ad3fb1e637423a7a310d6c438feb5,M9,M9.02,CHECK_OB7_REQUIRED_MODEL_HASH,CHECK_OB7_REQUIRED_MODEL_HASH,EXPECTED_DETECTOR_MATCH,DETECTED_AS_PREREGISTERED,PASS,FAIL,FAIL,FAIL:CHECK_OB7_REQUIRED_MODEL_HASH,,694
AEI_P3_FORMAL_20260826T034308Z_9b5f3c2bdfbe,1,M9.02:aa5b4ee1688c71f1a3932cd7d9b629a08e31ef09728f3280c98c7636eecfb8d3,aa5b4ee1688c71f1a3932cd7d9b629a08e31ef09728f3280c98c7636eecfb8d3,M9,M9.02,CHECK_OB7_REQUIRED_MODEL_HASH,CHECK_OB7_REQUIRED_MODEL_HASH,EXPECTED_DETECTOR_MATCH,DETECTED_AS_PREREGISTERED,PASS,FAIL,FAIL,FAIL:CHECK_OB7_REQUIRED_MODEL_HASH,,695
AEI_P3_FORMAL_20260826T034308Z_9b5f3c2bdfbe,1,M9.02:aad646b14392b632d658225dedb7d3953424ab9ab19ebafdc67bd9a7f02eb50b,aad646b14392b632d658225dedb7d3953424ab9ab19ebafdc67bd9a7f02eb50b,M9,M9.02,CHECK_OB7_REQUIRED_MODEL_HASH,CHECK_OB7_REQUIRED_MODEL_HASH,EXPECTED_DETECTOR_MATCH,DETECTED_AS_PREREGISTERED,PASS,FAIL,FAIL,FAIL:CHECK_OB7_REQUIRED_MODEL_HASH,,696
AEI_P3_FORMAL_20260826T034308Z_9b5f3c2bdfbe,1,M9.02:abc8d6ba26b9728a25ebd17f4066aa5421f54fde1c1ef630cc33cb308c0fb8e5,abc8d6ba26b9728a25ebd17f4066aa5421f54fde1c1ef630cc33cb308c0fb8e5,M9,M9.02,CHECK_OB7_REQUIRED_MODEL_HASH,CHECK_OB7_REQUIRED_MODEL_HASH,EXPECTED_DETECTOR_MATCH,DETECTED_AS_PREREGISTERED,PASS,FAIL,FAIL,FAIL:CHECK_OB7_REQUIRED_MODEL_HASH,,697
AEI_P3_FORMAL_20260826T034308Z_9b5f3c2bdfbe,1,M9.02:b0f01f4c7ca822555039b9267d8985edbeb149abc0a710d6583cea634584f862,b0f01f4c7ca822555039b9267d8985edbeb149abc0a710d6583cea634584f862,M9,M9.02,CHECK_OB7_REQUIRED_MODEL_HASH,CHECK_OB7_REQUIRED_MODEL_HASH,EXPECTED_DETECTOR_MATCH,DETECTED_AS_PREREGISTERED,PASS,FAIL,FAIL,FAIL:CHECK_OB7_REQUIRED_MODEL_HASH,,698
AEI_P3_FORMAL_20260826T034308Z_9b5f3c2bdfbe,1,M9.02:b31f9c5cbf923f188771558357941c1a7d6a71089f67793c620cf7034a070eb2,b31f9c5cbf923f188771558357941c1a7d6a71089f67793c620cf7034a070eb2,M9,M9.02,CHECK_OB7_REQUIRED_MODEL_HASH,CHECK_OB7_REQUIRED_MODEL_HASH,EXPECTED_DETECTOR_MATCH,DETECTED_AS_PREREGISTERED,PASS,FAIL,FAIL,FAIL:CHECK_OB7_REQUIRED_MODEL_HASH,,699
AEI_P3_FORMAL_20260826T034308Z_9b5f3c2bdfbe,1,M9.02:b5c400c27e6dbb1cc8466c5ce68e1530b6d984599f3c01c36496b49b586ff5e3,b5c400c27e6dbb1cc8466c5ce68e1530b6d984599f3c01c36496b49b586ff5e3,M9,M9.02,CHECK_OB7_REQUIRED_MODEL_HASH,CHECK_OB7_REQUIRED_MODEL_HASH,EXPECTED_DETECTOR_MATCH,DETECTED_AS_PREREGISTERED,PASS,FAIL,FAIL,FAIL:CHECK_OB7_REQUIRED_MODEL_HASH,,700
AEI_P3_FORMAL_20260826T034308Z_9b5f3c2bdfbe,1,M9.02:bb3f15222034bdf87b9be499b27f859fe778b781693fd54677f83bd7531f0680,bb3f15222034bdf87b9be499b27f859fe778b781693fd54677f83bd7531f0680,M9,M9.02,CHECK_OB7_REQUIRED_MODEL_HASH,CHECK_OB7_REQUIRED_MODEL_HASH,EXPECTED_DETECTOR_MATCH,DETECTED_AS_PREREGISTERED,PASS,FAIL,FAIL,FAIL:CHECK_OB7_REQUIRED_MODEL_HASH,,701
AEI_P3_FORMAL_20260826T034308Z_9b5f3c2bdfbe,1,M9.02:ce18361670bfbcde2f3ff22167187aecef9164dedbf1198bc7563c147804780e,ce18361670bfbcde2f3ff22167187aecef9164dedbf1198bc7563c147804780e,M9,M9.02,CHECK_OB7_REQUIRED_MODEL_HASH,CHECK_OB7_REQUIRED_MODEL_HASH,EXPECTED_DETECTOR_MATCH,DETECTED_AS_PREREGISTERED,PASS,FAIL,FAIL,FAIL:CHECK_OB7_REQUIRED_MODEL_HASH,,702
AEI_P3_FORMAL_20260826T034308Z_9b5f3c2bdfbe,1,M9.02:ceae66508816dc9f5458c925c89f155658e6c78710a8753d337ac385481cc1bf,ceae66508816dc9f5458c925c89f155658e6c78710a8753d337ac385481cc1bf,M9,M9.02,CHECK_OB7_REQUIRED_MODEL_HASH,CHECK_OB7_REQUIRED_MODEL_HASH,EXPECTED_DETECTOR_MATCH,DETECTED_AS_PREREGISTERED,PASS,FAIL,FAIL,FAIL:CHECK_OB7_REQUIRED_MODEL_HASH,,703
AEI_P3_FORMAL_20260826T034308Z_9b5f3c2bdfbe,1,M9.02:d093d52f24139c1b6fb09b775beedd000f1a7b3716df906d7d36e91e7e848265,d093d52f24139c1b6fb09b775beedd000f1a7b3716df906d7d36e91e7e848265,M9,M9.02,CHECK_OB7_REQUIRED_MODEL_HASH,CHECK_OB7_REQUIRED_MODEL_HASH,EXPECTED_DETECTOR_MATCH,DETECTED_AS_PREREGISTERED,PASS,FAIL,FAIL,FAIL:CHECK_OB7_REQUIRED_MODEL_HASH,,704
AEI_P3_FORMAL_20260826T034308Z_9b5f3c2bdfbe,1,M9.02:d4b957654a5efd71168d6f7e67936e6abf4666ceb41e7919635002157b125411,d4b957654a5efd71168d6f7e67936e6abf4666ceb41e7919635002157b125411,M9,M9.02,CHECK_OB7_REQUIRED_MODEL_HASH,CHECK_OB7_REQUIRED_MODEL_HASH,EXPECTED_DETECTOR_MATCH,DETECTED_AS_PREREGISTERED,PASS,FAIL,FAIL,FAIL:CHECK_OB7_REQUIRED_MODEL_HASH,,705
AEI_P3_FORMAL_20260826T034308Z_9b5f3c2bdfbe,1,M9.02:d598e89b357205c7b4bd47c5ebbe933f8be1f7c8dcdee85e66ec6829cafb91d3,d598e89b357205c7b4bd47c5ebbe933f8be1f7c8dcdee85e66ec6829cafb91d3,M9,M9.02,CHECK_OB7_REQUIRED_MODEL_HASH,CHECK_OB7_REQUIRED_MODEL_HASH,EXPECTED_DETECTOR_MATCH,DETECTED_AS_PREREGISTERED,PASS,FAIL,FAIL,FAIL:CHECK_OB7_REQUIRED_MODEL_HASH,,706
AEI_P3_FORMAL_20260826T034308Z_9b5f3c2bdfbe,1,M9.02:eb3670bbe434a59cc94347384a5d50fb526d26a00dbf6da73e54438c4bacc2a0,eb3670bbe434a59cc94347384a5d50fb526d26a00dbf6da73e54438c4bacc2a0,M9,M9.02,CHECK_OB7_REQUIRED_MODEL_HASH,CHECK_OB7_REQUIRED_MODEL_HASH,EXPECTED_DETECTOR_MATCH,DETECTED_AS_PREREGISTERED,PASS,FAIL,FAIL,FAIL:CHECK_OB7_REQUIRED_MODEL_HASH,,707
AEI_P3_FORMAL_20260826T034308Z_9b5f3c2bdfbe,1,M9.02:f1e5fc58ea336e13c098308a2da00dee7de3dd3aa08d6170df4a3cb1afd09795,f1e5fc58ea336e13c098308a2da00dee7de3dd3aa08d6170df4a3cb1afd09795,M9,M9.02,CHECK_OB7_REQUIRED_MODEL_HASH,CHECK_OB7_REQUIRED_MODEL_HASH,EXPECTED_DETECTOR_MATCH,DETECTED_AS_PREREGISTERED,PASS,FAIL,FAIL,FAIL:CHECK_OB7_REQUIRED_MODEL_HASH,,708
AEI_P3_FORMAL_20260826T034308Z_9b5f3c2bdfbe,1,M9.02:f583baa2dad1527b5f84f71805410ee51b78fce2b1be62de49f1636c06821c7b,f583baa2dad1527b5f84f71805410ee51b78fce2b1be62de49f1636c06821c7b,M9,M9.02,CHECK_OB7_REQUIRED_MODEL_HASH,CHECK_OB7_REQUIRED_MODEL_HASH,EXPECTED_DETECTOR_MATCH,DETECTED_AS_PREREGISTERED,PASS,FAIL,FAIL,FAIL:CHECK_OB7_REQUIRED_MODEL_HASH,,709
AEI_P3_FORMAL_20260826T034308Z_9b5f3c2bdfbe,1,M9.02:f64f55ad9277004ae441909cd6556d26eeaf73d3eb3c537384be703615149f96,f64f55ad9277004ae441909cd6556d26eeaf73d3eb3c537384be703615149f96,M9,M9.02,CHECK_OB7_REQUIRED_MODEL_HASH,CHECK_OB7_REQUIRED_MODEL_HASH,EXPECTED_DETECTOR_MATCH,DETECTED_AS_PREREGISTERED,PASS,FAIL,FAIL,FAIL:CHECK_OB7_REQUIRED_MODEL_HASH,,710
AEI_P3_FORMAL_20260826T034308Z_9b5f3c2bdfbe,1,M9.02:f80e8a50e0815fda9eef8635e52671f3888786c4daef5767b8da7b74e4311646,f80e8a50e0815fda9eef8635e52671f3888786c4daef5767b8da7b74e4311646,M9,M9.02,CHECK_OB7_REQUIRED_MODEL_HASH,CHECK_OB7_REQUIRED_MODEL_HASH,EXPECTED_DETECTOR_MATCH,DETECTED_AS_PREREGISTERED,PASS,FAIL,FAIL,FAIL:CHECK_OB7_REQUIRED_MODEL_HASH,,711
AEI_P3_FORMAL_20260826T034308Z_9b5f3c2bdfbe,1,M9.02:f9ade00b139ce33674b05d1766de3ec85779abfd83f893a7b2437817100901d9,f9ade00b139ce33674b05d1766de3ec85779abfd83f893a7b2437817100901d9,M9,M9.02,CHECK_OB7_REQUIRED_MODEL_HASH,CHECK_OB7_REQUIRED_MODEL_HASH,EXPECTED_DETECTOR_MATCH,DETECTED_AS_PREREGISTERED,PASS,FAIL,FAIL,FAIL:CHECK_OB7_REQUIRED_MODEL_HASH,,712
AEI_P3_FORMAL_20260826T034308Z_9b5f3c2bdfbe,1,M9.02:feb26c8ce25b99d6b090e07fca86c8e2dbf3ff2d6b891634c4c71b179329ab47,feb26c8ce25b99d6b090e07fca86c8e2dbf3ff2d6b891634c4c71b179329ab47,M9,M9.02,CHECK_OB7_REQUIRED_MODEL_HASH,CHECK_OB7_REQUIRED_MODEL_HASH,EXPECTED_DETECTOR_MATCH,DETECTED_AS_PREREGISTERED,PASS,FAIL,FAIL,FAIL:CHECK_OB7_REQUIRED_MODEL_HASH,,713
AEI_P3_FORMAL_20260826T034308Z_9b5f3c2bdfbe,1,M9.03:052b2dfeb855619b4e74c70e7155e5699a6aebc572c887f1432462ecf4afce6b,052b2dfeb855619b4e74c70e7155e5699a6aebc572c887f1432462ecf4afce6b,M9,M9.03,CHECK_OB7_REQUIRED_INSTANCE_HASH,CHECK_OB7_REQUIRED_INSTANCE_HASH,EXPECTED_DETECTOR_MATCH,DETECTED_AS_PREREGISTERED,PASS,FAIL,FAIL,FAIL:CHECK_OB7_REQUIRED_INSTANCE_HASH,,714
AEI_P3_FORMAL_20260826T034308Z_9b5f3c2bdfbe,1,M9.03:0edc936e36dbd00367c35ec096b127c69211776f53ead8d7b9619a78d9b3beb5,0edc936e36dbd00367c35ec096b127c69211776f53ead8d7b9619a78d9b3beb5,M9,M9.03,CHECK_OB7_REQUIRED_INSTANCE_HASH,CHECK_OB7_REQUIRED_INSTANCE_HASH,EXPECTED_DETECTOR_MATCH,DETECTED_AS_PREREGISTERED,PASS,FAIL,FAIL,FAIL:CHECK_OB7_REQUIRED_INSTANCE_HASH,,715
AEI_P3_FORMAL_20260826T034308Z_9b5f3c2bdfbe,1,M9.03:19993579c580ecb799e1ce158990340e547863ae75c4be153b97908cb5cd08a2,19993579c580ecb799e1ce158990340e547863ae75c4be153b97908cb5cd08a2,M9,M9.03,CHECK_OB7_REQUIRED_INSTANCE_HASH,CHECK_OB7_REQUIRED_INSTANCE_HASH,EXPECTED_DETECTOR_MATCH,DETECTED_AS_PREREGISTERED,PASS,FAIL,FAIL,FAIL:CHECK_OB7_REQUIRED_INSTANCE_HASH,,716
AEI_P3_FORMAL_20260826T034308Z_9b5f3c2bdfbe,1,M9.03:1bb3dc3f26212de23def1f2ca0d598d344fea56b8a73247e2f6390ebea07946d,1bb3dc3f26212de23def1f2ca0d598d344fea56b8a73247e2f6390ebea07946d,M9,M9.03,CHECK_OB7_REQUIRED_INSTANCE_HASH,CHECK_OB7_REQUIRED_INSTANCE_HASH,EXPECTED_DETECTOR_MATCH,DETECTED_AS_PREREGISTERED,PASS,FAIL,FAIL,FAIL:CHECK_OB7_REQUIRED_INSTANCE_HASH,,717
AEI_P3_FORMAL_20260826T034308Z_9b5f3c2bdfbe,1,M9.03:2443e5a3d32298289c0b98d2a7d3a03cbf4194a7adecf97293b0ac348944ba9e,2443e5a3d32298289c0b98d2a7d3a03cbf4194a7adecf97293b0ac348944ba9e,M9,M9.03,CHECK_OB7_REQUIRED_INSTANCE_HASH,CHECK_OB7_REQUIRED_INSTANCE_HASH,EXPECTED_DETECTOR_MATCH,DETECTED_AS_PREREGISTERED,PASS,FAIL,FAIL,FAIL:CHECK_OB7_REQUIRED_INSTANCE_HASH,,718
AEI_P3_FORMAL_20260826T034308Z_9b5f3c2bdfbe,1,M9.03:245cb7ed72fd0a10da80157bd648a7ae9e8bd9ef722909fe778d274715ad67b3,245cb7ed72fd0a10da80157bd648a7ae9e8bd9ef722909fe778d274715ad67b3,M9,M9.03,CHECK_OB7_REQUIRED_INSTANCE_HASH,CHECK_OB7_REQUIRED_INSTANCE_HASH,EXPECTED_DETECTOR_MATCH,DETECTED_AS_PREREGISTERED,PASS,FAIL,FAIL,FAIL:CHECK_OB7_REQUIRED_INSTANCE_HASH,,719
AEI_P3_FORMAL_20260826T034308Z_9b5f3c2bdfbe,1,M9.03:268469c82535bf1ba82a82324d755f40ad8bc7255c875b8e25c2d7943cff1ff3,268469c82535bf1ba82a82324d755f40ad8bc7255c875b8e25c2d7943cff1ff3,M9,M9.03,CHECK_OB7_REQUIRED_INSTANCE_HASH,CHECK_OB7_REQUIRED_INSTANCE_HASH,EXPECTED_DETECTOR_MATCH,DETECTED_AS_PREREGISTERED,PASS,FAIL,FAIL,FAIL:CHECK_OB7_REQUIRED_INSTANCE_HASH,,720
AEI_P3_FORMAL_20260826T034308Z_9b5f3c2bdfbe,1,M9.03:2908e9ba69598735be8757d9b153473f5bacec1feb89ecff91ce994824a10178,2908e9ba69598735be8757d9b153473f5bacec1feb89ecff91ce994824a10178,M9,M9.03,CHECK_OB7_REQUIRED_INSTANCE_HASH,CHECK_OB7_REQUIRED_INSTANCE_HASH,EXPECTED_DETECTOR_MATCH,DETECTED_AS_PREREGISTERED,PASS,FAIL,FAIL,FAIL:CHECK_OB7_REQUIRED_INSTANCE_HASH,,721
AEI_P3_FORMAL_20260826T034308Z_9b5f3c2bdfbe,1,M9.03:474b6ef7aac2feb7cb9195d7d3644f0d53d378eb4518ef87a9a2f7714d8ef3d5,474b6ef7aac2feb7cb9195d7d3644f0d53d378eb4518ef87a9a2f7714d8ef3d5,M9,M9.03,CHECK_OB7_REQUIRED_INSTANCE_HASH,CHECK_OB7_REQUIRED_INSTANCE_HASH,EXPECTED_DETECTOR_MATCH,DETECTED_AS_PREREGISTERED,PASS,FAIL,FAIL,FAIL:CHECK_OB7_REQUIRED_INSTANCE_HASH,,722
AEI_P3_FORMAL_20260826T034308Z_9b5f3c2bdfbe,1,M9.03:4fafb9a13ff5e2fda82a804bf609727b68a17926d69ae1574c4801604ec81359,4fafb9a13ff5e2fda82a804bf609727b68a17926d69ae1574c4801604ec81359,M9,M9.03,CHECK_OB7_REQUIRED_INSTANCE_HASH,CHECK_OB7_REQUIRED_INSTANCE_HASH,EXPECTED_DETECTOR_MATCH,DETECTED_AS_PREREGISTERED,PASS,FAIL,FAIL,FAIL:CHECK_OB7_REQUIRED_INSTANCE_HASH,,723
AEI_P3_FORMAL_20260826T034308Z_9b5f3c2bdfbe,1,M9.03:54349d927b9070c144f507868f9ef8b962c7c926426b33c3a7e0c88f715b246a,54349d927b9070c144f507868f9ef8b962c7c926426b33c3a7e0c88f715b246a,M9,M9.03,CHECK_OB7_REQUIRED_INSTANCE_HASH,CHECK_OB7_REQUIRED_INSTANCE_HASH,EXPECTED_DETECTOR_MATCH,DETECTED_AS_PREREGISTERED,PASS,FAIL,FAIL,FAIL:CHECK_OB7_REQUIRED_INSTANCE_HASH,,724
AEI_P3_FORMAL_20260826T034308Z_9b5f3c2bdfbe,1,M9.03:558b8365de15727bf495595ed539867872c185b280ea249712f3b1d5f8674cd5,558b8365de15727bf495595ed539867872c185b280ea249712f3b1d5f8674cd5,M9,M9.03,CHECK_OB7_REQUIRED_INSTANCE_HASH,CHECK_OB7_REQUIRED_INSTANCE_HASH,EXPECTED_DETECTOR_MATCH,DETECTED_AS_PREREGISTERED,PASS,FAIL,FAIL,FAIL:CHECK_OB7_REQUIRED_INSTANCE_HASH,,725
AEI_P3_FORMAL_20260826T034308Z_9b5f3c2bdfbe,1,M9.03:5ecccd77f46ab5549088b57686632a9eb5ccf1a5a977fbe35cfae6a50eca52bb,5ecccd77f46ab5549088b57686632a9eb5ccf1a5a977fbe35cfae6a50eca52bb,M9,M9.03,CHECK_OB7_REQUIRED_INSTANCE_HASH,CHECK_OB7_REQUIRED_INSTANCE_HASH,EXPECTED_DETECTOR_MATCH,DETECTED_AS_PREREGISTERED,PASS,FAIL,FAIL,FAIL:CHECK_OB7_REQUIRED_INSTANCE_HASH,,726
AEI_P3_FORMAL_20260826T034308Z_9b5f3c2bdfbe,1,M9.03:5f24b2bbe16d5c8f667064d5031553e1dd9c4d9dbb7e0757cb922d9ba47928d5,5f24b2bbe16d5c8f667064d5031553e1dd9c4d9dbb7e0757cb922d9ba47928d5,M9,M9.03,CHECK_OB7_REQUIRED_INSTANCE_HASH,CHECK_OB7_REQUIRED_INSTANCE_HASH,EXPECTED_DETECTOR_MATCH,DETECTED_AS_PREREGISTERED,PASS,FAIL,FAIL,FAIL:CHECK_OB7_REQUIRED_INSTANCE_HASH,,727
AEI_P3_FORMAL_20260826T034308Z_9b5f3c2bdfbe,1,M9.03:61f77c0251bcd2bbb51e6bff7e048bfcda7139b4e796314d32b47961ac3b5c1b,61f77c0251bcd2bbb51e6bff7e048bfcda7139b4e796314d32b47961ac3b5c1b,M9,M9.03,CHECK_OB7_REQUIRED_INSTANCE_HASH,CHECK_OB7_REQUIRED_INSTANCE_HASH,EXPECTED_DETECTOR_MATCH,DETECTED_AS_PREREGISTERED,PASS,FAIL,FAIL,FAIL:CHECK_OB7_REQUIRED_INSTANCE_HASH,,728
AEI_P3_FORMAL_20260826T034308Z_9b5f3c2bdfbe,1,M9.03:634f3d08fd93ba622176ea6c9ff7ff1fb9d57a9b14f936f27d1460655fc20d72,634f3d08fd93ba622176ea6c9ff7ff1fb9d57a9b14f936f27d1460655fc20d72,M9,M9.03,CHECK_OB7_REQUIRED_INSTANCE_HASH,CHECK_OB7_REQUIRED_INSTANCE_HASH,EXPECTED_DETECTOR_MATCH,DETECTED_AS_PREREGISTERED,PASS,FAIL,FAIL,FAIL:CHECK_OB7_REQUIRED_INSTANCE_HASH,,729
AEI_P3_FORMAL_20260826T034308Z_9b5f3c2bdfbe,1,M9.03:73cdcc11d1c23e47664696979a9b12b94deb5da000c18f37a8d7c0b641090788,73cdcc11d1c23e47664696979a9b12b94deb5da000c18f37a8d7c0b641090788,M9,M9.03,CHECK_OB7_REQUIRED_INSTANCE_HASH,CHECK_OB7_REQUIRED_INSTANCE_HASH,EXPECTED_DETECTOR_MATCH,DETECTED_AS_PREREGISTERED,PASS,FAIL,FAIL,FAIL:CHECK_OB7_REQUIRED_INSTANCE_HASH,,730
AEI_P3_FORMAL_20260826T034308Z_9b5f3c2bdfbe,1,M9.03:7dc2cc636acd7eeb3db7367222360894cac918d6adca467d2f7a79960bbe8b1c,7dc2cc636acd7eeb3db7367222360894cac918d6adca467d2f7a79960bbe8b1c,M9,M9.03,CHECK_OB7_REQUIRED_INSTANCE_HASH,CHECK_OB7_REQUIRED_INSTANCE_HASH,EXPECTED_DETECTOR_MATCH,DETECTED_AS_PREREGISTERED,PASS,FAIL,FAIL,FAIL:CHECK_OB7_REQUIRED_INSTANCE_HASH,,731
AEI_P3_FORMAL_20260826T034308Z_9b5f3c2bdfbe,1,M9.03:8c60197386a54af6d06cac0996c81cbca4971ac83984afcf2a52fa27a5bb1b42,8c60197386a54af6d06cac0996c81cbca4971ac83984afcf2a52fa27a5bb1b42,M9,M9.03,CHECK_OB7_REQUIRED_INSTANCE_HASH,CHECK_OB7_REQUIRED_INSTANCE_HASH,EXPECTED_DETECTOR_MATCH,DETECTED_AS_PREREGISTERED,PASS,FAIL,FAIL,FAIL:CHECK_OB7_REQUIRED_INSTANCE_HASH,,732
AEI_P3_FORMAL_20260826T034308Z_9b5f3c2bdfbe,1,M9.03:8e3a1df6f55a6d53d21fd63c9dcda45cee6d1576c4989d45b40828d31e6d7281,8e3a1df6f55a6d53d21fd63c9dcda45cee6d1576c4989d45b40828d31e6d7281,M9,M9.03,CHECK_OB7_REQUIRED_INSTANCE_HASH,CHECK_OB7_REQUIRED_INSTANCE_HASH,EXPECTED_DETECTOR_MATCH,DETECTED_AS_PREREGISTERED,PASS,FAIL,FAIL,FAIL:CHECK_OB7_REQUIRED_INSTANCE_HASH,,733
AEI_P3_FORMAL_20260826T034308Z_9b5f3c2bdfbe,1,M9.03:97eb8ea8dfec0a163a4b54e1179247553055627de3df3d7a40c8879cacc64800,97eb8ea8dfec0a163a4b54e1179247553055627de3df3d7a40c8879cacc64800,M9,M9.03,CHECK_OB7_REQUIRED_INSTANCE_HASH,CHECK_OB7_REQUIRED_INSTANCE_HASH,EXPECTED_DETECTOR_MATCH,DETECTED_AS_PREREGISTERED,PASS,FAIL,FAIL,FAIL:CHECK_OB7_REQUIRED_INSTANCE_HASH,,734
AEI_P3_FORMAL_20260826T034308Z_9b5f3c2bdfbe,1,M9.03:9827288498c6ff63f3f7ec6f3bb833b53ac1c3cbaf59021addc82b6a8c08bae2,9827288498c6ff63f3f7ec6f3bb833b53ac1c3cbaf59021addc82b6a8c08bae2,M9,M9.03,CHECK_OB7_REQUIRED_INSTANCE_HASH,CHECK_OB7_REQUIRED_INSTANCE_HASH,EXPECTED_DETECTOR_MATCH,DETECTED_AS_PREREGISTERED,PASS,FAIL,FAIL,FAIL:CHECK_OB7_REQUIRED_INSTANCE_HASH,,735
AEI_P3_FORMAL_20260826T034308Z_9b5f3c2bdfbe,1,M9.03:9f7906189c782cba7c3a4cc9cb8785764c8ad3fb1e637423a7a310d6c438feb5,9f7906189c782cba7c3a4cc9cb8785764c8ad3fb1e637423a7a310d6c438feb5,M9,M9.03,CHECK_OB7_REQUIRED_INSTANCE_HASH,CHECK_OB7_REQUIRED_INSTANCE_HASH,EXPECTED_DETECTOR_MATCH,DETECTED_AS_PREREGISTERED,PASS,FAIL,FAIL,FAIL:CHECK_OB7_REQUIRED_INSTANCE_HASH,,736
AEI_P3_FORMAL_20260826T034308Z_9b5f3c2bdfbe,1,M9.03:aa5b4ee1688c71f1a3932cd7d9b629a08e31ef09728f3280c98c7636eecfb8d3,aa5b4ee1688c71f1a3932cd7d9b629a08e31ef09728f3280c98c7636eecfb8d3,M9,M9.03,CHECK_OB7_REQUIRED_INSTANCE_HASH,CHECK_OB7_REQUIRED_INSTANCE_HASH,EXPECTED_DETECTOR_MATCH,DETECTED_AS_PREREGISTERED,PASS,FAIL,FAIL,FAIL:CHECK_OB7_REQUIRED_INSTANCE_HASH,,737
AEI_P3_FORMAL_20260826T034308Z_9b5f3c2bdfbe,1,M9.03:aad646b14392b632d658225dedb7d3953424ab9ab19ebafdc67bd9a7f02eb50b,aad646b14392b632d658225dedb7d3953424ab9ab19ebafdc67bd9a7f02eb50b,M9,M9.03,CHECK_OB7_REQUIRED_INSTANCE_HASH,CHECK_OB7_REQUIRED_INSTANCE_HASH,EXPECTED_DETECTOR_MATCH,DETECTED_AS_PREREGISTERED,PASS,FAIL,FAIL,FAIL:CHECK_OB7_REQUIRED_INSTANCE_HASH,,738
AEI_P3_FORMAL_20260826T034308Z_9b5f3c2bdfbe,1,M9.03:abc8d6ba26b9728a25ebd17f4066aa5421f54fde1c1ef630cc33cb308c0fb8e5,abc8d6ba26b9728a25ebd17f4066aa5421f54fde1c1ef630cc33cb308c0fb8e5,M9,M9.03,CHECK_OB7_REQUIRED_INSTANCE_HASH,CHECK_OB7_REQUIRED_INSTANCE_HASH,EXPECTED_DETECTOR_MATCH,DETECTED_AS_PREREGISTERED,PASS,FAIL,FAIL,FAIL:CHECK_OB7_REQUIRED_INSTANCE_HASH,,739
AEI_P3_FORMAL_20260826T034308Z_9b5f3c2bdfbe,1,M9.03:b0f01f4c7ca822555039b9267d8985edbeb149abc0a710d6583cea634584f862,b0f01f4c7ca822555039b9267d8985edbeb149abc0a710d6583cea634584f862,M9,M9.03,CHECK_OB7_REQUIRED_INSTANCE_HASH,CHECK_OB7_REQUIRED_INSTANCE_HASH,EXPECTED_DETECTOR_MATCH,DETECTED_AS_PREREGISTERED,PASS,FAIL,FAIL,FAIL:CHECK_OB7_REQUIRED_INSTANCE_HASH,,740
AEI_P3_FORMAL_20260826T034308Z_9b5f3c2bdfbe,1,M9.03:b31f9c5cbf923f188771558357941c1a7d6a71089f67793c620cf7034a070eb2,b31f9c5cbf923f188771558357941c1a7d6a71089f67793c620cf7034a070eb2,M9,M9.03,CHECK_OB7_REQUIRED_INSTANCE_HASH,CHECK_OB7_REQUIRED_INSTANCE_HASH,EXPECTED_DETECTOR_MATCH,DETECTED_AS_PREREGISTERED,PASS,FAIL,FAIL,FAIL:CHECK_OB7_REQUIRED_INSTANCE_HASH,,741
AEI_P3_FORMAL_20260826T034308Z_9b5f3c2bdfbe,1,M9.03:b5c400c27e6dbb1cc8466c5ce68e1530b6d984599f3c01c36496b49b586ff5e3,b5c400c27e6dbb1cc8466c5ce68e1530b6d984599f3c01c36496b49b586ff5e3,M9,M9.03,CHECK_OB7_REQUIRED_INSTANCE_HASH,CHECK_OB7_REQUIRED_INSTANCE_HASH,EXPECTED_DETECTOR_MATCH,DETECTED_AS_PREREGISTERED,PASS,FAIL,FAIL,FAIL:CHECK_OB7_REQUIRED_INSTANCE_HASH,,742
AEI_P3_FORMAL_20260826T034308Z_9b5f3c2bdfbe,1,M9.03:bb3f15222034bdf87b9be499b27f859fe778b781693fd54677f83bd7531f0680,bb3f15222034bdf87b9be499b27f859fe778b781693fd54677f83bd7531f0680,M9,M9.03,CHECK_OB7_REQUIRED_INSTANCE_HASH,CHECK_OB7_REQUIRED_INSTANCE_HASH,EXPECTED_DETECTOR_MATCH,DETECTED_AS_PREREGISTERED,PASS,FAIL,FAIL,FAIL:CHECK_OB7_REQUIRED_INSTANCE_HASH,,743
AEI_P3_FORMAL_20260826T034308Z_9b5f3c2bdfbe,1,M9.03:ce18361670bfbcde2f3ff22167187aecef9164dedbf1198bc7563c147804780e,ce18361670bfbcde2f3ff22167187aecef9164dedbf1198bc7563c147804780e,M9,M9.03,CHECK_OB7_REQUIRED_INSTANCE_HASH,CHECK_OB7_REQUIRED_INSTANCE_HASH,EXPECTED_DETECTOR_MATCH,DETECTED_AS_PREREGISTERED,PASS,FAIL,FAIL,FAIL:CHECK_OB7_REQUIRED_INSTANCE_HASH,,744
AEI_P3_FORMAL_20260826T034308Z_9b5f3c2bdfbe,1,M9.03:ceae66508816dc9f5458c925c89f155658e6c78710a8753d337ac385481cc1bf,ceae66508816dc9f5458c925c89f155658e6c78710a8753d337ac385481cc1bf,M9,M9.03,CHECK_OB7_REQUIRED_INSTANCE_HASH,CHECK_OB7_REQUIRED_INSTANCE_HASH,EXPECTED_DETECTOR_MATCH,DETECTED_AS_PREREGISTERED,PASS,FAIL,FAIL,FAIL:CHECK_OB7_REQUIRED_INSTANCE_HASH,,745
AEI_P3_FORMAL_20260826T034308Z_9b5f3c2bdfbe,1,M9.03:d093d52f24139c1b6fb09b775beedd000f1a7b3716df906d7d36e91e7e848265,d093d52f24139c1b6fb09b775beedd000f1a7b3716df906d7d36e91e7e848265,M9,M9.03,CHECK_OB7_REQUIRED_INSTANCE_HASH,CHECK_OB7_REQUIRED_INSTANCE_HASH,EXPECTED_DETECTOR_MATCH,DETECTED_AS_PREREGISTERED,PASS,FAIL,FAIL,FAIL:CHECK_OB7_REQUIRED_INSTANCE_HASH,,746
AEI_P3_FORMAL_20260826T034308Z_9b5f3c2bdfbe,1,M9.03:d4b957654a5efd71168d6f7e67936e6abf4666ceb41e7919635002157b125411,d4b957654a5efd71168d6f7e67936e6abf4666ceb41e7919635002157b125411,M9,M9.03,CHECK_OB7_REQUIRED_INSTANCE_HASH,CHECK_OB7_REQUIRED_INSTANCE_HASH,EXPECTED_DETECTOR_MATCH,DETECTED_AS_PREREGISTERED,PASS,FAIL,FAIL,FAIL:CHECK_OB7_REQUIRED_INSTANCE_HASH,,747
AEI_P3_FORMAL_20260826T034308Z_9b5f3c2bdfbe,1,M9.03:d598e89b357205c7b4bd47c5ebbe933f8be1f7c8dcdee85e66ec6829cafb91d3,d598e89b357205c7b4bd47c5ebbe933f8be1f7c8dcdee85e66ec6829cafb91d3,M9,M9.03,CHECK_OB7_REQUIRED_INSTANCE_HASH,CHECK_OB7_REQUIRED_INSTANCE_HASH,EXPECTED_DETECTOR_MATCH,DETECTED_AS_PREREGISTERED,PASS,FAIL,FAIL,FAIL:CHECK_OB7_REQUIRED_INSTANCE_HASH,,748
AEI_P3_FORMAL_20260826T034308Z_9b5f3c2bdfbe,1,M9.03:eb3670bbe434a59cc94347384a5d50fb526d26a00dbf6da73e54438c4bacc2a0,eb3670bbe434a59cc94347384a5d50fb526d26a00dbf6da73e54438c4bacc2a0,M9,M9.03,CHECK_OB7_REQUIRED_INSTANCE_HASH,CHECK_OB7_REQUIRED_INSTANCE_HASH,EXPECTED_DETECTOR_MATCH,DETECTED_AS_PREREGISTERED,PASS,FAIL,FAIL,FAIL:CHECK_OB7_REQUIRED_INSTANCE_HASH,,749
AEI_P3_FORMAL_20260826T034308Z_9b5f3c2bdfbe,1,M9.03:f1e5fc58ea336e13c098308a2da00dee7de3dd3aa08d6170df4a3cb1afd09795,f1e5fc58ea336e13c098308a2da00dee7de3dd3aa08d6170df4a3cb1afd09795,M9,M9.03,CHECK_OB7_REQUIRED_INSTANCE_HASH,CHECK_OB7_REQUIRED_INSTANCE_HASH,EXPECTED_DETECTOR_MATCH,DETECTED_AS_PREREGISTERED,PASS,FAIL,FAIL,FAIL:CHECK_OB7_REQUIRED_INSTANCE_HASH,,750
AEI_P3_FORMAL_20260826T034308Z_9b5f3c2bdfbe,1,M9.03:f583baa2dad1527b5f84f71805410ee51b78fce2b1be62de49f1636c06821c7b,f583baa2dad1527b5f84f71805410ee51b78fce2b1be62de49f1636c06821c7b,M9,M9.03,CHECK_OB7_REQUIRED_INSTANCE_HASH,CHECK_OB7_REQUIRED_INSTANCE_HASH,EXPECTED_DETECTOR_MATCH,DETECTED_AS_PREREGISTERED,PASS,FAIL,FAIL,FAIL:CHECK_OB7_REQUIRED_INSTANCE_HASH,,751
AEI_P3_FORMAL_20260826T034308Z_9b5f3c2bdfbe,1,M9.03:f64f55ad9277004ae441909cd6556d26eeaf73d3eb3c537384be703615149f96,f64f55ad9277004ae441909cd6556d26eeaf73d3eb3c537384be703615149f96,M9,M9.03,CHECK_OB7_REQUIRED_INSTANCE_HASH,CHECK_OB7_REQUIRED_INSTANCE_HASH,EXPECTED_DETECTOR_MATCH,DETECTED_AS_PREREGISTERED,PASS,FAIL,FAIL,FAIL:CHECK_OB7_REQUIRED_INSTANCE_HASH,,752
AEI_P3_FORMAL_20260826T034308Z_9b5f3c2bdfbe,1,M9.03:f80e8a50e0815fda9eef8635e52671f3888786c4daef5767b8da7b74e4311646,f80e8a50e0815fda9eef8635e52671f3888786c4daef5767b8da7b74e4311646,M9,M9.03,CHECK_OB7_REQUIRED_INSTANCE_HASH,CHECK_OB7_REQUIRED_INSTANCE_HASH,EXPECTED_DETECTOR_MATCH,DETECTED_AS_PREREGISTERED,PASS,FAIL,FAIL,FAIL:CHECK_OB7_REQUIRED_INSTANCE_HASH,,753
AEI_P3_FORMAL_20260826T034308Z_9b5f3c2bdfbe,1,M9.03:f9ade00b139ce33674b05d1766de3ec85779abfd83f893a7b2437817100901d9,f9ade00b139ce33674b05d1766de3ec85779abfd83f893a7b2437817100901d9,M9,M9.03,CHECK_OB7_REQUIRED_INSTANCE_HASH,CHECK_OB7_REQUIRED_INSTANCE_HASH,EXPECTED_DETECTOR_MATCH,DETECTED_AS_PREREGISTERED,PASS,FAIL,FAIL,FAIL:CHECK_OB7_REQUIRED_INSTANCE_HASH,,754
AEI_P3_FORMAL_20260826T034308Z_9b5f3c2bdfbe,1,M9.03:feb26c8ce25b99d6b090e07fca86c8e2dbf3ff2d6b891634c4c71b179329ab47,feb26c8ce25b99d6b090e07fca86c8e2dbf3ff2d6b891634c4c71b179329ab47,M9,M9.03,CHECK_OB7_REQUIRED_INSTANCE_HASH,CHECK_OB7_REQUIRED_INSTANCE_HASH,EXPECTED_DETECTOR_MATCH,DETECTED_AS_PREREGISTERED,PASS,FAIL,FAIL,FAIL:CHECK_OB7_REQUIRED_INSTANCE_HASH,,755
AEI_P3_FORMAL_20260826T034308Z_9b5f3c2bdfbe,1,M9.04:052b2dfeb855619b4e74c70e7155e5699a6aebc572c887f1432462ecf4afce6b,052b2dfeb855619b4e74c70e7155e5699a6aebc572c887f1432462ecf4afce6b,M9,M9.04,CHECK_OB7_REQUIRED_SEED,CHECK_OB7_REQUIRED_SEED,EXPECTED_DETECTOR_MATCH,DETECTED_AS_PREREGISTERED,PASS,FAIL,FAIL,FAIL:CHECK_OB7_REQUIRED_SEED,,756
AEI_P3_FORMAL_20260826T034308Z_9b5f3c2bdfbe,1,M9.04:0edc936e36dbd00367c35ec096b127c69211776f53ead8d7b9619a78d9b3beb5,0edc936e36dbd00367c35ec096b127c69211776f53ead8d7b9619a78d9b3beb5,M9,M9.04,CHECK_OB7_REQUIRED_SEED,CHECK_OB7_REQUIRED_SEED,EXPECTED_DETECTOR_MATCH,DETECTED_AS_PREREGISTERED,PASS,FAIL,FAIL,FAIL:CHECK_OB7_REQUIRED_SEED,,757
AEI_P3_FORMAL_20260826T034308Z_9b5f3c2bdfbe,1,M9.04:19993579c580ecb799e1ce158990340e547863ae75c4be153b97908cb5cd08a2,19993579c580ecb799e1ce158990340e547863ae75c4be153b97908cb5cd08a2,M9,M9.04,CHECK_OB7_REQUIRED_SEED,CHECK_OB7_REQUIRED_SEED,EXPECTED_DETECTOR_MATCH,DETECTED_AS_PREREGISTERED,PASS,FAIL,FAIL,FAIL:CHECK_OB7_REQUIRED_SEED,,758
AEI_P3_FORMAL_20260826T034308Z_9b5f3c2bdfbe,1,M9.04:1bb3dc3f26212de23def1f2ca0d598d344fea56b8a73247e2f6390ebea07946d,1bb3dc3f26212de23def1f2ca0d598d344fea56b8a73247e2f6390ebea07946d,M9,M9.04,CHECK_OB7_REQUIRED_SEED,CHECK_OB7_REQUIRED_SEED,EXPECTED_DETECTOR_MATCH,DETECTED_AS_PREREGISTERED,PASS,FAIL,FAIL,FAIL:CHECK_OB7_REQUIRED_SEED,,759
AEI_P3_FORMAL_20260826T034308Z_9b5f3c2bdfbe,1,M9.04:2443e5a3d32298289c0b98d2a7d3a03cbf4194a7adecf97293b0ac348944ba9e,2443e5a3d32298289c0b98d2a7d3a03cbf4194a7adecf97293b0ac348944ba9e,M9,M9.04,CHECK_OB7_REQUIRED_SEED,CHECK_OB7_REQUIRED_SEED,EXPECTED_DETECTOR_MATCH,DETECTED_AS_PREREGISTERED,PASS,FAIL,FAIL,FAIL:CHECK_OB7_REQUIRED_SEED,,760
AEI_P3_FORMAL_20260826T034308Z_9b5f3c2bdfbe,1,M9.04:245cb7ed72fd0a10da80157bd648a7ae9e8bd9ef722909fe778d274715ad67b3,245cb7ed72fd0a10da80157bd648a7ae9e8bd9ef722909fe778d274715ad67b3,M9,M9.04,CHECK_OB7_REQUIRED_SEED,CHECK_OB7_REQUIRED_SEED,EXPECTED_DETECTOR_MATCH,DETECTED_AS_PREREGISTERED,PASS,FAIL,FAIL,FAIL:CHECK_OB7_REQUIRED_SEED,,761
AEI_P3_FORMAL_20260826T034308Z_9b5f3c2bdfbe,1,M9.04:268469c82535bf1ba82a82324d755f40ad8bc7255c875b8e25c2d7943cff1ff3,268469c82535bf1ba82a82324d755f40ad8bc7255c875b8e25c2d7943cff1ff3,M9,M9.04,CHECK_OB7_REQUIRED_SEED,CHECK_OB7_REQUIRED_SEED,EXPECTED_DETECTOR_MATCH,DETECTED_AS_PREREGISTERED,PASS,FAIL,FAIL,FAIL:CHECK_OB7_REQUIRED_SEED,,762
AEI_P3_FORMAL_20260826T034308Z_9b5f3c2bdfbe,1,M9.04:2908e9ba69598735be8757d9b153473f5bacec1feb89ecff91ce994824a10178,2908e9ba69598735be8757d9b153473f5bacec1feb89ecff91ce994824a10178,M9,M9.04,CHECK_OB7_REQUIRED_SEED,CHECK_OB7_REQUIRED_SEED,EXPECTED_DETECTOR_MATCH,DETECTED_AS_PREREGISTERED,PASS,FAIL,FAIL,FAIL:CHECK_OB7_REQUIRED_SEED,,763
AEI_P3_FORMAL_20260826T034308Z_9b5f3c2bdfbe,1,M9.04:474b6ef7aac2feb7cb9195d7d3644f0d53d378eb4518ef87a9a2f7714d8ef3d5,474b6ef7aac2feb7cb9195d7d3644f0d53d378eb4518ef87a9a2f7714d8ef3d5,M9,M9.04,CHECK_OB7_REQUIRED_SEED,CHECK_OB7_REQUIRED_SEED,EXPECTED_DETECTOR_MATCH,DETECTED_AS_PREREGISTERED,PASS,FAIL,FAIL,FAIL:CHECK_OB7_REQUIRED_SEED,,764
AEI_P3_FORMAL_20260826T034308Z_9b5f3c2bdfbe,1,M9.04:4fafb9a13ff5e2fda82a804bf609727b68a17926d69ae1574c4801604ec81359,4fafb9a13ff5e2fda82a804bf609727b68a17926d69ae1574c4801604ec81359,M9,M9.04,CHECK_OB7_REQUIRED_SEED,CHECK_OB7_REQUIRED_SEED,EXPECTED_DETECTOR_MATCH,DETECTED_AS_PREREGISTERED,PASS,FAIL,FAIL,FAIL:CHECK_OB7_REQUIRED_SEED,,765
AEI_P3_FORMAL_20260826T034308Z_9b5f3c2bdfbe,1,M9.04:54349d927b9070c144f507868f9ef8b962c7c926426b33c3a7e0c88f715b246a,54349d927b9070c144f507868f9ef8b962c7c926426b33c3a7e0c88f715b246a,M9,M9.04,CHECK_OB7_REQUIRED_SEED,CHECK_OB7_REQUIRED_SEED,EXPECTED_DETECTOR_MATCH,DETECTED_AS_PREREGISTERED,PASS,FAIL,FAIL,FAIL:CHECK_OB7_REQUIRED_SEED,,766
AEI_P3_FORMAL_20260826T034308Z_9b5f3c2bdfbe,1,M9.04:558b8365de15727bf495595ed539867872c185b280ea249712f3b1d5f8674cd5,558b8365de15727bf495595ed539867872c185b280ea249712f3b1d5f8674cd5,M9,M9.04,CHECK_OB7_REQUIRED_SEED,CHECK_OB7_REQUIRED_SEED,EXPECTED_DETECTOR_MATCH,DETECTED_AS_PREREGISTERED,PASS,FAIL,FAIL,FAIL:CHECK_OB7_REQUIRED_SEED,,767
AEI_P3_FORMAL_20260826T034308Z_9b5f3c2bdfbe,1,M9.04:5ecccd77f46ab5549088b57686632a9eb5ccf1a5a977fbe35cfae6a50eca52bb,5ecccd77f46ab5549088b57686632a9eb5ccf1a5a977fbe35cfae6a50eca52bb,M9,M9.04,CHECK_OB7_REQUIRED_SEED,CHECK_OB7_REQUIRED_SEED,EXPECTED_DETECTOR_MATCH,DETECTED_AS_PREREGISTERED,PASS,FAIL,FAIL,FAIL:CHECK_OB7_REQUIRED_SEED,,768
AEI_P3_FORMAL_20260826T034308Z_9b5f3c2bdfbe,1,M9.04:5f24b2bbe16d5c8f667064d5031553e1dd9c4d9dbb7e0757cb922d9ba47928d5,5f24b2bbe16d5c8f667064d5031553e1dd9c4d9dbb7e0757cb922d9ba47928d5,M9,M9.04,CHECK_OB7_REQUIRED_SEED,CHECK_OB7_REQUIRED_SEED,EXPECTED_DETECTOR_MATCH,DETECTED_AS_PREREGISTERED,PASS,FAIL,FAIL,FAIL:CHECK_OB7_REQUIRED_SEED,,769
AEI_P3_FORMAL_20260826T034308Z_9b5f3c2bdfbe,1,M9.04:61f77c0251bcd2bbb51e6bff7e048bfcda7139b4e796314d32b47961ac3b5c1b,61f77c0251bcd2bbb51e6bff7e048bfcda7139b4e796314d32b47961ac3b5c1b,M9,M9.04,CHECK_OB7_REQUIRED_SEED,CHECK_OB7_REQUIRED_SEED,EXPECTED_DETECTOR_MATCH,DETECTED_AS_PREREGISTERED,PASS,FAIL,FAIL,FAIL:CHECK_OB7_REQUIRED_SEED,,770
AEI_P3_FORMAL_20260826T034308Z_9b5f3c2bdfbe,1,M9.04:634f3d08fd93ba622176ea6c9ff7ff1fb9d57a9b14f936f27d1460655fc20d72,634f3d08fd93ba622176ea6c9ff7ff1fb9d57a9b14f936f27d1460655fc20d72,M9,M9.04,CHECK_OB7_REQUIRED_SEED,CHECK_OB7_REQUIRED_SEED,EXPECTED_DETECTOR_MATCH,DETECTED_AS_PREREGISTERED,PASS,FAIL,FAIL,FAIL:CHECK_OB7_REQUIRED_SEED,,771
AEI_P3_FORMAL_20260826T034308Z_9b5f3c2bdfbe,1,M9.04:73cdcc11d1c23e47664696979a9b12b94deb5da000c18f37a8d7c0b641090788,73cdcc11d1c23e47664696979a9b12b94deb5da000c18f37a8d7c0b641090788,M9,M9.04,CHECK_OB7_REQUIRED_SEED,CHECK_OB7_REQUIRED_SEED,EXPECTED_DETECTOR_MATCH,DETECTED_AS_PREREGISTERED,PASS,FAIL,FAIL,FAIL:CHECK_OB7_REQUIRED_SEED,,772
AEI_P3_FORMAL_20260826T034308Z_9b5f3c2bdfbe,1,M9.04:7dc2cc636acd7eeb3db7367222360894cac918d6adca467d2f7a79960bbe8b1c,7dc2cc636acd7eeb3db7367222360894cac918d6adca467d2f7a79960bbe8b1c,M9,M9.04,CHECK_OB7_REQUIRED_SEED,CHECK_OB7_REQUIRED_SEED,EXPECTED_DETECTOR_MATCH,DETECTED_AS_PREREGISTERED,PASS,FAIL,FAIL,FAIL:CHECK_OB7_REQUIRED_SEED,,773
AEI_P3_FORMAL_20260826T034308Z_9b5f3c2bdfbe,1,M9.04:8c60197386a54af6d06cac0996c81cbca4971ac83984afcf2a52fa27a5bb1b42,8c60197386a54af6d06cac0996c81cbca4971ac83984afcf2a52fa27a5bb1b42,M9,M9.04,CHECK_OB7_REQUIRED_SEED,CHECK_OB7_REQUIRED_SEED,EXPECTED_DETECTOR_MATCH,DETECTED_AS_PREREGISTERED,PASS,FAIL,FAIL,FAIL:CHECK_OB7_REQUIRED_SEED,,774
AEI_P3_FORMAL_20260826T034308Z_9b5f3c2bdfbe,1,M9.04:8e3a1df6f55a6d53d21fd63c9dcda45cee6d1576c4989d45b40828d31e6d7281,8e3a1df6f55a6d53d21fd63c9dcda45cee6d1576c4989d45b40828d31e6d7281,M9,M9.04,CHECK_OB7_REQUIRED_SEED,CHECK_OB7_REQUIRED_SEED,EXPECTED_DETECTOR_MATCH,DETECTED_AS_PREREGISTERED,PASS,FAIL,FAIL,FAIL:CHECK_OB7_REQUIRED_SEED,,775
AEI_P3_FORMAL_20260826T034308Z_9b5f3c2bdfbe,1,M9.04:97eb8ea8dfec0a163a4b54e1179247553055627de3df3d7a40c8879cacc64800,97eb8ea8dfec0a163a4b54e1179247553055627de3df3d7a40c8879cacc64800,M9,M9.04,CHECK_OB7_REQUIRED_SEED,CHECK_OB7_REQUIRED_SEED,EXPECTED_DETECTOR_MATCH,DETECTED_AS_PREREGISTERED,PASS,FAIL,FAIL,FAIL:CHECK_OB7_REQUIRED_SEED,,776
AEI_P3_FORMAL_20260826T034308Z_9b5f3c2bdfbe,1,M9.04:9827288498c6ff63f3f7ec6f3bb833b53ac1c3cbaf59021addc82b6a8c08bae2,9827288498c6ff63f3f7ec6f3bb833b53ac1c3cbaf59021addc82b6a8c08bae2,M9,M9.04,CHECK_OB7_REQUIRED_SEED,CHECK_OB7_REQUIRED_SEED,EXPECTED_DETECTOR_MATCH,DETECTED_AS_PREREGISTERED,PASS,FAIL,FAIL,FAIL:CHECK_OB7_REQUIRED_SEED,,777
AEI_P3_FORMAL_20260826T034308Z_9b5f3c2bdfbe,1,M9.04:9f7906189c782cba7c3a4cc9cb8785764c8ad3fb1e637423a7a310d6c438feb5,9f7906189c782cba7c3a4cc9cb8785764c8ad3fb1e637423a7a310d6c438feb5,M9,M9.04,CHECK_OB7_REQUIRED_SEED,CHECK_OB7_REQUIRED_SEED,EXPECTED_DETECTOR_MATCH,DETECTED_AS_PREREGISTERED,PASS,FAIL,FAIL,FAIL:CHECK_OB7_REQUIRED_SEED,,778
AEI_P3_FORMAL_20260826T034308Z_9b5f3c2bdfbe,1,M9.04:aa5b4ee1688c71f1a3932cd7d9b629a08e31ef09728f3280c98c7636eecfb8d3,aa5b4ee1688c71f1a3932cd7d9b629a08e31ef09728f3280c98c7636eecfb8d3,M9,M9.04,CHECK_OB7_REQUIRED_SEED,CHECK_OB7_REQUIRED_SEED,EXPECTED_DETECTOR_MATCH,DETECTED_AS_PREREGISTERED,PASS,FAIL,FAIL,FAIL:CHECK_OB7_REQUIRED_SEED,,779
AEI_P3_FORMAL_20260826T034308Z_9b5f3c2bdfbe,1,M9.04:aad646b14392b632d658225dedb7d3953424ab9ab19ebafdc67bd9a7f02eb50b,aad646b14392b632d658225dedb7d3953424ab9ab19ebafdc67bd9a7f02eb50b,M9,M9.04,CHECK_OB7_REQUIRED_SEED,CHECK_OB7_REQUIRED_SEED,EXPECTED_DETECTOR_MATCH,DETECTED_AS_PREREGISTERED,PASS,FAIL,FAIL,FAIL:CHECK_OB7_REQUIRED_SEED,,780
AEI_P3_FORMAL_20260826T034308Z_9b5f3c2bdfbe,1,M9.04:abc8d6ba26b9728a25ebd17f4066aa5421f54fde1c1ef630cc33cb308c0fb8e5,abc8d6ba26b9728a25ebd17f4066aa5421f54fde1c1ef630cc33cb308c0fb8e5,M9,M9.04,CHECK_OB7_REQUIRED_SEED,CHECK_OB7_REQUIRED_SEED,EXPECTED_DETECTOR_MATCH,DETECTED_AS_PREREGISTERED,PASS,FAIL,FAIL,FAIL:CHECK_OB7_REQUIRED_SEED,,781
AEI_P3_FORMAL_20260826T034308Z_9b5f3c2bdfbe,1,M9.04:b0f01f4c7ca822555039b9267d8985edbeb149abc0a710d6583cea634584f862,b0f01f4c7ca822555039b9267d8985edbeb149abc0a710d6583cea634584f862,M9,M9.04,CHECK_OB7_REQUIRED_SEED,CHECK_OB7_REQUIRED_SEED,EXPECTED_DETECTOR_MATCH,DETECTED_AS_PREREGISTERED,PASS,FAIL,FAIL,FAIL:CHECK_OB7_REQUIRED_SEED,,782
AEI_P3_FORMAL_20260826T034308Z_9b5f3c2bdfbe,1,M9.04:b31f9c5cbf923f188771558357941c1a7d6a71089f67793c620cf7034a070eb2,b31f9c5cbf923f188771558357941c1a7d6a71089f67793c620cf7034a070eb2,M9,M9.04,CHECK_OB7_REQUIRED_SEED,CHECK_OB7_REQUIRED_SEED,EXPECTED_DETECTOR_MATCH,DETECTED_AS_PREREGISTERED,PASS,FAIL,FAIL,FAIL:CHECK_OB7_REQUIRED_SEED,,783
AEI_P3_FORMAL_20260826T034308Z_9b5f3c2bdfbe,1,M9.04:b5c400c27e6dbb1cc8466c5ce68e1530b6d984599f3c01c36496b49b586ff5e3,b5c400c27e6dbb1cc8466c5ce68e1530b6d984599f3c01c36496b49b586ff5e3,M9,M9.04,CHECK_OB7_REQUIRED_SEED,CHECK_OB7_REQUIRED_SEED,EXPECTED_DETECTOR_MATCH,DETECTED_AS_PREREGISTERED,PASS,FAIL,FAIL,FAIL:CHECK_OB7_REQUIRED_SEED,,784
AEI_P3_FORMAL_20260826T034308Z_9b5f3c2bdfbe,1,M9.04:bb3f15222034bdf87b9be499b27f859fe778b781693fd54677f83bd7531f0680,bb3f15222034bdf87b9be499b27f859fe778b781693fd54677f83bd7531f0680,M9,M9.04,CHECK_OB7_REQUIRED_SEED,CHECK_OB7_REQUIRED_SEED,EXPECTED_DETECTOR_MATCH,DETECTED_AS_PREREGISTERED,PASS,FAIL,FAIL,FAIL:CHECK_OB7_REQUIRED_SEED,,785
AEI_P3_FORMAL_20260826T034308Z_9b5f3c2bdfbe,1,M9.04:ce18361670bfbcde2f3ff22167187aecef9164dedbf1198bc7563c147804780e,ce18361670bfbcde2f3ff22167187aecef9164dedbf1198bc7563c147804780e,M9,M9.04,CHECK_OB7_REQUIRED_SEED,CHECK_OB7_REQUIRED_SEED,EXPECTED_DETECTOR_MATCH,DETECTED_AS_PREREGISTERED,PASS,FAIL,FAIL,FAIL:CHECK_OB7_REQUIRED_SEED,,786
AEI_P3_FORMAL_20260826T034308Z_9b5f3c2bdfbe,1,M9.04:ceae66508816dc9f5458c925c89f155658e6c78710a8753d337ac385481cc1bf,ceae66508816dc9f5458c925c89f155658e6c78710a8753d337ac385481cc1bf,M9,M9.04,CHECK_OB7_REQUIRED_SEED,CHECK_OB7_REQUIRED_SEED,EXPECTED_DETECTOR_MATCH,DETECTED_AS_PREREGISTERED,PASS,FAIL,FAIL,FAIL:CHECK_OB7_REQUIRED_SEED,,787
AEI_P3_FORMAL_20260826T034308Z_9b5f3c2bdfbe,1,M9.04:d093d52f24139c1b6fb09b775beedd000f1a7b3716df906d7d36e91e7e848265,d093d52f24139c1b6fb09b775beedd000f1a7b3716df906d7d36e91e7e848265,M9,M9.04,CHECK_OB7_REQUIRED_SEED,CHECK_OB7_REQUIRED_SEED,EXPECTED_DETECTOR_MATCH,DETECTED_AS_PREREGISTERED,PASS,FAIL,FAIL,FAIL:CHECK_OB7_REQUIRED_SEED,,788
AEI_P3_FORMAL_20260826T034308Z_9b5f3c2bdfbe,1,M9.04:d4b957654a5efd71168d6f7e67936e6abf4666ceb41e7919635002157b125411,d4b957654a5efd71168d6f7e67936e6abf4666ceb41e7919635002157b125411,M9,M9.04,CHECK_OB7_REQUIRED_SEED,CHECK_OB7_REQUIRED_SEED,EXPECTED_DETECTOR_MATCH,DETECTED_AS_PREREGISTERED,PASS,FAIL,FAIL,FAIL:CHECK_OB7_REQUIRED_SEED,,789
AEI_P3_FORMAL_20260826T034308Z_9b5f3c2bdfbe,1,M9.04:d598e89b357205c7b4bd47c5ebbe933f8be1f7c8dcdee85e66ec6829cafb91d3,d598e89b357205c7b4bd47c5ebbe933f8be1f7c8dcdee85e66ec6829cafb91d3,M9,M9.04,CHECK_OB7_REQUIRED_SEED,CHECK_OB7_REQUIRED_SEED,EXPECTED_DETECTOR_MATCH,DETECTED_AS_PREREGISTERED,PASS,FAIL,FAIL,FAIL:CHECK_OB7_REQUIRED_SEED,,790
AEI_P3_FORMAL_20260826T034308Z_9b5f3c2bdfbe,1,M9.04:eb3670bbe434a59cc94347384a5d50fb526d26a00dbf6da73e54438c4bacc2a0,eb3670bbe434a59cc94347384a5d50fb526d26a00dbf6da73e54438c4bacc2a0,M9,M9.04,CHECK_OB7_REQUIRED_SEED,CHECK_OB7_REQUIRED_SEED,EXPECTED_DETECTOR_MATCH,DETECTED_AS_PREREGISTERED,PASS,FAIL,FAIL,FAIL:CHECK_OB7_REQUIRED_SEED,,791
AEI_P3_FORMAL_20260826T034308Z_9b5f3c2bdfbe,1,M9.04:f1e5fc58ea336e13c098308a2da00dee7de3dd3aa08d6170df4a3cb1afd09795,f1e5fc58ea336e13c098308a2da00dee7de3dd3aa08d6170df4a3cb1afd09795,M9,M9.04,CHECK_OB7_REQUIRED_SEED,CHECK_OB7_REQUIRED_SEED,EXPECTED_DETECTOR_MATCH,DETECTED_AS_PREREGISTERED,PASS,FAIL,FAIL,FAIL:CHECK_OB7_REQUIRED_SEED,,792
AEI_P3_FORMAL_20260826T034308Z_9b5f3c2bdfbe,1,M9.04:f583baa2dad1527b5f84f71805410ee51b78fce2b1be62de49f1636c06821c7b,f583baa2dad1527b5f84f71805410ee51b78fce2b1be62de49f1636c06821c7b,M9,M9.04,CHECK_OB7_REQUIRED_SEED,CHECK_OB7_REQUIRED_SEED,EXPECTED_DETECTOR_MATCH,DETECTED_AS_PREREGISTERED,PASS,FAIL,FAIL,FAIL:CHECK_OB7_REQUIRED_SEED,,793
AEI_P3_FORMAL_20260826T034308Z_9b5f3c2bdfbe,1,M9.04:f64f55ad9277004ae441909cd6556d26eeaf73d3eb3c537384be703615149f96,f64f55ad9277004ae441909cd6556d26eeaf73d3eb3c537384be703615149f96,M9,M9.04,CHECK_OB7_REQUIRED_SEED,CHECK_OB7_REQUIRED_SEED,EXPECTED_DETECTOR_MATCH,DETECTED_AS_PREREGISTERED,PASS,FAIL,FAIL,FAIL:CHECK_OB7_REQUIRED_SEED,,794
AEI_P3_FORMAL_20260826T034308Z_9b5f3c2bdfbe,1,M9.04:f80e8a50e0815fda9eef8635e52671f3888786c4daef5767b8da7b74e4311646,f80e8a50e0815fda9eef8635e52671f3888786c4daef5767b8da7b74e4311646,M9,M9.04,CHECK_OB7_REQUIRED_SEED,CHECK_OB7_REQUIRED_SEED,EXPECTED_DETECTOR_MATCH,DETECTED_AS_PREREGISTERED,PASS,FAIL,FAIL,FAIL:CHECK_OB7_REQUIRED_SEED,,795
AEI_P3_FORMAL_20260826T034308Z_9b5f3c2bdfbe,1,M9.04:f9ade00b139ce33674b05d1766de3ec85779abfd83f893a7b2437817100901d9,f9ade00b139ce33674b05d1766de3ec85779abfd83f893a7b2437817100901d9,M9,M9.04,CHECK_OB7_REQUIRED_SEED,CHECK_OB7_REQUIRED_SEED,EXPECTED_DETECTOR_MATCH,DETECTED_AS_PREREGISTERED,PASS,FAIL,FAIL,FAIL:CHECK_OB7_REQUIRED_SEED,,796
AEI_P3_FORMAL_20260826T034308Z_9b5f3c2bdfbe,1,M9.04:feb26c8ce25b99d6b090e07fca86c8e2dbf3ff2d6b891634c4c71b179329ab47,feb26c8ce25b99d6b090e07fca86c8e2dbf3ff2d6b891634c4c71b179329ab47,M9,M9.04,CHECK_OB7_REQUIRED_SEED,CHECK_OB7_REQUIRED_SEED,EXPECTED_DETECTOR_MATCH,DETECTED_AS_PREREGISTERED,PASS,FAIL,FAIL,FAIL:CHECK_OB7_REQUIRED_SEED,,797
AEI_P3_FORMAL_20260826T034308Z_9b5f3c2bdfbe,1,M9.05:052b2dfeb855619b4e74c70e7155e5699a6aebc572c887f1432462ecf4afce6b,052b2dfeb855619b4e74c70e7155e5699a6aebc572c887f1432462ecf4afce6b,M9,M9.05,CHECK_OB7_REQUIRED_WORKERS,CHECK_OB7_REQUIRED_WORKERS,EXPECTED_DETECTOR_MATCH,DETECTED_AS_PREREGISTERED,PASS,FAIL,FAIL,FAIL:CHECK_OB7_REQUIRED_WORKERS,,798
AEI_P3_FORMAL_20260826T034308Z_9b5f3c2bdfbe,1,M9.05:0edc936e36dbd00367c35ec096b127c69211776f53ead8d7b9619a78d9b3beb5,0edc936e36dbd00367c35ec096b127c69211776f53ead8d7b9619a78d9b3beb5,M9,M9.05,CHECK_OB7_REQUIRED_WORKERS,CHECK_OB7_REQUIRED_WORKERS,EXPECTED_DETECTOR_MATCH,DETECTED_AS_PREREGISTERED,PASS,FAIL,FAIL,FAIL:CHECK_OB7_REQUIRED_WORKERS,,799
AEI_P3_FORMAL_20260826T034308Z_9b5f3c2bdfbe,1,M9.05:19993579c580ecb799e1ce158990340e547863ae75c4be153b97908cb5cd08a2,19993579c580ecb799e1ce158990340e547863ae75c4be153b97908cb5cd08a2,M9,M9.05,CHECK_OB7_REQUIRED_WORKERS,CHECK_OB7_REQUIRED_WORKERS,EXPECTED_DETECTOR_MATCH,DETECTED_AS_PREREGISTERED,PASS,FAIL,FAIL,FAIL:CHECK_OB7_REQUIRED_WORKERS,,800
AEI_P3_FORMAL_20260826T034308Z_9b5f3c2bdfbe,1,M9.05:1bb3dc3f26212de23def1f2ca0d598d344fea56b8a73247e2f6390ebea07946d,1bb3dc3f26212de23def1f2ca0d598d344fea56b8a73247e2f6390ebea07946d,M9,M9.05,CHECK_OB7_REQUIRED_WORKERS,CHECK_OB7_REQUIRED_WORKERS,EXPECTED_DETECTOR_MATCH,DETECTED_AS_PREREGISTERED,PASS,FAIL,FAIL,FAIL:CHECK_OB7_REQUIRED_WORKERS,,801
AEI_P3_FORMAL_20260826T034308Z_9b5f3c2bdfbe,1,M9.05:2443e5a3d32298289c0b98d2a7d3a03cbf4194a7adecf97293b0ac348944ba9e,2443e5a3d32298289c0b98d2a7d3a03cbf4194a7adecf97293b0ac348944ba9e,M9,M9.05,CHECK_OB7_REQUIRED_WORKERS,CHECK_OB7_REQUIRED_WORKERS,EXPECTED_DETECTOR_MATCH,DETECTED_AS_PREREGISTERED,PASS,FAIL,FAIL,FAIL:CHECK_OB7_REQUIRED_WORKERS,,802
AEI_P3_FORMAL_20260826T034308Z_9b5f3c2bdfbe,1,M9.05:245cb7ed72fd0a10da80157bd648a7ae9e8bd9ef722909fe778d274715ad67b3,245cb7ed72fd0a10da80157bd648a7ae9e8bd9ef722909fe778d274715ad67b3,M9,M9.05,CHECK_OB7_REQUIRED_WORKERS,CHECK_OB7_REQUIRED_WORKERS,EXPECTED_DETECTOR_MATCH,DETECTED_AS_PREREGISTERED,PASS,FAIL,FAIL,FAIL:CHECK_OB7_REQUIRED_WORKERS,,803
AEI_P3_FORMAL_20260826T034308Z_9b5f3c2bdfbe,1,M9.05:268469c82535bf1ba82a82324d755f40ad8bc7255c875b8e25c2d7943cff1ff3,268469c82535bf1ba82a82324d755f40ad8bc7255c875b8e25c2d7943cff1ff3,M9,M9.05,CHECK_OB7_REQUIRED_WORKERS,CHECK_OB7_REQUIRED_WORKERS,EXPECTED_DETECTOR_MATCH,DETECTED_AS_PREREGISTERED,PASS,FAIL,FAIL,FAIL:CHECK_OB7_REQUIRED_WORKERS,,804
AEI_P3_FORMAL_20260826T034308Z_9b5f3c2bdfbe,1,M9.05:2908e9ba69598735be8757d9b153473f5bacec1feb89ecff91ce994824a10178,2908e9ba69598735be8757d9b153473f5bacec1feb89ecff91ce994824a10178,M9,M9.05,CHECK_OB7_REQUIRED_WORKERS,CHECK_OB7_REQUIRED_WORKERS,EXPECTED_DETECTOR_MATCH,DETECTED_AS_PREREGISTERED,PASS,FAIL,FAIL,FAIL:CHECK_OB7_REQUIRED_WORKERS,,805
AEI_P3_FORMAL_20260826T034308Z_9b5f3c2bdfbe,1,M9.05:474b6ef7aac2feb7cb9195d7d3644f0d53d378eb4518ef87a9a2f7714d8ef3d5,474b6ef7aac2feb7cb9195d7d3644f0d53d378eb4518ef87a9a2f7714d8ef3d5,M9,M9.05,CHECK_OB7_REQUIRED_WORKERS,CHECK_OB7_REQUIRED_WORKERS,EXPECTED_DETECTOR_MATCH,DETECTED_AS_PREREGISTERED,PASS,FAIL,FAIL,FAIL:CHECK_OB7_REQUIRED_WORKERS,,806
AEI_P3_FORMAL_20260826T034308Z_9b5f3c2bdfbe,1,M9.05:4fafb9a13ff5e2fda82a804bf609727b68a17926d69ae1574c4801604ec81359,4fafb9a13ff5e2fda82a804bf609727b68a17926d69ae1574c4801604ec81359,M9,M9.05,CHECK_OB7_REQUIRED_WORKERS,CHECK_OB7_REQUIRED_WORKERS,EXPECTED_DETECTOR_MATCH,DETECTED_AS_PREREGISTERED,PASS,FAIL,FAIL,FAIL:CHECK_OB7_REQUIRED_WORKERS,,807
AEI_P3_FORMAL_20260826T034308Z_9b5f3c2bdfbe,1,M9.05:54349d927b9070c144f507868f9ef8b962c7c926426b33c3a7e0c88f715b246a,54349d927b9070c144f507868f9ef8b962c7c926426b33c3a7e0c88f715b246a,M9,M9.05,CHECK_OB7_REQUIRED_WORKERS,CHECK_OB7_REQUIRED_WORKERS,EXPECTED_DETECTOR_MATCH,DETECTED_AS_PREREGISTERED,PASS,FAIL,FAIL,FAIL:CHECK_OB7_REQUIRED_WORKERS,,808
AEI_P3_FORMAL_20260826T034308Z_9b5f3c2bdfbe,1,M9.05:558b8365de15727bf495595ed539867872c185b280ea249712f3b1d5f8674cd5,558b8365de15727bf495595ed539867872c185b280ea249712f3b1d5f8674cd5,M9,M9.05,CHECK_OB7_REQUIRED_WORKERS,CHECK_OB7_REQUIRED_WORKERS,EXPECTED_DETECTOR_MATCH,DETECTED_AS_PREREGISTERED,PASS,FAIL,FAIL,FAIL:CHECK_OB7_REQUIRED_WORKERS,,809
AEI_P3_FORMAL_20260826T034308Z_9b5f3c2bdfbe,1,M9.05:5ecccd77f46ab5549088b57686632a9eb5ccf1a5a977fbe35cfae6a50eca52bb,5ecccd77f46ab5549088b57686632a9eb5ccf1a5a977fbe35cfae6a50eca52bb,M9,M9.05,CHECK_OB7_REQUIRED_WORKERS,CHECK_OB7_REQUIRED_WORKERS,EXPECTED_DETECTOR_MATCH,DETECTED_AS_PREREGISTERED,PASS,FAIL,FAIL,FAIL:CHECK_OB7_REQUIRED_WORKERS,,810
AEI_P3_FORMAL_20260826T034308Z_9b5f3c2bdfbe,1,M9.05:5f24b2bbe16d5c8f667064d5031553e1dd9c4d9dbb7e0757cb922d9ba47928d5,5f24b2bbe16d5c8f667064d5031553e1dd9c4d9dbb7e0757cb922d9ba47928d5,M9,M9.05,CHECK_OB7_REQUIRED_WORKERS,CHECK_OB7_REQUIRED_WORKERS,EXPECTED_DETECTOR_MATCH,DETECTED_AS_PREREGISTERED,PASS,FAIL,FAIL,FAIL:CHECK_OB7_REQUIRED_WORKERS,,811
AEI_P3_FORMAL_20260826T034308Z_9b5f3c2bdfbe,1,M9.05:61f77c0251bcd2bbb51e6bff7e048bfcda7139b4e796314d32b47961ac3b5c1b,61f77c0251bcd2bbb51e6bff7e048bfcda7139b4e796314d32b47961ac3b5c1b,M9,M9.05,CHECK_OB7_REQUIRED_WORKERS,CHECK_OB7_REQUIRED_WORKERS,EXPECTED_DETECTOR_MATCH,DETECTED_AS_PREREGISTERED,PASS,FAIL,FAIL,FAIL:CHECK_OB7_REQUIRED_WORKERS,,812
AEI_P3_FORMAL_20260826T034308Z_9b5f3c2bdfbe,1,M9.05:634f3d08fd93ba622176ea6c9ff7ff1fb9d57a9b14f936f27d1460655fc20d72,634f3d08fd93ba622176ea6c9ff7ff1fb9d57a9b14f936f27d1460655fc20d72,M9,M9.05,CHECK_OB7_REQUIRED_WORKERS,CHECK_OB7_REQUIRED_WORKERS,EXPECTED_DETECTOR_MATCH,DETECTED_AS_PREREGISTERED,PASS,FAIL,FAIL,FAIL:CHECK_OB7_REQUIRED_WORKERS,,813
AEI_P3_FORMAL_20260826T034308Z_9b5f3c2bdfbe,1,M9.05:73cdcc11d1c23e47664696979a9b12b94deb5da000c18f37a8d7c0b641090788,73cdcc11d1c23e47664696979a9b12b94deb5da000c18f37a8d7c0b641090788,M9,M9.05,CHECK_OB7_REQUIRED_WORKERS,CHECK_OB7_REQUIRED_WORKERS,EXPECTED_DETECTOR_MATCH,DETECTED_AS_PREREGISTERED,PASS,FAIL,FAIL,FAIL:CHECK_OB7_REQUIRED_WORKERS,,814
AEI_P3_FORMAL_20260826T034308Z_9b5f3c2bdfbe,1,M9.05:7dc2cc636acd7eeb3db7367222360894cac918d6adca467d2f7a79960bbe8b1c,7dc2cc636acd7eeb3db7367222360894cac918d6adca467d2f7a79960bbe8b1c,M9,M9.05,CHECK_OB7_REQUIRED_WORKERS,CHECK_OB7_REQUIRED_WORKERS,EXPECTED_DETECTOR_MATCH,DETECTED_AS_PREREGISTERED,PASS,FAIL,FAIL,FAIL:CHECK_OB7_REQUIRED_WORKERS,,815
AEI_P3_FORMAL_20260826T034308Z_9b5f3c2bdfbe,1,M9.05:8c60197386a54af6d06cac0996c81cbca4971ac83984afcf2a52fa27a5bb1b42,8c60197386a54af6d06cac0996c81cbca4971ac83984afcf2a52fa27a5bb1b42,M9,M9.05,CHECK_OB7_REQUIRED_WORKERS,CHECK_OB7_REQUIRED_WORKERS,EXPECTED_DETECTOR_MATCH,DETECTED_AS_PREREGISTERED,PASS,FAIL,FAIL,FAIL:CHECK_OB7_REQUIRED_WORKERS,,816
AEI_P3_FORMAL_20260826T034308Z_9b5f3c2bdfbe,1,M9.05:8e3a1df6f55a6d53d21fd63c9dcda45cee6d1576c4989d45b40828d31e6d7281,8e3a1df6f55a6d53d21fd63c9dcda45cee6d1576c4989d45b40828d31e6d7281,M9,M9.05,CHECK_OB7_REQUIRED_WORKERS,CHECK_OB7_REQUIRED_WORKERS,EXPECTED_DETECTOR_MATCH,DETECTED_AS_PREREGISTERED,PASS,FAIL,FAIL,FAIL:CHECK_OB7_REQUIRED_WORKERS,,817
AEI_P3_FORMAL_20260826T034308Z_9b5f3c2bdfbe,1,M9.05:97eb8ea8dfec0a163a4b54e1179247553055627de3df3d7a40c8879cacc64800,97eb8ea8dfec0a163a4b54e1179247553055627de3df3d7a40c8879cacc64800,M9,M9.05,CHECK_OB7_REQUIRED_WORKERS,CHECK_OB7_REQUIRED_WORKERS,EXPECTED_DETECTOR_MATCH,DETECTED_AS_PREREGISTERED,PASS,FAIL,FAIL,FAIL:CHECK_OB7_REQUIRED_WORKERS,,818
AEI_P3_FORMAL_20260826T034308Z_9b5f3c2bdfbe,1,M9.05:9827288498c6ff63f3f7ec6f3bb833b53ac1c3cbaf59021addc82b6a8c08bae2,9827288498c6ff63f3f7ec6f3bb833b53ac1c3cbaf59021addc82b6a8c08bae2,M9,M9.05,CHECK_OB7_REQUIRED_WORKERS,CHECK_OB7_REQUIRED_WORKERS,EXPECTED_DETECTOR_MATCH,DETECTED_AS_PREREGISTERED,PASS,FAIL,FAIL,FAIL:CHECK_OB7_REQUIRED_WORKERS,,819
AEI_P3_FORMAL_20260826T034308Z_9b5f3c2bdfbe,1,M9.05:9f7906189c782cba7c3a4cc9cb8785764c8ad3fb1e637423a7a310d6c438feb5,9f7906189c782cba7c3a4cc9cb8785764c8ad3fb1e637423a7a310d6c438feb5,M9,M9.05,CHECK_OB7_REQUIRED_WORKERS,CHECK_OB7_REQUIRED_WORKERS,EXPECTED_DETECTOR_MATCH,DETECTED_AS_PREREGISTERED,PASS,FAIL,FAIL,FAIL:CHECK_OB7_REQUIRED_WORKERS,,820
AEI_P3_FORMAL_20260826T034308Z_9b5f3c2bdfbe,1,M9.05:aa5b4ee1688c71f1a3932cd7d9b629a08e31ef09728f3280c98c7636eecfb8d3,aa5b4ee1688c71f1a3932cd7d9b629a08e31ef09728f3280c98c7636eecfb8d3,M9,M9.05,CHECK_OB7_REQUIRED_WORKERS,CHECK_OB7_REQUIRED_WORKERS,EXPECTED_DETECTOR_MATCH,DETECTED_AS_PREREGISTERED,PASS,FAIL,FAIL,FAIL:CHECK_OB7_REQUIRED_WORKERS,,821
AEI_P3_FORMAL_20260826T034308Z_9b5f3c2bdfbe,1,M9.05:aad646b14392b632d658225dedb7d3953424ab9ab19ebafdc67bd9a7f02eb50b,aad646b14392b632d658225dedb7d3953424ab9ab19ebafdc67bd9a7f02eb50b,M9,M9.05,CHECK_OB7_REQUIRED_WORKERS,CHECK_OB7_REQUIRED_WORKERS,EXPECTED_DETECTOR_MATCH,DETECTED_AS_PREREGISTERED,PASS,FAIL,FAIL,FAIL:CHECK_OB7_REQUIRED_WORKERS,,822
AEI_P3_FORMAL_20260826T034308Z_9b5f3c2bdfbe,1,M9.05:abc8d6ba26b9728a25ebd17f4066aa5421f54fde1c1ef630cc33cb308c0fb8e5,abc8d6ba26b9728a25ebd17f4066aa5421f54fde1c1ef630cc33cb308c0fb8e5,M9,M9.05,CHECK_OB7_REQUIRED_WORKERS,CHECK_OB7_REQUIRED_WORKERS,EXPECTED_DETECTOR_MATCH,DETECTED_AS_PREREGISTERED,PASS,FAIL,FAIL,FAIL:CHECK_OB7_REQUIRED_WORKERS,,823
AEI_P3_FORMAL_20260826T034308Z_9b5f3c2bdfbe,1,M9.05:b0f01f4c7ca822555039b9267d8985edbeb149abc0a710d6583cea634584f862,b0f01f4c7ca822555039b9267d8985edbeb149abc0a710d6583cea634584f862,M9,M9.05,CHECK_OB7_REQUIRED_WORKERS,CHECK_OB7_REQUIRED_WORKERS,EXPECTED_DETECTOR_MATCH,DETECTED_AS_PREREGISTERED,PASS,FAIL,FAIL,FAIL:CHECK_OB7_REQUIRED_WORKERS,,824
AEI_P3_FORMAL_20260826T034308Z_9b5f3c2bdfbe,1,M9.05:b31f9c5cbf923f188771558357941c1a7d6a71089f67793c620cf7034a070eb2,b31f9c5cbf923f188771558357941c1a7d6a71089f67793c620cf7034a070eb2,M9,M9.05,CHECK_OB7_REQUIRED_WORKERS,CHECK_OB7_REQUIRED_WORKERS,EXPECTED_DETECTOR_MATCH,DETECTED_AS_PREREGISTERED,PASS,FAIL,FAIL,FAIL:CHECK_OB7_REQUIRED_WORKERS,,825
AEI_P3_FORMAL_20260826T034308Z_9b5f3c2bdfbe,1,M9.05:b5c400c27e6dbb1cc8466c5ce68e1530b6d984599f3c01c36496b49b586ff5e3,b5c400c27e6dbb1cc8466c5ce68e1530b6d984599f3c01c36496b49b586ff5e3,M9,M9.05,CHECK_OB7_REQUIRED_WORKERS,CHECK_OB7_REQUIRED_WORKERS,EXPECTED_DETECTOR_MATCH,DETECTED_AS_PREREGISTERED,PASS,FAIL,FAIL,FAIL:CHECK_OB7_REQUIRED_WORKERS,,826
AEI_P3_FORMAL_20260826T034308Z_9b5f3c2bdfbe,1,M9.05:bb3f15222034bdf87b9be499b27f859fe778b781693fd54677f83bd7531f0680,bb3f15222034bdf87b9be499b27f859fe778b781693fd54677f83bd7531f0680,M9,M9.05,CHECK_OB7_REQUIRED_WORKERS,CHECK_OB7_REQUIRED_WORKERS,EXPECTED_DETECTOR_MATCH,DETECTED_AS_PREREGISTERED,PASS,FAIL,FAIL,FAIL:CHECK_OB7_REQUIRED_WORKERS,,827
AEI_P3_FORMAL_20260826T034308Z_9b5f3c2bdfbe,1,M9.05:ce18361670bfbcde2f3ff22167187aecef9164dedbf1198bc7563c147804780e,ce18361670bfbcde2f3ff22167187aecef9164dedbf1198bc7563c147804780e,M9,M9.05,CHECK_OB7_REQUIRED_WORKERS,CHECK_OB7_REQUIRED_WORKERS,EXPECTED_DETECTOR_MATCH,DETECTED_AS_PREREGISTERED,PASS,FAIL,FAIL,FAIL:CHECK_OB7_REQUIRED_WORKERS,,828
AEI_P3_FORMAL_20260826T034308Z_9b5f3c2bdfbe,1,M9.05:ceae66508816dc9f5458c925c89f155658e6c78710a8753d337ac385481cc1bf,ceae66508816dc9f5458c925c89f155658e6c78710a8753d337ac385481cc1bf,M9,M9.05,CHECK_OB7_REQUIRED_WORKERS,CHECK_OB7_REQUIRED_WORKERS,EXPECTED_DETECTOR_MATCH,DETECTED_AS_PREREGISTERED,PASS,FAIL,FAIL,FAIL:CHECK_OB7_REQUIRED_WORKERS,,829
AEI_P3_FORMAL_20260826T034308Z_9b5f3c2bdfbe,1,M9.05:d093d52f24139c1b6fb09b775beedd000f1a7b3716df906d7d36e91e7e848265,d093d52f24139c1b6fb09b775beedd000f1a7b3716df906d7d36e91e7e848265,M9,M9.05,CHECK_OB7_REQUIRED_WORKERS,CHECK_OB7_REQUIRED_WORKERS,EXPECTED_DETECTOR_MATCH,DETECTED_AS_PREREGISTERED,PASS,FAIL,FAIL,FAIL:CHECK_OB7_REQUIRED_WORKERS,,830
AEI_P3_FORMAL_20260826T034308Z_9b5f3c2bdfbe,1,M9.05:d4b957654a5efd71168d6f7e67936e6abf4666ceb41e7919635002157b125411,d4b957654a5efd71168d6f7e67936e6abf4666ceb41e7919635002157b125411,M9,M9.05,CHECK_OB7_REQUIRED_WORKERS,CHECK_OB7_REQUIRED_WORKERS,EXPECTED_DETECTOR_MATCH,DETECTED_AS_PREREGISTERED,PASS,FAIL,FAIL,FAIL:CHECK_OB7_REQUIRED_WORKERS,,831
AEI_P3_FORMAL_20260826T034308Z_9b5f3c2bdfbe,1,M9.05:d598e89b357205c7b4bd47c5ebbe933f8be1f7c8dcdee85e66ec6829cafb91d3,d598e89b357205c7b4bd47c5ebbe933f8be1f7c8dcdee85e66ec6829cafb91d3,M9,M9.05,CHECK_OB7_REQUIRED_WORKERS,CHECK_OB7_REQUIRED_WORKERS,EXPECTED_DETECTOR_MATCH,DETECTED_AS_PREREGISTERED,PASS,FAIL,FAIL,FAIL:CHECK_OB7_REQUIRED_WORKERS,,832
AEI_P3_FORMAL_20260826T034308Z_9b5f3c2bdfbe,1,M9.05:eb3670bbe434a59cc94347384a5d50fb526d26a00dbf6da73e54438c4bacc2a0,eb3670bbe434a59cc94347384a5d50fb526d26a00dbf6da73e54438c4bacc2a0,M9,M9.05,CHECK_OB7_REQUIRED_WORKERS,CHECK_OB7_REQUIRED_WORKERS,EXPECTED_DETECTOR_MATCH,DETECTED_AS_PREREGISTERED,PASS,FAIL,FAIL,FAIL:CHECK_OB7_REQUIRED_WORKERS,,833
AEI_P3_FORMAL_20260826T034308Z_9b5f3c2bdfbe,1,M9.05:f1e5fc58ea336e13c098308a2da00dee7de3dd3aa08d6170df4a3cb1afd09795,f1e5fc58ea336e13c098308a2da00dee7de3dd3aa08d6170df4a3cb1afd09795,M9,M9.05,CHECK_OB7_REQUIRED_WORKERS,CHECK_OB7_REQUIRED_WORKERS,EXPECTED_DETECTOR_MATCH,DETECTED_AS_PREREGISTERED,PASS,FAIL,FAIL,FAIL:CHECK_OB7_REQUIRED_WORKERS,,834
AEI_P3_FORMAL_20260826T034308Z_9b5f3c2bdfbe,1,M9.05:f583baa2dad1527b5f84f71805410ee51b78fce2b1be62de49f1636c06821c7b,f583baa2dad1527b5f84f71805410ee51b78fce2b1be62de49f1636c06821c7b,M9,M9.05,CHECK_OB7_REQUIRED_WORKERS,CHECK_OB7_REQUIRED_WORKERS,EXPECTED_DETECTOR_MATCH,DETECTED_AS_PREREGISTERED,PASS,FAIL,FAIL,FAIL:CHECK_OB7_REQUIRED_WORKERS,,835
AEI_P3_FORMAL_20260826T034308Z_9b5f3c2bdfbe,1,M9.05:f64f55ad9277004ae441909cd6556d26eeaf73d3eb3c537384be703615149f96,f64f55ad9277004ae441909cd6556d26eeaf73d3eb3c537384be703615149f96,M9,M9.05,CHECK_OB7_REQUIRED_WORKERS,CHECK_OB7_REQUIRED_WORKERS,EXPECTED_DETECTOR_MATCH,DETECTED_AS_PREREGISTERED,PASS,FAIL,FAIL,FAIL:CHECK_OB7_REQUIRED_WORKERS,,836
AEI_P3_FORMAL_20260826T034308Z_9b5f3c2bdfbe,1,M9.05:f80e8a50e0815fda9eef8635e52671f3888786c4daef5767b8da7b74e4311646,f80e8a50e0815fda9eef8635e52671f3888786c4daef5767b8da7b74e4311646,M9,M9.05,CHECK_OB7_REQUIRED_WORKERS,CHECK_OB7_REQUIRED_WORKERS,EXPECTED_DETECTOR_MATCH,DETECTED_AS_PREREGISTERED,PASS,FAIL,FAIL,FAIL:CHECK_OB7_REQUIRED_WORKERS,,837
AEI_P3_FORMAL_20260826T034308Z_9b5f3c2bdfbe,1,M9.05:f9ade00b139ce33674b05d1766de3ec85779abfd83f893a7b2437817100901d9,f9ade00b139ce33674b05d1766de3ec85779abfd83f893a7b2437817100901d9,M9,M9.05,CHECK_OB7_REQUIRED_WORKERS,CHECK_OB7_REQUIRED_WORKERS,EXPECTED_DETECTOR_MATCH,DETECTED_AS_PREREGISTERED,PASS,FAIL,FAIL,FAIL:CHECK_OB7_REQUIRED_WORKERS,,838
AEI_P3_FORMAL_20260826T034308Z_9b5f3c2bdfbe,1,M9.05:feb26c8ce25b99d6b090e07fca86c8e2dbf3ff2d6b891634c4c71b179329ab47,feb26c8ce25b99d6b090e07fca86c8e2dbf3ff2d6b891634c4c71b179329ab47,M9,M9.05,CHECK_OB7_REQUIRED_WORKERS,CHECK_OB7_REQUIRED_WORKERS,EXPECTED_DETECTOR_MATCH,DETECTED_AS_PREREGISTERED,PASS,FAIL,FAIL,FAIL:CHECK_OB7_REQUIRED_WORKERS,,839
AEI_P3_FORMAL_20260826T034308Z_9b5f3c2bdfbe,1,M9.06:052b2dfeb855619b4e74c70e7155e5699a6aebc572c887f1432462ecf4afce6b,052b2dfeb855619b4e74c70e7155e5699a6aebc572c887f1432462ecf4afce6b,M9,M9.06,CHECK_OB7_REQUIRED_BUDGET_SECONDS,CHECK_OB7_REQUIRED_BUDGET_SECONDS,EXPECTED_DETECTOR_MATCH,DETECTED_AS_PREREGISTERED,PASS,FAIL,FAIL,FAIL:CHECK_OB7_REQUIRED_BUDGET_SECONDS,,840
AEI_P3_FORMAL_20260826T034308Z_9b5f3c2bdfbe,1,M9.06:0edc936e36dbd00367c35ec096b127c69211776f53ead8d7b9619a78d9b3beb5,0edc936e36dbd00367c35ec096b127c69211776f53ead8d7b9619a78d9b3beb5,M9,M9.06,CHECK_OB7_REQUIRED_BUDGET_SECONDS,CHECK_OB7_REQUIRED_BUDGET_SECONDS,EXPECTED_DETECTOR_MATCH,DETECTED_AS_PREREGISTERED,PASS,FAIL,FAIL,FAIL:CHECK_OB7_REQUIRED_BUDGET_SECONDS,,841
AEI_P3_FORMAL_20260826T034308Z_9b5f3c2bdfbe,1,M9.06:19993579c580ecb799e1ce158990340e547863ae75c4be153b97908cb5cd08a2,19993579c580ecb799e1ce158990340e547863ae75c4be153b97908cb5cd08a2,M9,M9.06,CHECK_OB7_REQUIRED_BUDGET_SECONDS,CHECK_OB7_REQUIRED_BUDGET_SECONDS,EXPECTED_DETECTOR_MATCH,DETECTED_AS_PREREGISTERED,PASS,FAIL,FAIL,FAIL:CHECK_OB7_REQUIRED_BUDGET_SECONDS,,842
AEI_P3_FORMAL_20260826T034308Z_9b5f3c2bdfbe,1,M9.06:1bb3dc3f26212de23def1f2ca0d598d344fea56b8a73247e2f6390ebea07946d,1bb3dc3f26212de23def1f2ca0d598d344fea56b8a73247e2f6390ebea07946d,M9,M9.06,CHECK_OB7_REQUIRED_BUDGET_SECONDS,CHECK_OB7_REQUIRED_BUDGET_SECONDS,EXPECTED_DETECTOR_MATCH,DETECTED_AS_PREREGISTERED,PASS,FAIL,FAIL,FAIL:CHECK_OB7_REQUIRED_BUDGET_SECONDS,,843
AEI_P3_FORMAL_20260826T034308Z_9b5f3c2bdfbe,1,M9.06:2443e5a3d32298289c0b98d2a7d3a03cbf4194a7adecf97293b0ac348944ba9e,2443e5a3d32298289c0b98d2a7d3a03cbf4194a7adecf97293b0ac348944ba9e,M9,M9.06,CHECK_OB7_REQUIRED_BUDGET_SECONDS,CHECK_OB7_REQUIRED_BUDGET_SECONDS,EXPECTED_DETECTOR_MATCH,DETECTED_AS_PREREGISTERED,PASS,FAIL,FAIL,FAIL:CHECK_OB7_REQUIRED_BUDGET_SECONDS,,844
AEI_P3_FORMAL_20260826T034308Z_9b5f3c2bdfbe,1,M9.06:245cb7ed72fd0a10da80157bd648a7ae9e8bd9ef722909fe778d274715ad67b3,245cb7ed72fd0a10da80157bd648a7ae9e8bd9ef722909fe778d274715ad67b3,M9,M9.06,CHECK_OB7_REQUIRED_BUDGET_SECONDS,CHECK_OB7_REQUIRED_BUDGET_SECONDS,EXPECTED_DETECTOR_MATCH,DETECTED_AS_PREREGISTERED,PASS,FAIL,FAIL,FAIL:CHECK_OB7_REQUIRED_BUDGET_SECONDS,,845
AEI_P3_FORMAL_20260826T034308Z_9b5f3c2bdfbe,1,M9.06:268469c82535bf1ba82a82324d755f40ad8bc7255c875b8e25c2d7943cff1ff3,268469c82535bf1ba82a82324d755f40ad8bc7255c875b8e25c2d7943cff1ff3,M9,M9.06,CHECK_OB7_REQUIRED_BUDGET_SECONDS,CHECK_OB7_REQUIRED_BUDGET_SECONDS,EXPECTED_DETECTOR_MATCH,DETECTED_AS_PREREGISTERED,PASS,FAIL,FAIL,FAIL:CHECK_OB7_REQUIRED_BUDGET_SECONDS,,846
AEI_P3_FORMAL_20260826T034308Z_9b5f3c2bdfbe,1,M9.06:2908e9ba69598735be8757d9b153473f5bacec1feb89ecff91ce994824a10178,2908e9ba69598735be8757d9b153473f5bacec1feb89ecff91ce994824a10178,M9,M9.06,CHECK_OB7_REQUIRED_BUDGET_SECONDS,CHECK_OB7_REQUIRED_BUDGET_SECONDS,EXPECTED_DETECTOR_MATCH,DETECTED_AS_PREREGISTERED,PASS,FAIL,FAIL,FAIL:CHECK_OB7_REQUIRED_BUDGET_SECONDS,,847
AEI_P3_FORMAL_20260826T034308Z_9b5f3c2bdfbe,1,M9.06:474b6ef7aac2feb7cb9195d7d3644f0d53d378eb4518ef87a9a2f7714d8ef3d5,474b6ef7aac2feb7cb9195d7d3644f0d53d378eb4518ef87a9a2f7714d8ef3d5,M9,M9.06,CHECK_OB7_REQUIRED_BUDGET_SECONDS,CHECK_OB7_REQUIRED_BUDGET_SECONDS,EXPECTED_DETECTOR_MATCH,DETECTED_AS_PREREGISTERED,PASS,FAIL,FAIL,FAIL:CHECK_OB7_REQUIRED_BUDGET_SECONDS,,848
AEI_P3_FORMAL_20260826T034308Z_9b5f3c2bdfbe,1,M9.06:4fafb9a13ff5e2fda82a804bf609727b68a17926d69ae1574c4801604ec81359,4fafb9a13ff5e2fda82a804bf609727b68a17926d69ae1574c4801604ec81359,M9,M9.06,CHECK_OB7_REQUIRED_BUDGET_SECONDS,CHECK_OB7_REQUIRED_BUDGET_SECONDS,EXPECTED_DETECTOR_MATCH,DETECTED_AS_PREREGISTERED,PASS,FAIL,FAIL,FAIL:CHECK_OB7_REQUIRED_BUDGET_SECONDS,,849
AEI_P3_FORMAL_20260826T034308Z_9b5f3c2bdfbe,1,M9.06:54349d927b9070c144f507868f9ef8b962c7c926426b33c3a7e0c88f715b246a,54349d927b9070c144f507868f9ef8b962c7c926426b33c3a7e0c88f715b246a,M9,M9.06,CHECK_OB7_REQUIRED_BUDGET_SECONDS,CHECK_OB7_REQUIRED_BUDGET_SECONDS,EXPECTED_DETECTOR_MATCH,DETECTED_AS_PREREGISTERED,PASS,FAIL,FAIL,FAIL:CHECK_OB7_REQUIRED_BUDGET_SECONDS,,850
AEI_P3_FORMAL_20260826T034308Z_9b5f3c2bdfbe,1,M9.06:558b8365de15727bf495595ed539867872c185b280ea249712f3b1d5f8674cd5,558b8365de15727bf495595ed539867872c185b280ea249712f3b1d5f8674cd5,M9,M9.06,CHECK_OB7_REQUIRED_BUDGET_SECONDS,CHECK_OB7_REQUIRED_BUDGET_SECONDS,EXPECTED_DETECTOR_MATCH,DETECTED_AS_PREREGISTERED,PASS,FAIL,FAIL,FAIL:CHECK_OB7_REQUIRED_BUDGET_SECONDS,,851
AEI_P3_FORMAL_20260826T034308Z_9b5f3c2bdfbe,1,M9.06:5ecccd77f46ab5549088b57686632a9eb5ccf1a5a977fbe35cfae6a50eca52bb,5ecccd77f46ab5549088b57686632a9eb5ccf1a5a977fbe35cfae6a50eca52bb,M9,M9.06,CHECK_OB7_REQUIRED_BUDGET_SECONDS,CHECK_OB7_REQUIRED_BUDGET_SECONDS,EXPECTED_DETECTOR_MATCH,DETECTED_AS_PREREGISTERED,PASS,FAIL,FAIL,FAIL:CHECK_OB7_REQUIRED_BUDGET_SECONDS,,852
AEI_P3_FORMAL_20260826T034308Z_9b5f3c2bdfbe,1,M9.06:5f24b2bbe16d5c8f667064d5031553e1dd9c4d9dbb7e0757cb922d9ba47928d5,5f24b2bbe16d5c8f667064d5031553e1dd9c4d9dbb7e0757cb922d9ba47928d5,M9,M9.06,CHECK_OB7_REQUIRED_BUDGET_SECONDS,CHECK_OB7_REQUIRED_BUDGET_SECONDS,EXPECTED_DETECTOR_MATCH,DETECTED_AS_PREREGISTERED,PASS,FAIL,FAIL,FAIL:CHECK_OB7_REQUIRED_BUDGET_SECONDS,,853
AEI_P3_FORMAL_20260826T034308Z_9b5f3c2bdfbe,1,M9.06:61f77c0251bcd2bbb51e6bff7e048bfcda7139b4e796314d32b47961ac3b5c1b,61f77c0251bcd2bbb51e6bff7e048bfcda7139b4e796314d32b47961ac3b5c1b,M9,M9.06,CHECK_OB7_REQUIRED_BUDGET_SECONDS,CHECK_OB7_REQUIRED_BUDGET_SECONDS,EXPECTED_DETECTOR_MATCH,DETECTED_AS_PREREGISTERED,PASS,FAIL,FAIL,FAIL:CHECK_OB7_REQUIRED_BUDGET_SECONDS,,854
AEI_P3_FORMAL_20260826T034308Z_9b5f3c2bdfbe,1,M9.06:634f3d08fd93ba622176ea6c9ff7ff1fb9d57a9b14f936f27d1460655fc20d72,634f3d08fd93ba622176ea6c9ff7ff1fb9d57a9b14f936f27d1460655fc20d72,M9,M9.06,CHECK_OB7_REQUIRED_BUDGET_SECONDS,CHECK_OB7_REQUIRED_BUDGET_SECONDS,EXPECTED_DETECTOR_MATCH,DETECTED_AS_PREREGISTERED,PASS,FAIL,FAIL,FAIL:CHECK_OB7_REQUIRED_BUDGET_SECONDS,,855
AEI_P3_FORMAL_20260826T034308Z_9b5f3c2bdfbe,1,M9.06:73cdcc11d1c23e47664696979a9b12b94deb5da000c18f37a8d7c0b641090788,73cdcc11d1c23e47664696979a9b12b94deb5da000c18f37a8d7c0b641090788,M9,M9.06,CHECK_OB7_REQUIRED_BUDGET_SECONDS,CHECK_OB7_REQUIRED_BUDGET_SECONDS,EXPECTED_DETECTOR_MATCH,DETECTED_AS_PREREGISTERED,PASS,FAIL,FAIL,FAIL:CHECK_OB7_REQUIRED_BUDGET_SECONDS,,856
AEI_P3_FORMAL_20260826T034308Z_9b5f3c2bdfbe,1,M9.06:7dc2cc636acd7eeb3db7367222360894cac918d6adca467d2f7a79960bbe8b1c,7dc2cc636acd7eeb3db7367222360894cac918d6adca467d2f7a79960bbe8b1c,M9,M9.06,CHECK_OB7_REQUIRED_BUDGET_SECONDS,CHECK_OB7_REQUIRED_BUDGET_SECONDS,EXPECTED_DETECTOR_MATCH,DETECTED_AS_PREREGISTERED,PASS,FAIL,FAIL,FAIL:CHECK_OB7_REQUIRED_BUDGET_SECONDS,,857
AEI_P3_FORMAL_20260826T034308Z_9b5f3c2bdfbe,1,M9.06:8c60197386a54af6d06cac0996c81cbca4971ac83984afcf2a52fa27a5bb1b42,8c60197386a54af6d06cac0996c81cbca4971ac83984afcf2a52fa27a5bb1b42,M9,M9.06,CHECK_OB7_REQUIRED_BUDGET_SECONDS,CHECK_OB7_REQUIRED_BUDGET_SECONDS,EXPECTED_DETECTOR_MATCH,DETECTED_AS_PREREGISTERED,PASS,FAIL,FAIL,FAIL:CHECK_OB7_REQUIRED_BUDGET_SECONDS,,858
AEI_P3_FORMAL_20260826T034308Z_9b5f3c2bdfbe,1,M9.06:8e3a1df6f55a6d53d21fd63c9dcda45cee6d1576c4989d45b40828d31e6d7281,8e3a1df6f55a6d53d21fd63c9dcda45cee6d1576c4989d45b40828d31e6d7281,M9,M9.06,CHECK_OB7_REQUIRED_BUDGET_SECONDS,CHECK_OB7_REQUIRED_BUDGET_SECONDS,EXPECTED_DETECTOR_MATCH,DETECTED_AS_PREREGISTERED,PASS,FAIL,FAIL,FAIL:CHECK_OB7_REQUIRED_BUDGET_SECONDS,,859
AEI_P3_FORMAL_20260826T034308Z_9b5f3c2bdfbe,1,M9.06:97eb8ea8dfec0a163a4b54e1179247553055627de3df3d7a40c8879cacc64800,97eb8ea8dfec0a163a4b54e1179247553055627de3df3d7a40c8879cacc64800,M9,M9.06,CHECK_OB7_REQUIRED_BUDGET_SECONDS,CHECK_OB7_REQUIRED_BUDGET_SECONDS,EXPECTED_DETECTOR_MATCH,DETECTED_AS_PREREGISTERED,PASS,FAIL,FAIL,FAIL:CHECK_OB7_REQUIRED_BUDGET_SECONDS,,860
AEI_P3_FORMAL_20260826T034308Z_9b5f3c2bdfbe,1,M9.06:9827288498c6ff63f3f7ec6f3bb833b53ac1c3cbaf59021addc82b6a8c08bae2,9827288498c6ff63f3f7ec6f3bb833b53ac1c3cbaf59021addc82b6a8c08bae2,M9,M9.06,CHECK_OB7_REQUIRED_BUDGET_SECONDS,CHECK_OB7_REQUIRED_BUDGET_SECONDS,EXPECTED_DETECTOR_MATCH,DETECTED_AS_PREREGISTERED,PASS,FAIL,FAIL,FAIL:CHECK_OB7_REQUIRED_BUDGET_SECONDS,,861
AEI_P3_FORMAL_20260826T034308Z_9b5f3c2bdfbe,1,M9.06:9f7906189c782cba7c3a4cc9cb8785764c8ad3fb1e637423a7a310d6c438feb5,9f7906189c782cba7c3a4cc9cb8785764c8ad3fb1e637423a7a310d6c438feb5,M9,M9.06,CHECK_OB7_REQUIRED_BUDGET_SECONDS,CHECK_OB7_REQUIRED_BUDGET_SECONDS,EXPECTED_DETECTOR_MATCH,DETECTED_AS_PREREGISTERED,PASS,FAIL,FAIL,FAIL:CHECK_OB7_REQUIRED_BUDGET_SECONDS,,862
AEI_P3_FORMAL_20260826T034308Z_9b5f3c2bdfbe,1,M9.06:aa5b4ee1688c71f1a3932cd7d9b629a08e31ef09728f3280c98c7636eecfb8d3,aa5b4ee1688c71f1a3932cd7d9b629a08e31ef09728f3280c98c7636eecfb8d3,M9,M9.06,CHECK_OB7_REQUIRED_BUDGET_SECONDS,CHECK_OB7_REQUIRED_BUDGET_SECONDS,EXPECTED_DETECTOR_MATCH,DETECTED_AS_PREREGISTERED,PASS,FAIL,FAIL,FAIL:CHECK_OB7_REQUIRED_BUDGET_SECONDS,,863
AEI_P3_FORMAL_20260826T034308Z_9b5f3c2bdfbe,1,M9.06:aad646b14392b632d658225dedb7d3953424ab9ab19ebafdc67bd9a7f02eb50b,aad646b14392b632d658225dedb7d3953424ab9ab19ebafdc67bd9a7f02eb50b,M9,M9.06,CHECK_OB7_REQUIRED_BUDGET_SECONDS,CHECK_OB7_REQUIRED_BUDGET_SECONDS,EXPECTED_DETECTOR_MATCH,DETECTED_AS_PREREGISTERED,PASS,FAIL,FAIL,FAIL:CHECK_OB7_REQUIRED_BUDGET_SECONDS,,864
AEI_P3_FORMAL_20260826T034308Z_9b5f3c2bdfbe,1,M9.06:abc8d6ba26b9728a25ebd17f4066aa5421f54fde1c1ef630cc33cb308c0fb8e5,abc8d6ba26b9728a25ebd17f4066aa5421f54fde1c1ef630cc33cb308c0fb8e5,M9,M9.06,CHECK_OB7_REQUIRED_BUDGET_SECONDS,CHECK_OB7_REQUIRED_BUDGET_SECONDS,EXPECTED_DETECTOR_MATCH,DETECTED_AS_PREREGISTERED,PASS,FAIL,FAIL,FAIL:CHECK_OB7_REQUIRED_BUDGET_SECONDS,,865
AEI_P3_FORMAL_20260826T034308Z_9b5f3c2bdfbe,1,M9.06:b0f01f4c7ca822555039b9267d8985edbeb149abc0a710d6583cea634584f862,b0f01f4c7ca822555039b9267d8985edbeb149abc0a710d6583cea634584f862,M9,M9.06,CHECK_OB7_REQUIRED_BUDGET_SECONDS,CHECK_OB7_REQUIRED_BUDGET_SECONDS,EXPECTED_DETECTOR_MATCH,DETECTED_AS_PREREGISTERED,PASS,FAIL,FAIL,FAIL:CHECK_OB7_REQUIRED_BUDGET_SECONDS,,866
AEI_P3_FORMAL_20260826T034308Z_9b5f3c2bdfbe,1,M9.06:b31f9c5cbf923f188771558357941c1a7d6a71089f67793c620cf7034a070eb2,b31f9c5cbf923f188771558357941c1a7d6a71089f67793c620cf7034a070eb2,M9,M9.06,CHECK_OB7_REQUIRED_BUDGET_SECONDS,CHECK_OB7_REQUIRED_BUDGET_SECONDS,EXPECTED_DETECTOR_MATCH,DETECTED_AS_PREREGISTERED,PASS,FAIL,FAIL,FAIL:CHECK_OB7_REQUIRED_BUDGET_SECONDS,,867
AEI_P3_FORMAL_20260826T034308Z_9b5f3c2bdfbe,1,M9.06:b5c400c27e6dbb1cc8466c5ce68e1530b6d984599f3c01c36496b49b586ff5e3,b5c400c27e6dbb1cc8466c5ce68e1530b6d984599f3c01c36496b49b586ff5e3,M9,M9.06,CHECK_OB7_REQUIRED_BUDGET_SECONDS,CHECK_OB7_REQUIRED_BUDGET_SECONDS,EXPECTED_DETECTOR_MATCH,DETECTED_AS_PREREGISTERED,PASS,FAIL,FAIL,FAIL:CHECK_OB7_REQUIRED_BUDGET_SECONDS,,868
AEI_P3_FORMAL_20260826T034308Z_9b5f3c2bdfbe,1,M9.06:bb3f15222034bdf87b9be499b27f859fe778b781693fd54677f83bd7531f0680,bb3f15222034bdf87b9be499b27f859fe778b781693fd54677f83bd7531f0680,M9,M9.06,CHECK_OB7_REQUIRED_BUDGET_SECONDS,CHECK_OB7_REQUIRED_BUDGET_SECONDS,EXPECTED_DETECTOR_MATCH,DETECTED_AS_PREREGISTERED,PASS,FAIL,FAIL,FAIL:CHECK_OB7_REQUIRED_BUDGET_SECONDS,,869
AEI_P3_FORMAL_20260826T034308Z_9b5f3c2bdfbe,1,M9.06:ce18361670bfbcde2f3ff22167187aecef9164dedbf1198bc7563c147804780e,ce18361670bfbcde2f3ff22167187aecef9164dedbf1198bc7563c147804780e,M9,M9.06,CHECK_OB7_REQUIRED_BUDGET_SECONDS,CHECK_OB7_REQUIRED_BUDGET_SECONDS,EXPECTED_DETECTOR_MATCH,DETECTED_AS_PREREGISTERED,PASS,FAIL,FAIL,FAIL:CHECK_OB7_REQUIRED_BUDGET_SECONDS,,870
AEI_P3_FORMAL_20260826T034308Z_9b5f3c2bdfbe,1,M9.06:ceae66508816dc9f5458c925c89f155658e6c78710a8753d337ac385481cc1bf,ceae66508816dc9f5458c925c89f155658e6c78710a8753d337ac385481cc1bf,M9,M9.06,CHECK_OB7_REQUIRED_BUDGET_SECONDS,CHECK_OB7_REQUIRED_BUDGET_SECONDS,EXPECTED_DETECTOR_MATCH,DETECTED_AS_PREREGISTERED,PASS,FAIL,FAIL,FAIL:CHECK_OB7_REQUIRED_BUDGET_SECONDS,,871
AEI_P3_FORMAL_20260826T034308Z_9b5f3c2bdfbe,1,M9.06:d093d52f24139c1b6fb09b775beedd000f1a7b3716df906d7d36e91e7e848265,d093d52f24139c1b6fb09b775beedd000f1a7b3716df906d7d36e91e7e848265,M9,M9.06,CHECK_OB7_REQUIRED_BUDGET_SECONDS,CHECK_OB7_REQUIRED_BUDGET_SECONDS,EXPECTED_DETECTOR_MATCH,DETECTED_AS_PREREGISTERED,PASS,FAIL,FAIL,FAIL:CHECK_OB7_REQUIRED_BUDGET_SECONDS,,872
AEI_P3_FORMAL_20260826T034308Z_9b5f3c2bdfbe,1,M9.06:d4b957654a5efd71168d6f7e67936e6abf4666ceb41e7919635002157b125411,d4b957654a5efd71168d6f7e67936e6abf4666ceb41e7919635002157b125411,M9,M9.06,CHECK_OB7_REQUIRED_BUDGET_SECONDS,CHECK_OB7_REQUIRED_BUDGET_SECONDS,EXPECTED_DETECTOR_MATCH,DETECTED_AS_PREREGISTERED,PASS,FAIL,FAIL,FAIL:CHECK_OB7_REQUIRED_BUDGET_SECONDS,,873
AEI_P3_FORMAL_20260826T034308Z_9b5f3c2bdfbe,1,M9.06:d598e89b357205c7b4bd47c5ebbe933f8be1f7c8dcdee85e66ec6829cafb91d3,d598e89b357205c7b4bd47c5ebbe933f8be1f7c8dcdee85e66ec6829cafb91d3,M9,M9.06,CHECK_OB7_REQUIRED_BUDGET_SECONDS,CHECK_OB7_REQUIRED_BUDGET_SECONDS,EXPECTED_DETECTOR_MATCH,DETECTED_AS_PREREGISTERED,PASS,FAIL,FAIL,FAIL:CHECK_OB7_REQUIRED_BUDGET_SECONDS,,874
AEI_P3_FORMAL_20260826T034308Z_9b5f3c2bdfbe,1,M9.06:eb3670bbe434a59cc94347384a5d50fb526d26a00dbf6da73e54438c4bacc2a0,eb3670bbe434a59cc94347384a5d50fb526d26a00dbf6da73e54438c4bacc2a0,M9,M9.06,CHECK_OB7_REQUIRED_BUDGET_SECONDS,CHECK_OB7_REQUIRED_BUDGET_SECONDS,EXPECTED_DETECTOR_MATCH,DETECTED_AS_PREREGISTERED,PASS,FAIL,FAIL,FAIL:CHECK_OB7_REQUIRED_BUDGET_SECONDS,,875
AEI_P3_FORMAL_20260826T034308Z_9b5f3c2bdfbe,1,M9.06:f1e5fc58ea336e13c098308a2da00dee7de3dd3aa08d6170df4a3cb1afd09795,f1e5fc58ea336e13c098308a2da00dee7de3dd3aa08d6170df4a3cb1afd09795,M9,M9.06,CHECK_OB7_REQUIRED_BUDGET_SECONDS,CHECK_OB7_REQUIRED_BUDGET_SECONDS,EXPECTED_DETECTOR_MATCH,DETECTED_AS_PREREGISTERED,PASS,FAIL,FAIL,FAIL:CHECK_OB7_REQUIRED_BUDGET_SECONDS,,876
AEI_P3_FORMAL_20260826T034308Z_9b5f3c2bdfbe,1,M9.06:f583baa2dad1527b5f84f71805410ee51b78fce2b1be62de49f1636c06821c7b,f583baa2dad1527b5f84f71805410ee51b78fce2b1be62de49f1636c06821c7b,M9,M9.06,CHECK_OB7_REQUIRED_BUDGET_SECONDS,CHECK_OB7_REQUIRED_BUDGET_SECONDS,EXPECTED_DETECTOR_MATCH,DETECTED_AS_PREREGISTERED,PASS,FAIL,FAIL,FAIL:CHECK_OB7_REQUIRED_BUDGET_SECONDS,,877
AEI_P3_FORMAL_20260826T034308Z_9b5f3c2bdfbe,1,M9.06:f64f55ad9277004ae441909cd6556d26eeaf73d3eb3c537384be703615149f96,f64f55ad9277004ae441909cd6556d26eeaf73d3eb3c537384be703615149f96,M9,M9.06,CHECK_OB7_REQUIRED_BUDGET_SECONDS,CHECK_OB7_REQUIRED_BUDGET_SECONDS,EXPECTED_DETECTOR_MATCH,DETECTED_AS_PREREGISTERED,PASS,FAIL,FAIL,FAIL:CHECK_OB7_REQUIRED_BUDGET_SECONDS,,878
AEI_P3_FORMAL_20260826T034308Z_9b5f3c2bdfbe,1,M9.06:f80e8a50e0815fda9eef8635e52671f3888786c4daef5767b8da7b74e4311646,f80e8a50e0815fda9eef8635e52671f3888786c4daef5767b8da7b74e4311646,M9,M9.06,CHECK_OB7_REQUIRED_BUDGET_SECONDS,CHECK_OB7_REQUIRED_BUDGET_SECONDS,EXPECTED_DETECTOR_MATCH,DETECTED_AS_PREREGISTERED,PASS,FAIL,FAIL,FAIL:CHECK_OB7_REQUIRED_BUDGET_SECONDS,,879
AEI_P3_FORMAL_20260826T034308Z_9b5f3c2bdfbe,1,M9.06:f9ade00b139ce33674b05d1766de3ec85779abfd83f893a7b2437817100901d9,f9ade00b139ce33674b05d1766de3ec85779abfd83f893a7b2437817100901d9,M9,M9.06,CHECK_OB7_REQUIRED_BUDGET_SECONDS,CHECK_OB7_REQUIRED_BUDGET_SECONDS,EXPECTED_DETECTOR_MATCH,DETECTED_AS_PREREGISTERED,PASS,FAIL,FAIL,FAIL:CHECK_OB7_REQUIRED_BUDGET_SECONDS,,880
AEI_P3_FORMAL_20260826T034308Z_9b5f3c2bdfbe,1,M9.06:feb26c8ce25b99d6b090e07fca86c8e2dbf3ff2d6b891634c4c71b179329ab47,feb26c8ce25b99d6b090e07fca86c8e2dbf3ff2d6b891634c4c71b179329ab47,M9,M9.06,CHECK_OB7_REQUIRED_BUDGET_SECONDS,CHECK_OB7_REQUIRED_BUDGET_SECONDS,EXPECTED_DETECTOR_MATCH,DETECTED_AS_PREREGISTERED,PASS,FAIL,FAIL,FAIL:CHECK_OB7_REQUIRED_BUDGET_SECONDS,,881
AEI_P3_FORMAL_20260826T034308Z_9b5f3c2bdfbe,1,M9.07:052b2dfeb855619b4e74c70e7155e5699a6aebc572c887f1432462ecf4afce6b,052b2dfeb855619b4e74c70e7155e5699a6aebc572c887f1432462ecf4afce6b,M9,M9.07,CHECK_OB7_REQUIRED_STATUS,CHECK_OB7_REQUIRED_STATUS,EXPECTED_DETECTOR_MATCH,DETECTED_AS_PREREGISTERED,PASS,FAIL,FAIL,FAIL:CHECK_OB7_REQUIRED_STATUS,,882
AEI_P3_FORMAL_20260826T034308Z_9b5f3c2bdfbe,1,M9.07:0edc936e36dbd00367c35ec096b127c69211776f53ead8d7b9619a78d9b3beb5,0edc936e36dbd00367c35ec096b127c69211776f53ead8d7b9619a78d9b3beb5,M9,M9.07,CHECK_OB7_REQUIRED_STATUS,CHECK_OB7_REQUIRED_STATUS,EXPECTED_DETECTOR_MATCH,DETECTED_AS_PREREGISTERED,PASS,FAIL,FAIL,FAIL:CHECK_OB7_REQUIRED_STATUS,,883
AEI_P3_FORMAL_20260826T034308Z_9b5f3c2bdfbe,1,M9.07:19993579c580ecb799e1ce158990340e547863ae75c4be153b97908cb5cd08a2,19993579c580ecb799e1ce158990340e547863ae75c4be153b97908cb5cd08a2,M9,M9.07,CHECK_OB7_REQUIRED_STATUS,CHECK_OB7_REQUIRED_STATUS,EXPECTED_DETECTOR_MATCH,DETECTED_AS_PREREGISTERED,PASS,FAIL,FAIL,FAIL:CHECK_OB7_REQUIRED_STATUS,,884
AEI_P3_FORMAL_20260826T034308Z_9b5f3c2bdfbe,1,M9.07:1bb3dc3f26212de23def1f2ca0d598d344fea56b8a73247e2f6390ebea07946d,1bb3dc3f26212de23def1f2ca0d598d344fea56b8a73247e2f6390ebea07946d,M9,M9.07,CHECK_OB7_REQUIRED_STATUS,CHECK_OB7_REQUIRED_STATUS,EXPECTED_DETECTOR_MATCH,DETECTED_AS_PREREGISTERED,PASS,FAIL,FAIL,FAIL:CHECK_OB7_REQUIRED_STATUS,,885
AEI_P3_FORMAL_20260826T034308Z_9b5f3c2bdfbe,1,M9.07:2443e5a3d32298289c0b98d2a7d3a03cbf4194a7adecf97293b0ac348944ba9e,2443e5a3d32298289c0b98d2a7d3a03cbf4194a7adecf97293b0ac348944ba9e,M9,M9.07,CHECK_OB7_REQUIRED_STATUS,CHECK_OB7_REQUIRED_STATUS,EXPECTED_DETECTOR_MATCH,DETECTED_AS_PREREGISTERED,PASS,FAIL,FAIL,FAIL:CHECK_OB7_REQUIRED_STATUS,,886
AEI_P3_FORMAL_20260826T034308Z_9b5f3c2bdfbe,1,M9.07:245cb7ed72fd0a10da80157bd648a7ae9e8bd9ef722909fe778d274715ad67b3,245cb7ed72fd0a10da80157bd648a7ae9e8bd9ef722909fe778d274715ad67b3,M9,M9.07,CHECK_OB7_REQUIRED_STATUS,CHECK_OB7_REQUIRED_STATUS,EXPECTED_DETECTOR_MATCH,DETECTED_AS_PREREGISTERED,PASS,FAIL,FAIL,FAIL:CHECK_OB7_REQUIRED_STATUS,,887
AEI_P3_FORMAL_20260826T034308Z_9b5f3c2bdfbe,1,M9.07:268469c82535bf1ba82a82324d755f40ad8bc7255c875b8e25c2d7943cff1ff3,268469c82535bf1ba82a82324d755f40ad8bc7255c875b8e25c2d7943cff1ff3,M9,M9.07,CHECK_OB7_REQUIRED_STATUS,CHECK_OB7_REQUIRED_STATUS,EXPECTED_DETECTOR_MATCH,DETECTED_AS_PREREGISTERED,PASS,FAIL,FAIL,FAIL:CHECK_OB7_REQUIRED_STATUS,,888
AEI_P3_FORMAL_20260826T034308Z_9b5f3c2bdfbe,1,M9.07:2908e9ba69598735be8757d9b153473f5bacec1feb89ecff91ce994824a10178,2908e9ba69598735be8757d9b153473f5bacec1feb89ecff91ce994824a10178,M9,M9.07,CHECK_OB7_REQUIRED_STATUS,CHECK_OB7_REQUIRED_STATUS,EXPECTED_DETECTOR_MATCH,DETECTED_AS_PREREGISTERED,PASS,FAIL,FAIL,FAIL:CHECK_OB7_REQUIRED_STATUS,,889
AEI_P3_FORMAL_20260826T034308Z_9b5f3c2bdfbe,1,M9.07:474b6ef7aac2feb7cb9195d7d3644f0d53d378eb4518ef87a9a2f7714d8ef3d5,474b6ef7aac2feb7cb9195d7d3644f0d53d378eb4518ef87a9a2f7714d8ef3d5,M9,M9.07,CHECK_OB7_REQUIRED_STATUS,CHECK_OB7_REQUIRED_STATUS,EXPECTED_DETECTOR_MATCH,DETECTED_AS_PREREGISTERED,PASS,FAIL,FAIL,FAIL:CHECK_OB7_REQUIRED_STATUS,,890
AEI_P3_FORMAL_20260826T034308Z_9b5f3c2bdfbe,1,M9.07:4fafb9a13ff5e2fda82a804bf609727b68a17926d69ae1574c4801604ec81359,4fafb9a13ff5e2fda82a804bf609727b68a17926d69ae1574c4801604ec81359,M9,M9.07,CHECK_OB7_REQUIRED_STATUS,CHECK_OB7_REQUIRED_STATUS,EXPECTED_DETECTOR_MATCH,DETECTED_AS_PREREGISTERED,PASS,FAIL,FAIL,FAIL:CHECK_OB7_REQUIRED_STATUS,,891
AEI_P3_FORMAL_20260826T034308Z_9b5f3c2bdfbe,1,M9.07:54349d927b9070c144f507868f9ef8b962c7c926426b33c3a7e0c88f715b246a,54349d927b9070c144f507868f9ef8b962c7c926426b33c3a7e0c88f715b246a,M9,M9.07,CHECK_OB7_REQUIRED_STATUS,CHECK_OB7_REQUIRED_STATUS,EXPECTED_DETECTOR_MATCH,DETECTED_AS_PREREGISTERED,PASS,FAIL,FAIL,FAIL:CHECK_OB7_REQUIRED_STATUS,,892
AEI_P3_FORMAL_20260826T034308Z_9b5f3c2bdfbe,1,M9.07:558b8365de15727bf495595ed539867872c185b280ea249712f3b1d5f8674cd5,558b8365de15727bf495595ed539867872c185b280ea249712f3b1d5f8674cd5,M9,M9.07,CHECK_OB7_REQUIRED_STATUS,CHECK_OB7_REQUIRED_STATUS,EXPECTED_DETECTOR_MATCH,DETECTED_AS_PREREGISTERED,PASS,FAIL,FAIL,FAIL:CHECK_OB7_REQUIRED_STATUS,,893
AEI_P3_FORMAL_20260826T034308Z_9b5f3c2bdfbe,1,M9.07:5ecccd77f46ab5549088b57686632a9eb5ccf1a5a977fbe35cfae6a50eca52bb,5ecccd77f46ab5549088b57686632a9eb5ccf1a5a977fbe35cfae6a50eca52bb,M9,M9.07,CHECK_OB7_REQUIRED_STATUS,CHECK_OB7_REQUIRED_STATUS,EXPECTED_DETECTOR_MATCH,DETECTED_AS_PREREGISTERED,PASS,FAIL,FAIL,FAIL:CHECK_OB7_REQUIRED_STATUS,,894
AEI_P3_FORMAL_20260826T034308Z_9b5f3c2bdfbe,1,M9.07:5f24b2bbe16d5c8f667064d5031553e1dd9c4d9dbb7e0757cb922d9ba47928d5,5f24b2bbe16d5c8f667064d5031553e1dd9c4d9dbb7e0757cb922d9ba47928d5,M9,M9.07,CHECK_OB7_REQUIRED_STATUS,CHECK_OB7_REQUIRED_STATUS,EXPECTED_DETECTOR_MATCH,DETECTED_AS_PREREGISTERED,PASS,FAIL,FAIL,FAIL:CHECK_OB7_REQUIRED_STATUS,,895
AEI_P3_FORMAL_20260826T034308Z_9b5f3c2bdfbe,1,M9.07:61f77c0251bcd2bbb51e6bff7e048bfcda7139b4e796314d32b47961ac3b5c1b,61f77c0251bcd2bbb51e6bff7e048bfcda7139b4e796314d32b47961ac3b5c1b,M9,M9.07,CHECK_OB7_REQUIRED_STATUS,CHECK_OB7_REQUIRED_STATUS,EXPECTED_DETECTOR_MATCH,DETECTED_AS_PREREGISTERED,PASS,FAIL,FAIL,FAIL:CHECK_OB7_REQUIRED_STATUS,,896
AEI_P3_FORMAL_20260826T034308Z_9b5f3c2bdfbe,1,M9.07:634f3d08fd93ba622176ea6c9ff7ff1fb9d57a9b14f936f27d1460655fc20d72,634f3d08fd93ba622176ea6c9ff7ff1fb9d57a9b14f936f27d1460655fc20d72,M9,M9.07,CHECK_OB7_REQUIRED_STATUS,CHECK_OB7_REQUIRED_STATUS,EXPECTED_DETECTOR_MATCH,DETECTED_AS_PREREGISTERED,PASS,FAIL,FAIL,FAIL:CHECK_OB7_REQUIRED_STATUS,,897
AEI_P3_FORMAL_20260826T034308Z_9b5f3c2bdfbe,1,M9.07:73cdcc11d1c23e47664696979a9b12b94deb5da000c18f37a8d7c0b641090788,73cdcc11d1c23e47664696979a9b12b94deb5da000c18f37a8d7c0b641090788,M9,M9.07,CHECK_OB7_REQUIRED_STATUS,CHECK_OB7_REQUIRED_STATUS,EXPECTED_DETECTOR_MATCH,DETECTED_AS_PREREGISTERED,PASS,FAIL,FAIL,FAIL:CHECK_OB7_REQUIRED_STATUS,,898
AEI_P3_FORMAL_20260826T034308Z_9b5f3c2bdfbe,1,M9.07:7dc2cc636acd7eeb3db7367222360894cac918d6adca467d2f7a79960bbe8b1c,7dc2cc636acd7eeb3db7367222360894cac918d6adca467d2f7a79960bbe8b1c,M9,M9.07,CHECK_OB7_REQUIRED_STATUS,CHECK_OB7_REQUIRED_STATUS,EXPECTED_DETECTOR_MATCH,DETECTED_AS_PREREGISTERED,PASS,FAIL,FAIL,FAIL:CHECK_OB7_REQUIRED_STATUS,,899
AEI_P3_FORMAL_20260826T034308Z_9b5f3c2bdfbe,1,M9.07:8c60197386a54af6d06cac0996c81cbca4971ac83984afcf2a52fa27a5bb1b42,8c60197386a54af6d06cac0996c81cbca4971ac83984afcf2a52fa27a5bb1b42,M9,M9.07,CHECK_OB7_REQUIRED_STATUS,CHECK_OB7_REQUIRED_STATUS,EXPECTED_DETECTOR_MATCH,DETECTED_AS_PREREGISTERED,PASS,FAIL,FAIL,FAIL:CHECK_OB7_REQUIRED_STATUS,,900
AEI_P3_FORMAL_20260826T034308Z_9b5f3c2bdfbe,1,M9.07:8e3a1df6f55a6d53d21fd63c9dcda45cee6d1576c4989d45b40828d31e6d7281,8e3a1df6f55a6d53d21fd63c9dcda45cee6d1576c4989d45b40828d31e6d7281,M9,M9.07,CHECK_OB7_REQUIRED_STATUS,CHECK_OB7_REQUIRED_STATUS,EXPECTED_DETECTOR_MATCH,DETECTED_AS_PREREGISTERED,PASS,FAIL,FAIL,FAIL:CHECK_OB7_REQUIRED_STATUS,,901
AEI_P3_FORMAL_20260826T034308Z_9b5f3c2bdfbe,1,M9.07:97eb8ea8dfec0a163a4b54e1179247553055627de3df3d7a40c8879cacc64800,97eb8ea8dfec0a163a4b54e1179247553055627de3df3d7a40c8879cacc64800,M9,M9.07,CHECK_OB7_REQUIRED_STATUS,CHECK_OB7_REQUIRED_STATUS,EXPECTED_DETECTOR_MATCH,DETECTED_AS_PREREGISTERED,PASS,FAIL,FAIL,FAIL:CHECK_OB7_REQUIRED_STATUS,,902
AEI_P3_FORMAL_20260826T034308Z_9b5f3c2bdfbe,1,M9.07:9827288498c6ff63f3f7ec6f3bb833b53ac1c3cbaf59021addc82b6a8c08bae2,9827288498c6ff63f3f7ec6f3bb833b53ac1c3cbaf59021addc82b6a8c08bae2,M9,M9.07,CHECK_OB7_REQUIRED_STATUS,CHECK_OB7_REQUIRED_STATUS,EXPECTED_DETECTOR_MATCH,DETECTED_AS_PREREGISTERED,PASS,FAIL,FAIL,FAIL:CHECK_OB7_REQUIRED_STATUS,,903
AEI_P3_FORMAL_20260826T034308Z_9b5f3c2bdfbe,1,M9.07:9f7906189c782cba7c3a4cc9cb8785764c8ad3fb1e637423a7a310d6c438feb5,9f7906189c782cba7c3a4cc9cb8785764c8ad3fb1e637423a7a310d6c438feb5,M9,M9.07,CHECK_OB7_REQUIRED_STATUS,CHECK_OB7_REQUIRED_STATUS,EXPECTED_DETECTOR_MATCH,DETECTED_AS_PREREGISTERED,PASS,FAIL,FAIL,FAIL:CHECK_OB7_REQUIRED_STATUS,,904
AEI_P3_FORMAL_20260826T034308Z_9b5f3c2bdfbe,1,M9.07:aa5b4ee1688c71f1a3932cd7d9b629a08e31ef09728f3280c98c7636eecfb8d3,aa5b4ee1688c71f1a3932cd7d9b629a08e31ef09728f3280c98c7636eecfb8d3,M9,M9.07,CHECK_OB7_REQUIRED_STATUS,CHECK_OB7_REQUIRED_STATUS,EXPECTED_DETECTOR_MATCH,DETECTED_AS_PREREGISTERED,PASS,FAIL,FAIL,FAIL:CHECK_OB7_REQUIRED_STATUS,,905
AEI_P3_FORMAL_20260826T034308Z_9b5f3c2bdfbe,1,M9.07:aad646b14392b632d658225dedb7d3953424ab9ab19ebafdc67bd9a7f02eb50b,aad646b14392b632d658225dedb7d3953424ab9ab19ebafdc67bd9a7f02eb50b,M9,M9.07,CHECK_OB7_REQUIRED_STATUS,CHECK_OB7_REQUIRED_STATUS,EXPECTED_DETECTOR_MATCH,DETECTED_AS_PREREGISTERED,PASS,FAIL,FAIL,FAIL:CHECK_OB7_REQUIRED_STATUS,,906
AEI_P3_FORMAL_20260826T034308Z_9b5f3c2bdfbe,1,M9.07:abc8d6ba26b9728a25ebd17f4066aa5421f54fde1c1ef630cc33cb308c0fb8e5,abc8d6ba26b9728a25ebd17f4066aa5421f54fde1c1ef630cc33cb308c0fb8e5,M9,M9.07,CHECK_OB7_REQUIRED_STATUS,CHECK_OB7_REQUIRED_STATUS,EXPECTED_DETECTOR_MATCH,DETECTED_AS_PREREGISTERED,PASS,FAIL,FAIL,FAIL:CHECK_OB7_REQUIRED_STATUS,,907
AEI_P3_FORMAL_20260826T034308Z_9b5f3c2bdfbe,1,M9.07:b0f01f4c7ca822555039b9267d8985edbeb149abc0a710d6583cea634584f862,b0f01f4c7ca822555039b9267d8985edbeb149abc0a710d6583cea634584f862,M9,M9.07,CHECK_OB7_REQUIRED_STATUS,CHECK_OB7_REQUIRED_STATUS,EXPECTED_DETECTOR_MATCH,DETECTED_AS_PREREGISTERED,PASS,FAIL,FAIL,FAIL:CHECK_OB7_REQUIRED_STATUS,,908
AEI_P3_FORMAL_20260826T034308Z_9b5f3c2bdfbe,1,M9.07:b31f9c5cbf923f188771558357941c1a7d6a71089f67793c620cf7034a070eb2,b31f9c5cbf923f188771558357941c1a7d6a71089f67793c620cf7034a070eb2,M9,M9.07,CHECK_OB7_REQUIRED_STATUS,CHECK_OB7_REQUIRED_STATUS,EXPECTED_DETECTOR_MATCH,DETECTED_AS_PREREGISTERED,PASS,FAIL,FAIL,FAIL:CHECK_OB7_REQUIRED_STATUS,,909
AEI_P3_FORMAL_20260826T034308Z_9b5f3c2bdfbe,1,M9.07:b5c400c27e6dbb1cc8466c5ce68e1530b6d984599f3c01c36496b49b586ff5e3,b5c400c27e6dbb1cc8466c5ce68e1530b6d984599f3c01c36496b49b586ff5e3,M9,M9.07,CHECK_OB7_REQUIRED_STATUS,CHECK_OB7_REQUIRED_STATUS,EXPECTED_DETECTOR_MATCH,DETECTED_AS_PREREGISTERED,PASS,FAIL,FAIL,FAIL:CHECK_OB7_REQUIRED_STATUS,,910
AEI_P3_FORMAL_20260826T034308Z_9b5f3c2bdfbe,1,M9.07:bb3f15222034bdf87b9be499b27f859fe778b781693fd54677f83bd7531f0680,bb3f15222034bdf87b9be499b27f859fe778b781693fd54677f83bd7531f0680,M9,M9.07,CHECK_OB7_REQUIRED_STATUS,CHECK_OB7_REQUIRED_STATUS,EXPECTED_DETECTOR_MATCH,DETECTED_AS_PREREGISTERED,PASS,FAIL,FAIL,FAIL:CHECK_OB7_REQUIRED_STATUS,,911
AEI_P3_FORMAL_20260826T034308Z_9b5f3c2bdfbe,1,M9.07:ce18361670bfbcde2f3ff22167187aecef9164dedbf1198bc7563c147804780e,ce18361670bfbcde2f3ff22167187aecef9164dedbf1198bc7563c147804780e,M9,M9.07,CHECK_OB7_REQUIRED_STATUS,CHECK_OB7_REQUIRED_STATUS,EXPECTED_DETECTOR_MATCH,DETECTED_AS_PREREGISTERED,PASS,FAIL,FAIL,FAIL:CHECK_OB7_REQUIRED_STATUS,,912
AEI_P3_FORMAL_20260826T034308Z_9b5f3c2bdfbe,1,M9.07:ceae66508816dc9f5458c925c89f155658e6c78710a8753d337ac385481cc1bf,ceae66508816dc9f5458c925c89f155658e6c78710a8753d337ac385481cc1bf,M9,M9.07,CHECK_OB7_REQUIRED_STATUS,CHECK_OB7_REQUIRED_STATUS,EXPECTED_DETECTOR_MATCH,DETECTED_AS_PREREGISTERED,PASS,FAIL,FAIL,FAIL:CHECK_OB7_REQUIRED_STATUS,,913
AEI_P3_FORMAL_20260826T034308Z_9b5f3c2bdfbe,1,M9.07:d093d52f24139c1b6fb09b775beedd000f1a7b3716df906d7d36e91e7e848265,d093d52f24139c1b6fb09b775beedd000f1a7b3716df906d7d36e91e7e848265,M9,M9.07,CHECK_OB7_REQUIRED_STATUS,CHECK_OB7_REQUIRED_STATUS,EXPECTED_DETECTOR_MATCH,DETECTED_AS_PREREGISTERED,PASS,FAIL,FAIL,FAIL:CHECK_OB7_REQUIRED_STATUS,,914
AEI_P3_FORMAL_20260826T034308Z_9b5f3c2bdfbe,1,M9.07:d4b957654a5efd71168d6f7e67936e6abf4666ceb41e7919635002157b125411,d4b957654a5efd71168d6f7e67936e6abf4666ceb41e7919635002157b125411,M9,M9.07,CHECK_OB7_REQUIRED_STATUS,CHECK_OB7_REQUIRED_STATUS,EXPECTED_DETECTOR_MATCH,DETECTED_AS_PREREGISTERED,PASS,FAIL,FAIL,FAIL:CHECK_OB7_REQUIRED_STATUS,,915
AEI_P3_FORMAL_20260826T034308Z_9b5f3c2bdfbe,1,M9.07:d598e89b357205c7b4bd47c5ebbe933f8be1f7c8dcdee85e66ec6829cafb91d3,d598e89b357205c7b4bd47c5ebbe933f8be1f7c8dcdee85e66ec6829cafb91d3,M9,M9.07,CHECK_OB7_REQUIRED_STATUS,CHECK_OB7_REQUIRED_STATUS,EXPECTED_DETECTOR_MATCH,DETECTED_AS_PREREGISTERED,PASS,FAIL,FAIL,FAIL:CHECK_OB7_REQUIRED_STATUS,,916
AEI_P3_FORMAL_20260826T034308Z_9b5f3c2bdfbe,1,M9.07:eb3670bbe434a59cc94347384a5d50fb526d26a00dbf6da73e54438c4bacc2a0,eb3670bbe434a59cc94347384a5d50fb526d26a00dbf6da73e54438c4bacc2a0,M9,M9.07,CHECK_OB7_REQUIRED_STATUS,CHECK_OB7_REQUIRED_STATUS,EXPECTED_DETECTOR_MATCH,DETECTED_AS_PREREGISTERED,PASS,FAIL,FAIL,FAIL:CHECK_OB7_REQUIRED_STATUS,,917
AEI_P3_FORMAL_20260826T034308Z_9b5f3c2bdfbe,1,M9.07:f1e5fc58ea336e13c098308a2da00dee7de3dd3aa08d6170df4a3cb1afd09795,f1e5fc58ea336e13c098308a2da00dee7de3dd3aa08d6170df4a3cb1afd09795,M9,M9.07,CHECK_OB7_REQUIRED_STATUS,CHECK_OB7_REQUIRED_STATUS,EXPECTED_DETECTOR_MATCH,DETECTED_AS_PREREGISTERED,PASS,FAIL,FAIL,FAIL:CHECK_OB7_REQUIRED_STATUS,,918
AEI_P3_FORMAL_20260826T034308Z_9b5f3c2bdfbe,1,M9.07:f583baa2dad1527b5f84f71805410ee51b78fce2b1be62de49f1636c06821c7b,f583baa2dad1527b5f84f71805410ee51b78fce2b1be62de49f1636c06821c7b,M9,M9.07,CHECK_OB7_REQUIRED_STATUS,CHECK_OB7_REQUIRED_STATUS,EXPECTED_DETECTOR_MATCH,DETECTED_AS_PREREGISTERED,PASS,FAIL,FAIL,FAIL:CHECK_OB7_REQUIRED_STATUS,,919
AEI_P3_FORMAL_20260826T034308Z_9b5f3c2bdfbe,1,M9.07:f64f55ad9277004ae441909cd6556d26eeaf73d3eb3c537384be703615149f96,f64f55ad9277004ae441909cd6556d26eeaf73d3eb3c537384be703615149f96,M9,M9.07,CHECK_OB7_REQUIRED_STATUS,CHECK_OB7_REQUIRED_STATUS,EXPECTED_DETECTOR_MATCH,DETECTED_AS_PREREGISTERED,PASS,FAIL,FAIL,FAIL:CHECK_OB7_REQUIRED_STATUS,,920
AEI_P3_FORMAL_20260826T034308Z_9b5f3c2bdfbe,1,M9.07:f80e8a50e0815fda9eef8635e52671f3888786c4daef5767b8da7b74e4311646,f80e8a50e0815fda9eef8635e52671f3888786c4daef5767b8da7b74e4311646,M9,M9.07,CHECK_OB7_REQUIRED_STATUS,CHECK_OB7_REQUIRED_STATUS,EXPECTED_DETECTOR_MATCH,DETECTED_AS_PREREGISTERED,PASS,FAIL,FAIL,FAIL:CHECK_OB7_REQUIRED_STATUS,,921
AEI_P3_FORMAL_20260826T034308Z_9b5f3c2bdfbe,1,M9.07:f9ade00b139ce33674b05d1766de3ec85779abfd83f893a7b2437817100901d9,f9ade00b139ce33674b05d1766de3ec85779abfd83f893a7b2437817100901d9,M9,M9.07,CHECK_OB7_REQUIRED_STATUS,CHECK_OB7_REQUIRED_STATUS,EXPECTED_DETECTOR_MATCH,DETECTED_AS_PREREGISTERED,PASS,FAIL,FAIL,FAIL:CHECK_OB7_REQUIRED_STATUS,,922
AEI_P3_FORMAL_20260826T034308Z_9b5f3c2bdfbe,1,M9.07:feb26c8ce25b99d6b090e07fca86c8e2dbf3ff2d6b891634c4c71b179329ab47,feb26c8ce25b99d6b090e07fca86c8e2dbf3ff2d6b891634c4c71b179329ab47,M9,M9.07,CHECK_OB7_REQUIRED_STATUS,CHECK_OB7_REQUIRED_STATUS,EXPECTED_DETECTOR_MATCH,DETECTED_AS_PREREGISTERED,PASS,FAIL,FAIL,FAIL:CHECK_OB7_REQUIRED_STATUS,,923
AEI_P3_FORMAL_20260826T034308Z_9b5f3c2bdfbe,1,M9.08:052b2dfeb855619b4e74c70e7155e5699a6aebc572c887f1432462ecf4afce6b,052b2dfeb855619b4e74c70e7155e5699a6aebc572c887f1432462ecf4afce6b,M9,M9.08,CHECK_OB7_REQUIRED_OBJECTIVE_ENCODED,CHECK_OB7_REQUIRED_OBJECTIVE_ENCODED,EXPECTED_DETECTOR_MATCH,DETECTED_AS_PREREGISTERED,PASS,FAIL,FAIL,FAIL:CHECK_OB7_REQUIRED_OBJECTIVE_ENCODED,,924
AEI_P3_FORMAL_20260826T034308Z_9b5f3c2bdfbe,1,M9.08:0edc936e36dbd00367c35ec096b127c69211776f53ead8d7b9619a78d9b3beb5,0edc936e36dbd00367c35ec096b127c69211776f53ead8d7b9619a78d9b3beb5,M9,M9.08,CHECK_OB7_REQUIRED_OBJECTIVE_ENCODED,CHECK_OB7_REQUIRED_OBJECTIVE_ENCODED,EXPECTED_DETECTOR_MATCH,DETECTED_AS_PREREGISTERED,PASS,FAIL,FAIL,FAIL:CHECK_OB7_REQUIRED_OBJECTIVE_ENCODED,,925
AEI_P3_FORMAL_20260826T034308Z_9b5f3c2bdfbe,1,M9.08:19993579c580ecb799e1ce158990340e547863ae75c4be153b97908cb5cd08a2,19993579c580ecb799e1ce158990340e547863ae75c4be153b97908cb5cd08a2,M9,M9.08,CHECK_OB7_REQUIRED_OBJECTIVE_ENCODED,CHECK_OB7_REQUIRED_OBJECTIVE_ENCODED,EXPECTED_DETECTOR_MATCH,DETECTED_AS_PREREGISTERED,PASS,FAIL,FAIL,FAIL:CHECK_OB7_REQUIRED_OBJECTIVE_ENCODED,,926
AEI_P3_FORMAL_20260826T034308Z_9b5f3c2bdfbe,1,M9.08:1bb3dc3f26212de23def1f2ca0d598d344fea56b8a73247e2f6390ebea07946d,1bb3dc3f26212de23def1f2ca0d598d344fea56b8a73247e2f6390ebea07946d,M9,M9.08,CHECK_OB7_REQUIRED_OBJECTIVE_ENCODED,CHECK_OB7_REQUIRED_OBJECTIVE_ENCODED,EXPECTED_DETECTOR_MATCH,DETECTED_AS_PREREGISTERED,PASS,FAIL,FAIL,FAIL:CHECK_OB7_REQUIRED_OBJECTIVE_ENCODED,,927
AEI_P3_FORMAL_20260826T034308Z_9b5f3c2bdfbe,1,M9.08:2443e5a3d32298289c0b98d2a7d3a03cbf4194a7adecf97293b0ac348944ba9e,2443e5a3d32298289c0b98d2a7d3a03cbf4194a7adecf97293b0ac348944ba9e,M9,M9.08,CHECK_OB7_REQUIRED_OBJECTIVE_ENCODED,CHECK_OB7_REQUIRED_OBJECTIVE_ENCODED,EXPECTED_DETECTOR_MATCH,DETECTED_AS_PREREGISTERED,PASS,FAIL,FAIL,FAIL:CHECK_OB7_REQUIRED_OBJECTIVE_ENCODED,,928
AEI_P3_FORMAL_20260826T034308Z_9b5f3c2bdfbe,1,M9.08:245cb7ed72fd0a10da80157bd648a7ae9e8bd9ef722909fe778d274715ad67b3,245cb7ed72fd0a10da80157bd648a7ae9e8bd9ef722909fe778d274715ad67b3,M9,M9.08,CHECK_OB7_REQUIRED_OBJECTIVE_ENCODED,CHECK_OB7_REQUIRED_OBJECTIVE_ENCODED,EXPECTED_DETECTOR_MATCH,DETECTED_AS_PREREGISTERED,PASS,FAIL,FAIL,FAIL:CHECK_OB7_REQUIRED_OBJECTIVE_ENCODED,,929
AEI_P3_FORMAL_20260826T034308Z_9b5f3c2bdfbe,1,M9.08:268469c82535bf1ba82a82324d755f40ad8bc7255c875b8e25c2d7943cff1ff3,268469c82535bf1ba82a82324d755f40ad8bc7255c875b8e25c2d7943cff1ff3,M9,M9.08,CHECK_OB7_REQUIRED_OBJECTIVE_ENCODED,CHECK_OB7_REQUIRED_OBJECTIVE_ENCODED,EXPECTED_DETECTOR_MATCH,DETECTED_AS_PREREGISTERED,PASS,FAIL,FAIL,FAIL:CHECK_OB7_REQUIRED_OBJECTIVE_ENCODED,,930
AEI_P3_FORMAL_20260826T034308Z_9b5f3c2bdfbe,1,M9.08:2908e9ba69598735be8757d9b153473f5bacec1feb89ecff91ce994824a10178,2908e9ba69598735be8757d9b153473f5bacec1feb89ecff91ce994824a10178,M9,M9.08,CHECK_OB7_REQUIRED_OBJECTIVE_ENCODED,CHECK_OB7_REQUIRED_OBJECTIVE_ENCODED,EXPECTED_DETECTOR_MATCH,DETECTED_AS_PREREGISTERED,PASS,FAIL,FAIL,FAIL:CHECK_OB7_REQUIRED_OBJECTIVE_ENCODED,,931
AEI_P3_FORMAL_20260826T034308Z_9b5f3c2bdfbe,1,M9.08:474b6ef7aac2feb7cb9195d7d3644f0d53d378eb4518ef87a9a2f7714d8ef3d5,474b6ef7aac2feb7cb9195d7d3644f0d53d378eb4518ef87a9a2f7714d8ef3d5,M9,M9.08,CHECK_OB7_REQUIRED_OBJECTIVE_ENCODED,CHECK_OB7_REQUIRED_OBJECTIVE_ENCODED,EXPECTED_DETECTOR_MATCH,DETECTED_AS_PREREGISTERED,PASS,FAIL,FAIL,FAIL:CHECK_OB7_REQUIRED_OBJECTIVE_ENCODED,,932
AEI_P3_FORMAL_20260826T034308Z_9b5f3c2bdfbe,1,M9.08:4fafb9a13ff5e2fda82a804bf609727b68a17926d69ae1574c4801604ec81359,4fafb9a13ff5e2fda82a804bf609727b68a17926d69ae1574c4801604ec81359,M9,M9.08,CHECK_OB7_REQUIRED_OBJECTIVE_ENCODED,CHECK_OB7_REQUIRED_OBJECTIVE_ENCODED,EXPECTED_DETECTOR_MATCH,DETECTED_AS_PREREGISTERED,PASS,FAIL,FAIL,FAIL:CHECK_OB7_REQUIRED_OBJECTIVE_ENCODED,,933
AEI_P3_FORMAL_20260826T034308Z_9b5f3c2bdfbe,1,M9.08:54349d927b9070c144f507868f9ef8b962c7c926426b33c3a7e0c88f715b246a,54349d927b9070c144f507868f9ef8b962c7c926426b33c3a7e0c88f715b246a,M9,M9.08,CHECK_OB7_REQUIRED_OBJECTIVE_ENCODED,CHECK_OB7_REQUIRED_OBJECTIVE_ENCODED,EXPECTED_DETECTOR_MATCH,DETECTED_AS_PREREGISTERED,PASS,FAIL,FAIL,FAIL:CHECK_OB7_REQUIRED_OBJECTIVE_ENCODED,,934
AEI_P3_FORMAL_20260826T034308Z_9b5f3c2bdfbe,1,M9.08:558b8365de15727bf495595ed539867872c185b280ea249712f3b1d5f8674cd5,558b8365de15727bf495595ed539867872c185b280ea249712f3b1d5f8674cd5,M9,M9.08,CHECK_OB7_REQUIRED_OBJECTIVE_ENCODED,CHECK_OB7_REQUIRED_OBJECTIVE_ENCODED,EXPECTED_DETECTOR_MATCH,DETECTED_AS_PREREGISTERED,PASS,FAIL,FAIL,FAIL:CHECK_OB7_REQUIRED_OBJECTIVE_ENCODED,,935
AEI_P3_FORMAL_20260826T034308Z_9b5f3c2bdfbe,1,M9.08:5ecccd77f46ab5549088b57686632a9eb5ccf1a5a977fbe35cfae6a50eca52bb,5ecccd77f46ab5549088b57686632a9eb5ccf1a5a977fbe35cfae6a50eca52bb,M9,M9.08,CHECK_OB7_REQUIRED_OBJECTIVE_ENCODED,CHECK_OB7_REQUIRED_OBJECTIVE_ENCODED,EXPECTED_DETECTOR_MATCH,DETECTED_AS_PREREGISTERED,PASS,FAIL,FAIL,FAIL:CHECK_OB7_REQUIRED_OBJECTIVE_ENCODED,,936
AEI_P3_FORMAL_20260826T034308Z_9b5f3c2bdfbe,1,M9.08:5f24b2bbe16d5c8f667064d5031553e1dd9c4d9dbb7e0757cb922d9ba47928d5,5f24b2bbe16d5c8f667064d5031553e1dd9c4d9dbb7e0757cb922d9ba47928d5,M9,M9.08,CHECK_OB7_REQUIRED_OBJECTIVE_ENCODED,CHECK_OB7_REQUIRED_OBJECTIVE_ENCODED,EXPECTED_DETECTOR_MATCH,DETECTED_AS_PREREGISTERED,PASS,FAIL,FAIL,FAIL:CHECK_OB7_REQUIRED_OBJECTIVE_ENCODED,,937
AEI_P3_FORMAL_20260826T034308Z_9b5f3c2bdfbe,1,M9.08:61f77c0251bcd2bbb51e6bff7e048bfcda7139b4e796314d32b47961ac3b5c1b,61f77c0251bcd2bbb51e6bff7e048bfcda7139b4e796314d32b47961ac3b5c1b,M9,M9.08,CHECK_OB7_REQUIRED_OBJECTIVE_ENCODED,CHECK_OB7_REQUIRED_OBJECTIVE_ENCODED,EXPECTED_DETECTOR_MATCH,DETECTED_AS_PREREGISTERED,PASS,FAIL,FAIL,FAIL:CHECK_OB7_REQUIRED_OBJECTIVE_ENCODED,,938
AEI_P3_FORMAL_20260826T034308Z_9b5f3c2bdfbe,1,M9.08:634f3d08fd93ba622176ea6c9ff7ff1fb9d57a9b14f936f27d1460655fc20d72,634f3d08fd93ba622176ea6c9ff7ff1fb9d57a9b14f936f27d1460655fc20d72,M9,M9.08,CHECK_OB7_REQUIRED_OBJECTIVE_ENCODED,CHECK_OB7_REQUIRED_OBJECTIVE_ENCODED,EXPECTED_DETECTOR_MATCH,DETECTED_AS_PREREGISTERED,PASS,FAIL,FAIL,FAIL:CHECK_OB7_REQUIRED_OBJECTIVE_ENCODED,,939
AEI_P3_FORMAL_20260826T034308Z_9b5f3c2bdfbe,1,M9.08:73cdcc11d1c23e47664696979a9b12b94deb5da000c18f37a8d7c0b641090788,73cdcc11d1c23e47664696979a9b12b94deb5da000c18f37a8d7c0b641090788,M9,M9.08,CHECK_OB7_REQUIRED_OBJECTIVE_ENCODED,CHECK_OB7_REQUIRED_OBJECTIVE_ENCODED,EXPECTED_DETECTOR_MATCH,DETECTED_AS_PREREGISTERED,PASS,FAIL,FAIL,FAIL:CHECK_OB7_REQUIRED_OBJECTIVE_ENCODED,,940
AEI_P3_FORMAL_20260826T034308Z_9b5f3c2bdfbe,1,M9.08:7dc2cc636acd7eeb3db7367222360894cac918d6adca467d2f7a79960bbe8b1c,7dc2cc636acd7eeb3db7367222360894cac918d6adca467d2f7a79960bbe8b1c,M9,M9.08,CHECK_OB7_REQUIRED_OBJECTIVE_ENCODED,CHECK_OB7_REQUIRED_OBJECTIVE_ENCODED,EXPECTED_DETECTOR_MATCH,DETECTED_AS_PREREGISTERED,PASS,FAIL,FAIL,FAIL:CHECK_OB7_REQUIRED_OBJECTIVE_ENCODED,,941
AEI_P3_FORMAL_20260826T034308Z_9b5f3c2bdfbe,1,M9.08:8c60197386a54af6d06cac0996c81cbca4971ac83984afcf2a52fa27a5bb1b42,8c60197386a54af6d06cac0996c81cbca4971ac83984afcf2a52fa27a5bb1b42,M9,M9.08,CHECK_OB7_REQUIRED_OBJECTIVE_ENCODED,CHECK_OB7_REQUIRED_OBJECTIVE_ENCODED,EXPECTED_DETECTOR_MATCH,DETECTED_AS_PREREGISTERED,PASS,FAIL,FAIL,FAIL:CHECK_OB7_REQUIRED_OBJECTIVE_ENCODED,,942
AEI_P3_FORMAL_20260826T034308Z_9b5f3c2bdfbe,1,M9.08:8e3a1df6f55a6d53d21fd63c9dcda45cee6d1576c4989d45b40828d31e6d7281,8e3a1df6f55a6d53d21fd63c9dcda45cee6d1576c4989d45b40828d31e6d7281,M9,M9.08,CHECK_OB7_REQUIRED_OBJECTIVE_ENCODED,CHECK_OB7_REQUIRED_OBJECTIVE_ENCODED,EXPECTED_DETECTOR_MATCH,DETECTED_AS_PREREGISTERED,PASS,FAIL,FAIL,FAIL:CHECK_OB7_REQUIRED_OBJECTIVE_ENCODED,,943
AEI_P3_FORMAL_20260826T034308Z_9b5f3c2bdfbe,1,M9.08:97eb8ea8dfec0a163a4b54e1179247553055627de3df3d7a40c8879cacc64800,97eb8ea8dfec0a163a4b54e1179247553055627de3df3d7a40c8879cacc64800,M9,M9.08,CHECK_OB7_REQUIRED_OBJECTIVE_ENCODED,CHECK_OB7_REQUIRED_OBJECTIVE_ENCODED,EXPECTED_DETECTOR_MATCH,DETECTED_AS_PREREGISTERED,PASS,FAIL,FAIL,FAIL:CHECK_OB7_REQUIRED_OBJECTIVE_ENCODED,,944
AEI_P3_FORMAL_20260826T034308Z_9b5f3c2bdfbe,1,M9.08:9827288498c6ff63f3f7ec6f3bb833b53ac1c3cbaf59021addc82b6a8c08bae2,9827288498c6ff63f3f7ec6f3bb833b53ac1c3cbaf59021addc82b6a8c08bae2,M9,M9.08,CHECK_OB7_REQUIRED_OBJECTIVE_ENCODED,CHECK_OB7_REQUIRED_OBJECTIVE_ENCODED,EXPECTED_DETECTOR_MATCH,DETECTED_AS_PREREGISTERED,PASS,FAIL,FAIL,FAIL:CHECK_OB7_REQUIRED_OBJECTIVE_ENCODED,,945
AEI_P3_FORMAL_20260826T034308Z_9b5f3c2bdfbe,1,M9.08:9f7906189c782cba7c3a4cc9cb8785764c8ad3fb1e637423a7a310d6c438feb5,9f7906189c782cba7c3a4cc9cb8785764c8ad3fb1e637423a7a310d6c438feb5,M9,M9.08,CHECK_OB7_REQUIRED_OBJECTIVE_ENCODED,CHECK_OB7_REQUIRED_OBJECTIVE_ENCODED,EXPECTED_DETECTOR_MATCH,DETECTED_AS_PREREGISTERED,PASS,FAIL,FAIL,FAIL:CHECK_OB7_REQUIRED_OBJECTIVE_ENCODED,,946
AEI_P3_FORMAL_20260826T034308Z_9b5f3c2bdfbe,1,M9.08:aa5b4ee1688c71f1a3932cd7d9b629a08e31ef09728f3280c98c7636eecfb8d3,aa5b4ee1688c71f1a3932cd7d9b629a08e31ef09728f3280c98c7636eecfb8d3,M9,M9.08,CHECK_OB7_REQUIRED_OBJECTIVE_ENCODED,CHECK_OB7_REQUIRED_OBJECTIVE_ENCODED,EXPECTED_DETECTOR_MATCH,DETECTED_AS_PREREGISTERED,PASS,FAIL,FAIL,FAIL:CHECK_OB7_REQUIRED_OBJECTIVE_ENCODED,,947
AEI_P3_FORMAL_20260826T034308Z_9b5f3c2bdfbe,1,M9.08:aad646b14392b632d658225dedb7d3953424ab9ab19ebafdc67bd9a7f02eb50b,aad646b14392b632d658225dedb7d3953424ab9ab19ebafdc67bd9a7f02eb50b,M9,M9.08,CHECK_OB7_REQUIRED_OBJECTIVE_ENCODED,CHECK_OB7_REQUIRED_OBJECTIVE_ENCODED,EXPECTED_DETECTOR_MATCH,DETECTED_AS_PREREGISTERED,PASS,FAIL,FAIL,FAIL:CHECK_OB7_REQUIRED_OBJECTIVE_ENCODED,,948
AEI_P3_FORMAL_20260826T034308Z_9b5f3c2bdfbe,1,M9.08:abc8d6ba26b9728a25ebd17f4066aa5421f54fde1c1ef630cc33cb308c0fb8e5,abc8d6ba26b9728a25ebd17f4066aa5421f54fde1c1ef630cc33cb308c0fb8e5,M9,M9.08,CHECK_OB7_REQUIRED_OBJECTIVE_ENCODED,CHECK_OB7_REQUIRED_OBJECTIVE_ENCODED,EXPECTED_DETECTOR_MATCH,DETECTED_AS_PREREGISTERED,PASS,FAIL,FAIL,FAIL:CHECK_OB7_REQUIRED_OBJECTIVE_ENCODED,,949
AEI_P3_FORMAL_20260826T034308Z_9b5f3c2bdfbe,1,M9.08:b0f01f4c7ca822555039b9267d8985edbeb149abc0a710d6583cea634584f862,b0f01f4c7ca822555039b9267d8985edbeb149abc0a710d6583cea634584f862,M9,M9.08,CHECK_OB7_REQUIRED_OBJECTIVE_ENCODED,CHECK_OB7_REQUIRED_OBJECTIVE_ENCODED,EXPECTED_DETECTOR_MATCH,DETECTED_AS_PREREGISTERED,PASS,FAIL,FAIL,FAIL:CHECK_OB7_REQUIRED_OBJECTIVE_ENCODED,,950
AEI_P3_FORMAL_20260826T034308Z_9b5f3c2bdfbe,1,M9.08:b31f9c5cbf923f188771558357941c1a7d6a71089f67793c620cf7034a070eb2,b31f9c5cbf923f188771558357941c1a7d6a71089f67793c620cf7034a070eb2,M9,M9.08,CHECK_OB7_REQUIRED_OBJECTIVE_ENCODED,CHECK_OB7_REQUIRED_OBJECTIVE_ENCODED,EXPECTED_DETECTOR_MATCH,DETECTED_AS_PREREGISTERED,PASS,FAIL,FAIL,FAIL:CHECK_OB7_REQUIRED_OBJECTIVE_ENCODED,,951
AEI_P3_FORMAL_20260826T034308Z_9b5f3c2bdfbe,1,M9.08:b5c400c27e6dbb1cc8466c5ce68e1530b6d984599f3c01c36496b49b586ff5e3,b5c400c27e6dbb1cc8466c5ce68e1530b6d984599f3c01c36496b49b586ff5e3,M9,M9.08,CHECK_OB7_REQUIRED_OBJECTIVE_ENCODED,CHECK_OB7_REQUIRED_OBJECTIVE_ENCODED,EXPECTED_DETECTOR_MATCH,DETECTED_AS_PREREGISTERED,PASS,FAIL,FAIL,FAIL:CHECK_OB7_REQUIRED_OBJECTIVE_ENCODED,,952
AEI_P3_FORMAL_20260826T034308Z_9b5f3c2bdfbe,1,M9.08:bb3f15222034bdf87b9be499b27f859fe778b781693fd54677f83bd7531f0680,bb3f15222034bdf87b9be499b27f859fe778b781693fd54677f83bd7531f0680,M9,M9.08,CHECK_OB7_REQUIRED_OBJECTIVE_ENCODED,CHECK_OB7_REQUIRED_OBJECTIVE_ENCODED,EXPECTED_DETECTOR_MATCH,DETECTED_AS_PREREGISTERED,PASS,FAIL,FAIL,FAIL:CHECK_OB7_REQUIRED_OBJECTIVE_ENCODED,,953
AEI_P3_FORMAL_20260826T034308Z_9b5f3c2bdfbe,1,M9.08:ce18361670bfbcde2f3ff22167187aecef9164dedbf1198bc7563c147804780e,ce18361670bfbcde2f3ff22167187aecef9164dedbf1198bc7563c147804780e,M9,M9.08,CHECK_OB7_REQUIRED_OBJECTIVE_ENCODED,CHECK_OB7_REQUIRED_OBJECTIVE_ENCODED,EXPECTED_DETECTOR_MATCH,DETECTED_AS_PREREGISTERED,PASS,FAIL,FAIL,FAIL:CHECK_OB7_REQUIRED_OBJECTIVE_ENCODED,,954
AEI_P3_FORMAL_20260826T034308Z_9b5f3c2bdfbe,1,M9.08:ceae66508816dc9f5458c925c89f155658e6c78710a8753d337ac385481cc1bf,ceae66508816dc9f5458c925c89f155658e6c78710a8753d337ac385481cc1bf,M9,M9.08,CHECK_OB7_REQUIRED_OBJECTIVE_ENCODED,CHECK_OB7_REQUIRED_OBJECTIVE_ENCODED,EXPECTED_DETECTOR_MATCH,DETECTED_AS_PREREGISTERED,PASS,FAIL,FAIL,FAIL:CHECK_OB7_REQUIRED_OBJECTIVE_ENCODED,,955
AEI_P3_FORMAL_20260826T034308Z_9b5f3c2bdfbe,1,M9.08:d093d52f24139c1b6fb09b775beedd000f1a7b3716df906d7d36e91e7e848265,d093d52f24139c1b6fb09b775beedd000f1a7b3716df906d7d36e91e7e848265,M9,M9.08,CHECK_OB7_REQUIRED_OBJECTIVE_ENCODED,CHECK_OB7_REQUIRED_OBJECTIVE_ENCODED,EXPECTED_DETECTOR_MATCH,DETECTED_AS_PREREGISTERED,PASS,FAIL,FAIL,FAIL:CHECK_OB7_REQUIRED_OBJECTIVE_ENCODED,,956
AEI_P3_FORMAL_20260826T034308Z_9b5f3c2bdfbe,1,M9.08:d4b957654a5efd71168d6f7e67936e6abf4666ceb41e7919635002157b125411,d4b957654a5efd71168d6f7e67936e6abf4666ceb41e7919635002157b125411,M9,M9.08,CHECK_OB7_REQUIRED_OBJECTIVE_ENCODED,CHECK_OB7_REQUIRED_OBJECTIVE_ENCODED,EXPECTED_DETECTOR_MATCH,DETECTED_AS_PREREGISTERED,PASS,FAIL,FAIL,FAIL:CHECK_OB7_REQUIRED_OBJECTIVE_ENCODED,,957
AEI_P3_FORMAL_20260826T034308Z_9b5f3c2bdfbe,1,M9.08:d598e89b357205c7b4bd47c5ebbe933f8be1f7c8dcdee85e66ec6829cafb91d3,d598e89b357205c7b4bd47c5ebbe933f8be1f7c8dcdee85e66ec6829cafb91d3,M9,M9.08,CHECK_OB7_REQUIRED_OBJECTIVE_ENCODED,CHECK_OB7_REQUIRED_OBJECTIVE_ENCODED,EXPECTED_DETECTOR_MATCH,DETECTED_AS_PREREGISTERED,PASS,FAIL,FAIL,FAIL:CHECK_OB7_REQUIRED_OBJECTIVE_ENCODED,,958
AEI_P3_FORMAL_20260826T034308Z_9b5f3c2bdfbe,1,M9.08:eb3670bbe434a59cc94347384a5d50fb526d26a00dbf6da73e54438c4bacc2a0,eb3670bbe434a59cc94347384a5d50fb526d26a00dbf6da73e54438c4bacc2a0,M9,M9.08,CHECK_OB7_REQUIRED_OBJECTIVE_ENCODED,CHECK_OB7_REQUIRED_OBJECTIVE_ENCODED,EXPECTED_DETECTOR_MATCH,DETECTED_AS_PREREGISTERED,PASS,FAIL,FAIL,FAIL:CHECK_OB7_REQUIRED_OBJECTIVE_ENCODED,,959
AEI_P3_FORMAL_20260826T034308Z_9b5f3c2bdfbe,1,M9.08:f1e5fc58ea336e13c098308a2da00dee7de3dd3aa08d6170df4a3cb1afd09795,f1e5fc58ea336e13c098308a2da00dee7de3dd3aa08d6170df4a3cb1afd09795,M9,M9.08,CHECK_OB7_REQUIRED_OBJECTIVE_ENCODED,CHECK_OB7_REQUIRED_OBJECTIVE_ENCODED,EXPECTED_DETECTOR_MATCH,DETECTED_AS_PREREGISTERED,PASS,FAIL,FAIL,FAIL:CHECK_OB7_REQUIRED_OBJECTIVE_ENCODED,,960
AEI_P3_FORMAL_20260826T034308Z_9b5f3c2bdfbe,1,M9.08:f583baa2dad1527b5f84f71805410ee51b78fce2b1be62de49f1636c06821c7b,f583baa2dad1527b5f84f71805410ee51b78fce2b1be62de49f1636c06821c7b,M9,M9.08,CHECK_OB7_REQUIRED_OBJECTIVE_ENCODED,CHECK_OB7_REQUIRED_OBJECTIVE_ENCODED,EXPECTED_DETECTOR_MATCH,DETECTED_AS_PREREGISTERED,PASS,FAIL,FAIL,FAIL:CHECK_OB7_REQUIRED_OBJECTIVE_ENCODED,,961
AEI_P3_FORMAL_20260826T034308Z_9b5f3c2bdfbe,1,M9.08:f64f55ad9277004ae441909cd6556d26eeaf73d3eb3c537384be703615149f96,f64f55ad9277004ae441909cd6556d26eeaf73d3eb3c537384be703615149f96,M9,M9.08,CHECK_OB7_REQUIRED_OBJECTIVE_ENCODED,CHECK_OB7_REQUIRED_OBJECTIVE_ENCODED,EXPECTED_DETECTOR_MATCH,DETECTED_AS_PREREGISTERED,PASS,FAIL,FAIL,FAIL:CHECK_OB7_REQUIRED_OBJECTIVE_ENCODED,,962
AEI_P3_FORMAL_20260826T034308Z_9b5f3c2bdfbe,1,M9.08:f80e8a50e0815fda9eef8635e52671f3888786c4daef5767b8da7b74e4311646,f80e8a50e0815fda9eef8635e52671f3888786c4daef5767b8da7b74e4311646,M9,M9.08,CHECK_OB7_REQUIRED_OBJECTIVE_ENCODED,CHECK_OB7_REQUIRED_OBJECTIVE_ENCODED,EXPECTED_DETECTOR_MATCH,DETECTED_AS_PREREGISTERED,PASS,FAIL,FAIL,FAIL:CHECK_OB7_REQUIRED_OBJECTIVE_ENCODED,,963
AEI_P3_FORMAL_20260826T034308Z_9b5f3c2bdfbe,1,M9.08:f9ade00b139ce33674b05d1766de3ec85779abfd83f893a7b2437817100901d9,f9ade00b139ce33674b05d1766de3ec85779abfd83f893a7b2437817100901d9,M9,M9.08,CHECK_OB7_REQUIRED_OBJECTIVE_ENCODED,CHECK_OB7_REQUIRED_OBJECTIVE_ENCODED,EXPECTED_DETECTOR_MATCH,DETECTED_AS_PREREGISTERED,PASS,FAIL,FAIL,FAIL:CHECK_OB7_REQUIRED_OBJECTIVE_ENCODED,,964
AEI_P3_FORMAL_20260826T034308Z_9b5f3c2bdfbe,1,M9.08:feb26c8ce25b99d6b090e07fca86c8e2dbf3ff2d6b891634c4c71b179329ab47,feb26c8ce25b99d6b090e07fca86c8e2dbf3ff2d6b891634c4c71b179329ab47,M9,M9.08,CHECK_OB7_REQUIRED_OBJECTIVE_ENCODED,CHECK_OB7_REQUIRED_OBJECTIVE_ENCODED,EXPECTED_DETECTOR_MATCH,DETECTED_AS_PREREGISTERED,PASS,FAIL,FAIL,FAIL:CHECK_OB7_REQUIRED_OBJECTIVE_ENCODED,,965
AEI_P3_FORMAL_20260826T034308Z_9b5f3c2bdfbe,1,M9.09:052b2dfeb855619b4e74c70e7155e5699a6aebc572c887f1432462ecf4afce6b,052b2dfeb855619b4e74c70e7155e5699a6aebc572c887f1432462ecf4afce6b,M9,M9.09,CHECK_OB7_REQUIRED_SOLVER_SCHEDULE_HASH,CHECK_OB7_REQUIRED_SOLVER_SCHEDULE_HASH,EXPECTED_DETECTOR_MATCH,DETECTED_AS_PREREGISTERED,PASS,FAIL,FAIL,FAIL:CHECK_OB7_REQUIRED_SOLVER_SCHEDULE_HASH,,966
AEI_P3_FORMAL_20260826T034308Z_9b5f3c2bdfbe,1,M9.09:0edc936e36dbd00367c35ec096b127c69211776f53ead8d7b9619a78d9b3beb5,0edc936e36dbd00367c35ec096b127c69211776f53ead8d7b9619a78d9b3beb5,M9,M9.09,CHECK_OB7_REQUIRED_SOLVER_SCHEDULE_HASH,CHECK_OB7_REQUIRED_SOLVER_SCHEDULE_HASH,EXPECTED_DETECTOR_MATCH,DETECTED_AS_PREREGISTERED,PASS,FAIL,FAIL,FAIL:CHECK_OB7_REQUIRED_SOLVER_SCHEDULE_HASH,,967
AEI_P3_FORMAL_20260826T034308Z_9b5f3c2bdfbe,1,M9.09:19993579c580ecb799e1ce158990340e547863ae75c4be153b97908cb5cd08a2,19993579c580ecb799e1ce158990340e547863ae75c4be153b97908cb5cd08a2,M9,M9.09,CHECK_OB7_REQUIRED_SOLVER_SCHEDULE_HASH,CHECK_OB7_REQUIRED_SOLVER_SCHEDULE_HASH,EXPECTED_DETECTOR_MATCH,DETECTED_AS_PREREGISTERED,PASS,FAIL,FAIL,FAIL:CHECK_OB7_REQUIRED_SOLVER_SCHEDULE_HASH,,968
AEI_P3_FORMAL_20260826T034308Z_9b5f3c2bdfbe,1,M9.09:1bb3dc3f26212de23def1f2ca0d598d344fea56b8a73247e2f6390ebea07946d,1bb3dc3f26212de23def1f2ca0d598d344fea56b8a73247e2f6390ebea07946d,M9,M9.09,CHECK_OB7_REQUIRED_SOLVER_SCHEDULE_HASH,CHECK_OB7_REQUIRED_SOLVER_SCHEDULE_HASH,EXPECTED_DETECTOR_MATCH,DETECTED_AS_PREREGISTERED,PASS,FAIL,FAIL,FAIL:CHECK_OB7_REQUIRED_SOLVER_SCHEDULE_HASH,,969
AEI_P3_FORMAL_20260826T034308Z_9b5f3c2bdfbe,1,M9.09:2443e5a3d32298289c0b98d2a7d3a03cbf4194a7adecf97293b0ac348944ba9e,2443e5a3d32298289c0b98d2a7d3a03cbf4194a7adecf97293b0ac348944ba9e,M9,M9.09,CHECK_OB7_REQUIRED_SOLVER_SCHEDULE_HASH,CHECK_OB7_REQUIRED_SOLVER_SCHEDULE_HASH,EXPECTED_DETECTOR_MATCH,DETECTED_AS_PREREGISTERED,PASS,FAIL,FAIL,FAIL:CHECK_OB7_REQUIRED_SOLVER_SCHEDULE_HASH,,970
AEI_P3_FORMAL_20260826T034308Z_9b5f3c2bdfbe,1,M9.09:245cb7ed72fd0a10da80157bd648a7ae9e8bd9ef722909fe778d274715ad67b3,245cb7ed72fd0a10da80157bd648a7ae9e8bd9ef722909fe778d274715ad67b3,M9,M9.09,CHECK_OB7_REQUIRED_SOLVER_SCHEDULE_HASH,CHECK_OB7_REQUIRED_SOLVER_SCHEDULE_HASH,EXPECTED_DETECTOR_MATCH,DETECTED_AS_PREREGISTERED,PASS,FAIL,FAIL,FAIL:CHECK_OB7_REQUIRED_SOLVER_SCHEDULE_HASH,,971
AEI_P3_FORMAL_20260826T034308Z_9b5f3c2bdfbe,1,M9.09:268469c82535bf1ba82a82324d755f40ad8bc7255c875b8e25c2d7943cff1ff3,268469c82535bf1ba82a82324d755f40ad8bc7255c875b8e25c2d7943cff1ff3,M9,M9.09,CHECK_OB7_REQUIRED_SOLVER_SCHEDULE_HASH,CHECK_OB7_REQUIRED_SOLVER_SCHEDULE_HASH,EXPECTED_DETECTOR_MATCH,DETECTED_AS_PREREGISTERED,PASS,FAIL,FAIL,FAIL:CHECK_OB7_REQUIRED_SOLVER_SCHEDULE_HASH,,972
AEI_P3_FORMAL_20260826T034308Z_9b5f3c2bdfbe,1,M9.09:2908e9ba69598735be8757d9b153473f5bacec1feb89ecff91ce994824a10178,2908e9ba69598735be8757d9b153473f5bacec1feb89ecff91ce994824a10178,M9,M9.09,CHECK_OB7_REQUIRED_SOLVER_SCHEDULE_HASH,CHECK_OB7_REQUIRED_SOLVER_SCHEDULE_HASH,EXPECTED_DETECTOR_MATCH,DETECTED_AS_PREREGISTERED,PASS,FAIL,FAIL,FAIL:CHECK_OB7_REQUIRED_SOLVER_SCHEDULE_HASH,,973
AEI_P3_FORMAL_20260826T034308Z_9b5f3c2bdfbe,1,M9.09:474b6ef7aac2feb7cb9195d7d3644f0d53d378eb4518ef87a9a2f7714d8ef3d5,474b6ef7aac2feb7cb9195d7d3644f0d53d378eb4518ef87a9a2f7714d8ef3d5,M9,M9.09,CHECK_OB7_REQUIRED_SOLVER_SCHEDULE_HASH,CHECK_OB7_REQUIRED_SOLVER_SCHEDULE_HASH,EXPECTED_DETECTOR_MATCH,DETECTED_AS_PREREGISTERED,PASS,FAIL,FAIL,FAIL:CHECK_OB7_REQUIRED_SOLVER_SCHEDULE_HASH,,974
AEI_P3_FORMAL_20260826T034308Z_9b5f3c2bdfbe,1,M9.09:4fafb9a13ff5e2fda82a804bf609727b68a17926d69ae1574c4801604ec81359,4fafb9a13ff5e2fda82a804bf609727b68a17926d69ae1574c4801604ec81359,M9,M9.09,CHECK_OB7_REQUIRED_SOLVER_SCHEDULE_HASH,CHECK_OB7_REQUIRED_SOLVER_SCHEDULE_HASH,EXPECTED_DETECTOR_MATCH,DETECTED_AS_PREREGISTERED,PASS,FAIL,FAIL,FAIL:CHECK_OB7_REQUIRED_SOLVER_SCHEDULE_HASH,,975
AEI_P3_FORMAL_20260826T034308Z_9b5f3c2bdfbe,1,M9.09:54349d927b9070c144f507868f9ef8b962c7c926426b33c3a7e0c88f715b246a,54349d927b9070c144f507868f9ef8b962c7c926426b33c3a7e0c88f715b246a,M9,M9.09,CHECK_OB7_REQUIRED_SOLVER_SCHEDULE_HASH,CHECK_OB7_REQUIRED_SOLVER_SCHEDULE_HASH,EXPECTED_DETECTOR_MATCH,DETECTED_AS_PREREGISTERED,PASS,FAIL,FAIL,FAIL:CHECK_OB7_REQUIRED_SOLVER_SCHEDULE_HASH,,976
AEI_P3_FORMAL_20260826T034308Z_9b5f3c2bdfbe,1,M9.09:558b8365de15727bf495595ed539867872c185b280ea249712f3b1d5f8674cd5,558b8365de15727bf495595ed539867872c185b280ea249712f3b1d5f8674cd5,M9,M9.09,CHECK_OB7_REQUIRED_SOLVER_SCHEDULE_HASH,CHECK_OB7_REQUIRED_SOLVER_SCHEDULE_HASH,EXPECTED_DETECTOR_MATCH,DETECTED_AS_PREREGISTERED,PASS,FAIL,FAIL,FAIL:CHECK_OB7_REQUIRED_SOLVER_SCHEDULE_HASH,,977
AEI_P3_FORMAL_20260826T034308Z_9b5f3c2bdfbe,1,M9.09:5ecccd77f46ab5549088b57686632a9eb5ccf1a5a977fbe35cfae6a50eca52bb,5ecccd77f46ab5549088b57686632a9eb5ccf1a5a977fbe35cfae6a50eca52bb,M9,M9.09,CHECK_OB7_REQUIRED_SOLVER_SCHEDULE_HASH,CHECK_OB7_REQUIRED_SOLVER_SCHEDULE_HASH,EXPECTED_DETECTOR_MATCH,DETECTED_AS_PREREGISTERED,PASS,FAIL,FAIL,FAIL:CHECK_OB7_REQUIRED_SOLVER_SCHEDULE_HASH,,978
AEI_P3_FORMAL_20260826T034308Z_9b5f3c2bdfbe,1,M9.09:5f24b2bbe16d5c8f667064d5031553e1dd9c4d9dbb7e0757cb922d9ba47928d5,5f24b2bbe16d5c8f667064d5031553e1dd9c4d9dbb7e0757cb922d9ba47928d5,M9,M9.09,CHECK_OB7_REQUIRED_SOLVER_SCHEDULE_HASH,CHECK_OB7_REQUIRED_SOLVER_SCHEDULE_HASH,EXPECTED_DETECTOR_MATCH,DETECTED_AS_PREREGISTERED,PASS,FAIL,FAIL,FAIL:CHECK_OB7_REQUIRED_SOLVER_SCHEDULE_HASH,,979
AEI_P3_FORMAL_20260826T034308Z_9b5f3c2bdfbe,1,M9.09:61f77c0251bcd2bbb51e6bff7e048bfcda7139b4e796314d32b47961ac3b5c1b,61f77c0251bcd2bbb51e6bff7e048bfcda7139b4e796314d32b47961ac3b5c1b,M9,M9.09,CHECK_OB7_REQUIRED_SOLVER_SCHEDULE_HASH,CHECK_OB7_REQUIRED_SOLVER_SCHEDULE_HASH,EXPECTED_DETECTOR_MATCH,DETECTED_AS_PREREGISTERED,PASS,FAIL,FAIL,FAIL:CHECK_OB7_REQUIRED_SOLVER_SCHEDULE_HASH,,980
AEI_P3_FORMAL_20260826T034308Z_9b5f3c2bdfbe,1,M9.09:634f3d08fd93ba622176ea6c9ff7ff1fb9d57a9b14f936f27d1460655fc20d72,634f3d08fd93ba622176ea6c9ff7ff1fb9d57a9b14f936f27d1460655fc20d72,M9,M9.09,CHECK_OB7_REQUIRED_SOLVER_SCHEDULE_HASH,CHECK_OB7_REQUIRED_SOLVER_SCHEDULE_HASH,EXPECTED_DETECTOR_MATCH,DETECTED_AS_PREREGISTERED,PASS,FAIL,FAIL,FAIL:CHECK_OB7_REQUIRED_SOLVER_SCHEDULE_HASH,,981
AEI_P3_FORMAL_20260826T034308Z_9b5f3c2bdfbe,1,M9.09:73cdcc11d1c23e47664696979a9b12b94deb5da000c18f37a8d7c0b641090788,73cdcc11d1c23e47664696979a9b12b94deb5da000c18f37a8d7c0b641090788,M9,M9.09,CHECK_OB7_REQUIRED_SOLVER_SCHEDULE_HASH,CHECK_OB7_REQUIRED_SOLVER_SCHEDULE_HASH,EXPECTED_DETECTOR_MATCH,DETECTED_AS_PREREGISTERED,PASS,FAIL,FAIL,FAIL:CHECK_OB7_REQUIRED_SOLVER_SCHEDULE_HASH,,982
AEI_P3_FORMAL_20260826T034308Z_9b5f3c2bdfbe,1,M9.09:7dc2cc636acd7eeb3db7367222360894cac918d6adca467d2f7a79960bbe8b1c,7dc2cc636acd7eeb3db7367222360894cac918d6adca467d2f7a79960bbe8b1c,M9,M9.09,CHECK_OB7_REQUIRED_SOLVER_SCHEDULE_HASH,CHECK_OB7_REQUIRED_SOLVER_SCHEDULE_HASH,EXPECTED_DETECTOR_MATCH,DETECTED_AS_PREREGISTERED,PASS,FAIL,FAIL,FAIL:CHECK_OB7_REQUIRED_SOLVER_SCHEDULE_HASH,,983
AEI_P3_FORMAL_20260826T034308Z_9b5f3c2bdfbe,1,M9.09:8c60197386a54af6d06cac0996c81cbca4971ac83984afcf2a52fa27a5bb1b42,8c60197386a54af6d06cac0996c81cbca4971ac83984afcf2a52fa27a5bb1b42,M9,M9.09,CHECK_OB7_REQUIRED_SOLVER_SCHEDULE_HASH,CHECK_OB7_REQUIRED_SOLVER_SCHEDULE_HASH,EXPECTED_DETECTOR_MATCH,DETECTED_AS_PREREGISTERED,PASS,FAIL,FAIL,FAIL:CHECK_OB7_REQUIRED_SOLVER_SCHEDULE_HASH,,984
AEI_P3_FORMAL_20260826T034308Z_9b5f3c2bdfbe,1,M9.09:8e3a1df6f55a6d53d21fd63c9dcda45cee6d1576c4989d45b40828d31e6d7281,8e3a1df6f55a6d53d21fd63c9dcda45cee6d1576c4989d45b40828d31e6d7281,M9,M9.09,CHECK_OB7_REQUIRED_SOLVER_SCHEDULE_HASH,CHECK_OB7_REQUIRED_SOLVER_SCHEDULE_HASH,EXPECTED_DETECTOR_MATCH,DETECTED_AS_PREREGISTERED,PASS,FAIL,FAIL,FAIL:CHECK_OB7_REQUIRED_SOLVER_SCHEDULE_HASH,,985
AEI_P3_FORMAL_20260826T034308Z_9b5f3c2bdfbe,1,M9.09:97eb8ea8dfec0a163a4b54e1179247553055627de3df3d7a40c8879cacc64800,97eb8ea8dfec0a163a4b54e1179247553055627de3df3d7a40c8879cacc64800,M9,M9.09,CHECK_OB7_REQUIRED_SOLVER_SCHEDULE_HASH,CHECK_OB7_REQUIRED_SOLVER_SCHEDULE_HASH,EXPECTED_DETECTOR_MATCH,DETECTED_AS_PREREGISTERED,PASS,FAIL,FAIL,FAIL:CHECK_OB7_REQUIRED_SOLVER_SCHEDULE_HASH,,986
AEI_P3_FORMAL_20260826T034308Z_9b5f3c2bdfbe,1,M9.09:9827288498c6ff63f3f7ec6f3bb833b53ac1c3cbaf59021addc82b6a8c08bae2,9827288498c6ff63f3f7ec6f3bb833b53ac1c3cbaf59021addc82b6a8c08bae2,M9,M9.09,CHECK_OB7_REQUIRED_SOLVER_SCHEDULE_HASH,CHECK_OB7_REQUIRED_SOLVER_SCHEDULE_HASH,EXPECTED_DETECTOR_MATCH,DETECTED_AS_PREREGISTERED,PASS,FAIL,FAIL,FAIL:CHECK_OB7_REQUIRED_SOLVER_SCHEDULE_HASH,,987
AEI_P3_FORMAL_20260826T034308Z_9b5f3c2bdfbe,1,M9.09:9f7906189c782cba7c3a4cc9cb8785764c8ad3fb1e637423a7a310d6c438feb5,9f7906189c782cba7c3a4cc9cb8785764c8ad3fb1e637423a7a310d6c438feb5,M9,M9.09,CHECK_OB7_REQUIRED_SOLVER_SCHEDULE_HASH,CHECK_OB7_REQUIRED_SOLVER_SCHEDULE_HASH,EXPECTED_DETECTOR_MATCH,DETECTED_AS_PREREGISTERED,PASS,FAIL,FAIL,FAIL:CHECK_OB7_REQUIRED_SOLVER_SCHEDULE_HASH,,988
AEI_P3_FORMAL_20260826T034308Z_9b5f3c2bdfbe,1,M9.09:aa5b4ee1688c71f1a3932cd7d9b629a08e31ef09728f3280c98c7636eecfb8d3,aa5b4ee1688c71f1a3932cd7d9b629a08e31ef09728f3280c98c7636eecfb8d3,M9,M9.09,CHECK_OB7_REQUIRED_SOLVER_SCHEDULE_HASH,CHECK_OB7_REQUIRED_SOLVER_SCHEDULE_HASH,EXPECTED_DETECTOR_MATCH,DETECTED_AS_PREREGISTERED,PASS,FAIL,FAIL,FAIL:CHECK_OB7_REQUIRED_SOLVER_SCHEDULE_HASH,,989
AEI_P3_FORMAL_20260826T034308Z_9b5f3c2bdfbe,1,M9.09:aad646b14392b632d658225dedb7d3953424ab9ab19ebafdc67bd9a7f02eb50b,aad646b14392b632d658225dedb7d3953424ab9ab19ebafdc67bd9a7f02eb50b,M9,M9.09,CHECK_OB7_REQUIRED_SOLVER_SCHEDULE_HASH,CHECK_OB7_REQUIRED_SOLVER_SCHEDULE_HASH,EXPECTED_DETECTOR_MATCH,DETECTED_AS_PREREGISTERED,PASS,FAIL,FAIL,FAIL:CHECK_OB7_REQUIRED_SOLVER_SCHEDULE_HASH,,990
AEI_P3_FORMAL_20260826T034308Z_9b5f3c2bdfbe,1,M9.09:abc8d6ba26b9728a25ebd17f4066aa5421f54fde1c1ef630cc33cb308c0fb8e5,abc8d6ba26b9728a25ebd17f4066aa5421f54fde1c1ef630cc33cb308c0fb8e5,M9,M9.09,CHECK_OB7_REQUIRED_SOLVER_SCHEDULE_HASH,CHECK_OB7_REQUIRED_SOLVER_SCHEDULE_HASH,EXPECTED_DETECTOR_MATCH,DETECTED_AS_PREREGISTERED,PASS,FAIL,FAIL,FAIL:CHECK_OB7_REQUIRED_SOLVER_SCHEDULE_HASH,,991
AEI_P3_FORMAL_20260826T034308Z_9b5f3c2bdfbe,1,M9.09:b0f01f4c7ca822555039b9267d8985edbeb149abc0a710d6583cea634584f862,b0f01f4c7ca822555039b9267d8985edbeb149abc0a710d6583cea634584f862,M9,M9.09,CHECK_OB7_REQUIRED_SOLVER_SCHEDULE_HASH,CHECK_OB7_REQUIRED_SOLVER_SCHEDULE_HASH,EXPECTED_DETECTOR_MATCH,DETECTED_AS_PREREGISTERED,PASS,FAIL,FAIL,FAIL:CHECK_OB7_REQUIRED_SOLVER_SCHEDULE_HASH,,992
AEI_P3_FORMAL_20260826T034308Z_9b5f3c2bdfbe,1,M9.09:b31f9c5cbf923f188771558357941c1a7d6a71089f67793c620cf7034a070eb2,b31f9c5cbf923f188771558357941c1a7d6a71089f67793c620cf7034a070eb2,M9,M9.09,CHECK_OB7_REQUIRED_SOLVER_SCHEDULE_HASH,CHECK_OB7_REQUIRED_SOLVER_SCHEDULE_HASH,EXPECTED_DETECTOR_MATCH,DETECTED_AS_PREREGISTERED,PASS,FAIL,FAIL,FAIL:CHECK_OB7_REQUIRED_SOLVER_SCHEDULE_HASH,,993
AEI_P3_FORMAL_20260826T034308Z_9b5f3c2bdfbe,1,M9.09:b5c400c27e6dbb1cc8466c5ce68e1530b6d984599f3c01c36496b49b586ff5e3,b5c400c27e6dbb1cc8466c5ce68e1530b6d984599f3c01c36496b49b586ff5e3,M9,M9.09,CHECK_OB7_REQUIRED_SOLVER_SCHEDULE_HASH,CHECK_OB7_REQUIRED_SOLVER_SCHEDULE_HASH,EXPECTED_DETECTOR_MATCH,DETECTED_AS_PREREGISTERED,PASS,FAIL,FAIL,FAIL:CHECK_OB7_REQUIRED_SOLVER_SCHEDULE_HASH,,994
AEI_P3_FORMAL_20260826T034308Z_9b5f3c2bdfbe,1,M9.09:bb3f15222034bdf87b9be499b27f859fe778b781693fd54677f83bd7531f0680,bb3f15222034bdf87b9be499b27f859fe778b781693fd54677f83bd7531f0680,M9,M9.09,CHECK_OB7_REQUIRED_SOLVER_SCHEDULE_HASH,CHECK_OB7_REQUIRED_SOLVER_SCHEDULE_HASH,EXPECTED_DETECTOR_MATCH,DETECTED_AS_PREREGISTERED,PASS,FAIL,FAIL,FAIL:CHECK_OB7_REQUIRED_SOLVER_SCHEDULE_HASH,,995
AEI_P3_FORMAL_20260826T034308Z_9b5f3c2bdfbe,1,M9.09:ce18361670bfbcde2f3ff22167187aecef9164dedbf1198bc7563c147804780e,ce18361670bfbcde2f3ff22167187aecef9164dedbf1198bc7563c147804780e,M9,M9.09,CHECK_OB7_REQUIRED_SOLVER_SCHEDULE_HASH,CHECK_OB7_REQUIRED_SOLVER_SCHEDULE_HASH,EXPECTED_DETECTOR_MATCH,DETECTED_AS_PREREGISTERED,PASS,FAIL,FAIL,FAIL:CHECK_OB7_REQUIRED_SOLVER_SCHEDULE_HASH,,996
AEI_P3_FORMAL_20260826T034308Z_9b5f3c2bdfbe,1,M9.09:ceae66508816dc9f5458c925c89f155658e6c78710a8753d337ac385481cc1bf,ceae66508816dc9f5458c925c89f155658e6c78710a8753d337ac385481cc1bf,M9,M9.09,CHECK_OB7_REQUIRED_SOLVER_SCHEDULE_HASH,CHECK_OB7_REQUIRED_SOLVER_SCHEDULE_HASH,EXPECTED_DETECTOR_MATCH,DETECTED_AS_PREREGISTERED,PASS,FAIL,FAIL,FAIL:CHECK_OB7_REQUIRED_SOLVER_SCHEDULE_HASH,,997
AEI_P3_FORMAL_20260826T034308Z_9b5f3c2bdfbe,1,M9.09:d093d52f24139c1b6fb09b775beedd000f1a7b3716df906d7d36e91e7e848265,d093d52f24139c1b6fb09b775beedd000f1a7b3716df906d7d36e91e7e848265,M9,M9.09,CHECK_OB7_REQUIRED_SOLVER_SCHEDULE_HASH,CHECK_OB7_REQUIRED_SOLVER_SCHEDULE_HASH,EXPECTED_DETECTOR_MATCH,DETECTED_AS_PREREGISTERED,PASS,FAIL,FAIL,FAIL:CHECK_OB7_REQUIRED_SOLVER_SCHEDULE_HASH,,998
AEI_P3_FORMAL_20260826T034308Z_9b5f3c2bdfbe,1,M9.09:d4b957654a5efd71168d6f7e67936e6abf4666ceb41e7919635002157b125411,d4b957654a5efd71168d6f7e67936e6abf4666ceb41e7919635002157b125411,M9,M9.09,CHECK_OB7_REQUIRED_SOLVER_SCHEDULE_HASH,CHECK_OB7_REQUIRED_SOLVER_SCHEDULE_HASH,EXPECTED_DETECTOR_MATCH,DETECTED_AS_PREREGISTERED,PASS,FAIL,FAIL,FAIL:CHECK_OB7_REQUIRED_SOLVER_SCHEDULE_HASH,,999
AEI_P3_FORMAL_20260826T034308Z_9b5f3c2bdfbe,1,M9.09:d598e89b357205c7b4bd47c5ebbe933f8be1f7c8dcdee85e66ec6829cafb91d3,d598e89b357205c7b4bd47c5ebbe933f8be1f7c8dcdee85e66ec6829cafb91d3,M9,M9.09,CHECK_OB7_REQUIRED_SOLVER_SCHEDULE_HASH,CHECK_OB7_REQUIRED_SOLVER_SCHEDULE_HASH,EXPECTED_DETECTOR_MATCH,DETECTED_AS_PREREGISTERED,PASS,FAIL,FAIL,FAIL:CHECK_OB7_REQUIRED_SOLVER_SCHEDULE_HASH,,1000
AEI_P3_FORMAL_20260826T034308Z_9b5f3c2bdfbe,1,M9.09:eb3670bbe434a59cc94347384a5d50fb526d26a00dbf6da73e54438c4bacc2a0,eb3670bbe434a59cc94347384a5d50fb526d26a00dbf6da73e54438c4bacc2a0,M9,M9.09,CHECK_OB7_REQUIRED_SOLVER_SCHEDULE_HASH,CHECK_OB7_REQUIRED_SOLVER_SCHEDULE_HASH,EXPECTED_DETECTOR_MATCH,DETECTED_AS_PREREGISTERED,PASS,FAIL,FAIL,FAIL:CHECK_OB7_REQUIRED_SOLVER_SCHEDULE_HASH,,1001
AEI_P3_FORMAL_20260826T034308Z_9b5f3c2bdfbe,1,M9.09:f1e5fc58ea336e13c098308a2da00dee7de3dd3aa08d6170df4a3cb1afd09795,f1e5fc58ea336e13c098308a2da00dee7de3dd3aa08d6170df4a3cb1afd09795,M9,M9.09,CHECK_OB7_REQUIRED_SOLVER_SCHEDULE_HASH,CHECK_OB7_REQUIRED_SOLVER_SCHEDULE_HASH,EXPECTED_DETECTOR_MATCH,DETECTED_AS_PREREGISTERED,PASS,FAIL,FAIL,FAIL:CHECK_OB7_REQUIRED_SOLVER_SCHEDULE_HASH,,1002
AEI_P3_FORMAL_20260826T034308Z_9b5f3c2bdfbe,1,M9.09:f583baa2dad1527b5f84f71805410ee51b78fce2b1be62de49f1636c06821c7b,f583baa2dad1527b5f84f71805410ee51b78fce2b1be62de49f1636c06821c7b,M9,M9.09,CHECK_OB7_REQUIRED_SOLVER_SCHEDULE_HASH,CHECK_OB7_REQUIRED_SOLVER_SCHEDULE_HASH,EXPECTED_DETECTOR_MATCH,DETECTED_AS_PREREGISTERED,PASS,FAIL,FAIL,FAIL:CHECK_OB7_REQUIRED_SOLVER_SCHEDULE_HASH,,1003
AEI_P3_FORMAL_20260826T034308Z_9b5f3c2bdfbe,1,M9.09:f64f55ad9277004ae441909cd6556d26eeaf73d3eb3c537384be703615149f96,f64f55ad9277004ae441909cd6556d26eeaf73d3eb3c537384be703615149f96,M9,M9.09,CHECK_OB7_REQUIRED_SOLVER_SCHEDULE_HASH,CHECK_OB7_REQUIRED_SOLVER_SCHEDULE_HASH,EXPECTED_DETECTOR_MATCH,DETECTED_AS_PREREGISTERED,PASS,FAIL,FAIL,FAIL:CHECK_OB7_REQUIRED_SOLVER_SCHEDULE_HASH,,1004
AEI_P3_FORMAL_20260826T034308Z_9b5f3c2bdfbe,1,M9.09:f80e8a50e0815fda9eef8635e52671f3888786c4daef5767b8da7b74e4311646,f80e8a50e0815fda9eef8635e52671f3888786c4daef5767b8da7b74e4311646,M9,M9.09,CHECK_OB7_REQUIRED_SOLVER_SCHEDULE_HASH,CHECK_OB7_REQUIRED_SOLVER_SCHEDULE_HASH,EXPECTED_DETECTOR_MATCH,DETECTED_AS_PREREGISTERED,PASS,FAIL,FAIL,FAIL:CHECK_OB7_REQUIRED_SOLVER_SCHEDULE_HASH,,1005
AEI_P3_FORMAL_20260826T034308Z_9b5f3c2bdfbe,1,M9.09:f9ade00b139ce33674b05d1766de3ec85779abfd83f893a7b2437817100901d9,f9ade00b139ce33674b05d1766de3ec85779abfd83f893a7b2437817100901d9,M9,M9.09,CHECK_OB7_REQUIRED_SOLVER_SCHEDULE_HASH,CHECK_OB7_REQUIRED_SOLVER_SCHEDULE_HASH,EXPECTED_DETECTOR_MATCH,DETECTED_AS_PREREGISTERED,PASS,FAIL,FAIL,FAIL:CHECK_OB7_REQUIRED_SOLVER_SCHEDULE_HASH,,1006
AEI_P3_FORMAL_20260826T034308Z_9b5f3c2bdfbe,1,M9.09:feb26c8ce25b99d6b090e07fca86c8e2dbf3ff2d6b891634c4c71b179329ab47,feb26c8ce25b99d6b090e07fca86c8e2dbf3ff2d6b891634c4c71b179329ab47,M9,M9.09,CHECK_OB7_REQUIRED_SOLVER_SCHEDULE_HASH,CHECK_OB7_REQUIRED_SOLVER_SCHEDULE_HASH,EXPECTED_DETECTOR_MATCH,DETECTED_AS_PREREGISTERED,PASS,FAIL,FAIL,FAIL:CHECK_OB7_REQUIRED_SOLVER_SCHEDULE_HASH,,1007
AEI_P3_FORMAL_20260826T034308Z_9b5f3c2bdfbe,1,M9.10:052b2dfeb855619b4e74c70e7155e5699a6aebc572c887f1432462ecf4afce6b,052b2dfeb855619b4e74c70e7155e5699a6aebc572c887f1432462ecf4afce6b,M9,M9.10,CHECK_OB7_REQUIRED_SCHEDULE_ARTIFACT,CHECK_OB7_REQUIRED_SCHEDULE_ARTIFACT,EXPECTED_DETECTOR_MATCH,DETECTED_AS_PREREGISTERED,PASS,FAIL,FAIL,FAIL:CHECK_OB7_REQUIRED_SCHEDULE_ARTIFACT,,1008
AEI_P3_FORMAL_20260826T034308Z_9b5f3c2bdfbe,1,M9.10:0edc936e36dbd00367c35ec096b127c69211776f53ead8d7b9619a78d9b3beb5,0edc936e36dbd00367c35ec096b127c69211776f53ead8d7b9619a78d9b3beb5,M9,M9.10,CHECK_OB7_REQUIRED_SCHEDULE_ARTIFACT,CHECK_OB7_REQUIRED_SCHEDULE_ARTIFACT,EXPECTED_DETECTOR_MATCH,DETECTED_AS_PREREGISTERED,PASS,FAIL,FAIL,FAIL:CHECK_OB7_REQUIRED_SCHEDULE_ARTIFACT,,1009
AEI_P3_FORMAL_20260826T034308Z_9b5f3c2bdfbe,1,M9.10:19993579c580ecb799e1ce158990340e547863ae75c4be153b97908cb5cd08a2,19993579c580ecb799e1ce158990340e547863ae75c4be153b97908cb5cd08a2,M9,M9.10,CHECK_OB7_REQUIRED_SCHEDULE_ARTIFACT,CHECK_OB7_REQUIRED_SCHEDULE_ARTIFACT,EXPECTED_DETECTOR_MATCH,DETECTED_AS_PREREGISTERED,PASS,FAIL,FAIL,FAIL:CHECK_OB7_REQUIRED_SCHEDULE_ARTIFACT,,1010
AEI_P3_FORMAL_20260826T034308Z_9b5f3c2bdfbe,1,M9.10:1bb3dc3f26212de23def1f2ca0d598d344fea56b8a73247e2f6390ebea07946d,1bb3dc3f26212de23def1f2ca0d598d344fea56b8a73247e2f6390ebea07946d,M9,M9.10,CHECK_OB7_REQUIRED_SCHEDULE_ARTIFACT,CHECK_OB7_REQUIRED_SCHEDULE_ARTIFACT,EXPECTED_DETECTOR_MATCH,DETECTED_AS_PREREGISTERED,PASS,FAIL,FAIL,FAIL:CHECK_OB7_REQUIRED_SCHEDULE_ARTIFACT,,1011
AEI_P3_FORMAL_20260826T034308Z_9b5f3c2bdfbe,1,M9.10:2443e5a3d32298289c0b98d2a7d3a03cbf4194a7adecf97293b0ac348944ba9e,2443e5a3d32298289c0b98d2a7d3a03cbf4194a7adecf97293b0ac348944ba9e,M9,M9.10,CHECK_OB7_REQUIRED_SCHEDULE_ARTIFACT,CHECK_OB7_REQUIRED_SCHEDULE_ARTIFACT,EXPECTED_DETECTOR_MATCH,DETECTED_AS_PREREGISTERED,PASS,FAIL,FAIL,FAIL:CHECK_OB7_REQUIRED_SCHEDULE_ARTIFACT,,1012
AEI_P3_FORMAL_20260826T034308Z_9b5f3c2bdfbe,1,M9.10:245cb7ed72fd0a10da80157bd648a7ae9e8bd9ef722909fe778d274715ad67b3,245cb7ed72fd0a10da80157bd648a7ae9e8bd9ef722909fe778d274715ad67b3,M9,M9.10,CHECK_OB7_REQUIRED_SCHEDULE_ARTIFACT,CHECK_OB7_REQUIRED_SCHEDULE_ARTIFACT,EXPECTED_DETECTOR_MATCH,DETECTED_AS_PREREGISTERED,PASS,FAIL,FAIL,FAIL:CHECK_OB7_REQUIRED_SCHEDULE_ARTIFACT,,1013
AEI_P3_FORMAL_20260826T034308Z_9b5f3c2bdfbe,1,M9.10:268469c82535bf1ba82a82324d755f40ad8bc7255c875b8e25c2d7943cff1ff3,268469c82535bf1ba82a82324d755f40ad8bc7255c875b8e25c2d7943cff1ff3,M9,M9.10,CHECK_OB7_REQUIRED_SCHEDULE_ARTIFACT,CHECK_OB7_REQUIRED_SCHEDULE_ARTIFACT,EXPECTED_DETECTOR_MATCH,DETECTED_AS_PREREGISTERED,PASS,FAIL,FAIL,FAIL:CHECK_OB7_REQUIRED_SCHEDULE_ARTIFACT,,1014
AEI_P3_FORMAL_20260826T034308Z_9b5f3c2bdfbe,1,M9.10:2908e9ba69598735be8757d9b153473f5bacec1feb89ecff91ce994824a10178,2908e9ba69598735be8757d9b153473f5bacec1feb89ecff91ce994824a10178,M9,M9.10,CHECK_OB7_REQUIRED_SCHEDULE_ARTIFACT,CHECK_OB7_REQUIRED_SCHEDULE_ARTIFACT,EXPECTED_DETECTOR_MATCH,DETECTED_AS_PREREGISTERED,PASS,FAIL,FAIL,FAIL:CHECK_OB7_REQUIRED_SCHEDULE_ARTIFACT,,1015
AEI_P3_FORMAL_20260826T034308Z_9b5f3c2bdfbe,1,M9.10:474b6ef7aac2feb7cb9195d7d3644f0d53d378eb4518ef87a9a2f7714d8ef3d5,474b6ef7aac2feb7cb9195d7d3644f0d53d378eb4518ef87a9a2f7714d8ef3d5,M9,M9.10,CHECK_OB7_REQUIRED_SCHEDULE_ARTIFACT,CHECK_OB7_REQUIRED_SCHEDULE_ARTIFACT,EXPECTED_DETECTOR_MATCH,DETECTED_AS_PREREGISTERED,PASS,FAIL,FAIL,FAIL:CHECK_OB7_REQUIRED_SCHEDULE_ARTIFACT,,1016
AEI_P3_FORMAL_20260826T034308Z_9b5f3c2bdfbe,1,M9.10:4fafb9a13ff5e2fda82a804bf609727b68a17926d69ae1574c4801604ec81359,4fafb9a13ff5e2fda82a804bf609727b68a17926d69ae1574c4801604ec81359,M9,M9.10,CHECK_OB7_REQUIRED_SCHEDULE_ARTIFACT,CHECK_OB7_REQUIRED_SCHEDULE_ARTIFACT,EXPECTED_DETECTOR_MATCH,DETECTED_AS_PREREGISTERED,PASS,FAIL,FAIL,FAIL:CHECK_OB7_REQUIRED_SCHEDULE_ARTIFACT,,1017
AEI_P3_FORMAL_20260826T034308Z_9b5f3c2bdfbe,1,M9.10:54349d927b9070c144f507868f9ef8b962c7c926426b33c3a7e0c88f715b246a,54349d927b9070c144f507868f9ef8b962c7c926426b33c3a7e0c88f715b246a,M9,M9.10,CHECK_OB7_REQUIRED_SCHEDULE_ARTIFACT,CHECK_OB7_REQUIRED_SCHEDULE_ARTIFACT,EXPECTED_DETECTOR_MATCH,DETECTED_AS_PREREGISTERED,PASS,FAIL,FAIL,FAIL:CHECK_OB7_REQUIRED_SCHEDULE_ARTIFACT,,1018
AEI_P3_FORMAL_20260826T034308Z_9b5f3c2bdfbe,1,M9.10:558b8365de15727bf495595ed539867872c185b280ea249712f3b1d5f8674cd5,558b8365de15727bf495595ed539867872c185b280ea249712f3b1d5f8674cd5,M9,M9.10,CHECK_OB7_REQUIRED_SCHEDULE_ARTIFACT,CHECK_OB7_REQUIRED_SCHEDULE_ARTIFACT,EXPECTED_DETECTOR_MATCH,DETECTED_AS_PREREGISTERED,PASS,FAIL,FAIL,FAIL:CHECK_OB7_REQUIRED_SCHEDULE_ARTIFACT,,1019
AEI_P3_FORMAL_20260826T034308Z_9b5f3c2bdfbe,1,M9.10:5ecccd77f46ab5549088b57686632a9eb5ccf1a5a977fbe35cfae6a50eca52bb,5ecccd77f46ab5549088b57686632a9eb5ccf1a5a977fbe35cfae6a50eca52bb,M9,M9.10,CHECK_OB7_REQUIRED_SCHEDULE_ARTIFACT,CHECK_OB7_REQUIRED_SCHEDULE_ARTIFACT,EXPECTED_DETECTOR_MATCH,DETECTED_AS_PREREGISTERED,PASS,FAIL,FAIL,FAIL:CHECK_OB7_REQUIRED_SCHEDULE_ARTIFACT,,1020
AEI_P3_FORMAL_20260826T034308Z_9b5f3c2bdfbe,1,M9.10:5f24b2bbe16d5c8f667064d5031553e1dd9c4d9dbb7e0757cb922d9ba47928d5,5f24b2bbe16d5c8f667064d5031553e1dd9c4d9dbb7e0757cb922d9ba47928d5,M9,M9.10,CHECK_OB7_REQUIRED_SCHEDULE_ARTIFACT,CHECK_OB7_REQUIRED_SCHEDULE_ARTIFACT,EXPECTED_DETECTOR_MATCH,DETECTED_AS_PREREGISTERED,PASS,FAIL,FAIL,FAIL:CHECK_OB7_REQUIRED_SCHEDULE_ARTIFACT,,1021
AEI_P3_FORMAL_20260826T034308Z_9b5f3c2bdfbe,1,M9.10:61f77c0251bcd2bbb51e6bff7e048bfcda7139b4e796314d32b47961ac3b5c1b,61f77c0251bcd2bbb51e6bff7e048bfcda7139b4e796314d32b47961ac3b5c1b,M9,M9.10,CHECK_OB7_REQUIRED_SCHEDULE_ARTIFACT,CHECK_OB7_REQUIRED_SCHEDULE_ARTIFACT,EXPECTED_DETECTOR_MATCH,DETECTED_AS_PREREGISTERED,PASS,FAIL,FAIL,FAIL:CHECK_OB7_REQUIRED_SCHEDULE_ARTIFACT,,1022
AEI_P3_FORMAL_20260826T034308Z_9b5f3c2bdfbe,1,M9.10:634f3d08fd93ba622176ea6c9ff7ff1fb9d57a9b14f936f27d1460655fc20d72,634f3d08fd93ba622176ea6c9ff7ff1fb9d57a9b14f936f27d1460655fc20d72,M9,M9.10,CHECK_OB7_REQUIRED_SCHEDULE_ARTIFACT,CHECK_OB7_REQUIRED_SCHEDULE_ARTIFACT,EXPECTED_DETECTOR_MATCH,DETECTED_AS_PREREGISTERED,PASS,FAIL,FAIL,FAIL:CHECK_OB7_REQUIRED_SCHEDULE_ARTIFACT,,1023
AEI_P3_FORMAL_20260826T034308Z_9b5f3c2bdfbe,1,M9.10:73cdcc11d1c23e47664696979a9b12b94deb5da000c18f37a8d7c0b641090788,73cdcc11d1c23e47664696979a9b12b94deb5da000c18f37a8d7c0b641090788,M9,M9.10,CHECK_OB7_REQUIRED_SCHEDULE_ARTIFACT,CHECK_OB7_REQUIRED_SCHEDULE_ARTIFACT,EXPECTED_DETECTOR_MATCH,DETECTED_AS_PREREGISTERED,PASS,FAIL,FAIL,FAIL:CHECK_OB7_REQUIRED_SCHEDULE_ARTIFACT,,1024
AEI_P3_FORMAL_20260826T034308Z_9b5f3c2bdfbe,1,M9.10:7dc2cc636acd7eeb3db7367222360894cac918d6adca467d2f7a79960bbe8b1c,7dc2cc636acd7eeb3db7367222360894cac918d6adca467d2f7a79960bbe8b1c,M9,M9.10,CHECK_OB7_REQUIRED_SCHEDULE_ARTIFACT,CHECK_OB7_REQUIRED_SCHEDULE_ARTIFACT,EXPECTED_DETECTOR_MATCH,DETECTED_AS_PREREGISTERED,PASS,FAIL,FAIL,FAIL:CHECK_OB7_REQUIRED_SCHEDULE_ARTIFACT,,1025
AEI_P3_FORMAL_20260826T034308Z_9b5f3c2bdfbe,1,M9.10:8c60197386a54af6d06cac0996c81cbca4971ac83984afcf2a52fa27a5bb1b42,8c60197386a54af6d06cac0996c81cbca4971ac83984afcf2a52fa27a5bb1b42,M9,M9.10,CHECK_OB7_REQUIRED_SCHEDULE_ARTIFACT,CHECK_OB7_REQUIRED_SCHEDULE_ARTIFACT,EXPECTED_DETECTOR_MATCH,DETECTED_AS_PREREGISTERED,PASS,FAIL,FAIL,FAIL:CHECK_OB7_REQUIRED_SCHEDULE_ARTIFACT,,1026
AEI_P3_FORMAL_20260826T034308Z_9b5f3c2bdfbe,1,M9.10:8e3a1df6f55a6d53d21fd63c9dcda45cee6d1576c4989d45b40828d31e6d7281,8e3a1df6f55a6d53d21fd63c9dcda45cee6d1576c4989d45b40828d31e6d7281,M9,M9.10,CHECK_OB7_REQUIRED_SCHEDULE_ARTIFACT,CHECK_OB7_REQUIRED_SCHEDULE_ARTIFACT,EXPECTED_DETECTOR_MATCH,DETECTED_AS_PREREGISTERED,PASS,FAIL,FAIL,FAIL:CHECK_OB7_REQUIRED_SCHEDULE_ARTIFACT,,1027
AEI_P3_FORMAL_20260826T034308Z_9b5f3c2bdfbe,1,M9.10:97eb8ea8dfec0a163a4b54e1179247553055627de3df3d7a40c8879cacc64800,97eb8ea8dfec0a163a4b54e1179247553055627de3df3d7a40c8879cacc64800,M9,M9.10,CHECK_OB7_REQUIRED_SCHEDULE_ARTIFACT,CHECK_OB7_REQUIRED_SCHEDULE_ARTIFACT,EXPECTED_DETECTOR_MATCH,DETECTED_AS_PREREGISTERED,PASS,FAIL,FAIL,FAIL:CHECK_OB7_REQUIRED_SCHEDULE_ARTIFACT,,1028
AEI_P3_FORMAL_20260826T034308Z_9b5f3c2bdfbe,1,M9.10:9827288498c6ff63f3f7ec6f3bb833b53ac1c3cbaf59021addc82b6a8c08bae2,9827288498c6ff63f3f7ec6f3bb833b53ac1c3cbaf59021addc82b6a8c08bae2,M9,M9.10,CHECK_OB7_REQUIRED_SCHEDULE_ARTIFACT,CHECK_OB7_REQUIRED_SCHEDULE_ARTIFACT,EXPECTED_DETECTOR_MATCH,DETECTED_AS_PREREGISTERED,PASS,FAIL,FAIL,FAIL:CHECK_OB7_REQUIRED_SCHEDULE_ARTIFACT,,1029
AEI_P3_FORMAL_20260826T034308Z_9b5f3c2bdfbe,1,M9.10:9f7906189c782cba7c3a4cc9cb8785764c8ad3fb1e637423a7a310d6c438feb5,9f7906189c782cba7c3a4cc9cb8785764c8ad3fb1e637423a7a310d6c438feb5,M9,M9.10,CHECK_OB7_REQUIRED_SCHEDULE_ARTIFACT,CHECK_OB7_REQUIRED_SCHEDULE_ARTIFACT,EXPECTED_DETECTOR_MATCH,DETECTED_AS_PREREGISTERED,PASS,FAIL,FAIL,FAIL:CHECK_OB7_REQUIRED_SCHEDULE_ARTIFACT,,1030
AEI_P3_FORMAL_20260826T034308Z_9b5f3c2bdfbe,1,M9.10:aa5b4ee1688c71f1a3932cd7d9b629a08e31ef09728f3280c98c7636eecfb8d3,aa5b4ee1688c71f1a3932cd7d9b629a08e31ef09728f3280c98c7636eecfb8d3,M9,M9.10,CHECK_OB7_REQUIRED_SCHEDULE_ARTIFACT,CHECK_OB7_REQUIRED_SCHEDULE_ARTIFACT,EXPECTED_DETECTOR_MATCH,DETECTED_AS_PREREGISTERED,PASS,FAIL,FAIL,FAIL:CHECK_OB7_REQUIRED_SCHEDULE_ARTIFACT,,1031
AEI_P3_FORMAL_20260826T034308Z_9b5f3c2bdfbe,1,M9.10:aad646b14392b632d658225dedb7d3953424ab9ab19ebafdc67bd9a7f02eb50b,aad646b14392b632d658225dedb7d3953424ab9ab19ebafdc67bd9a7f02eb50b,M9,M9.10,CHECK_OB7_REQUIRED_SCHEDULE_ARTIFACT,CHECK_OB7_REQUIRED_SCHEDULE_ARTIFACT,EXPECTED_DETECTOR_MATCH,DETECTED_AS_PREREGISTERED,PASS,FAIL,FAIL,FAIL:CHECK_OB7_REQUIRED_SCHEDULE_ARTIFACT,,1032
AEI_P3_FORMAL_20260826T034308Z_9b5f3c2bdfbe,1,M9.10:abc8d6ba26b9728a25ebd17f4066aa5421f54fde1c1ef630cc33cb308c0fb8e5,abc8d6ba26b9728a25ebd17f4066aa5421f54fde1c1ef630cc33cb308c0fb8e5,M9,M9.10,CHECK_OB7_REQUIRED_SCHEDULE_ARTIFACT,CHECK_OB7_REQUIRED_SCHEDULE_ARTIFACT,EXPECTED_DETECTOR_MATCH,DETECTED_AS_PREREGISTERED,PASS,FAIL,FAIL,FAIL:CHECK_OB7_REQUIRED_SCHEDULE_ARTIFACT,,1033
AEI_P3_FORMAL_20260826T034308Z_9b5f3c2bdfbe,1,M9.10:b0f01f4c7ca822555039b9267d8985edbeb149abc0a710d6583cea634584f862,b0f01f4c7ca822555039b9267d8985edbeb149abc0a710d6583cea634584f862,M9,M9.10,CHECK_OB7_REQUIRED_SCHEDULE_ARTIFACT,CHECK_OB7_REQUIRED_SCHEDULE_ARTIFACT,EXPECTED_DETECTOR_MATCH,DETECTED_AS_PREREGISTERED,PASS,FAIL,FAIL,FAIL:CHECK_OB7_REQUIRED_SCHEDULE_ARTIFACT,,1034
AEI_P3_FORMAL_20260826T034308Z_9b5f3c2bdfbe,1,M9.10:b31f9c5cbf923f188771558357941c1a7d6a71089f67793c620cf7034a070eb2,b31f9c5cbf923f188771558357941c1a7d6a71089f67793c620cf7034a070eb2,M9,M9.10,CHECK_OB7_REQUIRED_SCHEDULE_ARTIFACT,CHECK_OB7_REQUIRED_SCHEDULE_ARTIFACT,EXPECTED_DETECTOR_MATCH,DETECTED_AS_PREREGISTERED,PASS,FAIL,FAIL,FAIL:CHECK_OB7_REQUIRED_SCHEDULE_ARTIFACT,,1035
AEI_P3_FORMAL_20260826T034308Z_9b5f3c2bdfbe,1,M9.10:b5c400c27e6dbb1cc8466c5ce68e1530b6d984599f3c01c36496b49b586ff5e3,b5c400c27e6dbb1cc8466c5ce68e1530b6d984599f3c01c36496b49b586ff5e3,M9,M9.10,CHECK_OB7_REQUIRED_SCHEDULE_ARTIFACT,CHECK_OB7_REQUIRED_SCHEDULE_ARTIFACT,EXPECTED_DETECTOR_MATCH,DETECTED_AS_PREREGISTERED,PASS,FAIL,FAIL,FAIL:CHECK_OB7_REQUIRED_SCHEDULE_ARTIFACT,,1036
AEI_P3_FORMAL_20260826T034308Z_9b5f3c2bdfbe,1,M9.10:bb3f15222034bdf87b9be499b27f859fe778b781693fd54677f83bd7531f0680,bb3f15222034bdf87b9be499b27f859fe778b781693fd54677f83bd7531f0680,M9,M9.10,CHECK_OB7_REQUIRED_SCHEDULE_ARTIFACT,CHECK_OB7_REQUIRED_SCHEDULE_ARTIFACT,EXPECTED_DETECTOR_MATCH,DETECTED_AS_PREREGISTERED,PASS,FAIL,FAIL,FAIL:CHECK_OB7_REQUIRED_SCHEDULE_ARTIFACT,,1037
AEI_P3_FORMAL_20260826T034308Z_9b5f3c2bdfbe,1,M9.10:ce18361670bfbcde2f3ff22167187aecef9164dedbf1198bc7563c147804780e,ce18361670bfbcde2f3ff22167187aecef9164dedbf1198bc7563c147804780e,M9,M9.10,CHECK_OB7_REQUIRED_SCHEDULE_ARTIFACT,CHECK_OB7_REQUIRED_SCHEDULE_ARTIFACT,EXPECTED_DETECTOR_MATCH,DETECTED_AS_PREREGISTERED,PASS,FAIL,FAIL,FAIL:CHECK_OB7_REQUIRED_SCHEDULE_ARTIFACT,,1038
AEI_P3_FORMAL_20260826T034308Z_9b5f3c2bdfbe,1,M9.10:ceae66508816dc9f5458c925c89f155658e6c78710a8753d337ac385481cc1bf,ceae66508816dc9f5458c925c89f155658e6c78710a8753d337ac385481cc1bf,M9,M9.10,CHECK_OB7_REQUIRED_SCHEDULE_ARTIFACT,CHECK_OB7_REQUIRED_SCHEDULE_ARTIFACT,EXPECTED_DETECTOR_MATCH,DETECTED_AS_PREREGISTERED,PASS,FAIL,FAIL,FAIL:CHECK_OB7_REQUIRED_SCHEDULE_ARTIFACT,,1039
AEI_P3_FORMAL_20260826T034308Z_9b5f3c2bdfbe,1,M9.10:d093d52f24139c1b6fb09b775beedd000f1a7b3716df906d7d36e91e7e848265,d093d52f24139c1b6fb09b775beedd000f1a7b3716df906d7d36e91e7e848265,M9,M9.10,CHECK_OB7_REQUIRED_SCHEDULE_ARTIFACT,CHECK_OB7_REQUIRED_SCHEDULE_ARTIFACT,EXPECTED_DETECTOR_MATCH,DETECTED_AS_PREREGISTERED,PASS,FAIL,FAIL,FAIL:CHECK_OB7_REQUIRED_SCHEDULE_ARTIFACT,,1040
AEI_P3_FORMAL_20260826T034308Z_9b5f3c2bdfbe,1,M9.10:d4b957654a5efd71168d6f7e67936e6abf4666ceb41e7919635002157b125411,d4b957654a5efd71168d6f7e67936e6abf4666ceb41e7919635002157b125411,M9,M9.10,CHECK_OB7_REQUIRED_SCHEDULE_ARTIFACT,CHECK_OB7_REQUIRED_SCHEDULE_ARTIFACT,EXPECTED_DETECTOR_MATCH,DETECTED_AS_PREREGISTERED,PASS,FAIL,FAIL,FAIL:CHECK_OB7_REQUIRED_SCHEDULE_ARTIFACT,,1041
AEI_P3_FORMAL_20260826T034308Z_9b5f3c2bdfbe,1,M9.10:d598e89b357205c7b4bd47c5ebbe933f8be1f7c8dcdee85e66ec6829cafb91d3,d598e89b357205c7b4bd47c5ebbe933f8be1f7c8dcdee85e66ec6829cafb91d3,M9,M9.10,CHECK_OB7_REQUIRED_SCHEDULE_ARTIFACT,CHECK_OB7_REQUIRED_SCHEDULE_ARTIFACT,EXPECTED_DETECTOR_MATCH,DETECTED_AS_PREREGISTERED,PASS,FAIL,FAIL,FAIL:CHECK_OB7_REQUIRED_SCHEDULE_ARTIFACT,,1042
AEI_P3_FORMAL_20260826T034308Z_9b5f3c2bdfbe,1,M9.10:eb3670bbe434a59cc94347384a5d50fb526d26a00dbf6da73e54438c4bacc2a0,eb3670bbe434a59cc94347384a5d50fb526d26a00dbf6da73e54438c4bacc2a0,M9,M9.10,CHECK_OB7_REQUIRED_SCHEDULE_ARTIFACT,CHECK_OB7_REQUIRED_SCHEDULE_ARTIFACT,EXPECTED_DETECTOR_MATCH,DETECTED_AS_PREREGISTERED,PASS,FAIL,FAIL,FAIL:CHECK_OB7_REQUIRED_SCHEDULE_ARTIFACT,,1043
AEI_P3_FORMAL_20260826T034308Z_9b5f3c2bdfbe,1,M9.10:f1e5fc58ea336e13c098308a2da00dee7de3dd3aa08d6170df4a3cb1afd09795,f1e5fc58ea336e13c098308a2da00dee7de3dd3aa08d6170df4a3cb1afd09795,M9,M9.10,CHECK_OB7_REQUIRED_SCHEDULE_ARTIFACT,CHECK_OB7_REQUIRED_SCHEDULE_ARTIFACT,EXPECTED_DETECTOR_MATCH,DETECTED_AS_PREREGISTERED,PASS,FAIL,FAIL,FAIL:CHECK_OB7_REQUIRED_SCHEDULE_ARTIFACT,,1044
AEI_P3_FORMAL_20260826T034308Z_9b5f3c2bdfbe,1,M9.10:f583baa2dad1527b5f84f71805410ee51b78fce2b1be62de49f1636c06821c7b,f583baa2dad1527b5f84f71805410ee51b78fce2b1be62de49f1636c06821c7b,M9,M9.10,CHECK_OB7_REQUIRED_SCHEDULE_ARTIFACT,CHECK_OB7_REQUIRED_SCHEDULE_ARTIFACT,EXPECTED_DETECTOR_MATCH,DETECTED_AS_PREREGISTERED,PASS,FAIL,FAIL,FAIL:CHECK_OB7_REQUIRED_SCHEDULE_ARTIFACT,,1045
AEI_P3_FORMAL_20260826T034308Z_9b5f3c2bdfbe,1,M9.10:f64f55ad9277004ae441909cd6556d26eeaf73d3eb3c537384be703615149f96,f64f55ad9277004ae441909cd6556d26eeaf73d3eb3c537384be703615149f96,M9,M9.10,CHECK_OB7_REQUIRED_SCHEDULE_ARTIFACT,CHECK_OB7_REQUIRED_SCHEDULE_ARTIFACT,EXPECTED_DETECTOR_MATCH,DETECTED_AS_PREREGISTERED,PASS,FAIL,FAIL,FAIL:CHECK_OB7_REQUIRED_SCHEDULE_ARTIFACT,,1046
AEI_P3_FORMAL_20260826T034308Z_9b5f3c2bdfbe,1,M9.10:f80e8a50e0815fda9eef8635e52671f3888786c4daef5767b8da7b74e4311646,f80e8a50e0815fda9eef8635e52671f3888786c4daef5767b8da7b74e4311646,M9,M9.10,CHECK_OB7_REQUIRED_SCHEDULE_ARTIFACT,CHECK_OB7_REQUIRED_SCHEDULE_ARTIFACT,EXPECTED_DETECTOR_MATCH,DETECTED_AS_PREREGISTERED,PASS,FAIL,FAIL,FAIL:CHECK_OB7_REQUIRED_SCHEDULE_ARTIFACT,,1047
AEI_P3_FORMAL_20260826T034308Z_9b5f3c2bdfbe,1,M9.10:f9ade00b139ce33674b05d1766de3ec85779abfd83f893a7b2437817100901d9,f9ade00b139ce33674b05d1766de3ec85779abfd83f893a7b2437817100901d9,M9,M9.10,CHECK_OB7_REQUIRED_SCHEDULE_ARTIFACT,CHECK_OB7_REQUIRED_SCHEDULE_ARTIFACT,EXPECTED_DETECTOR_MATCH,DETECTED_AS_PREREGISTERED,PASS,FAIL,FAIL,FAIL:CHECK_OB7_REQUIRED_SCHEDULE_ARTIFACT,,1048
AEI_P3_FORMAL_20260826T034308Z_9b5f3c2bdfbe,1,M9.10:feb26c8ce25b99d6b090e07fca86c8e2dbf3ff2d6b891634c4c71b179329ab47,feb26c8ce25b99d6b090e07fca86c8e2dbf3ff2d6b891634c4c71b179329ab47,M9,M9.10,CHECK_OB7_REQUIRED_SCHEDULE_ARTIFACT,CHECK_OB7_REQUIRED_SCHEDULE_ARTIFACT,EXPECTED_DETECTOR_MATCH,DETECTED_AS_PREREGISTERED,PASS,FAIL,FAIL,FAIL:CHECK_OB7_REQUIRED_SCHEDULE_ARTIFACT,,1049
AEI_P3_FORMAL_20260826T034308Z_9b5f3c2bdfbe,1,M9.11:052b2dfeb855619b4e74c70e7155e5699a6aebc572c887f1432462ecf4afce6b,052b2dfeb855619b4e74c70e7155e5699a6aebc572c887f1432462ecf4afce6b,M9,M9.11,CHECK_OB7_REQUIRED_SCHEDULE_ARTIFACT_SHA256,CHECK_OB7_REQUIRED_SCHEDULE_ARTIFACT_SHA256,EXPECTED_DETECTOR_MATCH,DETECTED_AS_PREREGISTERED,PASS,FAIL,FAIL,FAIL:CHECK_OB7_REQUIRED_SCHEDULE_ARTIFACT_SHA256,,1050
AEI_P3_FORMAL_20260826T034308Z_9b5f3c2bdfbe,1,M9.11:0edc936e36dbd00367c35ec096b127c69211776f53ead8d7b9619a78d9b3beb5,0edc936e36dbd00367c35ec096b127c69211776f53ead8d7b9619a78d9b3beb5,M9,M9.11,CHECK_OB7_REQUIRED_SCHEDULE_ARTIFACT_SHA256,CHECK_OB7_REQUIRED_SCHEDULE_ARTIFACT_SHA256,EXPECTED_DETECTOR_MATCH,DETECTED_AS_PREREGISTERED,PASS,FAIL,FAIL,FAIL:CHECK_OB7_REQUIRED_SCHEDULE_ARTIFACT_SHA256,,1051
AEI_P3_FORMAL_20260826T034308Z_9b5f3c2bdfbe,1,M9.11:19993579c580ecb799e1ce158990340e547863ae75c4be153b97908cb5cd08a2,19993579c580ecb799e1ce158990340e547863ae75c4be153b97908cb5cd08a2,M9,M9.11,CHECK_OB7_REQUIRED_SCHEDULE_ARTIFACT_SHA256,CHECK_OB7_REQUIRED_SCHEDULE_ARTIFACT_SHA256,EXPECTED_DETECTOR_MATCH,DETECTED_AS_PREREGISTERED,PASS,FAIL,FAIL,FAIL:CHECK_OB7_REQUIRED_SCHEDULE_ARTIFACT_SHA256,,1052
AEI_P3_FORMAL_20260826T034308Z_9b5f3c2bdfbe,1,M9.11:1bb3dc3f26212de23def1f2ca0d598d344fea56b8a73247e2f6390ebea07946d,1bb3dc3f26212de23def1f2ca0d598d344fea56b8a73247e2f6390ebea07946d,M9,M9.11,CHECK_OB7_REQUIRED_SCHEDULE_ARTIFACT_SHA256,CHECK_OB7_REQUIRED_SCHEDULE_ARTIFACT_SHA256,EXPECTED_DETECTOR_MATCH,DETECTED_AS_PREREGISTERED,PASS,FAIL,FAIL,FAIL:CHECK_OB7_REQUIRED_SCHEDULE_ARTIFACT_SHA256,,1053
AEI_P3_FORMAL_20260826T034308Z_9b5f3c2bdfbe,1,M9.11:2443e5a3d32298289c0b98d2a7d3a03cbf4194a7adecf97293b0ac348944ba9e,2443e5a3d32298289c0b98d2a7d3a03cbf4194a7adecf97293b0ac348944ba9e,M9,M9.11,CHECK_OB7_REQUIRED_SCHEDULE_ARTIFACT_SHA256,CHECK_OB7_REQUIRED_SCHEDULE_ARTIFACT_SHA256,EXPECTED_DETECTOR_MATCH,DETECTED_AS_PREREGISTERED,PASS,FAIL,FAIL,FAIL:CHECK_OB7_REQUIRED_SCHEDULE_ARTIFACT_SHA256,,1054
AEI_P3_FORMAL_20260826T034308Z_9b5f3c2bdfbe,1,M9.11:245cb7ed72fd0a10da80157bd648a7ae9e8bd9ef722909fe778d274715ad67b3,245cb7ed72fd0a10da80157bd648a7ae9e8bd9ef722909fe778d274715ad67b3,M9,M9.11,CHECK_OB7_REQUIRED_SCHEDULE_ARTIFACT_SHA256,CHECK_OB7_REQUIRED_SCHEDULE_ARTIFACT_SHA256,EXPECTED_DETECTOR_MATCH,DETECTED_AS_PREREGISTERED,PASS,FAIL,FAIL,FAIL:CHECK_OB7_REQUIRED_SCHEDULE_ARTIFACT_SHA256,,1055
AEI_P3_FORMAL_20260826T034308Z_9b5f3c2bdfbe,1,M9.11:268469c82535bf1ba82a82324d755f40ad8bc7255c875b8e25c2d7943cff1ff3,268469c82535bf1ba82a82324d755f40ad8bc7255c875b8e25c2d7943cff1ff3,M9,M9.11,CHECK_OB7_REQUIRED_SCHEDULE_ARTIFACT_SHA256,CHECK_OB7_REQUIRED_SCHEDULE_ARTIFACT_SHA256,EXPECTED_DETECTOR_MATCH,DETECTED_AS_PREREGISTERED,PASS,FAIL,FAIL,FAIL:CHECK_OB7_REQUIRED_SCHEDULE_ARTIFACT_SHA256,,1056
AEI_P3_FORMAL_20260826T034308Z_9b5f3c2bdfbe,1,M9.11:2908e9ba69598735be8757d9b153473f5bacec1feb89ecff91ce994824a10178,2908e9ba69598735be8757d9b153473f5bacec1feb89ecff91ce994824a10178,M9,M9.11,CHECK_OB7_REQUIRED_SCHEDULE_ARTIFACT_SHA256,CHECK_OB7_REQUIRED_SCHEDULE_ARTIFACT_SHA256,EXPECTED_DETECTOR_MATCH,DETECTED_AS_PREREGISTERED,PASS,FAIL,FAIL,FAIL:CHECK_OB7_REQUIRED_SCHEDULE_ARTIFACT_SHA256,,1057
AEI_P3_FORMAL_20260826T034308Z_9b5f3c2bdfbe,1,M9.11:474b6ef7aac2feb7cb9195d7d3644f0d53d378eb4518ef87a9a2f7714d8ef3d5,474b6ef7aac2feb7cb9195d7d3644f0d53d378eb4518ef87a9a2f7714d8ef3d5,M9,M9.11,CHECK_OB7_REQUIRED_SCHEDULE_ARTIFACT_SHA256,CHECK_OB7_REQUIRED_SCHEDULE_ARTIFACT_SHA256,EXPECTED_DETECTOR_MATCH,DETECTED_AS_PREREGISTERED,PASS,FAIL,FAIL,FAIL:CHECK_OB7_REQUIRED_SCHEDULE_ARTIFACT_SHA256,,1058
AEI_P3_FORMAL_20260826T034308Z_9b5f3c2bdfbe,1,M9.11:4fafb9a13ff5e2fda82a804bf609727b68a17926d69ae1574c4801604ec81359,4fafb9a13ff5e2fda82a804bf609727b68a17926d69ae1574c4801604ec81359,M9,M9.11,CHECK_OB7_REQUIRED_SCHEDULE_ARTIFACT_SHA256,CHECK_OB7_REQUIRED_SCHEDULE_ARTIFACT_SHA256,EXPECTED_DETECTOR_MATCH,DETECTED_AS_PREREGISTERED,PASS,FAIL,FAIL,FAIL:CHECK_OB7_REQUIRED_SCHEDULE_ARTIFACT_SHA256,,1059
AEI_P3_FORMAL_20260826T034308Z_9b5f3c2bdfbe,1,M9.11:54349d927b9070c144f507868f9ef8b962c7c926426b33c3a7e0c88f715b246a,54349d927b9070c144f507868f9ef8b962c7c926426b33c3a7e0c88f715b246a,M9,M9.11,CHECK_OB7_REQUIRED_SCHEDULE_ARTIFACT_SHA256,CHECK_OB7_REQUIRED_SCHEDULE_ARTIFACT_SHA256,EXPECTED_DETECTOR_MATCH,DETECTED_AS_PREREGISTERED,PASS,FAIL,FAIL,FAIL:CHECK_OB7_REQUIRED_SCHEDULE_ARTIFACT_SHA256,,1060
AEI_P3_FORMAL_20260826T034308Z_9b5f3c2bdfbe,1,M9.11:558b8365de15727bf495595ed539867872c185b280ea249712f3b1d5f8674cd5,558b8365de15727bf495595ed539867872c185b280ea249712f3b1d5f8674cd5,M9,M9.11,CHECK_OB7_REQUIRED_SCHEDULE_ARTIFACT_SHA256,CHECK_OB7_REQUIRED_SCHEDULE_ARTIFACT_SHA256,EXPECTED_DETECTOR_MATCH,DETECTED_AS_PREREGISTERED,PASS,FAIL,FAIL,FAIL:CHECK_OB7_REQUIRED_SCHEDULE_ARTIFACT_SHA256,,1061
AEI_P3_FORMAL_20260826T034308Z_9b5f3c2bdfbe,1,M9.11:5ecccd77f46ab5549088b57686632a9eb5ccf1a5a977fbe35cfae6a50eca52bb,5ecccd77f46ab5549088b57686632a9eb5ccf1a5a977fbe35cfae6a50eca52bb,M9,M9.11,CHECK_OB7_REQUIRED_SCHEDULE_ARTIFACT_SHA256,CHECK_OB7_REQUIRED_SCHEDULE_ARTIFACT_SHA256,EXPECTED_DETECTOR_MATCH,DETECTED_AS_PREREGISTERED,PASS,FAIL,FAIL,FAIL:CHECK_OB7_REQUIRED_SCHEDULE_ARTIFACT_SHA256,,1062
AEI_P3_FORMAL_20260826T034308Z_9b5f3c2bdfbe,1,M9.11:5f24b2bbe16d5c8f667064d5031553e1dd9c4d9dbb7e0757cb922d9ba47928d5,5f24b2bbe16d5c8f667064d5031553e1dd9c4d9dbb7e0757cb922d9ba47928d5,M9,M9.11,CHECK_OB7_REQUIRED_SCHEDULE_ARTIFACT_SHA256,CHECK_OB7_REQUIRED_SCHEDULE_ARTIFACT_SHA256,EXPECTED_DETECTOR_MATCH,DETECTED_AS_PREREGISTERED,PASS,FAIL,FAIL,FAIL:CHECK_OB7_REQUIRED_SCHEDULE_ARTIFACT_SHA256,,1063
AEI_P3_FORMAL_20260826T034308Z_9b5f3c2bdfbe,1,M9.11:61f77c0251bcd2bbb51e6bff7e048bfcda7139b4e796314d32b47961ac3b5c1b,61f77c0251bcd2bbb51e6bff7e048bfcda7139b4e796314d32b47961ac3b5c1b,M9,M9.11,CHECK_OB7_REQUIRED_SCHEDULE_ARTIFACT_SHA256,CHECK_OB7_REQUIRED_SCHEDULE_ARTIFACT_SHA256,EXPECTED_DETECTOR_MATCH,DETECTED_AS_PREREGISTERED,PASS,FAIL,FAIL,FAIL:CHECK_OB7_REQUIRED_SCHEDULE_ARTIFACT_SHA256,,1064
AEI_P3_FORMAL_20260826T034308Z_9b5f3c2bdfbe,1,M9.11:634f3d08fd93ba622176ea6c9ff7ff1fb9d57a9b14f936f27d1460655fc20d72,634f3d08fd93ba622176ea6c9ff7ff1fb9d57a9b14f936f27d1460655fc20d72,M9,M9.11,CHECK_OB7_REQUIRED_SCHEDULE_ARTIFACT_SHA256,CHECK_OB7_REQUIRED_SCHEDULE_ARTIFACT_SHA256,EXPECTED_DETECTOR_MATCH,DETECTED_AS_PREREGISTERED,PASS,FAIL,FAIL,FAIL:CHECK_OB7_REQUIRED_SCHEDULE_ARTIFACT_SHA256,,1065
AEI_P3_FORMAL_20260826T034308Z_9b5f3c2bdfbe,1,M9.11:73cdcc11d1c23e47664696979a9b12b94deb5da000c18f37a8d7c0b641090788,73cdcc11d1c23e47664696979a9b12b94deb5da000c18f37a8d7c0b641090788,M9,M9.11,CHECK_OB7_REQUIRED_SCHEDULE_ARTIFACT_SHA256,CHECK_OB7_REQUIRED_SCHEDULE_ARTIFACT_SHA256,EXPECTED_DETECTOR_MATCH,DETECTED_AS_PREREGISTERED,PASS,FAIL,FAIL,FAIL:CHECK_OB7_REQUIRED_SCHEDULE_ARTIFACT_SHA256,,1066
AEI_P3_FORMAL_20260826T034308Z_9b5f3c2bdfbe,1,M9.11:7dc2cc636acd7eeb3db7367222360894cac918d6adca467d2f7a79960bbe8b1c,7dc2cc636acd7eeb3db7367222360894cac918d6adca467d2f7a79960bbe8b1c,M9,M9.11,CHECK_OB7_REQUIRED_SCHEDULE_ARTIFACT_SHA256,CHECK_OB7_REQUIRED_SCHEDULE_ARTIFACT_SHA256,EXPECTED_DETECTOR_MATCH,DETECTED_AS_PREREGISTERED,PASS,FAIL,FAIL,FAIL:CHECK_OB7_REQUIRED_SCHEDULE_ARTIFACT_SHA256,,1067
AEI_P3_FORMAL_20260826T034308Z_9b5f3c2bdfbe,1,M9.11:8c60197386a54af6d06cac0996c81cbca4971ac83984afcf2a52fa27a5bb1b42,8c60197386a54af6d06cac0996c81cbca4971ac83984afcf2a52fa27a5bb1b42,M9,M9.11,CHECK_OB7_REQUIRED_SCHEDULE_ARTIFACT_SHA256,CHECK_OB7_REQUIRED_SCHEDULE_ARTIFACT_SHA256,EXPECTED_DETECTOR_MATCH,DETECTED_AS_PREREGISTERED,PASS,FAIL,FAIL,FAIL:CHECK_OB7_REQUIRED_SCHEDULE_ARTIFACT_SHA256,,1068
AEI_P3_FORMAL_20260826T034308Z_9b5f3c2bdfbe,1,M9.11:8e3a1df6f55a6d53d21fd63c9dcda45cee6d1576c4989d45b40828d31e6d7281,8e3a1df6f55a6d53d21fd63c9dcda45cee6d1576c4989d45b40828d31e6d7281,M9,M9.11,CHECK_OB7_REQUIRED_SCHEDULE_ARTIFACT_SHA256,CHECK_OB7_REQUIRED_SCHEDULE_ARTIFACT_SHA256,EXPECTED_DETECTOR_MATCH,DETECTED_AS_PREREGISTERED,PASS,FAIL,FAIL,FAIL:CHECK_OB7_REQUIRED_SCHEDULE_ARTIFACT_SHA256,,1069
AEI_P3_FORMAL_20260826T034308Z_9b5f3c2bdfbe,1,M9.11:97eb8ea8dfec0a163a4b54e1179247553055627de3df3d7a40c8879cacc64800,97eb8ea8dfec0a163a4b54e1179247553055627de3df3d7a40c8879cacc64800,M9,M9.11,CHECK_OB7_REQUIRED_SCHEDULE_ARTIFACT_SHA256,CHECK_OB7_REQUIRED_SCHEDULE_ARTIFACT_SHA256,EXPECTED_DETECTOR_MATCH,DETECTED_AS_PREREGISTERED,PASS,FAIL,FAIL,FAIL:CHECK_OB7_REQUIRED_SCHEDULE_ARTIFACT_SHA256,,1070
AEI_P3_FORMAL_20260826T034308Z_9b5f3c2bdfbe,1,M9.11:9827288498c6ff63f3f7ec6f3bb833b53ac1c3cbaf59021addc82b6a8c08bae2,9827288498c6ff63f3f7ec6f3bb833b53ac1c3cbaf59021addc82b6a8c08bae2,M9,M9.11,CHECK_OB7_REQUIRED_SCHEDULE_ARTIFACT_SHA256,CHECK_OB7_REQUIRED_SCHEDULE_ARTIFACT_SHA256,EXPECTED_DETECTOR_MATCH,DETECTED_AS_PREREGISTERED,PASS,FAIL,FAIL,FAIL:CHECK_OB7_REQUIRED_SCHEDULE_ARTIFACT_SHA256,,1071
AEI_P3_FORMAL_20260826T034308Z_9b5f3c2bdfbe,1,M9.11:9f7906189c782cba7c3a4cc9cb8785764c8ad3fb1e637423a7a310d6c438feb5,9f7906189c782cba7c3a4cc9cb8785764c8ad3fb1e637423a7a310d6c438feb5,M9,M9.11,CHECK_OB7_REQUIRED_SCHEDULE_ARTIFACT_SHA256,CHECK_OB7_REQUIRED_SCHEDULE_ARTIFACT_SHA256,EXPECTED_DETECTOR_MATCH,DETECTED_AS_PREREGISTERED,PASS,FAIL,FAIL,FAIL:CHECK_OB7_REQUIRED_SCHEDULE_ARTIFACT_SHA256,,1072
AEI_P3_FORMAL_20260826T034308Z_9b5f3c2bdfbe,1,M9.11:aa5b4ee1688c71f1a3932cd7d9b629a08e31ef09728f3280c98c7636eecfb8d3,aa5b4ee1688c71f1a3932cd7d9b629a08e31ef09728f3280c98c7636eecfb8d3,M9,M9.11,CHECK_OB7_REQUIRED_SCHEDULE_ARTIFACT_SHA256,CHECK_OB7_REQUIRED_SCHEDULE_ARTIFACT_SHA256,EXPECTED_DETECTOR_MATCH,DETECTED_AS_PREREGISTERED,PASS,FAIL,FAIL,FAIL:CHECK_OB7_REQUIRED_SCHEDULE_ARTIFACT_SHA256,,1073
AEI_P3_FORMAL_20260826T034308Z_9b5f3c2bdfbe,1,M9.11:aad646b14392b632d658225dedb7d3953424ab9ab19ebafdc67bd9a7f02eb50b,aad646b14392b632d658225dedb7d3953424ab9ab19ebafdc67bd9a7f02eb50b,M9,M9.11,CHECK_OB7_REQUIRED_SCHEDULE_ARTIFACT_SHA256,CHECK_OB7_REQUIRED_SCHEDULE_ARTIFACT_SHA256,EXPECTED_DETECTOR_MATCH,DETECTED_AS_PREREGISTERED,PASS,FAIL,FAIL,FAIL:CHECK_OB7_REQUIRED_SCHEDULE_ARTIFACT_SHA256,,1074
AEI_P3_FORMAL_20260826T034308Z_9b5f3c2bdfbe,1,M9.11:abc8d6ba26b9728a25ebd17f4066aa5421f54fde1c1ef630cc33cb308c0fb8e5,abc8d6ba26b9728a25ebd17f4066aa5421f54fde1c1ef630cc33cb308c0fb8e5,M9,M9.11,CHECK_OB7_REQUIRED_SCHEDULE_ARTIFACT_SHA256,CHECK_OB7_REQUIRED_SCHEDULE_ARTIFACT_SHA256,EXPECTED_DETECTOR_MATCH,DETECTED_AS_PREREGISTERED,PASS,FAIL,FAIL,FAIL:CHECK_OB7_REQUIRED_SCHEDULE_ARTIFACT_SHA256,,1075
AEI_P3_FORMAL_20260826T034308Z_9b5f3c2bdfbe,1,M9.11:b0f01f4c7ca822555039b9267d8985edbeb149abc0a710d6583cea634584f862,b0f01f4c7ca822555039b9267d8985edbeb149abc0a710d6583cea634584f862,M9,M9.11,CHECK_OB7_REQUIRED_SCHEDULE_ARTIFACT_SHA256,CHECK_OB7_REQUIRED_SCHEDULE_ARTIFACT_SHA256,EXPECTED_DETECTOR_MATCH,DETECTED_AS_PREREGISTERED,PASS,FAIL,FAIL,FAIL:CHECK_OB7_REQUIRED_SCHEDULE_ARTIFACT_SHA256,,1076
AEI_P3_FORMAL_20260826T034308Z_9b5f3c2bdfbe,1,M9.11:b31f9c5cbf923f188771558357941c1a7d6a71089f67793c620cf7034a070eb2,b31f9c5cbf923f188771558357941c1a7d6a71089f67793c620cf7034a070eb2,M9,M9.11,CHECK_OB7_REQUIRED_SCHEDULE_ARTIFACT_SHA256,CHECK_OB7_REQUIRED_SCHEDULE_ARTIFACT_SHA256,EXPECTED_DETECTOR_MATCH,DETECTED_AS_PREREGISTERED,PASS,FAIL,FAIL,FAIL:CHECK_OB7_REQUIRED_SCHEDULE_ARTIFACT_SHA256,,1077
AEI_P3_FORMAL_20260826T034308Z_9b5f3c2bdfbe,1,M9.11:b5c400c27e6dbb1cc8466c5ce68e1530b6d984599f3c01c36496b49b586ff5e3,b5c400c27e6dbb1cc8466c5ce68e1530b6d984599f3c01c36496b49b586ff5e3,M9,M9.11,CHECK_OB7_REQUIRED_SCHEDULE_ARTIFACT_SHA256,CHECK_OB7_REQUIRED_SCHEDULE_ARTIFACT_SHA256,EXPECTED_DETECTOR_MATCH,DETECTED_AS_PREREGISTERED,PASS,FAIL,FAIL,FAIL:CHECK_OB7_REQUIRED_SCHEDULE_ARTIFACT_SHA256,,1078
AEI_P3_FORMAL_20260826T034308Z_9b5f3c2bdfbe,1,M9.11:bb3f15222034bdf87b9be499b27f859fe778b781693fd54677f83bd7531f0680,bb3f15222034bdf87b9be499b27f859fe778b781693fd54677f83bd7531f0680,M9,M9.11,CHECK_OB7_REQUIRED_SCHEDULE_ARTIFACT_SHA256,CHECK_OB7_REQUIRED_SCHEDULE_ARTIFACT_SHA256,EXPECTED_DETECTOR_MATCH,DETECTED_AS_PREREGISTERED,PASS,FAIL,FAIL,FAIL:CHECK_OB7_REQUIRED_SCHEDULE_ARTIFACT_SHA256,,1079
AEI_P3_FORMAL_20260826T034308Z_9b5f3c2bdfbe,1,M9.11:ce18361670bfbcde2f3ff22167187aecef9164dedbf1198bc7563c147804780e,ce18361670bfbcde2f3ff22167187aecef9164dedbf1198bc7563c147804780e,M9,M9.11,CHECK_OB7_REQUIRED_SCHEDULE_ARTIFACT_SHA256,CHECK_OB7_REQUIRED_SCHEDULE_ARTIFACT_SHA256,EXPECTED_DETECTOR_MATCH,DETECTED_AS_PREREGISTERED,PASS,FAIL,FAIL,FAIL:CHECK_OB7_REQUIRED_SCHEDULE_ARTIFACT_SHA256,,1080
AEI_P3_FORMAL_20260826T034308Z_9b5f3c2bdfbe,1,M9.11:ceae66508816dc9f5458c925c89f155658e6c78710a8753d337ac385481cc1bf,ceae66508816dc9f5458c925c89f155658e6c78710a8753d337ac385481cc1bf,M9,M9.11,CHECK_OB7_REQUIRED_SCHEDULE_ARTIFACT_SHA256,CHECK_OB7_REQUIRED_SCHEDULE_ARTIFACT_SHA256,EXPECTED_DETECTOR_MATCH,DETECTED_AS_PREREGISTERED,PASS,FAIL,FAIL,FAIL:CHECK_OB7_REQUIRED_SCHEDULE_ARTIFACT_SHA256,,1081
AEI_P3_FORMAL_20260826T034308Z_9b5f3c2bdfbe,1,M9.11:d093d52f24139c1b6fb09b775beedd000f1a7b3716df906d7d36e91e7e848265,d093d52f24139c1b6fb09b775beedd000f1a7b3716df906d7d36e91e7e848265,M9,M9.11,CHECK_OB7_REQUIRED_SCHEDULE_ARTIFACT_SHA256,CHECK_OB7_REQUIRED_SCHEDULE_ARTIFACT_SHA256,EXPECTED_DETECTOR_MATCH,DETECTED_AS_PREREGISTERED,PASS,FAIL,FAIL,FAIL:CHECK_OB7_REQUIRED_SCHEDULE_ARTIFACT_SHA256,,1082
AEI_P3_FORMAL_20260826T034308Z_9b5f3c2bdfbe,1,M9.11:d4b957654a5efd71168d6f7e67936e6abf4666ceb41e7919635002157b125411,d4b957654a5efd71168d6f7e67936e6abf4666ceb41e7919635002157b125411,M9,M9.11,CHECK_OB7_REQUIRED_SCHEDULE_ARTIFACT_SHA256,CHECK_OB7_REQUIRED_SCHEDULE_ARTIFACT_SHA256,EXPECTED_DETECTOR_MATCH,DETECTED_AS_PREREGISTERED,PASS,FAIL,FAIL,FAIL:CHECK_OB7_REQUIRED_SCHEDULE_ARTIFACT_SHA256,,1083
AEI_P3_FORMAL_20260826T034308Z_9b5f3c2bdfbe,1,M9.11:d598e89b357205c7b4bd47c5ebbe933f8be1f7c8dcdee85e66ec6829cafb91d3,d598e89b357205c7b4bd47c5ebbe933f8be1f7c8dcdee85e66ec6829cafb91d3,M9,M9.11,CHECK_OB7_REQUIRED_SCHEDULE_ARTIFACT_SHA256,CHECK_OB7_REQUIRED_SCHEDULE_ARTIFACT_SHA256,EXPECTED_DETECTOR_MATCH,DETECTED_AS_PREREGISTERED,PASS,FAIL,FAIL,FAIL:CHECK_OB7_REQUIRED_SCHEDULE_ARTIFACT_SHA256,,1084
AEI_P3_FORMAL_20260826T034308Z_9b5f3c2bdfbe,1,M9.11:eb3670bbe434a59cc94347384a5d50fb526d26a00dbf6da73e54438c4bacc2a0,eb3670bbe434a59cc94347384a5d50fb526d26a00dbf6da73e54438c4bacc2a0,M9,M9.11,CHECK_OB7_REQUIRED_SCHEDULE_ARTIFACT_SHA256,CHECK_OB7_REQUIRED_SCHEDULE_ARTIFACT_SHA256,EXPECTED_DETECTOR_MATCH,DETECTED_AS_PREREGISTERED,PASS,FAIL,FAIL,FAIL:CHECK_OB7_REQUIRED_SCHEDULE_ARTIFACT_SHA256,,1085
AEI_P3_FORMAL_20260826T034308Z_9b5f3c2bdfbe,1,M9.11:f1e5fc58ea336e13c098308a2da00dee7de3dd3aa08d6170df4a3cb1afd09795,f1e5fc58ea336e13c098308a2da00dee7de3dd3aa08d6170df4a3cb1afd09795,M9,M9.11,CHECK_OB7_REQUIRED_SCHEDULE_ARTIFACT_SHA256,CHECK_OB7_REQUIRED_SCHEDULE_ARTIFACT_SHA256,EXPECTED_DETECTOR_MATCH,DETECTED_AS_PREREGISTERED,PASS,FAIL,FAIL,FAIL:CHECK_OB7_REQUIRED_SCHEDULE_ARTIFACT_SHA256,,1086
AEI_P3_FORMAL_20260826T034308Z_9b5f3c2bdfbe,1,M9.11:f583baa2dad1527b5f84f71805410ee51b78fce2b1be62de49f1636c06821c7b,f583baa2dad1527b5f84f71805410ee51b78fce2b1be62de49f1636c06821c7b,M9,M9.11,CHECK_OB7_REQUIRED_SCHEDULE_ARTIFACT_SHA256,CHECK_OB7_REQUIRED_SCHEDULE_ARTIFACT_SHA256,EXPECTED_DETECTOR_MATCH,DETECTED_AS_PREREGISTERED,PASS,FAIL,FAIL,FAIL:CHECK_OB7_REQUIRED_SCHEDULE_ARTIFACT_SHA256,,1087
AEI_P3_FORMAL_20260826T034308Z_9b5f3c2bdfbe,1,M9.11:f64f55ad9277004ae441909cd6556d26eeaf73d3eb3c537384be703615149f96,f64f55ad9277004ae441909cd6556d26eeaf73d3eb3c537384be703615149f96,M9,M9.11,CHECK_OB7_REQUIRED_SCHEDULE_ARTIFACT_SHA256,CHECK_OB7_REQUIRED_SCHEDULE_ARTIFACT_SHA256,EXPECTED_DETECTOR_MATCH,DETECTED_AS_PREREGISTERED,PASS,FAIL,FAIL,FAIL:CHECK_OB7_REQUIRED_SCHEDULE_ARTIFACT_SHA256,,1088
AEI_P3_FORMAL_20260826T034308Z_9b5f3c2bdfbe,1,M9.11:f80e8a50e0815fda9eef8635e52671f3888786c4daef5767b8da7b74e4311646,f80e8a50e0815fda9eef8635e52671f3888786c4daef5767b8da7b74e4311646,M9,M9.11,CHECK_OB7_REQUIRED_SCHEDULE_ARTIFACT_SHA256,CHECK_OB7_REQUIRED_SCHEDULE_ARTIFACT_SHA256,EXPECTED_DETECTOR_MATCH,DETECTED_AS_PREREGISTERED,PASS,FAIL,FAIL,FAIL:CHECK_OB7_REQUIRED_SCHEDULE_ARTIFACT_SHA256,,1089
AEI_P3_FORMAL_20260826T034308Z_9b5f3c2bdfbe,1,M9.11:f9ade00b139ce33674b05d1766de3ec85779abfd83f893a7b2437817100901d9,f9ade00b139ce33674b05d1766de3ec85779abfd83f893a7b2437817100901d9,M9,M9.11,CHECK_OB7_REQUIRED_SCHEDULE_ARTIFACT_SHA256,CHECK_OB7_REQUIRED_SCHEDULE_ARTIFACT_SHA256,EXPECTED_DETECTOR_MATCH,DETECTED_AS_PREREGISTERED,PASS,FAIL,FAIL,FAIL:CHECK_OB7_REQUIRED_SCHEDULE_ARTIFACT_SHA256,,1090
AEI_P3_FORMAL_20260826T034308Z_9b5f3c2bdfbe,1,M9.11:feb26c8ce25b99d6b090e07fca86c8e2dbf3ff2d6b891634c4c71b179329ab47,feb26c8ce25b99d6b090e07fca86c8e2dbf3ff2d6b891634c4c71b179329ab47,M9,M9.11,CHECK_OB7_REQUIRED_SCHEDULE_ARTIFACT_SHA256,CHECK_OB7_REQUIRED_SCHEDULE_ARTIFACT_SHA256,EXPECTED_DETECTOR_MATCH,DETECTED_AS_PREREGISTERED,PASS,FAIL,FAIL,FAIL:CHECK_OB7_REQUIRED_SCHEDULE_ARTIFACT_SHA256,,1091
AEI_P3_FORMAL_20260826T034308Z_9b5f3c2bdfbe,2,M1.01:052b2dfeb855619b4e74c70e7155e5699a6aebc572c887f1432462ecf4afce6b,052b2dfeb855619b4e74c70e7155e5699a6aebc572c887f1432462ecf4afce6b,M1,M1.01,CHECK_REQUIRED_INPUT_EVENT,CHECK_REQUIRED_INPUT_EVENT,EXPECTED_DETECTOR_MATCH,DETECTED_AS_PREREGISTERED,FAIL,PASS,FAIL,FAIL:CHECK_REQUIRED_INPUT_EVENT,,0
AEI_P3_FORMAL_20260826T034308Z_9b5f3c2bdfbe,2,M1.01:0edc936e36dbd00367c35ec096b127c69211776f53ead8d7b9619a78d9b3beb5,0edc936e36dbd00367c35ec096b127c69211776f53ead8d7b9619a78d9b3beb5,M1,M1.01,CHECK_REQUIRED_INPUT_EVENT,CHECK_REQUIRED_INPUT_EVENT,EXPECTED_DETECTOR_MATCH,DETECTED_AS_PREREGISTERED,FAIL,PASS,FAIL,FAIL:CHECK_REQUIRED_INPUT_EVENT,,1
AEI_P3_FORMAL_20260826T034308Z_9b5f3c2bdfbe,2,M1.01:19993579c580ecb799e1ce158990340e547863ae75c4be153b97908cb5cd08a2,19993579c580ecb799e1ce158990340e547863ae75c4be153b97908cb5cd08a2,M1,M1.01,CHECK_REQUIRED_INPUT_EVENT,CHECK_REQUIRED_INPUT_EVENT,EXPECTED_DETECTOR_MATCH,DETECTED_AS_PREREGISTERED,FAIL,PASS,FAIL,FAIL:CHECK_REQUIRED_INPUT_EVENT,,2
AEI_P3_FORMAL_20260826T034308Z_9b5f3c2bdfbe,2,M1.01:1bb3dc3f26212de23def1f2ca0d598d344fea56b8a73247e2f6390ebea07946d,1bb3dc3f26212de23def1f2ca0d598d344fea56b8a73247e2f6390ebea07946d,M1,M1.01,CHECK_REQUIRED_INPUT_EVENT,CHECK_REQUIRED_INPUT_EVENT,EXPECTED_DETECTOR_MATCH,DETECTED_AS_PREREGISTERED,FAIL,PASS,FAIL,FAIL:CHECK_REQUIRED_INPUT_EVENT,,3
AEI_P3_FORMAL_20260826T034308Z_9b5f3c2bdfbe,2,M1.01:2443e5a3d32298289c0b98d2a7d3a03cbf4194a7adecf97293b0ac348944ba9e,2443e5a3d32298289c0b98d2a7d3a03cbf4194a7adecf97293b0ac348944ba9e,M1,M1.01,CHECK_REQUIRED_INPUT_EVENT,CHECK_REQUIRED_INPUT_EVENT,EXPECTED_DETECTOR_MATCH,DETECTED_AS_PREREGISTERED,FAIL,PASS,FAIL,FAIL:CHECK_REQUIRED_INPUT_EVENT,,4
AEI_P3_FORMAL_20260826T034308Z_9b5f3c2bdfbe,2,M1.01:245cb7ed72fd0a10da80157bd648a7ae9e8bd9ef722909fe778d274715ad67b3,245cb7ed72fd0a10da80157bd648a7ae9e8bd9ef722909fe778d274715ad67b3,M1,M1.01,CHECK_REQUIRED_INPUT_EVENT,CHECK_REQUIRED_INPUT_EVENT,EXPECTED_DETECTOR_MATCH,DETECTED_AS_PREREGISTERED,FAIL,PASS,FAIL,FAIL:CHECK_REQUIRED_INPUT_EVENT,,5
AEI_P3_FORMAL_20260826T034308Z_9b5f3c2bdfbe,2,M1.01:268469c82535bf1ba82a82324d755f40ad8bc7255c875b8e25c2d7943cff1ff3,268469c82535bf1ba82a82324d755f40ad8bc7255c875b8e25c2d7943cff1ff3,M1,M1.01,CHECK_REQUIRED_INPUT_EVENT,CHECK_REQUIRED_INPUT_EVENT,EXPECTED_DETECTOR_MATCH,DETECTED_AS_PREREGISTERED,FAIL,PASS,FAIL,FAIL:CHECK_REQUIRED_INPUT_EVENT,,6
AEI_P3_FORMAL_20260826T034308Z_9b5f3c2bdfbe,2,M1.01:2908e9ba69598735be8757d9b153473f5bacec1feb89ecff91ce994824a10178,2908e9ba69598735be8757d9b153473f5bacec1feb89ecff91ce994824a10178,M1,M1.01,CHECK_REQUIRED_INPUT_EVENT,CHECK_REQUIRED_INPUT_EVENT,EXPECTED_DETECTOR_MATCH,DETECTED_AS_PREREGISTERED,FAIL,PASS,FAIL,FAIL:CHECK_REQUIRED_INPUT_EVENT,,7
AEI_P3_FORMAL_20260826T034308Z_9b5f3c2bdfbe,2,M1.01:474b6ef7aac2feb7cb9195d7d3644f0d53d378eb4518ef87a9a2f7714d8ef3d5,474b6ef7aac2feb7cb9195d7d3644f0d53d378eb4518ef87a9a2f7714d8ef3d5,M1,M1.01,CHECK_REQUIRED_INPUT_EVENT,CHECK_REQUIRED_INPUT_EVENT,EXPECTED_DETECTOR_MATCH,DETECTED_AS_PREREGISTERED,FAIL,PASS,FAIL,FAIL:CHECK_REQUIRED_INPUT_EVENT,,8
AEI_P3_FORMAL_20260826T034308Z_9b5f3c2bdfbe,2,M1.01:4fafb9a13ff5e2fda82a804bf609727b68a17926d69ae1574c4801604ec81359,4fafb9a13ff5e2fda82a804bf609727b68a17926d69ae1574c4801604ec81359,M1,M1.01,CHECK_REQUIRED_INPUT_EVENT,CHECK_REQUIRED_INPUT_EVENT,EXPECTED_DETECTOR_MATCH,DETECTED_AS_PREREGISTERED,FAIL,PASS,FAIL,FAIL:CHECK_REQUIRED_INPUT_EVENT,,9
AEI_P3_FORMAL_20260826T034308Z_9b5f3c2bdfbe,2,M1.01:54349d927b9070c144f507868f9ef8b962c7c926426b33c3a7e0c88f715b246a,54349d927b9070c144f507868f9ef8b962c7c926426b33c3a7e0c88f715b246a,M1,M1.01,CHECK_REQUIRED_INPUT_EVENT,CHECK_REQUIRED_INPUT_EVENT,EXPECTED_DETECTOR_MATCH,DETECTED_AS_PREREGISTERED,FAIL,PASS,FAIL,FAIL:CHECK_REQUIRED_INPUT_EVENT,,10
AEI_P3_FORMAL_20260826T034308Z_9b5f3c2bdfbe,2,M1.01:558b8365de15727bf495595ed539867872c185b280ea249712f3b1d5f8674cd5,558b8365de15727bf495595ed539867872c185b280ea249712f3b1d5f8674cd5,M1,M1.01,CHECK_REQUIRED_INPUT_EVENT,CHECK_REQUIRED_INPUT_EVENT,EXPECTED_DETECTOR_MATCH,DETECTED_AS_PREREGISTERED,FAIL,PASS,FAIL,FAIL:CHECK_REQUIRED_INPUT_EVENT,,11
AEI_P3_FORMAL_20260826T034308Z_9b5f3c2bdfbe,2,M1.01:5ecccd77f46ab5549088b57686632a9eb5ccf1a5a977fbe35cfae6a50eca52bb,5ecccd77f46ab5549088b57686632a9eb5ccf1a5a977fbe35cfae6a50eca52bb,M1,M1.01,CHECK_REQUIRED_INPUT_EVENT,CHECK_REQUIRED_INPUT_EVENT,EXPECTED_DETECTOR_MATCH,DETECTED_AS_PREREGISTERED,FAIL,PASS,FAIL,FAIL:CHECK_REQUIRED_INPUT_EVENT,,12
AEI_P3_FORMAL_20260826T034308Z_9b5f3c2bdfbe,2,M1.01:5f24b2bbe16d5c8f667064d5031553e1dd9c4d9dbb7e0757cb922d9ba47928d5,5f24b2bbe16d5c8f667064d5031553e1dd9c4d9dbb7e0757cb922d9ba47928d5,M1,M1.01,CHECK_REQUIRED_INPUT_EVENT,CHECK_REQUIRED_INPUT_EVENT,EXPECTED_DETECTOR_MATCH,DETECTED_AS_PREREGISTERED,FAIL,PASS,FAIL,FAIL:CHECK_REQUIRED_INPUT_EVENT,,13
AEI_P3_FORMAL_20260826T034308Z_9b5f3c2bdfbe,2,M1.01:61f77c0251bcd2bbb51e6bff7e048bfcda7139b4e796314d32b47961ac3b5c1b,61f77c0251bcd2bbb51e6bff7e048bfcda7139b4e796314d32b47961ac3b5c1b,M1,M1.01,CHECK_REQUIRED_INPUT_EVENT,CHECK_REQUIRED_INPUT_EVENT,EXPECTED_DETECTOR_MATCH,DETECTED_AS_PREREGISTERED,FAIL,PASS,FAIL,FAIL:CHECK_REQUIRED_INPUT_EVENT,,14
AEI_P3_FORMAL_20260826T034308Z_9b5f3c2bdfbe,2,M1.01:634f3d08fd93ba622176ea6c9ff7ff1fb9d57a9b14f936f27d1460655fc20d72,634f3d08fd93ba622176ea6c9ff7ff1fb9d57a9b14f936f27d1460655fc20d72,M1,M1.01,CHECK_REQUIRED_INPUT_EVENT,CHECK_REQUIRED_INPUT_EVENT,EXPECTED_DETECTOR_MATCH,DETECTED_AS_PREREGISTERED,FAIL,PASS,FAIL,FAIL:CHECK_REQUIRED_INPUT_EVENT,,15
AEI_P3_FORMAL_20260826T034308Z_9b5f3c2bdfbe,2,M1.01:73cdcc11d1c23e47664696979a9b12b94deb5da000c18f37a8d7c0b641090788,73cdcc11d1c23e47664696979a9b12b94deb5da000c18f37a8d7c0b641090788,M1,M1.01,CHECK_REQUIRED_INPUT_EVENT,CHECK_REQUIRED_INPUT_EVENT,EXPECTED_DETECTOR_MATCH,DETECTED_AS_PREREGISTERED,FAIL,PASS,FAIL,FAIL:CHECK_REQUIRED_INPUT_EVENT,,16
AEI_P3_FORMAL_20260826T034308Z_9b5f3c2bdfbe,2,M1.01:7dc2cc636acd7eeb3db7367222360894cac918d6adca467d2f7a79960bbe8b1c,7dc2cc636acd7eeb3db7367222360894cac918d6adca467d2f7a79960bbe8b1c,M1,M1.01,CHECK_REQUIRED_INPUT_EVENT,CHECK_REQUIRED_INPUT_EVENT,EXPECTED_DETECTOR_MATCH,DETECTED_AS_PREREGISTERED,FAIL,PASS,FAIL,FAIL:CHECK_REQUIRED_INPUT_EVENT,,17
AEI_P3_FORMAL_20260826T034308Z_9b5f3c2bdfbe,2,M1.01:8c60197386a54af6d06cac0996c81cbca4971ac83984afcf2a52fa27a5bb1b42,8c60197386a54af6d06cac0996c81cbca4971ac83984afcf2a52fa27a5bb1b42,M1,M1.01,CHECK_REQUIRED_INPUT_EVENT,CHECK_REQUIRED_INPUT_EVENT,EXPECTED_DETECTOR_MATCH,DETECTED_AS_PREREGISTERED,FAIL,PASS,FAIL,FAIL:CHECK_REQUIRED_INPUT_EVENT,,18
AEI_P3_FORMAL_20260826T034308Z_9b5f3c2bdfbe,2,M1.01:8e3a1df6f55a6d53d21fd63c9dcda45cee6d1576c4989d45b40828d31e6d7281,8e3a1df6f55a6d53d21fd63c9dcda45cee6d1576c4989d45b40828d31e6d7281,M1,M1.01,CHECK_REQUIRED_INPUT_EVENT,CHECK_REQUIRED_INPUT_EVENT,EXPECTED_DETECTOR_MATCH,DETECTED_AS_PREREGISTERED,FAIL,PASS,FAIL,FAIL:CHECK_REQUIRED_INPUT_EVENT,,19
AEI_P3_FORMAL_20260826T034308Z_9b5f3c2bdfbe,2,M1.01:97eb8ea8dfec0a163a4b54e1179247553055627de3df3d7a40c8879cacc64800,97eb8ea8dfec0a163a4b54e1179247553055627de3df3d7a40c8879cacc64800,M1,M1.01,CHECK_REQUIRED_INPUT_EVENT,CHECK_REQUIRED_INPUT_EVENT,EXPECTED_DETECTOR_MATCH,DETECTED_AS_PREREGISTERED,FAIL,PASS,FAIL,FAIL:CHECK_REQUIRED_INPUT_EVENT,,20
AEI_P3_FORMAL_20260826T034308Z_9b5f3c2bdfbe,2,M1.01:9827288498c6ff63f3f7ec6f3bb833b53ac1c3cbaf59021addc82b6a8c08bae2,9827288498c6ff63f3f7ec6f3bb833b53ac1c3cbaf59021addc82b6a8c08bae2,M1,M1.01,CHECK_REQUIRED_INPUT_EVENT,CHECK_REQUIRED_INPUT_EVENT,EXPECTED_DETECTOR_MATCH,DETECTED_AS_PREREGISTERED,FAIL,PASS,FAIL,FAIL:CHECK_REQUIRED_INPUT_EVENT,,21
AEI_P3_FORMAL_20260826T034308Z_9b5f3c2bdfbe,2,M1.01:9f7906189c782cba7c3a4cc9cb8785764c8ad3fb1e637423a7a310d6c438feb5,9f7906189c782cba7c3a4cc9cb8785764c8ad3fb1e637423a7a310d6c438feb5,M1,M1.01,CHECK_REQUIRED_INPUT_EVENT,CHECK_REQUIRED_INPUT_EVENT,EXPECTED_DETECTOR_MATCH,DETECTED_AS_PREREGISTERED,FAIL,PASS,FAIL,FAIL:CHECK_REQUIRED_INPUT_EVENT,,22
AEI_P3_FORMAL_20260826T034308Z_9b5f3c2bdfbe,2,M1.01:aa5b4ee1688c71f1a3932cd7d9b629a08e31ef09728f3280c98c7636eecfb8d3,aa5b4ee1688c71f1a3932cd7d9b629a08e31ef09728f3280c98c7636eecfb8d3,M1,M1.01,CHECK_REQUIRED_INPUT_EVENT,CHECK_REQUIRED_INPUT_EVENT,EXPECTED_DETECTOR_MATCH,DETECTED_AS_PREREGISTERED,FAIL,PASS,FAIL,FAIL:CHECK_REQUIRED_INPUT_EVENT,,23
AEI_P3_FORMAL_20260826T034308Z_9b5f3c2bdfbe,2,M1.01:aad646b14392b632d658225dedb7d3953424ab9ab19ebafdc67bd9a7f02eb50b,aad646b14392b632d658225dedb7d3953424ab9ab19ebafdc67bd9a7f02eb50b,M1,M1.01,CHECK_REQUIRED_INPUT_EVENT,CHECK_REQUIRED_INPUT_EVENT,EXPECTED_DETECTOR_MATCH,DETECTED_AS_PREREGISTERED,FAIL,PASS,FAIL,FAIL:CHECK_REQUIRED_INPUT_EVENT,,24
AEI_P3_FORMAL_20260826T034308Z_9b5f3c2bdfbe,2,M1.01:abc8d6ba26b9728a25ebd17f4066aa5421f54fde1c1ef630cc33cb308c0fb8e5,abc8d6ba26b9728a25ebd17f4066aa5421f54fde1c1ef630cc33cb308c0fb8e5,M1,M1.01,CHECK_REQUIRED_INPUT_EVENT,CHECK_REQUIRED_INPUT_EVENT,EXPECTED_DETECTOR_MATCH,DETECTED_AS_PREREGISTERED,FAIL,PASS,FAIL,FAIL:CHECK_REQUIRED_INPUT_EVENT,,25
AEI_P3_FORMAL_20260826T034308Z_9b5f3c2bdfbe,2,M1.01:b0f01f4c7ca822555039b9267d8985edbeb149abc0a710d6583cea634584f862,b0f01f4c7ca822555039b9267d8985edbeb149abc0a710d6583cea634584f862,M1,M1.01,CHECK_REQUIRED_INPUT_EVENT,CHECK_REQUIRED_INPUT_EVENT,EXPECTED_DETECTOR_MATCH,DETECTED_AS_PREREGISTERED,FAIL,PASS,FAIL,FAIL:CHECK_REQUIRED_INPUT_EVENT,,26
AEI_P3_FORMAL_20260826T034308Z_9b5f3c2bdfbe,2,M1.01:b31f9c5cbf923f188771558357941c1a7d6a71089f67793c620cf7034a070eb2,b31f9c5cbf923f188771558357941c1a7d6a71089f67793c620cf7034a070eb2,M1,M1.01,CHECK_REQUIRED_INPUT_EVENT,CHECK_REQUIRED_INPUT_EVENT,EXPECTED_DETECTOR_MATCH,DETECTED_AS_PREREGISTERED,FAIL,PASS,FAIL,FAIL:CHECK_REQUIRED_INPUT_EVENT,,27
AEI_P3_FORMAL_20260826T034308Z_9b5f3c2bdfbe,2,M1.01:b5c400c27e6dbb1cc8466c5ce68e1530b6d984599f3c01c36496b49b586ff5e3,b5c400c27e6dbb1cc8466c5ce68e1530b6d984599f3c01c36496b49b586ff5e3,M1,M1.01,CHECK_REQUIRED_INPUT_EVENT,CHECK_REQUIRED_INPUT_EVENT,EXPECTED_DETECTOR_MATCH,DETECTED_AS_PREREGISTERED,FAIL,PASS,FAIL,FAIL:CHECK_REQUIRED_INPUT_EVENT,,28
AEI_P3_FORMAL_20260826T034308Z_9b5f3c2bdfbe,2,M1.01:bb3f15222034bdf87b9be499b27f859fe778b781693fd54677f83bd7531f0680,bb3f15222034bdf87b9be499b27f859fe778b781693fd54677f83bd7531f0680,M1,M1.01,CHECK_REQUIRED_INPUT_EVENT,CHECK_REQUIRED_INPUT_EVENT,EXPECTED_DETECTOR_MATCH,DETECTED_AS_PREREGISTERED,FAIL,PASS,FAIL,FAIL:CHECK_REQUIRED_INPUT_EVENT,,29
AEI_P3_FORMAL_20260826T034308Z_9b5f3c2bdfbe,2,M1.01:ce18361670bfbcde2f3ff22167187aecef9164dedbf1198bc7563c147804780e,ce18361670bfbcde2f3ff22167187aecef9164dedbf1198bc7563c147804780e,M1,M1.01,CHECK_REQUIRED_INPUT_EVENT,CHECK_REQUIRED_INPUT_EVENT,EXPECTED_DETECTOR_MATCH,DETECTED_AS_PREREGISTERED,FAIL,PASS,FAIL,FAIL:CHECK_REQUIRED_INPUT_EVENT,,30
AEI_P3_FORMAL_20260826T034308Z_9b5f3c2bdfbe,2,M1.01:ceae66508816dc9f5458c925c89f155658e6c78710a8753d337ac385481cc1bf,ceae66508816dc9f5458c925c89f155658e6c78710a8753d337ac385481cc1bf,M1,M1.01,CHECK_REQUIRED_INPUT_EVENT,CHECK_REQUIRED_INPUT_EVENT,EXPECTED_DETECTOR_MATCH,DETECTED_AS_PREREGISTERED,FAIL,PASS,FAIL,FAIL:CHECK_REQUIRED_INPUT_EVENT,,31
AEI_P3_FORMAL_20260826T034308Z_9b5f3c2bdfbe,2,M1.01:d093d52f24139c1b6fb09b775beedd000f1a7b3716df906d7d36e91e7e848265,d093d52f24139c1b6fb09b775beedd000f1a7b3716df906d7d36e91e7e848265,M1,M1.01,CHECK_REQUIRED_INPUT_EVENT,CHECK_REQUIRED_INPUT_EVENT,EXPECTED_DETECTOR_MATCH,DETECTED_AS_PREREGISTERED,FAIL,PASS,FAIL,FAIL:CHECK_REQUIRED_INPUT_EVENT,,32
AEI_P3_FORMAL_20260826T034308Z_9b5f3c2bdfbe,2,M1.01:d4b957654a5efd71168d6f7e67936e6abf4666ceb41e7919635002157b125411,d4b957654a5efd71168d6f7e67936e6abf4666ceb41e7919635002157b125411,M1,M1.01,CHECK_REQUIRED_INPUT_EVENT,CHECK_REQUIRED_INPUT_EVENT,EXPECTED_DETECTOR_MATCH,DETECTED_AS_PREREGISTERED,FAIL,PASS,FAIL,FAIL:CHECK_REQUIRED_INPUT_EVENT,,33
AEI_P3_FORMAL_20260826T034308Z_9b5f3c2bdfbe,2,M1.01:d598e89b357205c7b4bd47c5ebbe933f8be1f7c8dcdee85e66ec6829cafb91d3,d598e89b357205c7b4bd47c5ebbe933f8be1f7c8dcdee85e66ec6829cafb91d3,M1,M1.01,CHECK_REQUIRED_INPUT_EVENT,CHECK_REQUIRED_INPUT_EVENT,EXPECTED_DETECTOR_MATCH,DETECTED_AS_PREREGISTERED,FAIL,PASS,FAIL,FAIL:CHECK_REQUIRED_INPUT_EVENT,,34
AEI_P3_FORMAL_20260826T034308Z_9b5f3c2bdfbe,2,M1.01:eb3670bbe434a59cc94347384a5d50fb526d26a00dbf6da73e54438c4bacc2a0,eb3670bbe434a59cc94347384a5d50fb526d26a00dbf6da73e54438c4bacc2a0,M1,M1.01,CHECK_REQUIRED_INPUT_EVENT,CHECK_REQUIRED_INPUT_EVENT,EXPECTED_DETECTOR_MATCH,DETECTED_AS_PREREGISTERED,FAIL,PASS,FAIL,FAIL:CHECK_REQUIRED_INPUT_EVENT,,35
AEI_P3_FORMAL_20260826T034308Z_9b5f3c2bdfbe,2,M1.01:f1e5fc58ea336e13c098308a2da00dee7de3dd3aa08d6170df4a3cb1afd09795,f1e5fc58ea336e13c098308a2da00dee7de3dd3aa08d6170df4a3cb1afd09795,M1,M1.01,CHECK_REQUIRED_INPUT_EVENT,CHECK_REQUIRED_INPUT_EVENT,EXPECTED_DETECTOR_MATCH,DETECTED_AS_PREREGISTERED,FAIL,PASS,FAIL,FAIL:CHECK_REQUIRED_INPUT_EVENT,,36
AEI_P3_FORMAL_20260826T034308Z_9b5f3c2bdfbe,2,M1.01:f583baa2dad1527b5f84f71805410ee51b78fce2b1be62de49f1636c06821c7b,f583baa2dad1527b5f84f71805410ee51b78fce2b1be62de49f1636c06821c7b,M1,M1.01,CHECK_REQUIRED_INPUT_EVENT,CHECK_REQUIRED_INPUT_EVENT,EXPECTED_DETECTOR_MATCH,DETECTED_AS_PREREGISTERED,FAIL,PASS,FAIL,FAIL:CHECK_REQUIRED_INPUT_EVENT,,37
AEI_P3_FORMAL_20260826T034308Z_9b5f3c2bdfbe,2,M1.01:f64f55ad9277004ae441909cd6556d26eeaf73d3eb3c537384be703615149f96,f64f55ad9277004ae441909cd6556d26eeaf73d3eb3c537384be703615149f96,M1,M1.01,CHECK_REQUIRED_INPUT_EVENT,CHECK_REQUIRED_INPUT_EVENT,EXPECTED_DETECTOR_MATCH,DETECTED_AS_PREREGISTERED,FAIL,PASS,FAIL,FAIL:CHECK_REQUIRED_INPUT_EVENT,,38
AEI_P3_FORMAL_20260826T034308Z_9b5f3c2bdfbe,2,M1.01:f80e8a50e0815fda9eef8635e52671f3888786c4daef5767b8da7b74e4311646,f80e8a50e0815fda9eef8635e52671f3888786c4daef5767b8da7b74e4311646,M1,M1.01,CHECK_REQUIRED_INPUT_EVENT,CHECK_REQUIRED_INPUT_EVENT,EXPECTED_DETECTOR_MATCH,DETECTED_AS_PREREGISTERED,FAIL,PASS,FAIL,FAIL:CHECK_REQUIRED_INPUT_EVENT,,39
AEI_P3_FORMAL_20260826T034308Z_9b5f3c2bdfbe,2,M1.01:f9ade00b139ce33674b05d1766de3ec85779abfd83f893a7b2437817100901d9,f9ade00b139ce33674b05d1766de3ec85779abfd83f893a7b2437817100901d9,M1,M1.01,CHECK_REQUIRED_INPUT_EVENT,CHECK_REQUIRED_INPUT_EVENT,EXPECTED_DETECTOR_MATCH,DETECTED_AS_PREREGISTERED,FAIL,PASS,FAIL,FAIL:CHECK_REQUIRED_INPUT_EVENT,,40
AEI_P3_FORMAL_20260826T034308Z_9b5f3c2bdfbe,2,M1.01:feb26c8ce25b99d6b090e07fca86c8e2dbf3ff2d6b891634c4c71b179329ab47,feb26c8ce25b99d6b090e07fca86c8e2dbf3ff2d6b891634c4c71b179329ab47,M1,M1.01,CHECK_REQUIRED_INPUT_EVENT,CHECK_REQUIRED_INPUT_EVENT,EXPECTED_DETECTOR_MATCH,DETECTED_AS_PREREGISTERED,FAIL,PASS,FAIL,FAIL:CHECK_REQUIRED_INPUT_EVENT,,41
AEI_P3_FORMAL_20260826T034308Z_9b5f3c2bdfbe,2,M1.02:052b2dfeb855619b4e74c70e7155e5699a6aebc572c887f1432462ecf4afce6b,052b2dfeb855619b4e74c70e7155e5699a6aebc572c887f1432462ecf4afce6b,M1,M1.02,CHECK_REQUIRED_BEFORE_INSTANCE,CHECK_REQUIRED_BEFORE_INSTANCE,EXPECTED_DETECTOR_MATCH,DETECTED_AS_PREREGISTERED,FAIL,PASS,FAIL,FAIL:CHECK_REQUIRED_BEFORE_INSTANCE,,42
AEI_P3_FORMAL_20260826T034308Z_9b5f3c2bdfbe,2,M1.02:0edc936e36dbd00367c35ec096b127c69211776f53ead8d7b9619a78d9b3beb5,0edc936e36dbd00367c35ec096b127c69211776f53ead8d7b9619a78d9b3beb5,M1,M1.02,CHECK_REQUIRED_BEFORE_INSTANCE,CHECK_REQUIRED_BEFORE_INSTANCE,EXPECTED_DETECTOR_MATCH,DETECTED_AS_PREREGISTERED,FAIL,PASS,FAIL,FAIL:CHECK_REQUIRED_BEFORE_INSTANCE,,43
AEI_P3_FORMAL_20260826T034308Z_9b5f3c2bdfbe,2,M1.02:19993579c580ecb799e1ce158990340e547863ae75c4be153b97908cb5cd08a2,19993579c580ecb799e1ce158990340e547863ae75c4be153b97908cb5cd08a2,M1,M1.02,CHECK_REQUIRED_BEFORE_INSTANCE,CHECK_REQUIRED_BEFORE_INSTANCE,EXPECTED_DETECTOR_MATCH,DETECTED_AS_PREREGISTERED,FAIL,PASS,FAIL,FAIL:CHECK_REQUIRED_BEFORE_INSTANCE,,44
AEI_P3_FORMAL_20260826T034308Z_9b5f3c2bdfbe,2,M1.02:1bb3dc3f26212de23def1f2ca0d598d344fea56b8a73247e2f6390ebea07946d,1bb3dc3f26212de23def1f2ca0d598d344fea56b8a73247e2f6390ebea07946d,M1,M1.02,CHECK_REQUIRED_BEFORE_INSTANCE,CHECK_REQUIRED_BEFORE_INSTANCE,EXPECTED_DETECTOR_MATCH,DETECTED_AS_PREREGISTERED,FAIL,PASS,FAIL,FAIL:CHECK_REQUIRED_BEFORE_INSTANCE,,45
AEI_P3_FORMAL_20260826T034308Z_9b5f3c2bdfbe,2,M1.02:2443e5a3d32298289c0b98d2a7d3a03cbf4194a7adecf97293b0ac348944ba9e,2443e5a3d32298289c0b98d2a7d3a03cbf4194a7adecf97293b0ac348944ba9e,M1,M1.02,CHECK_REQUIRED_BEFORE_INSTANCE,CHECK_REQUIRED_BEFORE_INSTANCE,EXPECTED_DETECTOR_MATCH,DETECTED_AS_PREREGISTERED,FAIL,PASS,FAIL,FAIL:CHECK_REQUIRED_BEFORE_INSTANCE,,46
AEI_P3_FORMAL_20260826T034308Z_9b5f3c2bdfbe,2,M1.02:245cb7ed72fd0a10da80157bd648a7ae9e8bd9ef722909fe778d274715ad67b3,245cb7ed72fd0a10da80157bd648a7ae9e8bd9ef722909fe778d274715ad67b3,M1,M1.02,CHECK_REQUIRED_BEFORE_INSTANCE,CHECK_REQUIRED_BEFORE_INSTANCE,EXPECTED_DETECTOR_MATCH,DETECTED_AS_PREREGISTERED,FAIL,PASS,FAIL,FAIL:CHECK_REQUIRED_BEFORE_INSTANCE,,47
AEI_P3_FORMAL_20260826T034308Z_9b5f3c2bdfbe,2,M1.02:268469c82535bf1ba82a82324d755f40ad8bc7255c875b8e25c2d7943cff1ff3,268469c82535bf1ba82a82324d755f40ad8bc7255c875b8e25c2d7943cff1ff3,M1,M1.02,CHECK_REQUIRED_BEFORE_INSTANCE,CHECK_REQUIRED_BEFORE_INSTANCE,EXPECTED_DETECTOR_MATCH,DETECTED_AS_PREREGISTERED,FAIL,PASS,FAIL,FAIL:CHECK_REQUIRED_BEFORE_INSTANCE,,48
AEI_P3_FORMAL_20260826T034308Z_9b5f3c2bdfbe,2,M1.02:2908e9ba69598735be8757d9b153473f5bacec1feb89ecff91ce994824a10178,2908e9ba69598735be8757d9b153473f5bacec1feb89ecff91ce994824a10178,M1,M1.02,CHECK_REQUIRED_BEFORE_INSTANCE,CHECK_REQUIRED_BEFORE_INSTANCE,EXPECTED_DETECTOR_MATCH,DETECTED_AS_PREREGISTERED,FAIL,PASS,FAIL,FAIL:CHECK_REQUIRED_BEFORE_INSTANCE,,49
AEI_P3_FORMAL_20260826T034308Z_9b5f3c2bdfbe,2,M1.02:474b6ef7aac2feb7cb9195d7d3644f0d53d378eb4518ef87a9a2f7714d8ef3d5,474b6ef7aac2feb7cb9195d7d3644f0d53d378eb4518ef87a9a2f7714d8ef3d5,M1,M1.02,CHECK_REQUIRED_BEFORE_INSTANCE,CHECK_REQUIRED_BEFORE_INSTANCE,EXPECTED_DETECTOR_MATCH,DETECTED_AS_PREREGISTERED,FAIL,PASS,FAIL,FAIL:CHECK_REQUIRED_BEFORE_INSTANCE,,50
AEI_P3_FORMAL_20260826T034308Z_9b5f3c2bdfbe,2,M1.02:4fafb9a13ff5e2fda82a804bf609727b68a17926d69ae1574c4801604ec81359,4fafb9a13ff5e2fda82a804bf609727b68a17926d69ae1574c4801604ec81359,M1,M1.02,CHECK_REQUIRED_BEFORE_INSTANCE,CHECK_REQUIRED_BEFORE_INSTANCE,EXPECTED_DETECTOR_MATCH,DETECTED_AS_PREREGISTERED,FAIL,PASS,FAIL,FAIL:CHECK_REQUIRED_BEFORE_INSTANCE,,51
AEI_P3_FORMAL_20260826T034308Z_9b5f3c2bdfbe,2,M1.02:54349d927b9070c144f507868f9ef8b962c7c926426b33c3a7e0c88f715b246a,54349d927b9070c144f507868f9ef8b962c7c926426b33c3a7e0c88f715b246a,M1,M1.02,CHECK_REQUIRED_BEFORE_INSTANCE,CHECK_REQUIRED_BEFORE_INSTANCE,EXPECTED_DETECTOR_MATCH,DETECTED_AS_PREREGISTERED,FAIL,PASS,FAIL,FAIL:CHECK_REQUIRED_BEFORE_INSTANCE,,52
AEI_P3_FORMAL_20260826T034308Z_9b5f3c2bdfbe,2,M1.02:558b8365de15727bf495595ed539867872c185b280ea249712f3b1d5f8674cd5,558b8365de15727bf495595ed539867872c185b280ea249712f3b1d5f8674cd5,M1,M1.02,CHECK_REQUIRED_BEFORE_INSTANCE,CHECK_REQUIRED_BEFORE_INSTANCE,EXPECTED_DETECTOR_MATCH,DETECTED_AS_PREREGISTERED,FAIL,PASS,FAIL,FAIL:CHECK_REQUIRED_BEFORE_INSTANCE,,53
AEI_P3_FORMAL_20260826T034308Z_9b5f3c2bdfbe,2,M1.02:5ecccd77f46ab5549088b57686632a9eb5ccf1a5a977fbe35cfae6a50eca52bb,5ecccd77f46ab5549088b57686632a9eb5ccf1a5a977fbe35cfae6a50eca52bb,M1,M1.02,CHECK_REQUIRED_BEFORE_INSTANCE,CHECK_REQUIRED_BEFORE_INSTANCE,EXPECTED_DETECTOR_MATCH,DETECTED_AS_PREREGISTERED,FAIL,PASS,FAIL,FAIL:CHECK_REQUIRED_BEFORE_INSTANCE,,54
AEI_P3_FORMAL_20260826T034308Z_9b5f3c2bdfbe,2,M1.02:5f24b2bbe16d5c8f667064d5031553e1dd9c4d9dbb7e0757cb922d9ba47928d5,5f24b2bbe16d5c8f667064d5031553e1dd9c4d9dbb7e0757cb922d9ba47928d5,M1,M1.02,CHECK_REQUIRED_BEFORE_INSTANCE,CHECK_REQUIRED_BEFORE_INSTANCE,EXPECTED_DETECTOR_MATCH,DETECTED_AS_PREREGISTERED,FAIL,PASS,FAIL,FAIL:CHECK_REQUIRED_BEFORE_INSTANCE,,55
AEI_P3_FORMAL_20260826T034308Z_9b5f3c2bdfbe,2,M1.02:61f77c0251bcd2bbb51e6bff7e048bfcda7139b4e796314d32b47961ac3b5c1b,61f77c0251bcd2bbb51e6bff7e048bfcda7139b4e796314d32b47961ac3b5c1b,M1,M1.02,CHECK_REQUIRED_BEFORE_INSTANCE,CHECK_REQUIRED_BEFORE_INSTANCE,EXPECTED_DETECTOR_MATCH,DETECTED_AS_PREREGISTERED,FAIL,PASS,FAIL,FAIL:CHECK_REQUIRED_BEFORE_INSTANCE,,56
AEI_P3_FORMAL_20260826T034308Z_9b5f3c2bdfbe,2,M1.02:634f3d08fd93ba622176ea6c9ff7ff1fb9d57a9b14f936f27d1460655fc20d72,634f3d08fd93ba622176ea6c9ff7ff1fb9d57a9b14f936f27d1460655fc20d72,M1,M1.02,CHECK_REQUIRED_BEFORE_INSTANCE,CHECK_REQUIRED_BEFORE_INSTANCE,EXPECTED_DETECTOR_MATCH,DETECTED_AS_PREREGISTERED,FAIL,PASS,FAIL,FAIL:CHECK_REQUIRED_BEFORE_INSTANCE,,57
AEI_P3_FORMAL_20260826T034308Z_9b5f3c2bdfbe,2,M1.02:73cdcc11d1c23e47664696979a9b12b94deb5da000c18f37a8d7c0b641090788,73cdcc11d1c23e47664696979a9b12b94deb5da000c18f37a8d7c0b641090788,M1,M1.02,CHECK_REQUIRED_BEFORE_INSTANCE,CHECK_REQUIRED_BEFORE_INSTANCE,EXPECTED_DETECTOR_MATCH,DETECTED_AS_PREREGISTERED,FAIL,PASS,FAIL,FAIL:CHECK_REQUIRED_BEFORE_INSTANCE,,58
AEI_P3_FORMAL_20260826T034308Z_9b5f3c2bdfbe,2,M1.02:7dc2cc636acd7eeb3db7367222360894cac918d6adca467d2f7a79960bbe8b1c,7dc2cc636acd7eeb3db7367222360894cac918d6adca467d2f7a79960bbe8b1c,M1,M1.02,CHECK_REQUIRED_BEFORE_INSTANCE,CHECK_REQUIRED_BEFORE_INSTANCE,EXPECTED_DETECTOR_MATCH,DETECTED_AS_PREREGISTERED,FAIL,PASS,FAIL,FAIL:CHECK_REQUIRED_BEFORE_INSTANCE,,59
AEI_P3_FORMAL_20260826T034308Z_9b5f3c2bdfbe,2,M1.02:8c60197386a54af6d06cac0996c81cbca4971ac83984afcf2a52fa27a5bb1b42,8c60197386a54af6d06cac0996c81cbca4971ac83984afcf2a52fa27a5bb1b42,M1,M1.02,CHECK_REQUIRED_BEFORE_INSTANCE,CHECK_REQUIRED_BEFORE_INSTANCE,EXPECTED_DETECTOR_MATCH,DETECTED_AS_PREREGISTERED,FAIL,PASS,FAIL,FAIL:CHECK_REQUIRED_BEFORE_INSTANCE,,60
AEI_P3_FORMAL_20260826T034308Z_9b5f3c2bdfbe,2,M1.02:8e3a1df6f55a6d53d21fd63c9dcda45cee6d1576c4989d45b40828d31e6d7281,8e3a1df6f55a6d53d21fd63c9dcda45cee6d1576c4989d45b40828d31e6d7281,M1,M1.02,CHECK_REQUIRED_BEFORE_INSTANCE,CHECK_REQUIRED_BEFORE_INSTANCE,EXPECTED_DETECTOR_MATCH,DETECTED_AS_PREREGISTERED,FAIL,PASS,FAIL,FAIL:CHECK_REQUIRED_BEFORE_INSTANCE,,61
AEI_P3_FORMAL_20260826T034308Z_9b5f3c2bdfbe,2,M1.02:97eb8ea8dfec0a163a4b54e1179247553055627de3df3d7a40c8879cacc64800,97eb8ea8dfec0a163a4b54e1179247553055627de3df3d7a40c8879cacc64800,M1,M1.02,CHECK_REQUIRED_BEFORE_INSTANCE,CHECK_REQUIRED_BEFORE_INSTANCE,EXPECTED_DETECTOR_MATCH,DETECTED_AS_PREREGISTERED,FAIL,PASS,FAIL,FAIL:CHECK_REQUIRED_BEFORE_INSTANCE,,62
AEI_P3_FORMAL_20260826T034308Z_9b5f3c2bdfbe,2,M1.02:9827288498c6ff63f3f7ec6f3bb833b53ac1c3cbaf59021addc82b6a8c08bae2,9827288498c6ff63f3f7ec6f3bb833b53ac1c3cbaf59021addc82b6a8c08bae2,M1,M1.02,CHECK_REQUIRED_BEFORE_INSTANCE,CHECK_REQUIRED_BEFORE_INSTANCE,EXPECTED_DETECTOR_MATCH,DETECTED_AS_PREREGISTERED,FAIL,PASS,FAIL,FAIL:CHECK_REQUIRED_BEFORE_INSTANCE,,63
AEI_P3_FORMAL_20260826T034308Z_9b5f3c2bdfbe,2,M1.02:9f7906189c782cba7c3a4cc9cb8785764c8ad3fb1e637423a7a310d6c438feb5,9f7906189c782cba7c3a4cc9cb8785764c8ad3fb1e637423a7a310d6c438feb5,M1,M1.02,CHECK_REQUIRED_BEFORE_INSTANCE,CHECK_REQUIRED_BEFORE_INSTANCE,EXPECTED_DETECTOR_MATCH,DETECTED_AS_PREREGISTERED,FAIL,PASS,FAIL,FAIL:CHECK_REQUIRED_BEFORE_INSTANCE,,64
AEI_P3_FORMAL_20260826T034308Z_9b5f3c2bdfbe,2,M1.02:aa5b4ee1688c71f1a3932cd7d9b629a08e31ef09728f3280c98c7636eecfb8d3,aa5b4ee1688c71f1a3932cd7d9b629a08e31ef09728f3280c98c7636eecfb8d3,M1,M1.02,CHECK_REQUIRED_BEFORE_INSTANCE,CHECK_REQUIRED_BEFORE_INSTANCE,EXPECTED_DETECTOR_MATCH,DETECTED_AS_PREREGISTERED,FAIL,PASS,FAIL,FAIL:CHECK_REQUIRED_BEFORE_INSTANCE,,65
AEI_P3_FORMAL_20260826T034308Z_9b5f3c2bdfbe,2,M1.02:aad646b14392b632d658225dedb7d3953424ab9ab19ebafdc67bd9a7f02eb50b,aad646b14392b632d658225dedb7d3953424ab9ab19ebafdc67bd9a7f02eb50b,M1,M1.02,CHECK_REQUIRED_BEFORE_INSTANCE,CHECK_REQUIRED_BEFORE_INSTANCE,EXPECTED_DETECTOR_MATCH,DETECTED_AS_PREREGISTERED,FAIL,PASS,FAIL,FAIL:CHECK_REQUIRED_BEFORE_INSTANCE,,66
AEI_P3_FORMAL_20260826T034308Z_9b5f3c2bdfbe,2,M1.02:abc8d6ba26b9728a25ebd17f4066aa5421f54fde1c1ef630cc33cb308c0fb8e5,abc8d6ba26b9728a25ebd17f4066aa5421f54fde1c1ef630cc33cb308c0fb8e5,M1,M1.02,CHECK_REQUIRED_BEFORE_INSTANCE,CHECK_REQUIRED_BEFORE_INSTANCE,EXPECTED_DETECTOR_MATCH,DETECTED_AS_PREREGISTERED,FAIL,PASS,FAIL,FAIL:CHECK_REQUIRED_BEFORE_INSTANCE,,67
AEI_P3_FORMAL_20260826T034308Z_9b5f3c2bdfbe,2,M1.02:b0f01f4c7ca822555039b9267d8985edbeb149abc0a710d6583cea634584f862,b0f01f4c7ca822555039b9267d8985edbeb149abc0a710d6583cea634584f862,M1,M1.02,CHECK_REQUIRED_BEFORE_INSTANCE,CHECK_REQUIRED_BEFORE_INSTANCE,EXPECTED_DETECTOR_MATCH,DETECTED_AS_PREREGISTERED,FAIL,PASS,FAIL,FAIL:CHECK_REQUIRED_BEFORE_INSTANCE,,68
AEI_P3_FORMAL_20260826T034308Z_9b5f3c2bdfbe,2,M1.02:b31f9c5cbf923f188771558357941c1a7d6a71089f67793c620cf7034a070eb2,b31f9c5cbf923f188771558357941c1a7d6a71089f67793c620cf7034a070eb2,M1,M1.02,CHECK_REQUIRED_BEFORE_INSTANCE,CHECK_REQUIRED_BEFORE_INSTANCE,EXPECTED_DETECTOR_MATCH,DETECTED_AS_PREREGISTERED,FAIL,PASS,FAIL,FAIL:CHECK_REQUIRED_BEFORE_INSTANCE,,69
AEI_P3_FORMAL_20260826T034308Z_9b5f3c2bdfbe,2,M1.02:b5c400c27e6dbb1cc8466c5ce68e1530b6d984599f3c01c36496b49b586ff5e3,b5c400c27e6dbb1cc8466c5ce68e1530b6d984599f3c01c36496b49b586ff5e3,M1,M1.02,CHECK_REQUIRED_BEFORE_INSTANCE,CHECK_REQUIRED_BEFORE_INSTANCE,EXPECTED_DETECTOR_MATCH,DETECTED_AS_PREREGISTERED,FAIL,PASS,FAIL,FAIL:CHECK_REQUIRED_BEFORE_INSTANCE,,70
AEI_P3_FORMAL_20260826T034308Z_9b5f3c2bdfbe,2,M1.02:bb3f15222034bdf87b9be499b27f859fe778b781693fd54677f83bd7531f0680,bb3f15222034bdf87b9be499b27f859fe778b781693fd54677f83bd7531f0680,M1,M1.02,CHECK_REQUIRED_BEFORE_INSTANCE,CHECK_REQUIRED_BEFORE_INSTANCE,EXPECTED_DETECTOR_MATCH,DETECTED_AS_PREREGISTERED,FAIL,PASS,FAIL,FAIL:CHECK_REQUIRED_BEFORE_INSTANCE,,71
AEI_P3_FORMAL_20260826T034308Z_9b5f3c2bdfbe,2,M1.02:ce18361670bfbcde2f3ff22167187aecef9164dedbf1198bc7563c147804780e,ce18361670bfbcde2f3ff22167187aecef9164dedbf1198bc7563c147804780e,M1,M1.02,CHECK_REQUIRED_BEFORE_INSTANCE,CHECK_REQUIRED_BEFORE_INSTANCE,EXPECTED_DETECTOR_MATCH,DETECTED_AS_PREREGISTERED,FAIL,PASS,FAIL,FAIL:CHECK_REQUIRED_BEFORE_INSTANCE,,72
AEI_P3_FORMAL_20260826T034308Z_9b5f3c2bdfbe,2,M1.02:ceae66508816dc9f5458c925c89f155658e6c78710a8753d337ac385481cc1bf,ceae66508816dc9f5458c925c89f155658e6c78710a8753d337ac385481cc1bf,M1,M1.02,CHECK_REQUIRED_BEFORE_INSTANCE,CHECK_REQUIRED_BEFORE_INSTANCE,EXPECTED_DETECTOR_MATCH,DETECTED_AS_PREREGISTERED,FAIL,PASS,FAIL,FAIL:CHECK_REQUIRED_BEFORE_INSTANCE,,73
AEI_P3_FORMAL_20260826T034308Z_9b5f3c2bdfbe,2,M1.02:d093d52f24139c1b6fb09b775beedd000f1a7b3716df906d7d36e91e7e848265,d093d52f24139c1b6fb09b775beedd000f1a7b3716df906d7d36e91e7e848265,M1,M1.02,CHECK_REQUIRED_BEFORE_INSTANCE,CHECK_REQUIRED_BEFORE_INSTANCE,EXPECTED_DETECTOR_MATCH,DETECTED_AS_PREREGISTERED,FAIL,PASS,FAIL,FAIL:CHECK_REQUIRED_BEFORE_INSTANCE,,74
AEI_P3_FORMAL_20260826T034308Z_9b5f3c2bdfbe,2,M1.02:d4b957654a5efd71168d6f7e67936e6abf4666ceb41e7919635002157b125411,d4b957654a5efd71168d6f7e67936e6abf4666ceb41e7919635002157b125411,M1,M1.02,CHECK_REQUIRED_BEFORE_INSTANCE,CHECK_REQUIRED_BEFORE_INSTANCE,EXPECTED_DETECTOR_MATCH,DETECTED_AS_PREREGISTERED,FAIL,PASS,FAIL,FAIL:CHECK_REQUIRED_BEFORE_INSTANCE,,75
AEI_P3_FORMAL_20260826T034308Z_9b5f3c2bdfbe,2,M1.02:d598e89b357205c7b4bd47c5ebbe933f8be1f7c8dcdee85e66ec6829cafb91d3,d598e89b357205c7b4bd47c5ebbe933f8be1f7c8dcdee85e66ec6829cafb91d3,M1,M1.02,CHECK_REQUIRED_BEFORE_INSTANCE,CHECK_REQUIRED_BEFORE_INSTANCE,EXPECTED_DETECTOR_MATCH,DETECTED_AS_PREREGISTERED,FAIL,PASS,FAIL,FAIL:CHECK_REQUIRED_BEFORE_INSTANCE,,76
AEI_P3_FORMAL_20260826T034308Z_9b5f3c2bdfbe,2,M1.02:eb3670bbe434a59cc94347384a5d50fb526d26a00dbf6da73e54438c4bacc2a0,eb3670bbe434a59cc94347384a5d50fb526d26a00dbf6da73e54438c4bacc2a0,M1,M1.02,CHECK_REQUIRED_BEFORE_INSTANCE,CHECK_REQUIRED_BEFORE_INSTANCE,EXPECTED_DETECTOR_MATCH,DETECTED_AS_PREREGISTERED,FAIL,PASS,FAIL,FAIL:CHECK_REQUIRED_BEFORE_INSTANCE,,77
AEI_P3_FORMAL_20260826T034308Z_9b5f3c2bdfbe,2,M1.02:f1e5fc58ea336e13c098308a2da00dee7de3dd3aa08d6170df4a3cb1afd09795,f1e5fc58ea336e13c098308a2da00dee7de3dd3aa08d6170df4a3cb1afd09795,M1,M1.02,CHECK_REQUIRED_BEFORE_INSTANCE,CHECK_REQUIRED_BEFORE_INSTANCE,EXPECTED_DETECTOR_MATCH,DETECTED_AS_PREREGISTERED,FAIL,PASS,FAIL,FAIL:CHECK_REQUIRED_BEFORE_INSTANCE,,78
AEI_P3_FORMAL_20260826T034308Z_9b5f3c2bdfbe,2,M1.02:f583baa2dad1527b5f84f71805410ee51b78fce2b1be62de49f1636c06821c7b,f583baa2dad1527b5f84f71805410ee51b78fce2b1be62de49f1636c06821c7b,M1,M1.02,CHECK_REQUIRED_BEFORE_INSTANCE,CHECK_REQUIRED_BEFORE_INSTANCE,EXPECTED_DETECTOR_MATCH,DETECTED_AS_PREREGISTERED,FAIL,PASS,FAIL,FAIL:CHECK_REQUIRED_BEFORE_INSTANCE,,79
AEI_P3_FORMAL_20260826T034308Z_9b5f3c2bdfbe,2,M1.02:f64f55ad9277004ae441909cd6556d26eeaf73d3eb3c537384be703615149f96,f64f55ad9277004ae441909cd6556d26eeaf73d3eb3c537384be703615149f96,M1,M1.02,CHECK_REQUIRED_BEFORE_INSTANCE,CHECK_REQUIRED_BEFORE_INSTANCE,EXPECTED_DETECTOR_MATCH,DETECTED_AS_PREREGISTERED,FAIL,PASS,FAIL,FAIL:CHECK_REQUIRED_BEFORE_INSTANCE,,80
AEI_P3_FORMAL_20260826T034308Z_9b5f3c2bdfbe,2,M1.02:f80e8a50e0815fda9eef8635e52671f3888786c4daef5767b8da7b74e4311646,f80e8a50e0815fda9eef8635e52671f3888786c4daef5767b8da7b74e4311646,M1,M1.02,CHECK_REQUIRED_BEFORE_INSTANCE,CHECK_REQUIRED_BEFORE_INSTANCE,EXPECTED_DETECTOR_MATCH,DETECTED_AS_PREREGISTERED,FAIL,PASS,FAIL,FAIL:CHECK_REQUIRED_BEFORE_INSTANCE,,81
AEI_P3_FORMAL_20260826T034308Z_9b5f3c2bdfbe,2,M1.02:f9ade00b139ce33674b05d1766de3ec85779abfd83f893a7b2437817100901d9,f9ade00b139ce33674b05d1766de3ec85779abfd83f893a7b2437817100901d9,M1,M1.02,CHECK_REQUIRED_BEFORE_INSTANCE,CHECK_REQUIRED_BEFORE_INSTANCE,EXPECTED_DETECTOR_MATCH,DETECTED_AS_PREREGISTERED,FAIL,PASS,FAIL,FAIL:CHECK_REQUIRED_BEFORE_INSTANCE,,82
AEI_P3_FORMAL_20260826T034308Z_9b5f3c2bdfbe,2,M1.02:feb26c8ce25b99d6b090e07fca86c8e2dbf3ff2d6b891634c4c71b179329ab47,feb26c8ce25b99d6b090e07fca86c8e2dbf3ff2d6b891634c4c71b179329ab47,M1,M1.02,CHECK_REQUIRED_BEFORE_INSTANCE,CHECK_REQUIRED_BEFORE_INSTANCE,EXPECTED_DETECTOR_MATCH,DETECTED_AS_PREREGISTERED,FAIL,PASS,FAIL,FAIL:CHECK_REQUIRED_BEFORE_INSTANCE,,83
AEI_P3_FORMAL_20260826T034308Z_9b5f3c2bdfbe,2,M1.03:052b2dfeb855619b4e74c70e7155e5699a6aebc572c887f1432462ecf4afce6b,052b2dfeb855619b4e74c70e7155e5699a6aebc572c887f1432462ecf4afce6b,M1,M1.03,CHECK_REQUIRED_AFTER_INSTANCE,CHECK_REQUIRED_AFTER_INSTANCE,EXPECTED_DETECTOR_MATCH,DETECTED_AS_PREREGISTERED,FAIL,PASS,FAIL,FAIL:CHECK_REQUIRED_AFTER_INSTANCE,,84
AEI_P3_FORMAL_20260826T034308Z_9b5f3c2bdfbe,2,M1.03:0edc936e36dbd00367c35ec096b127c69211776f53ead8d7b9619a78d9b3beb5,0edc936e36dbd00367c35ec096b127c69211776f53ead8d7b9619a78d9b3beb5,M1,M1.03,CHECK_REQUIRED_AFTER_INSTANCE,CHECK_REQUIRED_AFTER_INSTANCE,EXPECTED_DETECTOR_MATCH,DETECTED_AS_PREREGISTERED,FAIL,PASS,FAIL,FAIL:CHECK_REQUIRED_AFTER_INSTANCE,,85
AEI_P3_FORMAL_20260826T034308Z_9b5f3c2bdfbe,2,M1.03:19993579c580ecb799e1ce158990340e547863ae75c4be153b97908cb5cd08a2,19993579c580ecb799e1ce158990340e547863ae75c4be153b97908cb5cd08a2,M1,M1.03,CHECK_REQUIRED_AFTER_INSTANCE,CHECK_REQUIRED_AFTER_INSTANCE,EXPECTED_DETECTOR_MATCH,DETECTED_AS_PREREGISTERED,FAIL,PASS,FAIL,FAIL:CHECK_REQUIRED_AFTER_INSTANCE,,86
AEI_P3_FORMAL_20260826T034308Z_9b5f3c2bdfbe,2,M1.03:1bb3dc3f26212de23def1f2ca0d598d344fea56b8a73247e2f6390ebea07946d,1bb3dc3f26212de23def1f2ca0d598d344fea56b8a73247e2f6390ebea07946d,M1,M1.03,CHECK_REQUIRED_AFTER_INSTANCE,CHECK_REQUIRED_AFTER_INSTANCE,EXPECTED_DETECTOR_MATCH,DETECTED_AS_PREREGISTERED,FAIL,PASS,FAIL,FAIL:CHECK_REQUIRED_AFTER_INSTANCE,,87
AEI_P3_FORMAL_20260826T034308Z_9b5f3c2bdfbe,2,M1.03:2443e5a3d32298289c0b98d2a7d3a03cbf4194a7adecf97293b0ac348944ba9e,2443e5a3d32298289c0b98d2a7d3a03cbf4194a7adecf97293b0ac348944ba9e,M1,M1.03,CHECK_REQUIRED_AFTER_INSTANCE,CHECK_REQUIRED_AFTER_INSTANCE,EXPECTED_DETECTOR_MATCH,DETECTED_AS_PREREGISTERED,FAIL,PASS,FAIL,FAIL:CHECK_REQUIRED_AFTER_INSTANCE,,88
AEI_P3_FORMAL_20260826T034308Z_9b5f3c2bdfbe,2,M1.03:245cb7ed72fd0a10da80157bd648a7ae9e8bd9ef722909fe778d274715ad67b3,245cb7ed72fd0a10da80157bd648a7ae9e8bd9ef722909fe778d274715ad67b3,M1,M1.03,CHECK_REQUIRED_AFTER_INSTANCE,CHECK_REQUIRED_AFTER_INSTANCE,EXPECTED_DETECTOR_MATCH,DETECTED_AS_PREREGISTERED,FAIL,PASS,FAIL,FAIL:CHECK_REQUIRED_AFTER_INSTANCE,,89
AEI_P3_FORMAL_20260826T034308Z_9b5f3c2bdfbe,2,M1.03:268469c82535bf1ba82a82324d755f40ad8bc7255c875b8e25c2d7943cff1ff3,268469c82535bf1ba82a82324d755f40ad8bc7255c875b8e25c2d7943cff1ff3,M1,M1.03,CHECK_REQUIRED_AFTER_INSTANCE,CHECK_REQUIRED_AFTER_INSTANCE,EXPECTED_DETECTOR_MATCH,DETECTED_AS_PREREGISTERED,FAIL,PASS,FAIL,FAIL:CHECK_REQUIRED_AFTER_INSTANCE,,90
AEI_P3_FORMAL_20260826T034308Z_9b5f3c2bdfbe,2,M1.03:2908e9ba69598735be8757d9b153473f5bacec1feb89ecff91ce994824a10178,2908e9ba69598735be8757d9b153473f5bacec1feb89ecff91ce994824a10178,M1,M1.03,CHECK_REQUIRED_AFTER_INSTANCE,CHECK_REQUIRED_AFTER_INSTANCE,EXPECTED_DETECTOR_MATCH,DETECTED_AS_PREREGISTERED,FAIL,PASS,FAIL,FAIL:CHECK_REQUIRED_AFTER_INSTANCE,,91
AEI_P3_FORMAL_20260826T034308Z_9b5f3c2bdfbe,2,M1.03:474b6ef7aac2feb7cb9195d7d3644f0d53d378eb4518ef87a9a2f7714d8ef3d5,474b6ef7aac2feb7cb9195d7d3644f0d53d378eb4518ef87a9a2f7714d8ef3d5,M1,M1.03,CHECK_REQUIRED_AFTER_INSTANCE,CHECK_REQUIRED_AFTER_INSTANCE,EXPECTED_DETECTOR_MATCH,DETECTED_AS_PREREGISTERED,FAIL,PASS,FAIL,FAIL:CHECK_REQUIRED_AFTER_INSTANCE,,92
AEI_P3_FORMAL_20260826T034308Z_9b5f3c2bdfbe,2,M1.03:4fafb9a13ff5e2fda82a804bf609727b68a17926d69ae1574c4801604ec81359,4fafb9a13ff5e2fda82a804bf609727b68a17926d69ae1574c4801604ec81359,M1,M1.03,CHECK_REQUIRED_AFTER_INSTANCE,CHECK_REQUIRED_AFTER_INSTANCE,EXPECTED_DETECTOR_MATCH,DETECTED_AS_PREREGISTERED,FAIL,PASS,FAIL,FAIL:CHECK_REQUIRED_AFTER_INSTANCE,,93
AEI_P3_FORMAL_20260826T034308Z_9b5f3c2bdfbe,2,M1.03:54349d927b9070c144f507868f9ef8b962c7c926426b33c3a7e0c88f715b246a,54349d927b9070c144f507868f9ef8b962c7c926426b33c3a7e0c88f715b246a,M1,M1.03,CHECK_REQUIRED_AFTER_INSTANCE,CHECK_REQUIRED_AFTER_INSTANCE,EXPECTED_DETECTOR_MATCH,DETECTED_AS_PREREGISTERED,FAIL,PASS,FAIL,FAIL:CHECK_REQUIRED_AFTER_INSTANCE,,94
AEI_P3_FORMAL_20260826T034308Z_9b5f3c2bdfbe,2,M1.03:558b8365de15727bf495595ed539867872c185b280ea249712f3b1d5f8674cd5,558b8365de15727bf495595ed539867872c185b280ea249712f3b1d5f8674cd5,M1,M1.03,CHECK_REQUIRED_AFTER_INSTANCE,CHECK_REQUIRED_AFTER_INSTANCE,EXPECTED_DETECTOR_MATCH,DETECTED_AS_PREREGISTERED,FAIL,PASS,FAIL,FAIL:CHECK_REQUIRED_AFTER_INSTANCE,,95
AEI_P3_FORMAL_20260826T034308Z_9b5f3c2bdfbe,2,M1.03:5ecccd77f46ab5549088b57686632a9eb5ccf1a5a977fbe35cfae6a50eca52bb,5ecccd77f46ab5549088b57686632a9eb5ccf1a5a977fbe35cfae6a50eca52bb,M1,M1.03,CHECK_REQUIRED_AFTER_INSTANCE,CHECK_REQUIRED_AFTER_INSTANCE,EXPECTED_DETECTOR_MATCH,DETECTED_AS_PREREGISTERED,FAIL,PASS,FAIL,FAIL:CHECK_REQUIRED_AFTER_INSTANCE,,96
AEI_P3_FORMAL_20260826T034308Z_9b5f3c2bdfbe,2,M1.03:5f24b2bbe16d5c8f667064d5031553e1dd9c4d9dbb7e0757cb922d9ba47928d5,5f24b2bbe16d5c8f667064d5031553e1dd9c4d9dbb7e0757cb922d9ba47928d5,M1,M1.03,CHECK_REQUIRED_AFTER_INSTANCE,CHECK_REQUIRED_AFTER_INSTANCE,EXPECTED_DETECTOR_MATCH,DETECTED_AS_PREREGISTERED,FAIL,PASS,FAIL,FAIL:CHECK_REQUIRED_AFTER_INSTANCE,,97
AEI_P3_FORMAL_20260826T034308Z_9b5f3c2bdfbe,2,M1.03:61f77c0251bcd2bbb51e6bff7e048bfcda7139b4e796314d32b47961ac3b5c1b,61f77c0251bcd2bbb51e6bff7e048bfcda7139b4e796314d32b47961ac3b5c1b,M1,M1.03,CHECK_REQUIRED_AFTER_INSTANCE,CHECK_REQUIRED_AFTER_INSTANCE,EXPECTED_DETECTOR_MATCH,DETECTED_AS_PREREGISTERED,FAIL,PASS,FAIL,FAIL:CHECK_REQUIRED_AFTER_INSTANCE,,98
AEI_P3_FORMAL_20260826T034308Z_9b5f3c2bdfbe,2,M1.03:634f3d08fd93ba622176ea6c9ff7ff1fb9d57a9b14f936f27d1460655fc20d72,634f3d08fd93ba622176ea6c9ff7ff1fb9d57a9b14f936f27d1460655fc20d72,M1,M1.03,CHECK_REQUIRED_AFTER_INSTANCE,CHECK_REQUIRED_AFTER_INSTANCE,EXPECTED_DETECTOR_MATCH,DETECTED_AS_PREREGISTERED,FAIL,PASS,FAIL,FAIL:CHECK_REQUIRED_AFTER_INSTANCE,,99
AEI_P3_FORMAL_20260826T034308Z_9b5f3c2bdfbe,2,M1.03:73cdcc11d1c23e47664696979a9b12b94deb5da000c18f37a8d7c0b641090788,73cdcc11d1c23e47664696979a9b12b94deb5da000c18f37a8d7c0b641090788,M1,M1.03,CHECK_REQUIRED_AFTER_INSTANCE,CHECK_REQUIRED_AFTER_INSTANCE,EXPECTED_DETECTOR_MATCH,DETECTED_AS_PREREGISTERED,FAIL,PASS,FAIL,FAIL:CHECK_REQUIRED_AFTER_INSTANCE,,100
AEI_P3_FORMAL_20260826T034308Z_9b5f3c2bdfbe,2,M1.03:7dc2cc636acd7eeb3db7367222360894cac918d6adca467d2f7a79960bbe8b1c,7dc2cc636acd7eeb3db7367222360894cac918d6adca467d2f7a79960bbe8b1c,M1,M1.03,CHECK_REQUIRED_AFTER_INSTANCE,CHECK_REQUIRED_AFTER_INSTANCE,EXPECTED_DETECTOR_MATCH,DETECTED_AS_PREREGISTERED,FAIL,PASS,FAIL,FAIL:CHECK_REQUIRED_AFTER_INSTANCE,,101
AEI_P3_FORMAL_20260826T034308Z_9b5f3c2bdfbe,2,M1.03:8c60197386a54af6d06cac0996c81cbca4971ac83984afcf2a52fa27a5bb1b42,8c60197386a54af6d06cac0996c81cbca4971ac83984afcf2a52fa27a5bb1b42,M1,M1.03,CHECK_REQUIRED_AFTER_INSTANCE,CHECK_REQUIRED_AFTER_INSTANCE,EXPECTED_DETECTOR_MATCH,DETECTED_AS_PREREGISTERED,FAIL,PASS,FAIL,FAIL:CHECK_REQUIRED_AFTER_INSTANCE,,102
AEI_P3_FORMAL_20260826T034308Z_9b5f3c2bdfbe,2,M1.03:8e3a1df6f55a6d53d21fd63c9dcda45cee6d1576c4989d45b40828d31e6d7281,8e3a1df6f55a6d53d21fd63c9dcda45cee6d1576c4989d45b40828d31e6d7281,M1,M1.03,CHECK_REQUIRED_AFTER_INSTANCE,CHECK_REQUIRED_AFTER_INSTANCE,EXPECTED_DETECTOR_MATCH,DETECTED_AS_PREREGISTERED,FAIL,PASS,FAIL,FAIL:CHECK_REQUIRED_AFTER_INSTANCE,,103
AEI_P3_FORMAL_20260826T034308Z_9b5f3c2bdfbe,2,M1.03:97eb8ea8dfec0a163a4b54e1179247553055627de3df3d7a40c8879cacc64800,97eb8ea8dfec0a163a4b54e1179247553055627de3df3d7a40c8879cacc64800,M1,M1.03,CHECK_REQUIRED_AFTER_INSTANCE,CHECK_REQUIRED_AFTER_INSTANCE,EXPECTED_DETECTOR_MATCH,DETECTED_AS_PREREGISTERED,FAIL,PASS,FAIL,FAIL:CHECK_REQUIRED_AFTER_INSTANCE,,104
AEI_P3_FORMAL_20260826T034308Z_9b5f3c2bdfbe,2,M1.03:9827288498c6ff63f3f7ec6f3bb833b53ac1c3cbaf59021addc82b6a8c08bae2,9827288498c6ff63f3f7ec6f3bb833b53ac1c3cbaf59021addc82b6a8c08bae2,M1,M1.03,CHECK_REQUIRED_AFTER_INSTANCE,CHECK_REQUIRED_AFTER_INSTANCE,EXPECTED_DETECTOR_MATCH,DETECTED_AS_PREREGISTERED,FAIL,PASS,FAIL,FAIL:CHECK_REQUIRED_AFTER_INSTANCE,,105
AEI_P3_FORMAL_20260826T034308Z_9b5f3c2bdfbe,2,M1.03:9f7906189c782cba7c3a4cc9cb8785764c8ad3fb1e637423a7a310d6c438feb5,9f7906189c782cba7c3a4cc9cb8785764c8ad3fb1e637423a7a310d6c438feb5,M1,M1.03,CHECK_REQUIRED_AFTER_INSTANCE,CHECK_REQUIRED_AFTER_INSTANCE,EXPECTED_DETECTOR_MATCH,DETECTED_AS_PREREGISTERED,FAIL,PASS,FAIL,FAIL:CHECK_REQUIRED_AFTER_INSTANCE,,106
AEI_P3_FORMAL_20260826T034308Z_9b5f3c2bdfbe,2,M1.03:aa5b4ee1688c71f1a3932cd7d9b629a08e31ef09728f3280c98c7636eecfb8d3,aa5b4ee1688c71f1a3932cd7d9b629a08e31ef09728f3280c98c7636eecfb8d3,M1,M1.03,CHECK_REQUIRED_AFTER_INSTANCE,CHECK_REQUIRED_AFTER_INSTANCE,EXPECTED_DETECTOR_MATCH,DETECTED_AS_PREREGISTERED,FAIL,PASS,FAIL,FAIL:CHECK_REQUIRED_AFTER_INSTANCE,,107
AEI_P3_FORMAL_20260826T034308Z_9b5f3c2bdfbe,2,M1.03:aad646b14392b632d658225dedb7d3953424ab9ab19ebafdc67bd9a7f02eb50b,aad646b14392b632d658225dedb7d3953424ab9ab19ebafdc67bd9a7f02eb50b,M1,M1.03,CHECK_REQUIRED_AFTER_INSTANCE,CHECK_REQUIRED_AFTER_INSTANCE,EXPECTED_DETECTOR_MATCH,DETECTED_AS_PREREGISTERED,FAIL,PASS,FAIL,FAIL:CHECK_REQUIRED_AFTER_INSTANCE,,108
AEI_P3_FORMAL_20260826T034308Z_9b5f3c2bdfbe,2,M1.03:abc8d6ba26b9728a25ebd17f4066aa5421f54fde1c1ef630cc33cb308c0fb8e5,abc8d6ba26b9728a25ebd17f4066aa5421f54fde1c1ef630cc33cb308c0fb8e5,M1,M1.03,CHECK_REQUIRED_AFTER_INSTANCE,CHECK_REQUIRED_AFTER_INSTANCE,EXPECTED_DETECTOR_MATCH,DETECTED_AS_PREREGISTERED,FAIL,PASS,FAIL,FAIL:CHECK_REQUIRED_AFTER_INSTANCE,,109
AEI_P3_FORMAL_20260826T034308Z_9b5f3c2bdfbe,2,M1.03:b0f01f4c7ca822555039b9267d8985edbeb149abc0a710d6583cea634584f862,b0f01f4c7ca822555039b9267d8985edbeb149abc0a710d6583cea634584f862,M1,M1.03,CHECK_REQUIRED_AFTER_INSTANCE,CHECK_REQUIRED_AFTER_INSTANCE,EXPECTED_DETECTOR_MATCH,DETECTED_AS_PREREGISTERED,FAIL,PASS,FAIL,FAIL:CHECK_REQUIRED_AFTER_INSTANCE,,110
AEI_P3_FORMAL_20260826T034308Z_9b5f3c2bdfbe,2,M1.03:b31f9c5cbf923f188771558357941c1a7d6a71089f67793c620cf7034a070eb2,b31f9c5cbf923f188771558357941c1a7d6a71089f67793c620cf7034a070eb2,M1,M1.03,CHECK_REQUIRED_AFTER_INSTANCE,CHECK_REQUIRED_AFTER_INSTANCE,EXPECTED_DETECTOR_MATCH,DETECTED_AS_PREREGISTERED,FAIL,PASS,FAIL,FAIL:CHECK_REQUIRED_AFTER_INSTANCE,,111
AEI_P3_FORMAL_20260826T034308Z_9b5f3c2bdfbe,2,M1.03:b5c400c27e6dbb1cc8466c5ce68e1530b6d984599f3c01c36496b49b586ff5e3,b5c400c27e6dbb1cc8466c5ce68e1530b6d984599f3c01c36496b49b586ff5e3,M1,M1.03,CHECK_REQUIRED_AFTER_INSTANCE,CHECK_REQUIRED_AFTER_INSTANCE,EXPECTED_DETECTOR_MATCH,DETECTED_AS_PREREGISTERED,FAIL,PASS,FAIL,FAIL:CHECK_REQUIRED_AFTER_INSTANCE,,112
AEI_P3_FORMAL_20260826T034308Z_9b5f3c2bdfbe,2,M1.03:bb3f15222034bdf87b9be499b27f859fe778b781693fd54677f83bd7531f0680,bb3f15222034bdf87b9be499b27f859fe778b781693fd54677f83bd7531f0680,M1,M1.03,CHECK_REQUIRED_AFTER_INSTANCE,CHECK_REQUIRED_AFTER_INSTANCE,EXPECTED_DETECTOR_MATCH,DETECTED_AS_PREREGISTERED,FAIL,PASS,FAIL,FAIL:CHECK_REQUIRED_AFTER_INSTANCE,,113
AEI_P3_FORMAL_20260826T034308Z_9b5f3c2bdfbe,2,M1.03:ce18361670bfbcde2f3ff22167187aecef9164dedbf1198bc7563c147804780e,ce18361670bfbcde2f3ff22167187aecef9164dedbf1198bc7563c147804780e,M1,M1.03,CHECK_REQUIRED_AFTER_INSTANCE,CHECK_REQUIRED_AFTER_INSTANCE,EXPECTED_DETECTOR_MATCH,DETECTED_AS_PREREGISTERED,FAIL,PASS,FAIL,FAIL:CHECK_REQUIRED_AFTER_INSTANCE,,114
AEI_P3_FORMAL_20260826T034308Z_9b5f3c2bdfbe,2,M1.03:ceae66508816dc9f5458c925c89f155658e6c78710a8753d337ac385481cc1bf,ceae66508816dc9f5458c925c89f155658e6c78710a8753d337ac385481cc1bf,M1,M1.03,CHECK_REQUIRED_AFTER_INSTANCE,CHECK_REQUIRED_AFTER_INSTANCE,EXPECTED_DETECTOR_MATCH,DETECTED_AS_PREREGISTERED,FAIL,PASS,FAIL,FAIL:CHECK_REQUIRED_AFTER_INSTANCE,,115
AEI_P3_FORMAL_20260826T034308Z_9b5f3c2bdfbe,2,M1.03:d093d52f24139c1b6fb09b775beedd000f1a7b3716df906d7d36e91e7e848265,d093d52f24139c1b6fb09b775beedd000f1a7b3716df906d7d36e91e7e848265,M1,M1.03,CHECK_REQUIRED_AFTER_INSTANCE,CHECK_REQUIRED_AFTER_INSTANCE,EXPECTED_DETECTOR_MATCH,DETECTED_AS_PREREGISTERED,FAIL,PASS,FAIL,FAIL:CHECK_REQUIRED_AFTER_INSTANCE,,116
AEI_P3_FORMAL_20260826T034308Z_9b5f3c2bdfbe,2,M1.03:d4b957654a5efd71168d6f7e67936e6abf4666ceb41e7919635002157b125411,d4b957654a5efd71168d6f7e67936e6abf4666ceb41e7919635002157b125411,M1,M1.03,CHECK_REQUIRED_AFTER_INSTANCE,CHECK_REQUIRED_AFTER_INSTANCE,EXPECTED_DETECTOR_MATCH,DETECTED_AS_PREREGISTERED,FAIL,PASS,FAIL,FAIL:CHECK_REQUIRED_AFTER_INSTANCE,,117
AEI_P3_FORMAL_20260826T034308Z_9b5f3c2bdfbe,2,M1.03:d598e89b357205c7b4bd47c5ebbe933f8be1f7c8dcdee85e66ec6829cafb91d3,d598e89b357205c7b4bd47c5ebbe933f8be1f7c8dcdee85e66ec6829cafb91d3,M1,M1.03,CHECK_REQUIRED_AFTER_INSTANCE,CHECK_REQUIRED_AFTER_INSTANCE,EXPECTED_DETECTOR_MATCH,DETECTED_AS_PREREGISTERED,FAIL,PASS,FAIL,FAIL:CHECK_REQUIRED_AFTER_INSTANCE,,118
AEI_P3_FORMAL_20260826T034308Z_9b5f3c2bdfbe,2,M1.03:eb3670bbe434a59cc94347384a5d50fb526d26a00dbf6da73e54438c4bacc2a0,eb3670bbe434a59cc94347384a5d50fb526d26a00dbf6da73e54438c4bacc2a0,M1,M1.03,CHECK_REQUIRED_AFTER_INSTANCE,CHECK_REQUIRED_AFTER_INSTANCE,EXPECTED_DETECTOR_MATCH,DETECTED_AS_PREREGISTERED,FAIL,PASS,FAIL,FAIL:CHECK_REQUIRED_AFTER_INSTANCE,,119
AEI_P3_FORMAL_20260826T034308Z_9b5f3c2bdfbe,2,M1.03:f1e5fc58ea336e13c098308a2da00dee7de3dd3aa08d6170df4a3cb1afd09795,f1e5fc58ea336e13c098308a2da00dee7de3dd3aa08d6170df4a3cb1afd09795,M1,M1.03,CHECK_REQUIRED_AFTER_INSTANCE,CHECK_REQUIRED_AFTER_INSTANCE,EXPECTED_DETECTOR_MATCH,DETECTED_AS_PREREGISTERED,FAIL,PASS,FAIL,FAIL:CHECK_REQUIRED_AFTER_INSTANCE,,120
AEI_P3_FORMAL_20260826T034308Z_9b5f3c2bdfbe,2,M1.03:f583baa2dad1527b5f84f71805410ee51b78fce2b1be62de49f1636c06821c7b,f583baa2dad1527b5f84f71805410ee51b78fce2b1be62de49f1636c06821c7b,M1,M1.03,CHECK_REQUIRED_AFTER_INSTANCE,CHECK_REQUIRED_AFTER_INSTANCE,EXPECTED_DETECTOR_MATCH,DETECTED_AS_PREREGISTERED,FAIL,PASS,FAIL,FAIL:CHECK_REQUIRED_AFTER_INSTANCE,,121
AEI_P3_FORMAL_20260826T034308Z_9b5f3c2bdfbe,2,M1.03:f64f55ad9277004ae441909cd6556d26eeaf73d3eb3c537384be703615149f96,f64f55ad9277004ae441909cd6556d26eeaf73d3eb3c537384be703615149f96,M1,M1.03,CHECK_REQUIRED_AFTER_INSTANCE,CHECK_REQUIRED_AFTER_INSTANCE,EXPECTED_DETECTOR_MATCH,DETECTED_AS_PREREGISTERED,FAIL,PASS,FAIL,FAIL:CHECK_REQUIRED_AFTER_INSTANCE,,122
AEI_P3_FORMAL_20260826T034308Z_9b5f3c2bdfbe,2,M1.03:f80e8a50e0815fda9eef8635e52671f3888786c4daef5767b8da7b74e4311646,f80e8a50e0815fda9eef8635e52671f3888786c4daef5767b8da7b74e4311646,M1,M1.03,CHECK_REQUIRED_AFTER_INSTANCE,CHECK_REQUIRED_AFTER_INSTANCE,EXPECTED_DETECTOR_MATCH,DETECTED_AS_PREREGISTERED,FAIL,PASS,FAIL,FAIL:CHECK_REQUIRED_AFTER_INSTANCE,,123
AEI_P3_FORMAL_20260826T034308Z_9b5f3c2bdfbe,2,M1.03:f9ade00b139ce33674b05d1766de3ec85779abfd83f893a7b2437817100901d9,f9ade00b139ce33674b05d1766de3ec85779abfd83f893a7b2437817100901d9,M1,M1.03,CHECK_REQUIRED_AFTER_INSTANCE,CHECK_REQUIRED_AFTER_INSTANCE,EXPECTED_DETECTOR_MATCH,DETECTED_AS_PREREGISTERED,FAIL,PASS,FAIL,FAIL:CHECK_REQUIRED_AFTER_INSTANCE,,124
AEI_P3_FORMAL_20260826T034308Z_9b5f3c2bdfbe,2,M1.03:feb26c8ce25b99d6b090e07fca86c8e2dbf3ff2d6b891634c4c71b179329ab47,feb26c8ce25b99d6b090e07fca86c8e2dbf3ff2d6b891634c4c71b179329ab47,M1,M1.03,CHECK_REQUIRED_AFTER_INSTANCE,CHECK_REQUIRED_AFTER_INSTANCE,EXPECTED_DETECTOR_MATCH,DETECTED_AS_PREREGISTERED,FAIL,PASS,FAIL,FAIL:CHECK_REQUIRED_AFTER_INSTANCE,,125
AEI_P3_FORMAL_20260826T034308Z_9b5f3c2bdfbe,2,M1.04:052b2dfeb855619b4e74c70e7155e5699a6aebc572c887f1432462ecf4afce6b,052b2dfeb855619b4e74c70e7155e5699a6aebc572c887f1432462ecf4afce6b,M1,M1.04,CHECK_REQUIRED_BEFORE_SCHEDULE,CHECK_REQUIRED_BEFORE_SCHEDULE,EXPECTED_DETECTOR_MATCH,DETECTED_AS_PREREGISTERED,FAIL,PASS,FAIL,FAIL:CHECK_REQUIRED_BEFORE_SCHEDULE,,126
AEI_P3_FORMAL_20260826T034308Z_9b5f3c2bdfbe,2,M1.04:0edc936e36dbd00367c35ec096b127c69211776f53ead8d7b9619a78d9b3beb5,0edc936e36dbd00367c35ec096b127c69211776f53ead8d7b9619a78d9b3beb5,M1,M1.04,CHECK_REQUIRED_BEFORE_SCHEDULE,CHECK_REQUIRED_BEFORE_SCHEDULE,EXPECTED_DETECTOR_MATCH,DETECTED_AS_PREREGISTERED,FAIL,PASS,FAIL,FAIL:CHECK_REQUIRED_BEFORE_SCHEDULE,,127
AEI_P3_FORMAL_20260826T034308Z_9b5f3c2bdfbe,2,M1.04:19993579c580ecb799e1ce158990340e547863ae75c4be153b97908cb5cd08a2,19993579c580ecb799e1ce158990340e547863ae75c4be153b97908cb5cd08a2,M1,M1.04,CHECK_REQUIRED_BEFORE_SCHEDULE,CHECK_REQUIRED_BEFORE_SCHEDULE,EXPECTED_DETECTOR_MATCH,DETECTED_AS_PREREGISTERED,FAIL,PASS,FAIL,FAIL:CHECK_REQUIRED_BEFORE_SCHEDULE,,128
AEI_P3_FORMAL_20260826T034308Z_9b5f3c2bdfbe,2,M1.04:1bb3dc3f26212de23def1f2ca0d598d344fea56b8a73247e2f6390ebea07946d,1bb3dc3f26212de23def1f2ca0d598d344fea56b8a73247e2f6390ebea07946d,M1,M1.04,CHECK_REQUIRED_BEFORE_SCHEDULE,CHECK_REQUIRED_BEFORE_SCHEDULE,EXPECTED_DETECTOR_MATCH,DETECTED_AS_PREREGISTERED,FAIL,PASS,FAIL,FAIL:CHECK_REQUIRED_BEFORE_SCHEDULE,,129
AEI_P3_FORMAL_20260826T034308Z_9b5f3c2bdfbe,2,M1.04:2443e5a3d32298289c0b98d2a7d3a03cbf4194a7adecf97293b0ac348944ba9e,2443e5a3d32298289c0b98d2a7d3a03cbf4194a7adecf97293b0ac348944ba9e,M1,M1.04,CHECK_REQUIRED_BEFORE_SCHEDULE,CHECK_REQUIRED_BEFORE_SCHEDULE,EXPECTED_DETECTOR_MATCH,DETECTED_AS_PREREGISTERED,FAIL,PASS,FAIL,FAIL:CHECK_REQUIRED_BEFORE_SCHEDULE,,130
AEI_P3_FORMAL_20260826T034308Z_9b5f3c2bdfbe,2,M1.04:245cb7ed72fd0a10da80157bd648a7ae9e8bd9ef722909fe778d274715ad67b3,245cb7ed72fd0a10da80157bd648a7ae9e8bd9ef722909fe778d274715ad67b3,M1,M1.04,CHECK_REQUIRED_BEFORE_SCHEDULE,CHECK_REQUIRED_BEFORE_SCHEDULE,EXPECTED_DETECTOR_MATCH,DETECTED_AS_PREREGISTERED,FAIL,PASS,FAIL,FAIL:CHECK_REQUIRED_BEFORE_SCHEDULE,,131
AEI_P3_FORMAL_20260826T034308Z_9b5f3c2bdfbe,2,M1.04:268469c82535bf1ba82a82324d755f40ad8bc7255c875b8e25c2d7943cff1ff3,268469c82535bf1ba82a82324d755f40ad8bc7255c875b8e25c2d7943cff1ff3,M1,M1.04,CHECK_REQUIRED_BEFORE_SCHEDULE,CHECK_REQUIRED_BEFORE_SCHEDULE,EXPECTED_DETECTOR_MATCH,DETECTED_AS_PREREGISTERED,FAIL,PASS,FAIL,FAIL:CHECK_REQUIRED_BEFORE_SCHEDULE,,132
AEI_P3_FORMAL_20260826T034308Z_9b5f3c2bdfbe,2,M1.04:2908e9ba69598735be8757d9b153473f5bacec1feb89ecff91ce994824a10178,2908e9ba69598735be8757d9b153473f5bacec1feb89ecff91ce994824a10178,M1,M1.04,CHECK_REQUIRED_BEFORE_SCHEDULE,CHECK_REQUIRED_BEFORE_SCHEDULE,EXPECTED_DETECTOR_MATCH,DETECTED_AS_PREREGISTERED,FAIL,PASS,FAIL,FAIL:CHECK_REQUIRED_BEFORE_SCHEDULE,,133
AEI_P3_FORMAL_20260826T034308Z_9b5f3c2bdfbe,2,M1.04:474b6ef7aac2feb7cb9195d7d3644f0d53d378eb4518ef87a9a2f7714d8ef3d5,474b6ef7aac2feb7cb9195d7d3644f0d53d378eb4518ef87a9a2f7714d8ef3d5,M1,M1.04,CHECK_REQUIRED_BEFORE_SCHEDULE,CHECK_REQUIRED_BEFORE_SCHEDULE,EXPECTED_DETECTOR_MATCH,DETECTED_AS_PREREGISTERED,FAIL,PASS,FAIL,FAIL:CHECK_REQUIRED_BEFORE_SCHEDULE,,134
AEI_P3_FORMAL_20260826T034308Z_9b5f3c2bdfbe,2,M1.04:4fafb9a13ff5e2fda82a804bf609727b68a17926d69ae1574c4801604ec81359,4fafb9a13ff5e2fda82a804bf609727b68a17926d69ae1574c4801604ec81359,M1,M1.04,CHECK_REQUIRED_BEFORE_SCHEDULE,CHECK_REQUIRED_BEFORE_SCHEDULE,EXPECTED_DETECTOR_MATCH,DETECTED_AS_PREREGISTERED,FAIL,PASS,FAIL,FAIL:CHECK_REQUIRED_BEFORE_SCHEDULE,,135
AEI_P3_FORMAL_20260826T034308Z_9b5f3c2bdfbe,2,M1.04:54349d927b9070c144f507868f9ef8b962c7c926426b33c3a7e0c88f715b246a,54349d927b9070c144f507868f9ef8b962c7c926426b33c3a7e0c88f715b246a,M1,M1.04,CHECK_REQUIRED_BEFORE_SCHEDULE,CHECK_REQUIRED_BEFORE_SCHEDULE,EXPECTED_DETECTOR_MATCH,DETECTED_AS_PREREGISTERED,FAIL,PASS,FAIL,FAIL:CHECK_REQUIRED_BEFORE_SCHEDULE,,136
AEI_P3_FORMAL_20260826T034308Z_9b5f3c2bdfbe,2,M1.04:558b8365de15727bf495595ed539867872c185b280ea249712f3b1d5f8674cd5,558b8365de15727bf495595ed539867872c185b280ea249712f3b1d5f8674cd5,M1,M1.04,CHECK_REQUIRED_BEFORE_SCHEDULE,CHECK_REQUIRED_BEFORE_SCHEDULE,EXPECTED_DETECTOR_MATCH,DETECTED_AS_PREREGISTERED,FAIL,PASS,FAIL,FAIL:CHECK_REQUIRED_BEFORE_SCHEDULE,,137
AEI_P3_FORMAL_20260826T034308Z_9b5f3c2bdfbe,2,M1.04:5ecccd77f46ab5549088b57686632a9eb5ccf1a5a977fbe35cfae6a50eca52bb,5ecccd77f46ab5549088b57686632a9eb5ccf1a5a977fbe35cfae6a50eca52bb,M1,M1.04,CHECK_REQUIRED_BEFORE_SCHEDULE,CHECK_REQUIRED_BEFORE_SCHEDULE,EXPECTED_DETECTOR_MATCH,DETECTED_AS_PREREGISTERED,FAIL,PASS,FAIL,FAIL:CHECK_REQUIRED_BEFORE_SCHEDULE,,138
AEI_P3_FORMAL_20260826T034308Z_9b5f3c2bdfbe,2,M1.04:5f24b2bbe16d5c8f667064d5031553e1dd9c4d9dbb7e0757cb922d9ba47928d5,5f24b2bbe16d5c8f667064d5031553e1dd9c4d9dbb7e0757cb922d9ba47928d5,M1,M1.04,CHECK_REQUIRED_BEFORE_SCHEDULE,CHECK_REQUIRED_BEFORE_SCHEDULE,EXPECTED_DETECTOR_MATCH,DETECTED_AS_PREREGISTERED,FAIL,PASS,FAIL,FAIL:CHECK_REQUIRED_BEFORE_SCHEDULE,,139
AEI_P3_FORMAL_20260826T034308Z_9b5f3c2bdfbe,2,M1.04:61f77c0251bcd2bbb51e6bff7e048bfcda7139b4e796314d32b47961ac3b5c1b,61f77c0251bcd2bbb51e6bff7e048bfcda7139b4e796314d32b47961ac3b5c1b,M1,M1.04,CHECK_REQUIRED_BEFORE_SCHEDULE,CHECK_REQUIRED_BEFORE_SCHEDULE,EXPECTED_DETECTOR_MATCH,DETECTED_AS_PREREGISTERED,FAIL,PASS,FAIL,FAIL:CHECK_REQUIRED_BEFORE_SCHEDULE,,140
AEI_P3_FORMAL_20260826T034308Z_9b5f3c2bdfbe,2,M1.04:634f3d08fd93ba622176ea6c9ff7ff1fb9d57a9b14f936f27d1460655fc20d72,634f3d08fd93ba622176ea6c9ff7ff1fb9d57a9b14f936f27d1460655fc20d72,M1,M1.04,CHECK_REQUIRED_BEFORE_SCHEDULE,CHECK_REQUIRED_BEFORE_SCHEDULE,EXPECTED_DETECTOR_MATCH,DETECTED_AS_PREREGISTERED,FAIL,PASS,FAIL,FAIL:CHECK_REQUIRED_BEFORE_SCHEDULE,,141
AEI_P3_FORMAL_20260826T034308Z_9b5f3c2bdfbe,2,M1.04:73cdcc11d1c23e47664696979a9b12b94deb5da000c18f37a8d7c0b641090788,73cdcc11d1c23e47664696979a9b12b94deb5da000c18f37a8d7c0b641090788,M1,M1.04,CHECK_REQUIRED_BEFORE_SCHEDULE,CHECK_REQUIRED_BEFORE_SCHEDULE,EXPECTED_DETECTOR_MATCH,DETECTED_AS_PREREGISTERED,FAIL,PASS,FAIL,FAIL:CHECK_REQUIRED_BEFORE_SCHEDULE,,142
AEI_P3_FORMAL_20260826T034308Z_9b5f3c2bdfbe,2,M1.04:7dc2cc636acd7eeb3db7367222360894cac918d6adca467d2f7a79960bbe8b1c,7dc2cc636acd7eeb3db7367222360894cac918d6adca467d2f7a79960bbe8b1c,M1,M1.04,CHECK_REQUIRED_BEFORE_SCHEDULE,CHECK_REQUIRED_BEFORE_SCHEDULE,EXPECTED_DETECTOR_MATCH,DETECTED_AS_PREREGISTERED,FAIL,PASS,FAIL,FAIL:CHECK_REQUIRED_BEFORE_SCHEDULE,,143
AEI_P3_FORMAL_20260826T034308Z_9b5f3c2bdfbe,2,M1.04:8c60197386a54af6d06cac0996c81cbca4971ac83984afcf2a52fa27a5bb1b42,8c60197386a54af6d06cac0996c81cbca4971ac83984afcf2a52fa27a5bb1b42,M1,M1.04,CHECK_REQUIRED_BEFORE_SCHEDULE,CHECK_REQUIRED_BEFORE_SCHEDULE,EXPECTED_DETECTOR_MATCH,DETECTED_AS_PREREGISTERED,FAIL,PASS,FAIL,FAIL:CHECK_REQUIRED_BEFORE_SCHEDULE,,144
AEI_P3_FORMAL_20260826T034308Z_9b5f3c2bdfbe,2,M1.04:8e3a1df6f55a6d53d21fd63c9dcda45cee6d1576c4989d45b40828d31e6d7281,8e3a1df6f55a6d53d21fd63c9dcda45cee6d1576c4989d45b40828d31e6d7281,M1,M1.04,CHECK_REQUIRED_BEFORE_SCHEDULE,CHECK_REQUIRED_BEFORE_SCHEDULE,EXPECTED_DETECTOR_MATCH,DETECTED_AS_PREREGISTERED,FAIL,PASS,FAIL,FAIL:CHECK_REQUIRED_BEFORE_SCHEDULE,,145
AEI_P3_FORMAL_20260826T034308Z_9b5f3c2bdfbe,2,M1.04:97eb8ea8dfec0a163a4b54e1179247553055627de3df3d7a40c8879cacc64800,97eb8ea8dfec0a163a4b54e1179247553055627de3df3d7a40c8879cacc64800,M1,M1.04,CHECK_REQUIRED_BEFORE_SCHEDULE,CHECK_REQUIRED_BEFORE_SCHEDULE,EXPECTED_DETECTOR_MATCH,DETECTED_AS_PREREGISTERED,FAIL,PASS,FAIL,FAIL:CHECK_REQUIRED_BEFORE_SCHEDULE,,146
AEI_P3_FORMAL_20260826T034308Z_9b5f3c2bdfbe,2,M1.04:9827288498c6ff63f3f7ec6f3bb833b53ac1c3cbaf59021addc82b6a8c08bae2,9827288498c6ff63f3f7ec6f3bb833b53ac1c3cbaf59021addc82b6a8c08bae2,M1,M1.04,CHECK_REQUIRED_BEFORE_SCHEDULE,CHECK_REQUIRED_BEFORE_SCHEDULE,EXPECTED_DETECTOR_MATCH,DETECTED_AS_PREREGISTERED,FAIL,PASS,FAIL,FAIL:CHECK_REQUIRED_BEFORE_SCHEDULE,,147
AEI_P3_FORMAL_20260826T034308Z_9b5f3c2bdfbe,2,M1.04:9f7906189c782cba7c3a4cc9cb8785764c8ad3fb1e637423a7a310d6c438feb5,9f7906189c782cba7c3a4cc9cb8785764c8ad3fb1e637423a7a310d6c438feb5,M1,M1.04,CHECK_REQUIRED_BEFORE_SCHEDULE,CHECK_REQUIRED_BEFORE_SCHEDULE,EXPECTED_DETECTOR_MATCH,DETECTED_AS_PREREGISTERED,FAIL,PASS,FAIL,FAIL:CHECK_REQUIRED_BEFORE_SCHEDULE,,148
AEI_P3_FORMAL_20260826T034308Z_9b5f3c2bdfbe,2,M1.04:aa5b4ee1688c71f1a3932cd7d9b629a08e31ef09728f3280c98c7636eecfb8d3,aa5b4ee1688c71f1a3932cd7d9b629a08e31ef09728f3280c98c7636eecfb8d3,M1,M1.04,CHECK_REQUIRED_BEFORE_SCHEDULE,CHECK_REQUIRED_BEFORE_SCHEDULE,EXPECTED_DETECTOR_MATCH,DETECTED_AS_PREREGISTERED,FAIL,PASS,FAIL,FAIL:CHECK_REQUIRED_BEFORE_SCHEDULE,,149
AEI_P3_FORMAL_20260826T034308Z_9b5f3c2bdfbe,2,M1.04:aad646b14392b632d658225dedb7d3953424ab9ab19ebafdc67bd9a7f02eb50b,aad646b14392b632d658225dedb7d3953424ab9ab19ebafdc67bd9a7f02eb50b,M1,M1.04,CHECK_REQUIRED_BEFORE_SCHEDULE,CHECK_REQUIRED_BEFORE_SCHEDULE,EXPECTED_DETECTOR_MATCH,DETECTED_AS_PREREGISTERED,FAIL,PASS,FAIL,FAIL:CHECK_REQUIRED_BEFORE_SCHEDULE,,150
AEI_P3_FORMAL_20260826T034308Z_9b5f3c2bdfbe,2,M1.04:abc8d6ba26b9728a25ebd17f4066aa5421f54fde1c1ef630cc33cb308c0fb8e5,abc8d6ba26b9728a25ebd17f4066aa5421f54fde1c1ef630cc33cb308c0fb8e5,M1,M1.04,CHECK_REQUIRED_BEFORE_SCHEDULE,CHECK_REQUIRED_BEFORE_SCHEDULE,EXPECTED_DETECTOR_MATCH,DETECTED_AS_PREREGISTERED,FAIL,PASS,FAIL,FAIL:CHECK_REQUIRED_BEFORE_SCHEDULE,,151
AEI_P3_FORMAL_20260826T034308Z_9b5f3c2bdfbe,2,M1.04:b0f01f4c7ca822555039b9267d8985edbeb149abc0a710d6583cea634584f862,b0f01f4c7ca822555039b9267d8985edbeb149abc0a710d6583cea634584f862,M1,M1.04,CHECK_REQUIRED_BEFORE_SCHEDULE,CHECK_REQUIRED_BEFORE_SCHEDULE,EXPECTED_DETECTOR_MATCH,DETECTED_AS_PREREGISTERED,FAIL,PASS,FAIL,FAIL:CHECK_REQUIRED_BEFORE_SCHEDULE,,152
AEI_P3_FORMAL_20260826T034308Z_9b5f3c2bdfbe,2,M1.04:b31f9c5cbf923f188771558357941c1a7d6a71089f67793c620cf7034a070eb2,b31f9c5cbf923f188771558357941c1a7d6a71089f67793c620cf7034a070eb2,M1,M1.04,CHECK_REQUIRED_BEFORE_SCHEDULE,CHECK_REQUIRED_BEFORE_SCHEDULE,EXPECTED_DETECTOR_MATCH,DETECTED_AS_PREREGISTERED,FAIL,PASS,FAIL,FAIL:CHECK_REQUIRED_BEFORE_SCHEDULE,,153
AEI_P3_FORMAL_20260826T034308Z_9b5f3c2bdfbe,2,M1.04:b5c400c27e6dbb1cc8466c5ce68e1530b6d984599f3c01c36496b49b586ff5e3,b5c400c27e6dbb1cc8466c5ce68e1530b6d984599f3c01c36496b49b586ff5e3,M1,M1.04,CHECK_REQUIRED_BEFORE_SCHEDULE,CHECK_REQUIRED_BEFORE_SCHEDULE,EXPECTED_DETECTOR_MATCH,DETECTED_AS_PREREGISTERED,FAIL,PASS,FAIL,FAIL:CHECK_REQUIRED_BEFORE_SCHEDULE,,154
AEI_P3_FORMAL_20260826T034308Z_9b5f3c2bdfbe,2,M1.04:bb3f15222034bdf87b9be499b27f859fe778b781693fd54677f83bd7531f0680,bb3f15222034bdf87b9be499b27f859fe778b781693fd54677f83bd7531f0680,M1,M1.04,CHECK_REQUIRED_BEFORE_SCHEDULE,CHECK_REQUIRED_BEFORE_SCHEDULE,EXPECTED_DETECTOR_MATCH,DETECTED_AS_PREREGISTERED,FAIL,PASS,FAIL,FAIL:CHECK_REQUIRED_BEFORE_SCHEDULE,,155
AEI_P3_FORMAL_20260826T034308Z_9b5f3c2bdfbe,2,M1.04:ce18361670bfbcde2f3ff22167187aecef9164dedbf1198bc7563c147804780e,ce18361670bfbcde2f3ff22167187aecef9164dedbf1198bc7563c147804780e,M1,M1.04,CHECK_REQUIRED_BEFORE_SCHEDULE,CHECK_REQUIRED_BEFORE_SCHEDULE,EXPECTED_DETECTOR_MATCH,DETECTED_AS_PREREGISTERED,FAIL,PASS,FAIL,FAIL:CHECK_REQUIRED_BEFORE_SCHEDULE,,156
AEI_P3_FORMAL_20260826T034308Z_9b5f3c2bdfbe,2,M1.04:ceae66508816dc9f5458c925c89f155658e6c78710a8753d337ac385481cc1bf,ceae66508816dc9f5458c925c89f155658e6c78710a8753d337ac385481cc1bf,M1,M1.04,CHECK_REQUIRED_BEFORE_SCHEDULE,CHECK_REQUIRED_BEFORE_SCHEDULE,EXPECTED_DETECTOR_MATCH,DETECTED_AS_PREREGISTERED,FAIL,PASS,FAIL,FAIL:CHECK_REQUIRED_BEFORE_SCHEDULE,,157
AEI_P3_FORMAL_20260826T034308Z_9b5f3c2bdfbe,2,M1.04:d093d52f24139c1b6fb09b775beedd000f1a7b3716df906d7d36e91e7e848265,d093d52f24139c1b6fb09b775beedd000f1a7b3716df906d7d36e91e7e848265,M1,M1.04,CHECK_REQUIRED_BEFORE_SCHEDULE,CHECK_REQUIRED_BEFORE_SCHEDULE,EXPECTED_DETECTOR_MATCH,DETECTED_AS_PREREGISTERED,FAIL,PASS,FAIL,FAIL:CHECK_REQUIRED_BEFORE_SCHEDULE,,158
AEI_P3_FORMAL_20260826T034308Z_9b5f3c2bdfbe,2,M1.04:d4b957654a5efd71168d6f7e67936e6abf4666ceb41e7919635002157b125411,d4b957654a5efd71168d6f7e67936e6abf4666ceb41e7919635002157b125411,M1,M1.04,CHECK_REQUIRED_BEFORE_SCHEDULE,CHECK_REQUIRED_BEFORE_SCHEDULE,EXPECTED_DETECTOR_MATCH,DETECTED_AS_PREREGISTERED,FAIL,PASS,FAIL,FAIL:CHECK_REQUIRED_BEFORE_SCHEDULE,,159
AEI_P3_FORMAL_20260826T034308Z_9b5f3c2bdfbe,2,M1.04:d598e89b357205c7b4bd47c5ebbe933f8be1f7c8dcdee85e66ec6829cafb91d3,d598e89b357205c7b4bd47c5ebbe933f8be1f7c8dcdee85e66ec6829cafb91d3,M1,M1.04,CHECK_REQUIRED_BEFORE_SCHEDULE,CHECK_REQUIRED_BEFORE_SCHEDULE,EXPECTED_DETECTOR_MATCH,DETECTED_AS_PREREGISTERED,FAIL,PASS,FAIL,FAIL:CHECK_REQUIRED_BEFORE_SCHEDULE,,160
AEI_P3_FORMAL_20260826T034308Z_9b5f3c2bdfbe,2,M1.04:eb3670bbe434a59cc94347384a5d50fb526d26a00dbf6da73e54438c4bacc2a0,eb3670bbe434a59cc94347384a5d50fb526d26a00dbf6da73e54438c4bacc2a0,M1,M1.04,CHECK_REQUIRED_BEFORE_SCHEDULE,CHECK_REQUIRED_BEFORE_SCHEDULE,EXPECTED_DETECTOR_MATCH,DETECTED_AS_PREREGISTERED,FAIL,PASS,FAIL,FAIL:CHECK_REQUIRED_BEFORE_SCHEDULE,,161
AEI_P3_FORMAL_20260826T034308Z_9b5f3c2bdfbe,2,M1.04:f1e5fc58ea336e13c098308a2da00dee7de3dd3aa08d6170df4a3cb1afd09795,f1e5fc58ea336e13c098308a2da00dee7de3dd3aa08d6170df4a3cb1afd09795,M1,M1.04,CHECK_REQUIRED_BEFORE_SCHEDULE,CHECK_REQUIRED_BEFORE_SCHEDULE,EXPECTED_DETECTOR_MATCH,DETECTED_AS_PREREGISTERED,FAIL,PASS,FAIL,FAIL:CHECK_REQUIRED_BEFORE_SCHEDULE,,162
AEI_P3_FORMAL_20260826T034308Z_9b5f3c2bdfbe,2,M1.04:f583baa2dad1527b5f84f71805410ee51b78fce2b1be62de49f1636c06821c7b,f583baa2dad1527b5f84f71805410ee51b78fce2b1be62de49f1636c06821c7b,M1,M1.04,CHECK_REQUIRED_BEFORE_SCHEDULE,CHECK_REQUIRED_BEFORE_SCHEDULE,EXPECTED_DETECTOR_MATCH,DETECTED_AS_PREREGISTERED,FAIL,PASS,FAIL,FAIL:CHECK_REQUIRED_BEFORE_SCHEDULE,,163
AEI_P3_FORMAL_20260826T034308Z_9b5f3c2bdfbe,2,M1.04:f64f55ad9277004ae441909cd6556d26eeaf73d3eb3c537384be703615149f96,f64f55ad9277004ae441909cd6556d26eeaf73d3eb3c537384be703615149f96,M1,M1.04,CHECK_REQUIRED_BEFORE_SCHEDULE,CHECK_REQUIRED_BEFORE_SCHEDULE,EXPECTED_DETECTOR_MATCH,DETECTED_AS_PREREGISTERED,FAIL,PASS,FAIL,FAIL:CHECK_REQUIRED_BEFORE_SCHEDULE,,164
AEI_P3_FORMAL_20260826T034308Z_9b5f3c2bdfbe,2,M1.04:f80e8a50e0815fda9eef8635e52671f3888786c4daef5767b8da7b74e4311646,f80e8a50e0815fda9eef8635e52671f3888786c4daef5767b8da7b74e4311646,M1,M1.04,CHECK_REQUIRED_BEFORE_SCHEDULE,CHECK_REQUIRED_BEFORE_SCHEDULE,EXPECTED_DETECTOR_MATCH,DETECTED_AS_PREREGISTERED,FAIL,PASS,FAIL,FAIL:CHECK_REQUIRED_BEFORE_SCHEDULE,,165
AEI_P3_FORMAL_20260826T034308Z_9b5f3c2bdfbe,2,M1.04:f9ade00b139ce33674b05d1766de3ec85779abfd83f893a7b2437817100901d9,f9ade00b139ce33674b05d1766de3ec85779abfd83f893a7b2437817100901d9,M1,M1.04,CHECK_REQUIRED_BEFORE_SCHEDULE,CHECK_REQUIRED_BEFORE_SCHEDULE,EXPECTED_DETECTOR_MATCH,DETECTED_AS_PREREGISTERED,FAIL,PASS,FAIL,FAIL:CHECK_REQUIRED_BEFORE_SCHEDULE,,166
AEI_P3_FORMAL_20260826T034308Z_9b5f3c2bdfbe,2,M1.04:feb26c8ce25b99d6b090e07fca86c8e2dbf3ff2d6b891634c4c71b179329ab47,feb26c8ce25b99d6b090e07fca86c8e2dbf3ff2d6b891634c4c71b179329ab47,M1,M1.04,CHECK_REQUIRED_BEFORE_SCHEDULE,CHECK_REQUIRED_BEFORE_SCHEDULE,EXPECTED_DETECTOR_MATCH,DETECTED_AS_PREREGISTERED,FAIL,PASS,FAIL,FAIL:CHECK_REQUIRED_BEFORE_SCHEDULE,,167
AEI_P3_FORMAL_20260826T034308Z_9b5f3c2bdfbe,2,M1.05:052b2dfeb855619b4e74c70e7155e5699a6aebc572c887f1432462ecf4afce6b,052b2dfeb855619b4e74c70e7155e5699a6aebc572c887f1432462ecf4afce6b,M1,M1.05,CHECK_REQUIRED_AFTER_SCHEDULE,CHECK_REQUIRED_AFTER_SCHEDULE,EXPECTED_DETECTOR_MATCH,DETECTED_AS_PREREGISTERED,FAIL,PASS,FAIL,FAIL:CHECK_REQUIRED_AFTER_SCHEDULE,,168
AEI_P3_FORMAL_20260826T034308Z_9b5f3c2bdfbe,2,M1.05:0edc936e36dbd00367c35ec096b127c69211776f53ead8d7b9619a78d9b3beb5,0edc936e36dbd00367c35ec096b127c69211776f53ead8d7b9619a78d9b3beb5,M1,M1.05,CHECK_REQUIRED_AFTER_SCHEDULE,CHECK_REQUIRED_AFTER_SCHEDULE,EXPECTED_DETECTOR_MATCH,DETECTED_AS_PREREGISTERED,FAIL,PASS,FAIL,FAIL:CHECK_REQUIRED_AFTER_SCHEDULE,,169
AEI_P3_FORMAL_20260826T034308Z_9b5f3c2bdfbe,2,M1.05:19993579c580ecb799e1ce158990340e547863ae75c4be153b97908cb5cd08a2,19993579c580ecb799e1ce158990340e547863ae75c4be153b97908cb5cd08a2,M1,M1.05,CHECK_REQUIRED_AFTER_SCHEDULE,CHECK_REQUIRED_AFTER_SCHEDULE,EXPECTED_DETECTOR_MATCH,DETECTED_AS_PREREGISTERED,FAIL,PASS,FAIL,FAIL:CHECK_REQUIRED_AFTER_SCHEDULE,,170
AEI_P3_FORMAL_20260826T034308Z_9b5f3c2bdfbe,2,M1.05:1bb3dc3f26212de23def1f2ca0d598d344fea56b8a73247e2f6390ebea07946d,1bb3dc3f26212de23def1f2ca0d598d344fea56b8a73247e2f6390ebea07946d,M1,M1.05,CHECK_REQUIRED_AFTER_SCHEDULE,CHECK_REQUIRED_AFTER_SCHEDULE,EXPECTED_DETECTOR_MATCH,DETECTED_AS_PREREGISTERED,FAIL,PASS,FAIL,FAIL:CHECK_REQUIRED_AFTER_SCHEDULE,,171
AEI_P3_FORMAL_20260826T034308Z_9b5f3c2bdfbe,2,M1.05:2443e5a3d32298289c0b98d2a7d3a03cbf4194a7adecf97293b0ac348944ba9e,2443e5a3d32298289c0b98d2a7d3a03cbf4194a7adecf97293b0ac348944ba9e,M1,M1.05,CHECK_REQUIRED_AFTER_SCHEDULE,CHECK_REQUIRED_AFTER_SCHEDULE,EXPECTED_DETECTOR_MATCH,DETECTED_AS_PREREGISTERED,FAIL,PASS,FAIL,FAIL:CHECK_REQUIRED_AFTER_SCHEDULE,,172
AEI_P3_FORMAL_20260826T034308Z_9b5f3c2bdfbe,2,M1.05:245cb7ed72fd0a10da80157bd648a7ae9e8bd9ef722909fe778d274715ad67b3,245cb7ed72fd0a10da80157bd648a7ae9e8bd9ef722909fe778d274715ad67b3,M1,M1.05,CHECK_REQUIRED_AFTER_SCHEDULE,CHECK_REQUIRED_AFTER_SCHEDULE,EXPECTED_DETECTOR_MATCH,DETECTED_AS_PREREGISTERED,FAIL,PASS,FAIL,FAIL:CHECK_REQUIRED_AFTER_SCHEDULE,,173
AEI_P3_FORMAL_20260826T034308Z_9b5f3c2bdfbe,2,M1.05:268469c82535bf1ba82a82324d755f40ad8bc7255c875b8e25c2d7943cff1ff3,268469c82535bf1ba82a82324d755f40ad8bc7255c875b8e25c2d7943cff1ff3,M1,M1.05,CHECK_REQUIRED_AFTER_SCHEDULE,CHECK_REQUIRED_AFTER_SCHEDULE,EXPECTED_DETECTOR_MATCH,DETECTED_AS_PREREGISTERED,FAIL,PASS,FAIL,FAIL:CHECK_REQUIRED_AFTER_SCHEDULE,,174
AEI_P3_FORMAL_20260826T034308Z_9b5f3c2bdfbe,2,M1.05:2908e9ba69598735be8757d9b153473f5bacec1feb89ecff91ce994824a10178,2908e9ba69598735be8757d9b153473f5bacec1feb89ecff91ce994824a10178,M1,M1.05,CHECK_REQUIRED_AFTER_SCHEDULE,CHECK_REQUIRED_AFTER_SCHEDULE,EXPECTED_DETECTOR_MATCH,DETECTED_AS_PREREGISTERED,FAIL,PASS,FAIL,FAIL:CHECK_REQUIRED_AFTER_SCHEDULE,,175
AEI_P3_FORMAL_20260826T034308Z_9b5f3c2bdfbe,2,M1.05:474b6ef7aac2feb7cb9195d7d3644f0d53d378eb4518ef87a9a2f7714d8ef3d5,474b6ef7aac2feb7cb9195d7d3644f0d53d378eb4518ef87a9a2f7714d8ef3d5,M1,M1.05,CHECK_REQUIRED_AFTER_SCHEDULE,CHECK_REQUIRED_AFTER_SCHEDULE,EXPECTED_DETECTOR_MATCH,DETECTED_AS_PREREGISTERED,FAIL,PASS,FAIL,FAIL:CHECK_REQUIRED_AFTER_SCHEDULE,,176
AEI_P3_FORMAL_20260826T034308Z_9b5f3c2bdfbe,2,M1.05:4fafb9a13ff5e2fda82a804bf609727b68a17926d69ae1574c4801604ec81359,4fafb9a13ff5e2fda82a804bf609727b68a17926d69ae1574c4801604ec81359,M1,M1.05,CHECK_REQUIRED_AFTER_SCHEDULE,CHECK_REQUIRED_AFTER_SCHEDULE,EXPECTED_DETECTOR_MATCH,DETECTED_AS_PREREGISTERED,FAIL,PASS,FAIL,FAIL:CHECK_REQUIRED_AFTER_SCHEDULE,,177
AEI_P3_FORMAL_20260826T034308Z_9b5f3c2bdfbe,2,M1.05:54349d927b9070c144f507868f9ef8b962c7c926426b33c3a7e0c88f715b246a,54349d927b9070c144f507868f9ef8b962c7c926426b33c3a7e0c88f715b246a,M1,M1.05,CHECK_REQUIRED_AFTER_SCHEDULE,CHECK_REQUIRED_AFTER_SCHEDULE,EXPECTED_DETECTOR_MATCH,DETECTED_AS_PREREGISTERED,FAIL,PASS,FAIL,FAIL:CHECK_REQUIRED_AFTER_SCHEDULE,,178
AEI_P3_FORMAL_20260826T034308Z_9b5f3c2bdfbe,2,M1.05:558b8365de15727bf495595ed539867872c185b280ea249712f3b1d5f8674cd5,558b8365de15727bf495595ed539867872c185b280ea249712f3b1d5f8674cd5,M1,M1.05,CHECK_REQUIRED_AFTER_SCHEDULE,CHECK_REQUIRED_AFTER_SCHEDULE,EXPECTED_DETECTOR_MATCH,DETECTED_AS_PREREGISTERED,FAIL,PASS,FAIL,FAIL:CHECK_REQUIRED_AFTER_SCHEDULE,,179
AEI_P3_FORMAL_20260826T034308Z_9b5f3c2bdfbe,2,M1.05:5ecccd77f46ab5549088b57686632a9eb5ccf1a5a977fbe35cfae6a50eca52bb,5ecccd77f46ab5549088b57686632a9eb5ccf1a5a977fbe35cfae6a50eca52bb,M1,M1.05,CHECK_REQUIRED_AFTER_SCHEDULE,CHECK_REQUIRED_AFTER_SCHEDULE,EXPECTED_DETECTOR_MATCH,DETECTED_AS_PREREGISTERED,FAIL,PASS,FAIL,FAIL:CHECK_REQUIRED_AFTER_SCHEDULE,,180
AEI_P3_FORMAL_20260826T034308Z_9b5f3c2bdfbe,2,M1.05:5f24b2bbe16d5c8f667064d5031553e1dd9c4d9dbb7e0757cb922d9ba47928d5,5f24b2bbe16d5c8f667064d5031553e1dd9c4d9dbb7e0757cb922d9ba47928d5,M1,M1.05,CHECK_REQUIRED_AFTER_SCHEDULE,CHECK_REQUIRED_AFTER_SCHEDULE,EXPECTED_DETECTOR_MATCH,DETECTED_AS_PREREGISTERED,FAIL,PASS,FAIL,FAIL:CHECK_REQUIRED_AFTER_SCHEDULE,,181
AEI_P3_FORMAL_20260826T034308Z_9b5f3c2bdfbe,2,M1.05:61f77c0251bcd2bbb51e6bff7e048bfcda7139b4e796314d32b47961ac3b5c1b,61f77c0251bcd2bbb51e6bff7e048bfcda7139b4e796314d32b47961ac3b5c1b,M1,M1.05,CHECK_REQUIRED_AFTER_SCHEDULE,CHECK_REQUIRED_AFTER_SCHEDULE,EXPECTED_DETECTOR_MATCH,DETECTED_AS_PREREGISTERED,FAIL,PASS,FAIL,FAIL:CHECK_REQUIRED_AFTER_SCHEDULE,,182
AEI_P3_FORMAL_20260826T034308Z_9b5f3c2bdfbe,2,M1.05:634f3d08fd93ba622176ea6c9ff7ff1fb9d57a9b14f936f27d1460655fc20d72,634f3d08fd93ba622176ea6c9ff7ff1fb9d57a9b14f936f27d1460655fc20d72,M1,M1.05,CHECK_REQUIRED_AFTER_SCHEDULE,CHECK_REQUIRED_AFTER_SCHEDULE,EXPECTED_DETECTOR_MATCH,DETECTED_AS_PREREGISTERED,FAIL,PASS,FAIL,FAIL:CHECK_REQUIRED_AFTER_SCHEDULE,,183
AEI_P3_FORMAL_20260826T034308Z_9b5f3c2bdfbe,2,M1.05:73cdcc11d1c23e47664696979a9b12b94deb5da000c18f37a8d7c0b641090788,73cdcc11d1c23e47664696979a9b12b94deb5da000c18f37a8d7c0b641090788,M1,M1.05,CHECK_REQUIRED_AFTER_SCHEDULE,CHECK_REQUIRED_AFTER_SCHEDULE,EXPECTED_DETECTOR_MATCH,DETECTED_AS_PREREGISTERED,FAIL,PASS,FAIL,FAIL:CHECK_REQUIRED_AFTER_SCHEDULE,,184
AEI_P3_FORMAL_20260826T034308Z_9b5f3c2bdfbe,2,M1.05:7dc2cc636acd7eeb3db7367222360894cac918d6adca467d2f7a79960bbe8b1c,7dc2cc636acd7eeb3db7367222360894cac918d6adca467d2f7a79960bbe8b1c,M1,M1.05,CHECK_REQUIRED_AFTER_SCHEDULE,CHECK_REQUIRED_AFTER_SCHEDULE,EXPECTED_DETECTOR_MATCH,DETECTED_AS_PREREGISTERED,FAIL,PASS,FAIL,FAIL:CHECK_REQUIRED_AFTER_SCHEDULE,,185
AEI_P3_FORMAL_20260826T034308Z_9b5f3c2bdfbe,2,M1.05:8c60197386a54af6d06cac0996c81cbca4971ac83984afcf2a52fa27a5bb1b42,8c60197386a54af6d06cac0996c81cbca4971ac83984afcf2a52fa27a5bb1b42,M1,M1.05,CHECK_REQUIRED_AFTER_SCHEDULE,CHECK_REQUIRED_AFTER_SCHEDULE,EXPECTED_DETECTOR_MATCH,DETECTED_AS_PREREGISTERED,FAIL,PASS,FAIL,FAIL:CHECK_REQUIRED_AFTER_SCHEDULE,,186
AEI_P3_FORMAL_20260826T034308Z_9b5f3c2bdfbe,2,M1.05:8e3a1df6f55a6d53d21fd63c9dcda45cee6d1576c4989d45b40828d31e6d7281,8e3a1df6f55a6d53d21fd63c9dcda45cee6d1576c4989d45b40828d31e6d7281,M1,M1.05,CHECK_REQUIRED_AFTER_SCHEDULE,CHECK_REQUIRED_AFTER_SCHEDULE,EXPECTED_DETECTOR_MATCH,DETECTED_AS_PREREGISTERED,FAIL,PASS,FAIL,FAIL:CHECK_REQUIRED_AFTER_SCHEDULE,,187
AEI_P3_FORMAL_20260826T034308Z_9b5f3c2bdfbe,2,M1.05:97eb8ea8dfec0a163a4b54e1179247553055627de3df3d7a40c8879cacc64800,97eb8ea8dfec0a163a4b54e1179247553055627de3df3d7a40c8879cacc64800,M1,M1.05,CHECK_REQUIRED_AFTER_SCHEDULE,CHECK_REQUIRED_AFTER_SCHEDULE,EXPECTED_DETECTOR_MATCH,DETECTED_AS_PREREGISTERED,FAIL,PASS,FAIL,FAIL:CHECK_REQUIRED_AFTER_SCHEDULE,,188
AEI_P3_FORMAL_20260826T034308Z_9b5f3c2bdfbe,2,M1.05:9827288498c6ff63f3f7ec6f3bb833b53ac1c3cbaf59021addc82b6a8c08bae2,9827288498c6ff63f3f7ec6f3bb833b53ac1c3cbaf59021addc82b6a8c08bae2,M1,M1.05,CHECK_REQUIRED_AFTER_SCHEDULE,CHECK_REQUIRED_AFTER_SCHEDULE,EXPECTED_DETECTOR_MATCH,DETECTED_AS_PREREGISTERED,FAIL,PASS,FAIL,FAIL:CHECK_REQUIRED_AFTER_SCHEDULE,,189
AEI_P3_FORMAL_20260826T034308Z_9b5f3c2bdfbe,2,M1.05:9f7906189c782cba7c3a4cc9cb8785764c8ad3fb1e637423a7a310d6c438feb5,9f7906189c782cba7c3a4cc9cb8785764c8ad3fb1e637423a7a310d6c438feb5,M1,M1.05,CHECK_REQUIRED_AFTER_SCHEDULE,CHECK_REQUIRED_AFTER_SCHEDULE,EXPECTED_DETECTOR_MATCH,DETECTED_AS_PREREGISTERED,FAIL,PASS,FAIL,FAIL:CHECK_REQUIRED_AFTER_SCHEDULE,,190
AEI_P3_FORMAL_20260826T034308Z_9b5f3c2bdfbe,2,M1.05:aa5b4ee1688c71f1a3932cd7d9b629a08e31ef09728f3280c98c7636eecfb8d3,aa5b4ee1688c71f1a3932cd7d9b629a08e31ef09728f3280c98c7636eecfb8d3,M1,M1.05,CHECK_REQUIRED_AFTER_SCHEDULE,CHECK_REQUIRED_AFTER_SCHEDULE,EXPECTED_DETECTOR_MATCH,DETECTED_AS_PREREGISTERED,FAIL,PASS,FAIL,FAIL:CHECK_REQUIRED_AFTER_SCHEDULE,,191
AEI_P3_FORMAL_20260826T034308Z_9b5f3c2bdfbe,2,M1.05:aad646b14392b632d658225dedb7d3953424ab9ab19ebafdc67bd9a7f02eb50b,aad646b14392b632d658225dedb7d3953424ab9ab19ebafdc67bd9a7f02eb50b,M1,M1.05,CHECK_REQUIRED_AFTER_SCHEDULE,CHECK_REQUIRED_AFTER_SCHEDULE,EXPECTED_DETECTOR_MATCH,DETECTED_AS_PREREGISTERED,FAIL,PASS,FAIL,FAIL:CHECK_REQUIRED_AFTER_SCHEDULE,,192
AEI_P3_FORMAL_20260826T034308Z_9b5f3c2bdfbe,2,M1.05:abc8d6ba26b9728a25ebd17f4066aa5421f54fde1c1ef630cc33cb308c0fb8e5,abc8d6ba26b9728a25ebd17f4066aa5421f54fde1c1ef630cc33cb308c0fb8e5,M1,M1.05,CHECK_REQUIRED_AFTER_SCHEDULE,CHECK_REQUIRED_AFTER_SCHEDULE,EXPECTED_DETECTOR_MATCH,DETECTED_AS_PREREGISTERED,FAIL,PASS,FAIL,FAIL:CHECK_REQUIRED_AFTER_SCHEDULE,,193
AEI_P3_FORMAL_20260826T034308Z_9b5f3c2bdfbe,2,M1.05:b0f01f4c7ca822555039b9267d8985edbeb149abc0a710d6583cea634584f862,b0f01f4c7ca822555039b9267d8985edbeb149abc0a710d6583cea634584f862,M1,M1.05,CHECK_REQUIRED_AFTER_SCHEDULE,CHECK_REQUIRED_AFTER_SCHEDULE,EXPECTED_DETECTOR_MATCH,DETECTED_AS_PREREGISTERED,FAIL,PASS,FAIL,FAIL:CHECK_REQUIRED_AFTER_SCHEDULE,,194
AEI_P3_FORMAL_20260826T034308Z_9b5f3c2bdfbe,2,M1.05:b31f9c5cbf923f188771558357941c1a7d6a71089f67793c620cf7034a070eb2,b31f9c5cbf923f188771558357941c1a7d6a71089f67793c620cf7034a070eb2,M1,M1.05,CHECK_REQUIRED_AFTER_SCHEDULE,CHECK_REQUIRED_AFTER_SCHEDULE,EXPECTED_DETECTOR_MATCH,DETECTED_AS_PREREGISTERED,FAIL,PASS,FAIL,FAIL:CHECK_REQUIRED_AFTER_SCHEDULE,,195
AEI_P3_FORMAL_20260826T034308Z_9b5f3c2bdfbe,2,M1.05:b5c400c27e6dbb1cc8466c5ce68e1530b6d984599f3c01c36496b49b586ff5e3,b5c400c27e6dbb1cc8466c5ce68e1530b6d984599f3c01c36496b49b586ff5e3,M1,M1.05,CHECK_REQUIRED_AFTER_SCHEDULE,CHECK_REQUIRED_AFTER_SCHEDULE,EXPECTED_DETECTOR_MATCH,DETECTED_AS_PREREGISTERED,FAIL,PASS,FAIL,FAIL:CHECK_REQUIRED_AFTER_SCHEDULE,,196
AEI_P3_FORMAL_20260826T034308Z_9b5f3c2bdfbe,2,M1.05:bb3f15222034bdf87b9be499b27f859fe778b781693fd54677f83bd7531f0680,bb3f15222034bdf87b9be499b27f859fe778b781693fd54677f83bd7531f0680,M1,M1.05,CHECK_REQUIRED_AFTER_SCHEDULE,CHECK_REQUIRED_AFTER_SCHEDULE,EXPECTED_DETECTOR_MATCH,DETECTED_AS_PREREGISTERED,FAIL,PASS,FAIL,FAIL:CHECK_REQUIRED_AFTER_SCHEDULE,,197
AEI_P3_FORMAL_20260826T034308Z_9b5f3c2bdfbe,2,M1.05:ce18361670bfbcde2f3ff22167187aecef9164dedbf1198bc7563c147804780e,ce18361670bfbcde2f3ff22167187aecef9164dedbf1198bc7563c147804780e,M1,M1.05,CHECK_REQUIRED_AFTER_SCHEDULE,CHECK_REQUIRED_AFTER_SCHEDULE,EXPECTED_DETECTOR_MATCH,DETECTED_AS_PREREGISTERED,FAIL,PASS,FAIL,FAIL:CHECK_REQUIRED_AFTER_SCHEDULE,,198
AEI_P3_FORMAL_20260826T034308Z_9b5f3c2bdfbe,2,M1.05:ceae66508816dc9f5458c925c89f155658e6c78710a8753d337ac385481cc1bf,ceae66508816dc9f5458c925c89f155658e6c78710a8753d337ac385481cc1bf,M1,M1.05,CHECK_REQUIRED_AFTER_SCHEDULE,CHECK_REQUIRED_AFTER_SCHEDULE,EXPECTED_DETECTOR_MATCH,DETECTED_AS_PREREGISTERED,FAIL,PASS,FAIL,FAIL:CHECK_REQUIRED_AFTER_SCHEDULE,,199
AEI_P3_FORMAL_20260826T034308Z_9b5f3c2bdfbe,2,M1.05:d093d52f24139c1b6fb09b775beedd000f1a7b3716df906d7d36e91e7e848265,d093d52f24139c1b6fb09b775beedd000f1a7b3716df906d7d36e91e7e848265,M1,M1.05,CHECK_REQUIRED_AFTER_SCHEDULE,CHECK_REQUIRED_AFTER_SCHEDULE,EXPECTED_DETECTOR_MATCH,DETECTED_AS_PREREGISTERED,FAIL,PASS,FAIL,FAIL:CHECK_REQUIRED_AFTER_SCHEDULE,,200
AEI_P3_FORMAL_20260826T034308Z_9b5f3c2bdfbe,2,M1.05:d4b957654a5efd71168d6f7e67936e6abf4666ceb41e7919635002157b125411,d4b957654a5efd71168d6f7e67936e6abf4666ceb41e7919635002157b125411,M1,M1.05,CHECK_REQUIRED_AFTER_SCHEDULE,CHECK_REQUIRED_AFTER_SCHEDULE,EXPECTED_DETECTOR_MATCH,DETECTED_AS_PREREGISTERED,FAIL,PASS,FAIL,FAIL:CHECK_REQUIRED_AFTER_SCHEDULE,,201
AEI_P3_FORMAL_20260826T034308Z_9b5f3c2bdfbe,2,M1.05:d598e89b357205c7b4bd47c5ebbe933f8be1f7c8dcdee85e66ec6829cafb91d3,d598e89b357205c7b4bd47c5ebbe933f8be1f7c8dcdee85e66ec6829cafb91d3,M1,M1.05,CHECK_REQUIRED_AFTER_SCHEDULE,CHECK_REQUIRED_AFTER_SCHEDULE,EXPECTED_DETECTOR_MATCH,DETECTED_AS_PREREGISTERED,FAIL,PASS,FAIL,FAIL:CHECK_REQUIRED_AFTER_SCHEDULE,,202
AEI_P3_FORMAL_20260826T034308Z_9b5f3c2bdfbe,2,M1.05:eb3670bbe434a59cc94347384a5d50fb526d26a00dbf6da73e54438c4bacc2a0,eb3670bbe434a59cc94347384a5d50fb526d26a00dbf6da73e54438c4bacc2a0,M1,M1.05,CHECK_REQUIRED_AFTER_SCHEDULE,CHECK_REQUIRED_AFTER_SCHEDULE,EXPECTED_DETECTOR_MATCH,DETECTED_AS_PREREGISTERED,FAIL,PASS,FAIL,FAIL:CHECK_REQUIRED_AFTER_SCHEDULE,,203
AEI_P3_FORMAL_20260826T034308Z_9b5f3c2bdfbe,2,M1.05:f1e5fc58ea336e13c098308a2da00dee7de3dd3aa08d6170df4a3cb1afd09795,f1e5fc58ea336e13c098308a2da00dee7de3dd3aa08d6170df4a3cb1afd09795,M1,M1.05,CHECK_REQUIRED_AFTER_SCHEDULE,CHECK_REQUIRED_AFTER_SCHEDULE,EXPECTED_DETECTOR_MATCH,DETECTED_AS_PREREGISTERED,FAIL,PASS,FAIL,FAIL:CHECK_REQUIRED_AFTER_SCHEDULE,,204
AEI_P3_FORMAL_20260826T034308Z_9b5f3c2bdfbe,2,M1.05:f583baa2dad1527b5f84f71805410ee51b78fce2b1be62de49f1636c06821c7b,f583baa2dad1527b5f84f71805410ee51b78fce2b1be62de49f1636c06821c7b,M1,M1.05,CHECK_REQUIRED_AFTER_SCHEDULE,CHECK_REQUIRED_AFTER_SCHEDULE,EXPECTED_DETECTOR_MATCH,DETECTED_AS_PREREGISTERED,FAIL,PASS,FAIL,FAIL:CHECK_REQUIRED_AFTER_SCHEDULE,,205
AEI_P3_FORMAL_20260826T034308Z_9b5f3c2bdfbe,2,M1.05:f64f55ad9277004ae441909cd6556d26eeaf73d3eb3c537384be703615149f96,f64f55ad9277004ae441909cd6556d26eeaf73d3eb3c537384be703615149f96,M1,M1.05,CHECK_REQUIRED_AFTER_SCHEDULE,CHECK_REQUIRED_AFTER_SCHEDULE,EXPECTED_DETECTOR_MATCH,DETECTED_AS_PREREGISTERED,FAIL,PASS,FAIL,FAIL:CHECK_REQUIRED_AFTER_SCHEDULE,,206
AEI_P3_FORMAL_20260826T034308Z_9b5f3c2bdfbe,2,M1.05:f80e8a50e0815fda9eef8635e52671f3888786c4daef5767b8da7b74e4311646,f80e8a50e0815fda9eef8635e52671f3888786c4daef5767b8da7b74e4311646,M1,M1.05,CHECK_REQUIRED_AFTER_SCHEDULE,CHECK_REQUIRED_AFTER_SCHEDULE,EXPECTED_DETECTOR_MATCH,DETECTED_AS_PREREGISTERED,FAIL,PASS,FAIL,FAIL:CHECK_REQUIRED_AFTER_SCHEDULE,,207
AEI_P3_FORMAL_20260826T034308Z_9b5f3c2bdfbe,2,M1.05:f9ade00b139ce33674b05d1766de3ec85779abfd83f893a7b2437817100901d9,f9ade00b139ce33674b05d1766de3ec85779abfd83f893a7b2437817100901d9,M1,M1.05,CHECK_REQUIRED_AFTER_SCHEDULE,CHECK_REQUIRED_AFTER_SCHEDULE,EXPECTED_DETECTOR_MATCH,DETECTED_AS_PREREGISTERED,FAIL,PASS,FAIL,FAIL:CHECK_REQUIRED_AFTER_SCHEDULE,,208
AEI_P3_FORMAL_20260826T034308Z_9b5f3c2bdfbe,2,M1.05:feb26c8ce25b99d6b090e07fca86c8e2dbf3ff2d6b891634c4c71b179329ab47,feb26c8ce25b99d6b090e07fca86c8e2dbf3ff2d6b891634c4c71b179329ab47,M1,M1.05,CHECK_REQUIRED_AFTER_SCHEDULE,CHECK_REQUIRED_AFTER_SCHEDULE,EXPECTED_DETECTOR_MATCH,DETECTED_AS_PREREGISTERED,FAIL,PASS,FAIL,FAIL:CHECK_REQUIRED_AFTER_SCHEDULE,,209
AEI_P3_FORMAL_20260826T034308Z_9b5f3c2bdfbe,2,M1.06:052b2dfeb855619b4e74c70e7155e5699a6aebc572c887f1432462ecf4afce6b,052b2dfeb855619b4e74c70e7155e5699a6aebc572c887f1432462ecf4afce6b,M1,M1.06,CHECK_REQUIRED_LIFECYCLE_PROVENANCE,CHECK_REQUIRED_LIFECYCLE_PROVENANCE,EXPECTED_DETECTOR_MATCH,DETECTED_AS_PREREGISTERED,FAIL,PASS,FAIL,FAIL:CHECK_REQUIRED_LIFECYCLE_PROVENANCE,,210
AEI_P3_FORMAL_20260826T034308Z_9b5f3c2bdfbe,2,M1.06:0edc936e36dbd00367c35ec096b127c69211776f53ead8d7b9619a78d9b3beb5,0edc936e36dbd00367c35ec096b127c69211776f53ead8d7b9619a78d9b3beb5,M1,M1.06,CHECK_REQUIRED_LIFECYCLE_PROVENANCE,CHECK_REQUIRED_LIFECYCLE_PROVENANCE,EXPECTED_DETECTOR_MATCH,DETECTED_AS_PREREGISTERED,FAIL,PASS,FAIL,FAIL:CHECK_REQUIRED_LIFECYCLE_PROVENANCE,,211
AEI_P3_FORMAL_20260826T034308Z_9b5f3c2bdfbe,2,M1.06:19993579c580ecb799e1ce158990340e547863ae75c4be153b97908cb5cd08a2,19993579c580ecb799e1ce158990340e547863ae75c4be153b97908cb5cd08a2,M1,M1.06,CHECK_REQUIRED_LIFECYCLE_PROVENANCE,CHECK_REQUIRED_LIFECYCLE_PROVENANCE,EXPECTED_DETECTOR_MATCH,DETECTED_AS_PREREGISTERED,FAIL,PASS,FAIL,FAIL:CHECK_REQUIRED_LIFECYCLE_PROVENANCE,,212
AEI_P3_FORMAL_20260826T034308Z_9b5f3c2bdfbe,2,M1.06:1bb3dc3f26212de23def1f2ca0d598d344fea56b8a73247e2f6390ebea07946d,1bb3dc3f26212de23def1f2ca0d598d344fea56b8a73247e2f6390ebea07946d,M1,M1.06,CHECK_REQUIRED_LIFECYCLE_PROVENANCE,CHECK_REQUIRED_LIFECYCLE_PROVENANCE,EXPECTED_DETECTOR_MATCH,DETECTED_AS_PREREGISTERED,FAIL,PASS,FAIL,FAIL:CHECK_REQUIRED_LIFECYCLE_PROVENANCE,,213
AEI_P3_FORMAL_20260826T034308Z_9b5f3c2bdfbe,2,M1.06:2443e5a3d32298289c0b98d2a7d3a03cbf4194a7adecf97293b0ac348944ba9e,2443e5a3d32298289c0b98d2a7d3a03cbf4194a7adecf97293b0ac348944ba9e,M1,M1.06,CHECK_REQUIRED_LIFECYCLE_PROVENANCE,CHECK_REQUIRED_LIFECYCLE_PROVENANCE,EXPECTED_DETECTOR_MATCH,DETECTED_AS_PREREGISTERED,FAIL,PASS,FAIL,FAIL:CHECK_REQUIRED_LIFECYCLE_PROVENANCE,,214
AEI_P3_FORMAL_20260826T034308Z_9b5f3c2bdfbe,2,M1.06:245cb7ed72fd0a10da80157bd648a7ae9e8bd9ef722909fe778d274715ad67b3,245cb7ed72fd0a10da80157bd648a7ae9e8bd9ef722909fe778d274715ad67b3,M1,M1.06,CHECK_REQUIRED_LIFECYCLE_PROVENANCE,CHECK_REQUIRED_LIFECYCLE_PROVENANCE,EXPECTED_DETECTOR_MATCH,DETECTED_AS_PREREGISTERED,FAIL,PASS,FAIL,FAIL:CHECK_REQUIRED_LIFECYCLE_PROVENANCE,,215
AEI_P3_FORMAL_20260826T034308Z_9b5f3c2bdfbe,2,M1.06:268469c82535bf1ba82a82324d755f40ad8bc7255c875b8e25c2d7943cff1ff3,268469c82535bf1ba82a82324d755f40ad8bc7255c875b8e25c2d7943cff1ff3,M1,M1.06,CHECK_REQUIRED_LIFECYCLE_PROVENANCE,CHECK_REQUIRED_LIFECYCLE_PROVENANCE,EXPECTED_DETECTOR_MATCH,DETECTED_AS_PREREGISTERED,FAIL,PASS,FAIL,FAIL:CHECK_REQUIRED_LIFECYCLE_PROVENANCE,,216
AEI_P3_FORMAL_20260826T034308Z_9b5f3c2bdfbe,2,M1.06:2908e9ba69598735be8757d9b153473f5bacec1feb89ecff91ce994824a10178,2908e9ba69598735be8757d9b153473f5bacec1feb89ecff91ce994824a10178,M1,M1.06,CHECK_REQUIRED_LIFECYCLE_PROVENANCE,CHECK_REQUIRED_LIFECYCLE_PROVENANCE,EXPECTED_DETECTOR_MATCH,DETECTED_AS_PREREGISTERED,FAIL,PASS,FAIL,FAIL:CHECK_REQUIRED_LIFECYCLE_PROVENANCE,,217
AEI_P3_FORMAL_20260826T034308Z_9b5f3c2bdfbe,2,M1.06:474b6ef7aac2feb7cb9195d7d3644f0d53d378eb4518ef87a9a2f7714d8ef3d5,474b6ef7aac2feb7cb9195d7d3644f0d53d378eb4518ef87a9a2f7714d8ef3d5,M1,M1.06,CHECK_REQUIRED_LIFECYCLE_PROVENANCE,CHECK_REQUIRED_LIFECYCLE_PROVENANCE,EXPECTED_DETECTOR_MATCH,DETECTED_AS_PREREGISTERED,FAIL,PASS,FAIL,FAIL:CHECK_REQUIRED_LIFECYCLE_PROVENANCE,,218
AEI_P3_FORMAL_20260826T034308Z_9b5f3c2bdfbe,2,M1.06:4fafb9a13ff5e2fda82a804bf609727b68a17926d69ae1574c4801604ec81359,4fafb9a13ff5e2fda82a804bf609727b68a17926d69ae1574c4801604ec81359,M1,M1.06,CHECK_REQUIRED_LIFECYCLE_PROVENANCE,CHECK_REQUIRED_LIFECYCLE_PROVENANCE,EXPECTED_DETECTOR_MATCH,DETECTED_AS_PREREGISTERED,FAIL,PASS,FAIL,FAIL:CHECK_REQUIRED_LIFECYCLE_PROVENANCE,,219
AEI_P3_FORMAL_20260826T034308Z_9b5f3c2bdfbe,2,M1.06:54349d927b9070c144f507868f9ef8b962c7c926426b33c3a7e0c88f715b246a,54349d927b9070c144f507868f9ef8b962c7c926426b33c3a7e0c88f715b246a,M1,M1.06,CHECK_REQUIRED_LIFECYCLE_PROVENANCE,CHECK_REQUIRED_LIFECYCLE_PROVENANCE,EXPECTED_DETECTOR_MATCH,DETECTED_AS_PREREGISTERED,FAIL,PASS,FAIL,FAIL:CHECK_REQUIRED_LIFECYCLE_PROVENANCE,,220
AEI_P3_FORMAL_20260826T034308Z_9b5f3c2bdfbe,2,M1.06:558b8365de15727bf495595ed539867872c185b280ea249712f3b1d5f8674cd5,558b8365de15727bf495595ed539867872c185b280ea249712f3b1d5f8674cd5,M1,M1.06,CHECK_REQUIRED_LIFECYCLE_PROVENANCE,CHECK_REQUIRED_LIFECYCLE_PROVENANCE,EXPECTED_DETECTOR_MATCH,DETECTED_AS_PREREGISTERED,FAIL,PASS,FAIL,FAIL:CHECK_REQUIRED_LIFECYCLE_PROVENANCE,,221
AEI_P3_FORMAL_20260826T034308Z_9b5f3c2bdfbe,2,M1.06:5ecccd77f46ab5549088b57686632a9eb5ccf1a5a977fbe35cfae6a50eca52bb,5ecccd77f46ab5549088b57686632a9eb5ccf1a5a977fbe35cfae6a50eca52bb,M1,M1.06,CHECK_REQUIRED_LIFECYCLE_PROVENANCE,CHECK_REQUIRED_LIFECYCLE_PROVENANCE,EXPECTED_DETECTOR_MATCH,DETECTED_AS_PREREGISTERED,FAIL,PASS,FAIL,FAIL:CHECK_REQUIRED_LIFECYCLE_PROVENANCE,,222
AEI_P3_FORMAL_20260826T034308Z_9b5f3c2bdfbe,2,M1.06:5f24b2bbe16d5c8f667064d5031553e1dd9c4d9dbb7e0757cb922d9ba47928d5,5f24b2bbe16d5c8f667064d5031553e1dd9c4d9dbb7e0757cb922d9ba47928d5,M1,M1.06,CHECK_REQUIRED_LIFECYCLE_PROVENANCE,CHECK_REQUIRED_LIFECYCLE_PROVENANCE,EXPECTED_DETECTOR_MATCH,DETECTED_AS_PREREGISTERED,FAIL,PASS,FAIL,FAIL:CHECK_REQUIRED_LIFECYCLE_PROVENANCE,,223
AEI_P3_FORMAL_20260826T034308Z_9b5f3c2bdfbe,2,M1.06:61f77c0251bcd2bbb51e6bff7e048bfcda7139b4e796314d32b47961ac3b5c1b,61f77c0251bcd2bbb51e6bff7e048bfcda7139b4e796314d32b47961ac3b5c1b,M1,M1.06,CHECK_REQUIRED_LIFECYCLE_PROVENANCE,CHECK_REQUIRED_LIFECYCLE_PROVENANCE,EXPECTED_DETECTOR_MATCH,DETECTED_AS_PREREGISTERED,FAIL,PASS,FAIL,FAIL:CHECK_REQUIRED_LIFECYCLE_PROVENANCE,,224
AEI_P3_FORMAL_20260826T034308Z_9b5f3c2bdfbe,2,M1.06:634f3d08fd93ba622176ea6c9ff7ff1fb9d57a9b14f936f27d1460655fc20d72,634f3d08fd93ba622176ea6c9ff7ff1fb9d57a9b14f936f27d1460655fc20d72,M1,M1.06,CHECK_REQUIRED_LIFECYCLE_PROVENANCE,CHECK_REQUIRED_LIFECYCLE_PROVENANCE,EXPECTED_DETECTOR_MATCH,DETECTED_AS_PREREGISTERED,FAIL,PASS,FAIL,FAIL:CHECK_REQUIRED_LIFECYCLE_PROVENANCE,,225
AEI_P3_FORMAL_20260826T034308Z_9b5f3c2bdfbe,2,M1.06:73cdcc11d1c23e47664696979a9b12b94deb5da000c18f37a8d7c0b641090788,73cdcc11d1c23e47664696979a9b12b94deb5da000c18f37a8d7c0b641090788,M1,M1.06,CHECK_REQUIRED_LIFECYCLE_PROVENANCE,CHECK_REQUIRED_LIFECYCLE_PROVENANCE,EXPECTED_DETECTOR_MATCH,DETECTED_AS_PREREGISTERED,FAIL,PASS,FAIL,FAIL:CHECK_REQUIRED_LIFECYCLE_PROVENANCE,,226
AEI_P3_FORMAL_20260826T034308Z_9b5f3c2bdfbe,2,M1.06:7dc2cc636acd7eeb3db7367222360894cac918d6adca467d2f7a79960bbe8b1c,7dc2cc636acd7eeb3db7367222360894cac918d6adca467d2f7a79960bbe8b1c,M1,M1.06,CHECK_REQUIRED_LIFECYCLE_PROVENANCE,CHECK_REQUIRED_LIFECYCLE_PROVENANCE,EXPECTED_DETECTOR_MATCH,DETECTED_AS_PREREGISTERED,FAIL,PASS,FAIL,FAIL:CHECK_REQUIRED_LIFECYCLE_PROVENANCE,,227
AEI_P3_FORMAL_20260826T034308Z_9b5f3c2bdfbe,2,M1.06:8c60197386a54af6d06cac0996c81cbca4971ac83984afcf2a52fa27a5bb1b42,8c60197386a54af6d06cac0996c81cbca4971ac83984afcf2a52fa27a5bb1b42,M1,M1.06,CHECK_REQUIRED_LIFECYCLE_PROVENANCE,CHECK_REQUIRED_LIFECYCLE_PROVENANCE,EXPECTED_DETECTOR_MATCH,DETECTED_AS_PREREGISTERED,FAIL,PASS,FAIL,FAIL:CHECK_REQUIRED_LIFECYCLE_PROVENANCE,,228
AEI_P3_FORMAL_20260826T034308Z_9b5f3c2bdfbe,2,M1.06:8e3a1df6f55a6d53d21fd63c9dcda45cee6d1576c4989d45b40828d31e6d7281,8e3a1df6f55a6d53d21fd63c9dcda45cee6d1576c4989d45b40828d31e6d7281,M1,M1.06,CHECK_REQUIRED_LIFECYCLE_PROVENANCE,CHECK_REQUIRED_LIFECYCLE_PROVENANCE,EXPECTED_DETECTOR_MATCH,DETECTED_AS_PREREGISTERED,FAIL,PASS,FAIL,FAIL:CHECK_REQUIRED_LIFECYCLE_PROVENANCE,,229
AEI_P3_FORMAL_20260826T034308Z_9b5f3c2bdfbe,2,M1.06:97eb8ea8dfec0a163a4b54e1179247553055627de3df3d7a40c8879cacc64800,97eb8ea8dfec0a163a4b54e1179247553055627de3df3d7a40c8879cacc64800,M1,M1.06,CHECK_REQUIRED_LIFECYCLE_PROVENANCE,CHECK_REQUIRED_LIFECYCLE_PROVENANCE,EXPECTED_DETECTOR_MATCH,DETECTED_AS_PREREGISTERED,FAIL,PASS,FAIL,FAIL:CHECK_REQUIRED_LIFECYCLE_PROVENANCE,,230
AEI_P3_FORMAL_20260826T034308Z_9b5f3c2bdfbe,2,M1.06:9827288498c6ff63f3f7ec6f3bb833b53ac1c3cbaf59021addc82b6a8c08bae2,9827288498c6ff63f3f7ec6f3bb833b53ac1c3cbaf59021addc82b6a8c08bae2,M1,M1.06,CHECK_REQUIRED_LIFECYCLE_PROVENANCE,CHECK_REQUIRED_LIFECYCLE_PROVENANCE,EXPECTED_DETECTOR_MATCH,DETECTED_AS_PREREGISTERED,FAIL,PASS,FAIL,FAIL:CHECK_REQUIRED_LIFECYCLE_PROVENANCE,,231
AEI_P3_FORMAL_20260826T034308Z_9b5f3c2bdfbe,2,M1.06:9f7906189c782cba7c3a4cc9cb8785764c8ad3fb1e637423a7a310d6c438feb5,9f7906189c782cba7c3a4cc9cb8785764c8ad3fb1e637423a7a310d6c438feb5,M1,M1.06,CHECK_REQUIRED_LIFECYCLE_PROVENANCE,CHECK_REQUIRED_LIFECYCLE_PROVENANCE,EXPECTED_DETECTOR_MATCH,DETECTED_AS_PREREGISTERED,FAIL,PASS,FAIL,FAIL:CHECK_REQUIRED_LIFECYCLE_PROVENANCE,,232
AEI_P3_FORMAL_20260826T034308Z_9b5f3c2bdfbe,2,M1.06:aa5b4ee1688c71f1a3932cd7d9b629a08e31ef09728f3280c98c7636eecfb8d3,aa5b4ee1688c71f1a3932cd7d9b629a08e31ef09728f3280c98c7636eecfb8d3,M1,M1.06,CHECK_REQUIRED_LIFECYCLE_PROVENANCE,CHECK_REQUIRED_LIFECYCLE_PROVENANCE,EXPECTED_DETECTOR_MATCH,DETECTED_AS_PREREGISTERED,FAIL,PASS,FAIL,FAIL:CHECK_REQUIRED_LIFECYCLE_PROVENANCE,,233
AEI_P3_FORMAL_20260826T034308Z_9b5f3c2bdfbe,2,M1.06:aad646b14392b632d658225dedb7d3953424ab9ab19ebafdc67bd9a7f02eb50b,aad646b14392b632d658225dedb7d3953424ab9ab19ebafdc67bd9a7f02eb50b,M1,M1.06,CHECK_REQUIRED_LIFECYCLE_PROVENANCE,CHECK_REQUIRED_LIFECYCLE_PROVENANCE,EXPECTED_DETECTOR_MATCH,DETECTED_AS_PREREGISTERED,FAIL,PASS,FAIL,FAIL:CHECK_REQUIRED_LIFECYCLE_PROVENANCE,,234
AEI_P3_FORMAL_20260826T034308Z_9b5f3c2bdfbe,2,M1.06:abc8d6ba26b9728a25ebd17f4066aa5421f54fde1c1ef630cc33cb308c0fb8e5,abc8d6ba26b9728a25ebd17f4066aa5421f54fde1c1ef630cc33cb308c0fb8e5,M1,M1.06,CHECK_REQUIRED_LIFECYCLE_PROVENANCE,CHECK_REQUIRED_LIFECYCLE_PROVENANCE,EXPECTED_DETECTOR_MATCH,DETECTED_AS_PREREGISTERED,FAIL,PASS,FAIL,FAIL:CHECK_REQUIRED_LIFECYCLE_PROVENANCE,,235
AEI_P3_FORMAL_20260826T034308Z_9b5f3c2bdfbe,2,M1.06:b0f01f4c7ca822555039b9267d8985edbeb149abc0a710d6583cea634584f862,b0f01f4c7ca822555039b9267d8985edbeb149abc0a710d6583cea634584f862,M1,M1.06,CHECK_REQUIRED_LIFECYCLE_PROVENANCE,CHECK_REQUIRED_LIFECYCLE_PROVENANCE,EXPECTED_DETECTOR_MATCH,DETECTED_AS_PREREGISTERED,FAIL,PASS,FAIL,FAIL:CHECK_REQUIRED_LIFECYCLE_PROVENANCE,,236
AEI_P3_FORMAL_20260826T034308Z_9b5f3c2bdfbe,2,M1.06:b31f9c5cbf923f188771558357941c1a7d6a71089f67793c620cf7034a070eb2,b31f9c5cbf923f188771558357941c1a7d6a71089f67793c620cf7034a070eb2,M1,M1.06,CHECK_REQUIRED_LIFECYCLE_PROVENANCE,CHECK_REQUIRED_LIFECYCLE_PROVENANCE,EXPECTED_DETECTOR_MATCH,DETECTED_AS_PREREGISTERED,FAIL,PASS,FAIL,FAIL:CHECK_REQUIRED_LIFECYCLE_PROVENANCE,,237
AEI_P3_FORMAL_20260826T034308Z_9b5f3c2bdfbe,2,M1.06:b5c400c27e6dbb1cc8466c5ce68e1530b6d984599f3c01c36496b49b586ff5e3,b5c400c27e6dbb1cc8466c5ce68e1530b6d984599f3c01c36496b49b586ff5e3,M1,M1.06,CHECK_REQUIRED_LIFECYCLE_PROVENANCE,CHECK_REQUIRED_LIFECYCLE_PROVENANCE,EXPECTED_DETECTOR_MATCH,DETECTED_AS_PREREGISTERED,FAIL,PASS,FAIL,FAIL:CHECK_REQUIRED_LIFECYCLE_PROVENANCE,,238
AEI_P3_FORMAL_20260826T034308Z_9b5f3c2bdfbe,2,M1.06:bb3f15222034bdf87b9be499b27f859fe778b781693fd54677f83bd7531f0680,bb3f15222034bdf87b9be499b27f859fe778b781693fd54677f83bd7531f0680,M1,M1.06,CHECK_REQUIRED_LIFECYCLE_PROVENANCE,CHECK_REQUIRED_LIFECYCLE_PROVENANCE,EXPECTED_DETECTOR_MATCH,DETECTED_AS_PREREGISTERED,FAIL,PASS,FAIL,FAIL:CHECK_REQUIRED_LIFECYCLE_PROVENANCE,,239
AEI_P3_FORMAL_20260826T034308Z_9b5f3c2bdfbe,2,M1.06:ce18361670bfbcde2f3ff22167187aecef9164dedbf1198bc7563c147804780e,ce18361670bfbcde2f3ff22167187aecef9164dedbf1198bc7563c147804780e,M1,M1.06,CHECK_REQUIRED_LIFECYCLE_PROVENANCE,CHECK_REQUIRED_LIFECYCLE_PROVENANCE,EXPECTED_DETECTOR_MATCH,DETECTED_AS_PREREGISTERED,FAIL,PASS,FAIL,FAIL:CHECK_REQUIRED_LIFECYCLE_PROVENANCE,,240
AEI_P3_FORMAL_20260826T034308Z_9b5f3c2bdfbe,2,M1.06:ceae66508816dc9f5458c925c89f155658e6c78710a8753d337ac385481cc1bf,ceae66508816dc9f5458c925c89f155658e6c78710a8753d337ac385481cc1bf,M1,M1.06,CHECK_REQUIRED_LIFECYCLE_PROVENANCE,CHECK_REQUIRED_LIFECYCLE_PROVENANCE,EXPECTED_DETECTOR_MATCH,DETECTED_AS_PREREGISTERED,FAIL,PASS,FAIL,FAIL:CHECK_REQUIRED_LIFECYCLE_PROVENANCE,,241
AEI_P3_FORMAL_20260826T034308Z_9b5f3c2bdfbe,2,M1.06:d093d52f24139c1b6fb09b775beedd000f1a7b3716df906d7d36e91e7e848265,d093d52f24139c1b6fb09b775beedd000f1a7b3716df906d7d36e91e7e848265,M1,M1.06,CHECK_REQUIRED_LIFECYCLE_PROVENANCE,CHECK_REQUIRED_LIFECYCLE_PROVENANCE,EXPECTED_DETECTOR_MATCH,DETECTED_AS_PREREGISTERED,FAIL,PASS,FAIL,FAIL:CHECK_REQUIRED_LIFECYCLE_PROVENANCE,,242
AEI_P3_FORMAL_20260826T034308Z_9b5f3c2bdfbe,2,M1.06:d4b957654a5efd71168d6f7e67936e6abf4666ceb41e7919635002157b125411,d4b957654a5efd71168d6f7e67936e6abf4666ceb41e7919635002157b125411,M1,M1.06,CHECK_REQUIRED_LIFECYCLE_PROVENANCE,CHECK_REQUIRED_LIFECYCLE_PROVENANCE,EXPECTED_DETECTOR_MATCH,DETECTED_AS_PREREGISTERED,FAIL,PASS,FAIL,FAIL:CHECK_REQUIRED_LIFECYCLE_PROVENANCE,,243
AEI_P3_FORMAL_20260826T034308Z_9b5f3c2bdfbe,2,M1.06:d598e89b357205c7b4bd47c5ebbe933f8be1f7c8dcdee85e66ec6829cafb91d3,d598e89b357205c7b4bd47c5ebbe933f8be1f7c8dcdee85e66ec6829cafb91d3,M1,M1.06,CHECK_REQUIRED_LIFECYCLE_PROVENANCE,CHECK_REQUIRED_LIFECYCLE_PROVENANCE,EXPECTED_DETECTOR_MATCH,DETECTED_AS_PREREGISTERED,FAIL,PASS,FAIL,FAIL:CHECK_REQUIRED_LIFECYCLE_PROVENANCE,,244
AEI_P3_FORMAL_20260826T034308Z_9b5f3c2bdfbe,2,M1.06:eb3670bbe434a59cc94347384a5d50fb526d26a00dbf6da73e54438c4bacc2a0,eb3670bbe434a59cc94347384a5d50fb526d26a00dbf6da73e54438c4bacc2a0,M1,M1.06,CHECK_REQUIRED_LIFECYCLE_PROVENANCE,CHECK_REQUIRED_LIFECYCLE_PROVENANCE,EXPECTED_DETECTOR_MATCH,DETECTED_AS_PREREGISTERED,FAIL,PASS,FAIL,FAIL:CHECK_REQUIRED_LIFECYCLE_PROVENANCE,,245
AEI_P3_FORMAL_20260826T034308Z_9b5f3c2bdfbe,2,M1.06:f1e5fc58ea336e13c098308a2da00dee7de3dd3aa08d6170df4a3cb1afd09795,f1e5fc58ea336e13c098308a2da00dee7de3dd3aa08d6170df4a3cb1afd09795,M1,M1.06,CHECK_REQUIRED_LIFECYCLE_PROVENANCE,CHECK_REQUIRED_LIFECYCLE_PROVENANCE,EXPECTED_DETECTOR_MATCH,DETECTED_AS_PREREGISTERED,FAIL,PASS,FAIL,FAIL:CHECK_REQUIRED_LIFECYCLE_PROVENANCE,,246
AEI_P3_FORMAL_20260826T034308Z_9b5f3c2bdfbe,2,M1.06:f583baa2dad1527b5f84f71805410ee51b78fce2b1be62de49f1636c06821c7b,f583baa2dad1527b5f84f71805410ee51b78fce2b1be62de49f1636c06821c7b,M1,M1.06,CHECK_REQUIRED_LIFECYCLE_PROVENANCE,CHECK_REQUIRED_LIFECYCLE_PROVENANCE,EXPECTED_DETECTOR_MATCH,DETECTED_AS_PREREGISTERED,FAIL,PASS,FAIL,FAIL:CHECK_REQUIRED_LIFECYCLE_PROVENANCE,,247
AEI_P3_FORMAL_20260826T034308Z_9b5f3c2bdfbe,2,M1.06:f64f55ad9277004ae441909cd6556d26eeaf73d3eb3c537384be703615149f96,f64f55ad9277004ae441909cd6556d26eeaf73d3eb3c537384be703615149f96,M1,M1.06,CHECK_REQUIRED_LIFECYCLE_PROVENANCE,CHECK_REQUIRED_LIFECYCLE_PROVENANCE,EXPECTED_DETECTOR_MATCH,DETECTED_AS_PREREGISTERED,FAIL,PASS,FAIL,FAIL:CHECK_REQUIRED_LIFECYCLE_PROVENANCE,,248
AEI_P3_FORMAL_20260826T034308Z_9b5f3c2bdfbe,2,M1.06:f80e8a50e0815fda9eef8635e52671f3888786c4daef5767b8da7b74e4311646,f80e8a50e0815fda9eef8635e52671f3888786c4daef5767b8da7b74e4311646,M1,M1.06,CHECK_REQUIRED_LIFECYCLE_PROVENANCE,CHECK_REQUIRED_LIFECYCLE_PROVENANCE,EXPECTED_DETECTOR_MATCH,DETECTED_AS_PREREGISTERED,FAIL,PASS,FAIL,FAIL:CHECK_REQUIRED_LIFECYCLE_PROVENANCE,,249
AEI_P3_FORMAL_20260826T034308Z_9b5f3c2bdfbe,2,M1.06:f9ade00b139ce33674b05d1766de3ec85779abfd83f893a7b2437817100901d9,f9ade00b139ce33674b05d1766de3ec85779abfd83f893a7b2437817100901d9,M1,M1.06,CHECK_REQUIRED_LIFECYCLE_PROVENANCE,CHECK_REQUIRED_LIFECYCLE_PROVENANCE,EXPECTED_DETECTOR_MATCH,DETECTED_AS_PREREGISTERED,FAIL,PASS,FAIL,FAIL:CHECK_REQUIRED_LIFECYCLE_PROVENANCE,,250
AEI_P3_FORMAL_20260826T034308Z_9b5f3c2bdfbe,2,M1.06:feb26c8ce25b99d6b090e07fca86c8e2dbf3ff2d6b891634c4c71b179329ab47,feb26c8ce25b99d6b090e07fca86c8e2dbf3ff2d6b891634c4c71b179329ab47,M1,M1.06,CHECK_REQUIRED_LIFECYCLE_PROVENANCE,CHECK_REQUIRED_LIFECYCLE_PROVENANCE,EXPECTED_DETECTOR_MATCH,DETECTED_AS_PREREGISTERED,FAIL,PASS,FAIL,FAIL:CHECK_REQUIRED_LIFECYCLE_PROVENANCE,,251
AEI_P3_FORMAL_20260826T034308Z_9b5f3c2bdfbe,2,M1.07:052b2dfeb855619b4e74c70e7155e5699a6aebc572c887f1432462ecf4afce6b,052b2dfeb855619b4e74c70e7155e5699a6aebc572c887f1432462ecf4afce6b,M1,M1.07,CHECK_REQUIRED_PLAN_DELTA,CHECK_REQUIRED_PLAN_DELTA,EXPECTED_DETECTOR_MATCH,DETECTED_AS_PREREGISTERED,FAIL,PASS,FAIL,FAIL:CHECK_REQUIRED_PLAN_DELTA,,252
AEI_P3_FORMAL_20260826T034308Z_9b5f3c2bdfbe,2,M1.07:0edc936e36dbd00367c35ec096b127c69211776f53ead8d7b9619a78d9b3beb5,0edc936e36dbd00367c35ec096b127c69211776f53ead8d7b9619a78d9b3beb5,M1,M1.07,CHECK_REQUIRED_PLAN_DELTA,CHECK_REQUIRED_PLAN_DELTA,EXPECTED_DETECTOR_MATCH,DETECTED_AS_PREREGISTERED,FAIL,PASS,FAIL,FAIL:CHECK_REQUIRED_PLAN_DELTA,,253
AEI_P3_FORMAL_20260826T034308Z_9b5f3c2bdfbe,2,M1.07:19993579c580ecb799e1ce158990340e547863ae75c4be153b97908cb5cd08a2,19993579c580ecb799e1ce158990340e547863ae75c4be153b97908cb5cd08a2,M1,M1.07,CHECK_REQUIRED_PLAN_DELTA,CHECK_REQUIRED_PLAN_DELTA,EXPECTED_DETECTOR_MATCH,DETECTED_AS_PREREGISTERED,FAIL,PASS,FAIL,FAIL:CHECK_REQUIRED_PLAN_DELTA,,254
AEI_P3_FORMAL_20260826T034308Z_9b5f3c2bdfbe,2,M1.07:1bb3dc3f26212de23def1f2ca0d598d344fea56b8a73247e2f6390ebea07946d,1bb3dc3f26212de23def1f2ca0d598d344fea56b8a73247e2f6390ebea07946d,M1,M1.07,CHECK_REQUIRED_PLAN_DELTA,CHECK_REQUIRED_PLAN_DELTA,EXPECTED_DETECTOR_MATCH,DETECTED_AS_PREREGISTERED,FAIL,PASS,FAIL,FAIL:CHECK_REQUIRED_PLAN_DELTA,,255
AEI_P3_FORMAL_20260826T034308Z_9b5f3c2bdfbe,2,M1.07:2443e5a3d32298289c0b98d2a7d3a03cbf4194a7adecf97293b0ac348944ba9e,2443e5a3d32298289c0b98d2a7d3a03cbf4194a7adecf97293b0ac348944ba9e,M1,M1.07,CHECK_REQUIRED_PLAN_DELTA,CHECK_REQUIRED_PLAN_DELTA,EXPECTED_DETECTOR_MATCH,DETECTED_AS_PREREGISTERED,FAIL,PASS,FAIL,FAIL:CHECK_REQUIRED_PLAN_DELTA,,256
AEI_P3_FORMAL_20260826T034308Z_9b5f3c2bdfbe,2,M1.07:245cb7ed72fd0a10da80157bd648a7ae9e8bd9ef722909fe778d274715ad67b3,245cb7ed72fd0a10da80157bd648a7ae9e8bd9ef722909fe778d274715ad67b3,M1,M1.07,CHECK_REQUIRED_PLAN_DELTA,CHECK_REQUIRED_PLAN_DELTA,EXPECTED_DETECTOR_MATCH,DETECTED_AS_PREREGISTERED,FAIL,PASS,FAIL,FAIL:CHECK_REQUIRED_PLAN_DELTA,,257
AEI_P3_FORMAL_20260826T034308Z_9b5f3c2bdfbe,2,M1.07:268469c82535bf1ba82a82324d755f40ad8bc7255c875b8e25c2d7943cff1ff3,268469c82535bf1ba82a82324d755f40ad8bc7255c875b8e25c2d7943cff1ff3,M1,M1.07,CHECK_REQUIRED_PLAN_DELTA,CHECK_REQUIRED_PLAN_DELTA,EXPECTED_DETECTOR_MATCH,DETECTED_AS_PREREGISTERED,FAIL,PASS,FAIL,FAIL:CHECK_REQUIRED_PLAN_DELTA,,258
AEI_P3_FORMAL_20260826T034308Z_9b5f3c2bdfbe,2,M1.07:2908e9ba69598735be8757d9b153473f5bacec1feb89ecff91ce994824a10178,2908e9ba69598735be8757d9b153473f5bacec1feb89ecff91ce994824a10178,M1,M1.07,CHECK_REQUIRED_PLAN_DELTA,CHECK_REQUIRED_PLAN_DELTA,EXPECTED_DETECTOR_MATCH,DETECTED_AS_PREREGISTERED,FAIL,PASS,FAIL,FAIL:CHECK_REQUIRED_PLAN_DELTA,,259
AEI_P3_FORMAL_20260826T034308Z_9b5f3c2bdfbe,2,M1.07:474b6ef7aac2feb7cb9195d7d3644f0d53d378eb4518ef87a9a2f7714d8ef3d5,474b6ef7aac2feb7cb9195d7d3644f0d53d378eb4518ef87a9a2f7714d8ef3d5,M1,M1.07,CHECK_REQUIRED_PLAN_DELTA,CHECK_REQUIRED_PLAN_DELTA,EXPECTED_DETECTOR_MATCH,DETECTED_AS_PREREGISTERED,FAIL,PASS,FAIL,FAIL:CHECK_REQUIRED_PLAN_DELTA,,260
AEI_P3_FORMAL_20260826T034308Z_9b5f3c2bdfbe,2,M1.07:4fafb9a13ff5e2fda82a804bf609727b68a17926d69ae1574c4801604ec81359,4fafb9a13ff5e2fda82a804bf609727b68a17926d69ae1574c4801604ec81359,M1,M1.07,CHECK_REQUIRED_PLAN_DELTA,CHECK_REQUIRED_PLAN_DELTA,EXPECTED_DETECTOR_MATCH,DETECTED_AS_PREREGISTERED,FAIL,PASS,FAIL,FAIL:CHECK_REQUIRED_PLAN_DELTA,,261
AEI_P3_FORMAL_20260826T034308Z_9b5f3c2bdfbe,2,M1.07:54349d927b9070c144f507868f9ef8b962c7c926426b33c3a7e0c88f715b246a,54349d927b9070c144f507868f9ef8b962c7c926426b33c3a7e0c88f715b246a,M1,M1.07,CHECK_REQUIRED_PLAN_DELTA,CHECK_REQUIRED_PLAN_DELTA,EXPECTED_DETECTOR_MATCH,DETECTED_AS_PREREGISTERED,FAIL,PASS,FAIL,FAIL:CHECK_REQUIRED_PLAN_DELTA,,262
AEI_P3_FORMAL_20260826T034308Z_9b5f3c2bdfbe,2,M1.07:558b8365de15727bf495595ed539867872c185b280ea249712f3b1d5f8674cd5,558b8365de15727bf495595ed539867872c185b280ea249712f3b1d5f8674cd5,M1,M1.07,CHECK_REQUIRED_PLAN_DELTA,CHECK_REQUIRED_PLAN_DELTA,EXPECTED_DETECTOR_MATCH,DETECTED_AS_PREREGISTERED,FAIL,PASS,FAIL,FAIL:CHECK_REQUIRED_PLAN_DELTA,,263
AEI_P3_FORMAL_20260826T034308Z_9b5f3c2bdfbe,2,M1.07:5ecccd77f46ab5549088b57686632a9eb5ccf1a5a977fbe35cfae6a50eca52bb,5ecccd77f46ab5549088b57686632a9eb5ccf1a5a977fbe35cfae6a50eca52bb,M1,M1.07,CHECK_REQUIRED_PLAN_DELTA,CHECK_REQUIRED_PLAN_DELTA,EXPECTED_DETECTOR_MATCH,DETECTED_AS_PREREGISTERED,FAIL,PASS,FAIL,FAIL:CHECK_REQUIRED_PLAN_DELTA,,264
AEI_P3_FORMAL_20260826T034308Z_9b5f3c2bdfbe,2,M1.07:5f24b2bbe16d5c8f667064d5031553e1dd9c4d9dbb7e0757cb922d9ba47928d5,5f24b2bbe16d5c8f667064d5031553e1dd9c4d9dbb7e0757cb922d9ba47928d5,M1,M1.07,CHECK_REQUIRED_PLAN_DELTA,CHECK_REQUIRED_PLAN_DELTA,EXPECTED_DETECTOR_MATCH,DETECTED_AS_PREREGISTERED,FAIL,PASS,FAIL,FAIL:CHECK_REQUIRED_PLAN_DELTA,,265
AEI_P3_FORMAL_20260826T034308Z_9b5f3c2bdfbe,2,M1.07:61f77c0251bcd2bbb51e6bff7e048bfcda7139b4e796314d32b47961ac3b5c1b,61f77c0251bcd2bbb51e6bff7e048bfcda7139b4e796314d32b47961ac3b5c1b,M1,M1.07,CHECK_REQUIRED_PLAN_DELTA,CHECK_REQUIRED_PLAN_DELTA,EXPECTED_DETECTOR_MATCH,DETECTED_AS_PREREGISTERED,FAIL,PASS,FAIL,FAIL:CHECK_REQUIRED_PLAN_DELTA,,266
AEI_P3_FORMAL_20260826T034308Z_9b5f3c2bdfbe,2,M1.07:634f3d08fd93ba622176ea6c9ff7ff1fb9d57a9b14f936f27d1460655fc20d72,634f3d08fd93ba622176ea6c9ff7ff1fb9d57a9b14f936f27d1460655fc20d72,M1,M1.07,CHECK_REQUIRED_PLAN_DELTA,CHECK_REQUIRED_PLAN_DELTA,EXPECTED_DETECTOR_MATCH,DETECTED_AS_PREREGISTERED,FAIL,PASS,FAIL,FAIL:CHECK_REQUIRED_PLAN_DELTA,,267
AEI_P3_FORMAL_20260826T034308Z_9b5f3c2bdfbe,2,M1.07:73cdcc11d1c23e47664696979a9b12b94deb5da000c18f37a8d7c0b641090788,73cdcc11d1c23e47664696979a9b12b94deb5da000c18f37a8d7c0b641090788,M1,M1.07,CHECK_REQUIRED_PLAN_DELTA,CHECK_REQUIRED_PLAN_DELTA,EXPECTED_DETECTOR_MATCH,DETECTED_AS_PREREGISTERED,FAIL,PASS,FAIL,FAIL:CHECK_REQUIRED_PLAN_DELTA,,268
AEI_P3_FORMAL_20260826T034308Z_9b5f3c2bdfbe,2,M1.07:7dc2cc636acd7eeb3db7367222360894cac918d6adca467d2f7a79960bbe8b1c,7dc2cc636acd7eeb3db7367222360894cac918d6adca467d2f7a79960bbe8b1c,M1,M1.07,CHECK_REQUIRED_PLAN_DELTA,CHECK_REQUIRED_PLAN_DELTA,EXPECTED_DETECTOR_MATCH,DETECTED_AS_PREREGISTERED,FAIL,PASS,FAIL,FAIL:CHECK_REQUIRED_PLAN_DELTA,,269
AEI_P3_FORMAL_20260826T034308Z_9b5f3c2bdfbe,2,M1.07:8c60197386a54af6d06cac0996c81cbca4971ac83984afcf2a52fa27a5bb1b42,8c60197386a54af6d06cac0996c81cbca4971ac83984afcf2a52fa27a5bb1b42,M1,M1.07,CHECK_REQUIRED_PLAN_DELTA,CHECK_REQUIRED_PLAN_DELTA,EXPECTED_DETECTOR_MATCH,DETECTED_AS_PREREGISTERED,FAIL,PASS,FAIL,FAIL:CHECK_REQUIRED_PLAN_DELTA,,270
AEI_P3_FORMAL_20260826T034308Z_9b5f3c2bdfbe,2,M1.07:8e3a1df6f55a6d53d21fd63c9dcda45cee6d1576c4989d45b40828d31e6d7281,8e3a1df6f55a6d53d21fd63c9dcda45cee6d1576c4989d45b40828d31e6d7281,M1,M1.07,CHECK_REQUIRED_PLAN_DELTA,CHECK_REQUIRED_PLAN_DELTA,EXPECTED_DETECTOR_MATCH,DETECTED_AS_PREREGISTERED,FAIL,PASS,FAIL,FAIL:CHECK_REQUIRED_PLAN_DELTA,,271
AEI_P3_FORMAL_20260826T034308Z_9b5f3c2bdfbe,2,M1.07:97eb8ea8dfec0a163a4b54e1179247553055627de3df3d7a40c8879cacc64800,97eb8ea8dfec0a163a4b54e1179247553055627de3df3d7a40c8879cacc64800,M1,M1.07,CHECK_REQUIRED_PLAN_DELTA,CHECK_REQUIRED_PLAN_DELTA,EXPECTED_DETECTOR_MATCH,DETECTED_AS_PREREGISTERED,FAIL,PASS,FAIL,FAIL:CHECK_REQUIRED_PLAN_DELTA,,272
AEI_P3_FORMAL_20260826T034308Z_9b5f3c2bdfbe,2,M1.07:9827288498c6ff63f3f7ec6f3bb833b53ac1c3cbaf59021addc82b6a8c08bae2,9827288498c6ff63f3f7ec6f3bb833b53ac1c3cbaf59021addc82b6a8c08bae2,M1,M1.07,CHECK_REQUIRED_PLAN_DELTA,CHECK_REQUIRED_PLAN_DELTA,EXPECTED_DETECTOR_MATCH,DETECTED_AS_PREREGISTERED,FAIL,PASS,FAIL,FAIL:CHECK_REQUIRED_PLAN_DELTA,,273
AEI_P3_FORMAL_20260826T034308Z_9b5f3c2bdfbe,2,M1.07:9f7906189c782cba7c3a4cc9cb8785764c8ad3fb1e637423a7a310d6c438feb5,9f7906189c782cba7c3a4cc9cb8785764c8ad3fb1e637423a7a310d6c438feb5,M1,M1.07,CHECK_REQUIRED_PLAN_DELTA,CHECK_REQUIRED_PLAN_DELTA,EXPECTED_DETECTOR_MATCH,DETECTED_AS_PREREGISTERED,FAIL,PASS,FAIL,FAIL:CHECK_REQUIRED_PLAN_DELTA,,274
AEI_P3_FORMAL_20260826T034308Z_9b5f3c2bdfbe,2,M1.07:aa5b4ee1688c71f1a3932cd7d9b629a08e31ef09728f3280c98c7636eecfb8d3,aa5b4ee1688c71f1a3932cd7d9b629a08e31ef09728f3280c98c7636eecfb8d3,M1,M1.07,CHECK_REQUIRED_PLAN_DELTA,CHECK_REQUIRED_PLAN_DELTA,EXPECTED_DETECTOR_MATCH,DETECTED_AS_PREREGISTERED,FAIL,PASS,FAIL,FAIL:CHECK_REQUIRED_PLAN_DELTA,,275
AEI_P3_FORMAL_20260826T034308Z_9b5f3c2bdfbe,2,M1.07:aad646b14392b632d658225dedb7d3953424ab9ab19ebafdc67bd9a7f02eb50b,aad646b14392b632d658225dedb7d3953424ab9ab19ebafdc67bd9a7f02eb50b,M1,M1.07,CHECK_REQUIRED_PLAN_DELTA,CHECK_REQUIRED_PLAN_DELTA,EXPECTED_DETECTOR_MATCH,DETECTED_AS_PREREGISTERED,FAIL,PASS,FAIL,FAIL:CHECK_REQUIRED_PLAN_DELTA,,276
AEI_P3_FORMAL_20260826T034308Z_9b5f3c2bdfbe,2,M1.07:abc8d6ba26b9728a25ebd17f4066aa5421f54fde1c1ef630cc33cb308c0fb8e5,abc8d6ba26b9728a25ebd17f4066aa5421f54fde1c1ef630cc33cb308c0fb8e5,M1,M1.07,CHECK_REQUIRED_PLAN_DELTA,CHECK_REQUIRED_PLAN_DELTA,EXPECTED_DETECTOR_MATCH,DETECTED_AS_PREREGISTERED,FAIL,PASS,FAIL,FAIL:CHECK_REQUIRED_PLAN_DELTA,,277
AEI_P3_FORMAL_20260826T034308Z_9b5f3c2bdfbe,2,M1.07:b0f01f4c7ca822555039b9267d8985edbeb149abc0a710d6583cea634584f862,b0f01f4c7ca822555039b9267d8985edbeb149abc0a710d6583cea634584f862,M1,M1.07,CHECK_REQUIRED_PLAN_DELTA,CHECK_REQUIRED_PLAN_DELTA,EXPECTED_DETECTOR_MATCH,DETECTED_AS_PREREGISTERED,FAIL,PASS,FAIL,FAIL:CHECK_REQUIRED_PLAN_DELTA,,278
AEI_P3_FORMAL_20260826T034308Z_9b5f3c2bdfbe,2,M1.07:b31f9c5cbf923f188771558357941c1a7d6a71089f67793c620cf7034a070eb2,b31f9c5cbf923f188771558357941c1a7d6a71089f67793c620cf7034a070eb2,M1,M1.07,CHECK_REQUIRED_PLAN_DELTA,CHECK_REQUIRED_PLAN_DELTA,EXPECTED_DETECTOR_MATCH,DETECTED_AS_PREREGISTERED,FAIL,PASS,FAIL,FAIL:CHECK_REQUIRED_PLAN_DELTA,,279
AEI_P3_FORMAL_20260826T034308Z_9b5f3c2bdfbe,2,M1.07:b5c400c27e6dbb1cc8466c5ce68e1530b6d984599f3c01c36496b49b586ff5e3,b5c400c27e6dbb1cc8466c5ce68e1530b6d984599f3c01c36496b49b586ff5e3,M1,M1.07,CHECK_REQUIRED_PLAN_DELTA,CHECK_REQUIRED_PLAN_DELTA,EXPECTED_DETECTOR_MATCH,DETECTED_AS_PREREGISTERED,FAIL,PASS,FAIL,FAIL:CHECK_REQUIRED_PLAN_DELTA,,280
AEI_P3_FORMAL_20260826T034308Z_9b5f3c2bdfbe,2,M1.07:bb3f15222034bdf87b9be499b27f859fe778b781693fd54677f83bd7531f0680,bb3f15222034bdf87b9be499b27f859fe778b781693fd54677f83bd7531f0680,M1,M1.07,CHECK_REQUIRED_PLAN_DELTA,CHECK_REQUIRED_PLAN_DELTA,EXPECTED_DETECTOR_MATCH,DETECTED_AS_PREREGISTERED,FAIL,PASS,FAIL,FAIL:CHECK_REQUIRED_PLAN_DELTA,,281
AEI_P3_FORMAL_20260826T034308Z_9b5f3c2bdfbe,2,M1.07:ce18361670bfbcde2f3ff22167187aecef9164dedbf1198bc7563c147804780e,ce18361670bfbcde2f3ff22167187aecef9164dedbf1198bc7563c147804780e,M1,M1.07,CHECK_REQUIRED_PLAN_DELTA,CHECK_REQUIRED_PLAN_DELTA,EXPECTED_DETECTOR_MATCH,DETECTED_AS_PREREGISTERED,FAIL,PASS,FAIL,FAIL:CHECK_REQUIRED_PLAN_DELTA,,282
AEI_P3_FORMAL_20260826T034308Z_9b5f3c2bdfbe,2,M1.07:ceae66508816dc9f5458c925c89f155658e6c78710a8753d337ac385481cc1bf,ceae66508816dc9f5458c925c89f155658e6c78710a8753d337ac385481cc1bf,M1,M1.07,CHECK_REQUIRED_PLAN_DELTA,CHECK_REQUIRED_PLAN_DELTA,EXPECTED_DETECTOR_MATCH,DETECTED_AS_PREREGISTERED,FAIL,PASS,FAIL,FAIL:CHECK_REQUIRED_PLAN_DELTA,,283
AEI_P3_FORMAL_20260826T034308Z_9b5f3c2bdfbe,2,M1.07:d093d52f24139c1b6fb09b775beedd000f1a7b3716df906d7d36e91e7e848265,d093d52f24139c1b6fb09b775beedd000f1a7b3716df906d7d36e91e7e848265,M1,M1.07,CHECK_REQUIRED_PLAN_DELTA,CHECK_REQUIRED_PLAN_DELTA,EXPECTED_DETECTOR_MATCH,DETECTED_AS_PREREGISTERED,FAIL,PASS,FAIL,FAIL:CHECK_REQUIRED_PLAN_DELTA,,284
AEI_P3_FORMAL_20260826T034308Z_9b5f3c2bdfbe,2,M1.07:d4b957654a5efd71168d6f7e67936e6abf4666ceb41e7919635002157b125411,d4b957654a5efd71168d6f7e67936e6abf4666ceb41e7919635002157b125411,M1,M1.07,CHECK_REQUIRED_PLAN_DELTA,CHECK_REQUIRED_PLAN_DELTA,EXPECTED_DETECTOR_MATCH,DETECTED_AS_PREREGISTERED,FAIL,PASS,FAIL,FAIL:CHECK_REQUIRED_PLAN_DELTA,,285
AEI_P3_FORMAL_20260826T034308Z_9b5f3c2bdfbe,2,M1.07:d598e89b357205c7b4bd47c5ebbe933f8be1f7c8dcdee85e66ec6829cafb91d3,d598e89b357205c7b4bd47c5ebbe933f8be1f7c8dcdee85e66ec6829cafb91d3,M1,M1.07,CHECK_REQUIRED_PLAN_DELTA,CHECK_REQUIRED_PLAN_DELTA,EXPECTED_DETECTOR_MATCH,DETECTED_AS_PREREGISTERED,FAIL,PASS,FAIL,FAIL:CHECK_REQUIRED_PLAN_DELTA,,286
AEI_P3_FORMAL_20260826T034308Z_9b5f3c2bdfbe,2,M1.07:eb3670bbe434a59cc94347384a5d50fb526d26a00dbf6da73e54438c4bacc2a0,eb3670bbe434a59cc94347384a5d50fb526d26a00dbf6da73e54438c4bacc2a0,M1,M1.07,CHECK_REQUIRED_PLAN_DELTA,CHECK_REQUIRED_PLAN_DELTA,EXPECTED_DETECTOR_MATCH,DETECTED_AS_PREREGISTERED,FAIL,PASS,FAIL,FAIL:CHECK_REQUIRED_PLAN_DELTA,,287
AEI_P3_FORMAL_20260826T034308Z_9b5f3c2bdfbe,2,M1.07:f1e5fc58ea336e13c098308a2da00dee7de3dd3aa08d6170df4a3cb1afd09795,f1e5fc58ea336e13c098308a2da00dee7de3dd3aa08d6170df4a3cb1afd09795,M1,M1.07,CHECK_REQUIRED_PLAN_DELTA,CHECK_REQUIRED_PLAN_DELTA,EXPECTED_DETECTOR_MATCH,DETECTED_AS_PREREGISTERED,FAIL,PASS,FAIL,FAIL:CHECK_REQUIRED_PLAN_DELTA,,288
AEI_P3_FORMAL_20260826T034308Z_9b5f3c2bdfbe,2,M1.07:f583baa2dad1527b5f84f71805410ee51b78fce2b1be62de49f1636c06821c7b,f583baa2dad1527b5f84f71805410ee51b78fce2b1be62de49f1636c06821c7b,M1,M1.07,CHECK_REQUIRED_PLAN_DELTA,CHECK_REQUIRED_PLAN_DELTA,EXPECTED_DETECTOR_MATCH,DETECTED_AS_PREREGISTERED,FAIL,PASS,FAIL,FAIL:CHECK_REQUIRED_PLAN_DELTA,,289
AEI_P3_FORMAL_20260826T034308Z_9b5f3c2bdfbe,2,M1.07:f64f55ad9277004ae441909cd6556d26eeaf73d3eb3c537384be703615149f96,f64f55ad9277004ae441909cd6556d26eeaf73d3eb3c537384be703615149f96,M1,M1.07,CHECK_REQUIRED_PLAN_DELTA,CHECK_REQUIRED_PLAN_DELTA,EXPECTED_DETECTOR_MATCH,DETECTED_AS_PREREGISTERED,FAIL,PASS,FAIL,FAIL:CHECK_REQUIRED_PLAN_DELTA,,290
AEI_P3_FORMAL_20260826T034308Z_9b5f3c2bdfbe,2,M1.07:f80e8a50e0815fda9eef8635e52671f3888786c4daef5767b8da7b74e4311646,f80e8a50e0815fda9eef8635e52671f3888786c4daef5767b8da7b74e4311646,M1,M1.07,CHECK_REQUIRED_PLAN_DELTA,CHECK_REQUIRED_PLAN_DELTA,EXPECTED_DETECTOR_MATCH,DETECTED_AS_PREREGISTERED,FAIL,PASS,FAIL,FAIL:CHECK_REQUIRED_PLAN_DELTA,,291
AEI_P3_FORMAL_20260826T034308Z_9b5f3c2bdfbe,2,M1.07:f9ade00b139ce33674b05d1766de3ec85779abfd83f893a7b2437817100901d9,f9ade00b139ce33674b05d1766de3ec85779abfd83f893a7b2437817100901d9,M1,M1.07,CHECK_REQUIRED_PLAN_DELTA,CHECK_REQUIRED_PLAN_DELTA,EXPECTED_DETECTOR_MATCH,DETECTED_AS_PREREGISTERED,FAIL,PASS,FAIL,FAIL:CHECK_REQUIRED_PLAN_DELTA,,292
AEI_P3_FORMAL_20260826T034308Z_9b5f3c2bdfbe,2,M1.07:feb26c8ce25b99d6b090e07fca86c8e2dbf3ff2d6b891634c4c71b179329ab47,feb26c8ce25b99d6b090e07fca86c8e2dbf3ff2d6b891634c4c71b179329ab47,M1,M1.07,CHECK_REQUIRED_PLAN_DELTA,CHECK_REQUIRED_PLAN_DELTA,EXPECTED_DETECTOR_MATCH,DETECTED_AS_PREREGISTERED,FAIL,PASS,FAIL,FAIL:CHECK_REQUIRED_PLAN_DELTA,,293
AEI_P3_FORMAL_20260826T034308Z_9b5f3c2bdfbe,2,M1.08:052b2dfeb855619b4e74c70e7155e5699a6aebc572c887f1432462ecf4afce6b,052b2dfeb855619b4e74c70e7155e5699a6aebc572c887f1432462ecf4afce6b,M1,M1.08,CHECK_REQUIRED_SOLVER_ARTIFACT,CHECK_REQUIRED_SOLVER_ARTIFACT|CHECK_OB7_REQUIRED_SOLVER_VERSION|CHECK_OB7_REQUIRED_MODEL_HASH|CHECK_OB7_REQUIRED_INSTANCE_HASH|CHECK_OB7_REQUIRED_SEED|CHECK_OB7_REQUIRED_WORKERS|CHECK_OB7_REQUIRED_BUDGET_SECONDS|CHECK_OB7_REQUIRED_STATUS|CHECK_OB7_REQUIRED_OBJECTIVE_ENCODED|CHECK_OB7_REQUIRED_SOLVER_SCHEDULE_HASH|CHECK_OB7_REQUIRED_SCHEDULE_ARTIFACT|CHECK_OB7_REQUIRED_SCHEDULE_ARTIFACT_SHA256,EXPECTED_DETECTOR_MATCH,DETECTED_AS_PREREGISTERED,FAIL,FAIL,FAIL,FAIL:CHECK_REQUIRED_SOLVER_ARTIFACT,,294
AEI_P3_FORMAL_20260826T034308Z_9b5f3c2bdfbe,2,M1.08:0edc936e36dbd00367c35ec096b127c69211776f53ead8d7b9619a78d9b3beb5,0edc936e36dbd00367c35ec096b127c69211776f53ead8d7b9619a78d9b3beb5,M1,M1.08,CHECK_REQUIRED_SOLVER_ARTIFACT,CHECK_REQUIRED_SOLVER_ARTIFACT|CHECK_OB7_REQUIRED_SOLVER_VERSION|CHECK_OB7_REQUIRED_MODEL_HASH|CHECK_OB7_REQUIRED_INSTANCE_HASH|CHECK_OB7_REQUIRED_SEED|CHECK_OB7_REQUIRED_WORKERS|CHECK_OB7_REQUIRED_BUDGET_SECONDS|CHECK_OB7_REQUIRED_STATUS|CHECK_OB7_REQUIRED_OBJECTIVE_ENCODED|CHECK_OB7_REQUIRED_SOLVER_SCHEDULE_HASH|CHECK_OB7_REQUIRED_SCHEDULE_ARTIFACT|CHECK_OB7_REQUIRED_SCHEDULE_ARTIFACT_SHA256,EXPECTED_DETECTOR_MATCH,DETECTED_AS_PREREGISTERED,FAIL,FAIL,FAIL,FAIL:CHECK_REQUIRED_SOLVER_ARTIFACT,,295
AEI_P3_FORMAL_20260826T034308Z_9b5f3c2bdfbe,2,M1.08:19993579c580ecb799e1ce158990340e547863ae75c4be153b97908cb5cd08a2,19993579c580ecb799e1ce158990340e547863ae75c4be153b97908cb5cd08a2,M1,M1.08,CHECK_REQUIRED_SOLVER_ARTIFACT,CHECK_REQUIRED_SOLVER_ARTIFACT|CHECK_OB7_REQUIRED_SOLVER_VERSION|CHECK_OB7_REQUIRED_MODEL_HASH|CHECK_OB7_REQUIRED_INSTANCE_HASH|CHECK_OB7_REQUIRED_SEED|CHECK_OB7_REQUIRED_WORKERS|CHECK_OB7_REQUIRED_BUDGET_SECONDS|CHECK_OB7_REQUIRED_STATUS|CHECK_OB7_REQUIRED_OBJECTIVE_ENCODED|CHECK_OB7_REQUIRED_SOLVER_SCHEDULE_HASH|CHECK_OB7_REQUIRED_SCHEDULE_ARTIFACT|CHECK_OB7_REQUIRED_SCHEDULE_ARTIFACT_SHA256,EXPECTED_DETECTOR_MATCH,DETECTED_AS_PREREGISTERED,FAIL,FAIL,FAIL,FAIL:CHECK_REQUIRED_SOLVER_ARTIFACT,,296
AEI_P3_FORMAL_20260826T034308Z_9b5f3c2bdfbe,2,M1.08:1bb3dc3f26212de23def1f2ca0d598d344fea56b8a73247e2f6390ebea07946d,1bb3dc3f26212de23def1f2ca0d598d344fea56b8a73247e2f6390ebea07946d,M1,M1.08,CHECK_REQUIRED_SOLVER_ARTIFACT,CHECK_REQUIRED_SOLVER_ARTIFACT|CHECK_OB7_REQUIRED_SOLVER_VERSION|CHECK_OB7_REQUIRED_MODEL_HASH|CHECK_OB7_REQUIRED_INSTANCE_HASH|CHECK_OB7_REQUIRED_SEED|CHECK_OB7_REQUIRED_WORKERS|CHECK_OB7_REQUIRED_BUDGET_SECONDS|CHECK_OB7_REQUIRED_STATUS|CHECK_OB7_REQUIRED_OBJECTIVE_ENCODED|CHECK_OB7_REQUIRED_SOLVER_SCHEDULE_HASH|CHECK_OB7_REQUIRED_SCHEDULE_ARTIFACT|CHECK_OB7_REQUIRED_SCHEDULE_ARTIFACT_SHA256,EXPECTED_DETECTOR_MATCH,DETECTED_AS_PREREGISTERED,FAIL,FAIL,FAIL,FAIL:CHECK_REQUIRED_SOLVER_ARTIFACT,,297
AEI_P3_FORMAL_20260826T034308Z_9b5f3c2bdfbe,2,M1.08:2443e5a3d32298289c0b98d2a7d3a03cbf4194a7adecf97293b0ac348944ba9e,2443e5a3d32298289c0b98d2a7d3a03cbf4194a7adecf97293b0ac348944ba9e,M1,M1.08,CHECK_REQUIRED_SOLVER_ARTIFACT,CHECK_REQUIRED_SOLVER_ARTIFACT|CHECK_OB7_REQUIRED_SOLVER_VERSION|CHECK_OB7_REQUIRED_MODEL_HASH|CHECK_OB7_REQUIRED_INSTANCE_HASH|CHECK_OB7_REQUIRED_SEED|CHECK_OB7_REQUIRED_WORKERS|CHECK_OB7_REQUIRED_BUDGET_SECONDS|CHECK_OB7_REQUIRED_STATUS|CHECK_OB7_REQUIRED_OBJECTIVE_ENCODED|CHECK_OB7_REQUIRED_SOLVER_SCHEDULE_HASH|CHECK_OB7_REQUIRED_SCHEDULE_ARTIFACT|CHECK_OB7_REQUIRED_SCHEDULE_ARTIFACT_SHA256,EXPECTED_DETECTOR_MATCH,DETECTED_AS_PREREGISTERED,FAIL,FAIL,FAIL,FAIL:CHECK_REQUIRED_SOLVER_ARTIFACT,,298
AEI_P3_FORMAL_20260826T034308Z_9b5f3c2bdfbe,2,M1.08:245cb7ed72fd0a10da80157bd648a7ae9e8bd9ef722909fe778d274715ad67b3,245cb7ed72fd0a10da80157bd648a7ae9e8bd9ef722909fe778d274715ad67b3,M1,M1.08,CHECK_REQUIRED_SOLVER_ARTIFACT,CHECK_REQUIRED_SOLVER_ARTIFACT|CHECK_OB7_REQUIRED_SOLVER_VERSION|CHECK_OB7_REQUIRED_MODEL_HASH|CHECK_OB7_REQUIRED_INSTANCE_HASH|CHECK_OB7_REQUIRED_SEED|CHECK_OB7_REQUIRED_WORKERS|CHECK_OB7_REQUIRED_BUDGET_SECONDS|CHECK_OB7_REQUIRED_STATUS|CHECK_OB7_REQUIRED_OBJECTIVE_ENCODED|CHECK_OB7_REQUIRED_SOLVER_SCHEDULE_HASH|CHECK_OB7_REQUIRED_SCHEDULE_ARTIFACT|CHECK_OB7_REQUIRED_SCHEDULE_ARTIFACT_SHA256,EXPECTED_DETECTOR_MATCH,DETECTED_AS_PREREGISTERED,FAIL,FAIL,FAIL,FAIL:CHECK_REQUIRED_SOLVER_ARTIFACT,,299
AEI_P3_FORMAL_20260826T034308Z_9b5f3c2bdfbe,2,M1.08:268469c82535bf1ba82a82324d755f40ad8bc7255c875b8e25c2d7943cff1ff3,268469c82535bf1ba82a82324d755f40ad8bc7255c875b8e25c2d7943cff1ff3,M1,M1.08,CHECK_REQUIRED_SOLVER_ARTIFACT,CHECK_REQUIRED_SOLVER_ARTIFACT|CHECK_OB7_REQUIRED_SOLVER_VERSION|CHECK_OB7_REQUIRED_MODEL_HASH|CHECK_OB7_REQUIRED_INSTANCE_HASH|CHECK_OB7_REQUIRED_SEED|CHECK_OB7_REQUIRED_WORKERS|CHECK_OB7_REQUIRED_BUDGET_SECONDS|CHECK_OB7_REQUIRED_STATUS|CHECK_OB7_REQUIRED_OBJECTIVE_ENCODED|CHECK_OB7_REQUIRED_SOLVER_SCHEDULE_HASH|CHECK_OB7_REQUIRED_SCHEDULE_ARTIFACT|CHECK_OB7_REQUIRED_SCHEDULE_ARTIFACT_SHA256,EXPECTED_DETECTOR_MATCH,DETECTED_AS_PREREGISTERED,FAIL,FAIL,FAIL,FAIL:CHECK_REQUIRED_SOLVER_ARTIFACT,,300
AEI_P3_FORMAL_20260826T034308Z_9b5f3c2bdfbe,2,M1.08:2908e9ba69598735be8757d9b153473f5bacec1feb89ecff91ce994824a10178,2908e9ba69598735be8757d9b153473f5bacec1feb89ecff91ce994824a10178,M1,M1.08,CHECK_REQUIRED_SOLVER_ARTIFACT,CHECK_REQUIRED_SOLVER_ARTIFACT|CHECK_OB7_REQUIRED_SOLVER_VERSION|CHECK_OB7_REQUIRED_MODEL_HASH|CHECK_OB7_REQUIRED_INSTANCE_HASH|CHECK_OB7_REQUIRED_SEED|CHECK_OB7_REQUIRED_WORKERS|CHECK_OB7_REQUIRED_BUDGET_SECONDS|CHECK_OB7_REQUIRED_STATUS|CHECK_OB7_REQUIRED_OBJECTIVE_ENCODED|CHECK_OB7_REQUIRED_SOLVER_SCHEDULE_HASH|CHECK_OB7_REQUIRED_SCHEDULE_ARTIFACT|CHECK_OB7_REQUIRED_SCHEDULE_ARTIFACT_SHA256,EXPECTED_DETECTOR_MATCH,DETECTED_AS_PREREGISTERED,FAIL,FAIL,FAIL,FAIL:CHECK_REQUIRED_SOLVER_ARTIFACT,,301
AEI_P3_FORMAL_20260826T034308Z_9b5f3c2bdfbe,2,M1.08:474b6ef7aac2feb7cb9195d7d3644f0d53d378eb4518ef87a9a2f7714d8ef3d5,474b6ef7aac2feb7cb9195d7d3644f0d53d378eb4518ef87a9a2f7714d8ef3d5,M1,M1.08,CHECK_REQUIRED_SOLVER_ARTIFACT,CHECK_REQUIRED_SOLVER_ARTIFACT|CHECK_OB7_REQUIRED_SOLVER_VERSION|CHECK_OB7_REQUIRED_MODEL_HASH|CHECK_OB7_REQUIRED_INSTANCE_HASH|CHECK_OB7_REQUIRED_SEED|CHECK_OB7_REQUIRED_WORKERS|CHECK_OB7_REQUIRED_BUDGET_SECONDS|CHECK_OB7_REQUIRED_STATUS|CHECK_OB7_REQUIRED_OBJECTIVE_ENCODED|CHECK_OB7_REQUIRED_SOLVER_SCHEDULE_HASH|CHECK_OB7_REQUIRED_SCHEDULE_ARTIFACT|CHECK_OB7_REQUIRED_SCHEDULE_ARTIFACT_SHA256,EXPECTED_DETECTOR_MATCH,DETECTED_AS_PREREGISTERED,FAIL,FAIL,FAIL,FAIL:CHECK_REQUIRED_SOLVER_ARTIFACT,,302
AEI_P3_FORMAL_20260826T034308Z_9b5f3c2bdfbe,2,M1.08:4fafb9a13ff5e2fda82a804bf609727b68a17926d69ae1574c4801604ec81359,4fafb9a13ff5e2fda82a804bf609727b68a17926d69ae1574c4801604ec81359,M1,M1.08,CHECK_REQUIRED_SOLVER_ARTIFACT,CHECK_REQUIRED_SOLVER_ARTIFACT|CHECK_OB7_REQUIRED_SOLVER_VERSION|CHECK_OB7_REQUIRED_MODEL_HASH|CHECK_OB7_REQUIRED_INSTANCE_HASH|CHECK_OB7_REQUIRED_SEED|CHECK_OB7_REQUIRED_WORKERS|CHECK_OB7_REQUIRED_BUDGET_SECONDS|CHECK_OB7_REQUIRED_STATUS|CHECK_OB7_REQUIRED_OBJECTIVE_ENCODED|CHECK_OB7_REQUIRED_SOLVER_SCHEDULE_HASH|CHECK_OB7_REQUIRED_SCHEDULE_ARTIFACT|CHECK_OB7_REQUIRED_SCHEDULE_ARTIFACT_SHA256,EXPECTED_DETECTOR_MATCH,DETECTED_AS_PREREGISTERED,FAIL,FAIL,FAIL,FAIL:CHECK_REQUIRED_SOLVER_ARTIFACT,,303
AEI_P3_FORMAL_20260826T034308Z_9b5f3c2bdfbe,2,M1.08:54349d927b9070c144f507868f9ef8b962c7c926426b33c3a7e0c88f715b246a,54349d927b9070c144f507868f9ef8b962c7c926426b33c3a7e0c88f715b246a,M1,M1.08,CHECK_REQUIRED_SOLVER_ARTIFACT,CHECK_REQUIRED_SOLVER_ARTIFACT|CHECK_OB7_REQUIRED_SOLVER_VERSION|CHECK_OB7_REQUIRED_MODEL_HASH|CHECK_OB7_REQUIRED_INSTANCE_HASH|CHECK_OB7_REQUIRED_SEED|CHECK_OB7_REQUIRED_WORKERS|CHECK_OB7_REQUIRED_BUDGET_SECONDS|CHECK_OB7_REQUIRED_STATUS|CHECK_OB7_REQUIRED_OBJECTIVE_ENCODED|CHECK_OB7_REQUIRED_SOLVER_SCHEDULE_HASH|CHECK_OB7_REQUIRED_SCHEDULE_ARTIFACT|CHECK_OB7_REQUIRED_SCHEDULE_ARTIFACT_SHA256,EXPECTED_DETECTOR_MATCH,DETECTED_AS_PREREGISTERED,FAIL,FAIL,FAIL,FAIL:CHECK_REQUIRED_SOLVER_ARTIFACT,,304
AEI_P3_FORMAL_20260826T034308Z_9b5f3c2bdfbe,2,M1.08:558b8365de15727bf495595ed539867872c185b280ea249712f3b1d5f8674cd5,558b8365de15727bf495595ed539867872c185b280ea249712f3b1d5f8674cd5,M1,M1.08,CHECK_REQUIRED_SOLVER_ARTIFACT,CHECK_REQUIRED_SOLVER_ARTIFACT|CHECK_OB7_REQUIRED_SOLVER_VERSION|CHECK_OB7_REQUIRED_MODEL_HASH|CHECK_OB7_REQUIRED_INSTANCE_HASH|CHECK_OB7_REQUIRED_SEED|CHECK_OB7_REQUIRED_WORKERS|CHECK_OB7_REQUIRED_BUDGET_SECONDS|CHECK_OB7_REQUIRED_STATUS|CHECK_OB7_REQUIRED_OBJECTIVE_ENCODED|CHECK_OB7_REQUIRED_SOLVER_SCHEDULE_HASH|CHECK_OB7_REQUIRED_SCHEDULE_ARTIFACT|CHECK_OB7_REQUIRED_SCHEDULE_ARTIFACT_SHA256,EXPECTED_DETECTOR_MATCH,DETECTED_AS_PREREGISTERED,FAIL,FAIL,FAIL,FAIL:CHECK_REQUIRED_SOLVER_ARTIFACT,,305
AEI_P3_FORMAL_20260826T034308Z_9b5f3c2bdfbe,2,M1.08:5ecccd77f46ab5549088b57686632a9eb5ccf1a5a977fbe35cfae6a50eca52bb,5ecccd77f46ab5549088b57686632a9eb5ccf1a5a977fbe35cfae6a50eca52bb,M1,M1.08,CHECK_REQUIRED_SOLVER_ARTIFACT,CHECK_REQUIRED_SOLVER_ARTIFACT|CHECK_OB7_REQUIRED_SOLVER_VERSION|CHECK_OB7_REQUIRED_MODEL_HASH|CHECK_OB7_REQUIRED_INSTANCE_HASH|CHECK_OB7_REQUIRED_SEED|CHECK_OB7_REQUIRED_WORKERS|CHECK_OB7_REQUIRED_BUDGET_SECONDS|CHECK_OB7_REQUIRED_STATUS|CHECK_OB7_REQUIRED_OBJECTIVE_ENCODED|CHECK_OB7_REQUIRED_SOLVER_SCHEDULE_HASH|CHECK_OB7_REQUIRED_SCHEDULE_ARTIFACT|CHECK_OB7_REQUIRED_SCHEDULE_ARTIFACT_SHA256,EXPECTED_DETECTOR_MATCH,DETECTED_AS_PREREGISTERED,FAIL,FAIL,FAIL,FAIL:CHECK_REQUIRED_SOLVER_ARTIFACT,,306
AEI_P3_FORMAL_20260826T034308Z_9b5f3c2bdfbe,2,M1.08:5f24b2bbe16d5c8f667064d5031553e1dd9c4d9dbb7e0757cb922d9ba47928d5,5f24b2bbe16d5c8f667064d5031553e1dd9c4d9dbb7e0757cb922d9ba47928d5,M1,M1.08,CHECK_REQUIRED_SOLVER_ARTIFACT,CHECK_REQUIRED_SOLVER_ARTIFACT|CHECK_OB7_REQUIRED_SOLVER_VERSION|CHECK_OB7_REQUIRED_MODEL_HASH|CHECK_OB7_REQUIRED_INSTANCE_HASH|CHECK_OB7_REQUIRED_SEED|CHECK_OB7_REQUIRED_WORKERS|CHECK_OB7_REQUIRED_BUDGET_SECONDS|CHECK_OB7_REQUIRED_STATUS|CHECK_OB7_REQUIRED_OBJECTIVE_ENCODED|CHECK_OB7_REQUIRED_SOLVER_SCHEDULE_HASH|CHECK_OB7_REQUIRED_SCHEDULE_ARTIFACT|CHECK_OB7_REQUIRED_SCHEDULE_ARTIFACT_SHA256,EXPECTED_DETECTOR_MATCH,DETECTED_AS_PREREGISTERED,FAIL,FAIL,FAIL,FAIL:CHECK_REQUIRED_SOLVER_ARTIFACT,,307
AEI_P3_FORMAL_20260826T034308Z_9b5f3c2bdfbe,2,M1.08:61f77c0251bcd2bbb51e6bff7e048bfcda7139b4e796314d32b47961ac3b5c1b,61f77c0251bcd2bbb51e6bff7e048bfcda7139b4e796314d32b47961ac3b5c1b,M1,M1.08,CHECK_REQUIRED_SOLVER_ARTIFACT,CHECK_REQUIRED_SOLVER_ARTIFACT|CHECK_OB7_REQUIRED_SOLVER_VERSION|CHECK_OB7_REQUIRED_MODEL_HASH|CHECK_OB7_REQUIRED_INSTANCE_HASH|CHECK_OB7_REQUIRED_SEED|CHECK_OB7_REQUIRED_WORKERS|CHECK_OB7_REQUIRED_BUDGET_SECONDS|CHECK_OB7_REQUIRED_STATUS|CHECK_OB7_REQUIRED_OBJECTIVE_ENCODED|CHECK_OB7_REQUIRED_SOLVER_SCHEDULE_HASH|CHECK_OB7_REQUIRED_SCHEDULE_ARTIFACT|CHECK_OB7_REQUIRED_SCHEDULE_ARTIFACT_SHA256,EXPECTED_DETECTOR_MATCH,DETECTED_AS_PREREGISTERED,FAIL,FAIL,FAIL,FAIL:CHECK_REQUIRED_SOLVER_ARTIFACT,,308
AEI_P3_FORMAL_20260826T034308Z_9b5f3c2bdfbe,2,M1.08:634f3d08fd93ba622176ea6c9ff7ff1fb9d57a9b14f936f27d1460655fc20d72,634f3d08fd93ba622176ea6c9ff7ff1fb9d57a9b14f936f27d1460655fc20d72,M1,M1.08,CHECK_REQUIRED_SOLVER_ARTIFACT,CHECK_REQUIRED_SOLVER_ARTIFACT|CHECK_OB7_REQUIRED_SOLVER_VERSION|CHECK_OB7_REQUIRED_MODEL_HASH|CHECK_OB7_REQUIRED_INSTANCE_HASH|CHECK_OB7_REQUIRED_SEED|CHECK_OB7_REQUIRED_WORKERS|CHECK_OB7_REQUIRED_BUDGET_SECONDS|CHECK_OB7_REQUIRED_STATUS|CHECK_OB7_REQUIRED_OBJECTIVE_ENCODED|CHECK_OB7_REQUIRED_SOLVER_SCHEDULE_HASH|CHECK_OB7_REQUIRED_SCHEDULE_ARTIFACT|CHECK_OB7_REQUIRED_SCHEDULE_ARTIFACT_SHA256,EXPECTED_DETECTOR_MATCH,DETECTED_AS_PREREGISTERED,FAIL,FAIL,FAIL,FAIL:CHECK_REQUIRED_SOLVER_ARTIFACT,,309
AEI_P3_FORMAL_20260826T034308Z_9b5f3c2bdfbe,2,M1.08:73cdcc11d1c23e47664696979a9b12b94deb5da000c18f37a8d7c0b641090788,73cdcc11d1c23e47664696979a9b12b94deb5da000c18f37a8d7c0b641090788,M1,M1.08,CHECK_REQUIRED_SOLVER_ARTIFACT,CHECK_REQUIRED_SOLVER_ARTIFACT|CHECK_OB7_REQUIRED_SOLVER_VERSION|CHECK_OB7_REQUIRED_MODEL_HASH|CHECK_OB7_REQUIRED_INSTANCE_HASH|CHECK_OB7_REQUIRED_SEED|CHECK_OB7_REQUIRED_WORKERS|CHECK_OB7_REQUIRED_BUDGET_SECONDS|CHECK_OB7_REQUIRED_STATUS|CHECK_OB7_REQUIRED_OBJECTIVE_ENCODED|CHECK_OB7_REQUIRED_SOLVER_SCHEDULE_HASH|CHECK_OB7_REQUIRED_SCHEDULE_ARTIFACT|CHECK_OB7_REQUIRED_SCHEDULE_ARTIFACT_SHA256,EXPECTED_DETECTOR_MATCH,DETECTED_AS_PREREGISTERED,FAIL,FAIL,FAIL,FAIL:CHECK_REQUIRED_SOLVER_ARTIFACT,,310
AEI_P3_FORMAL_20260826T034308Z_9b5f3c2bdfbe,2,M1.08:7dc2cc636acd7eeb3db7367222360894cac918d6adca467d2f7a79960bbe8b1c,7dc2cc636acd7eeb3db7367222360894cac918d6adca467d2f7a79960bbe8b1c,M1,M1.08,CHECK_REQUIRED_SOLVER_ARTIFACT,CHECK_REQUIRED_SOLVER_ARTIFACT|CHECK_OB7_REQUIRED_SOLVER_VERSION|CHECK_OB7_REQUIRED_MODEL_HASH|CHECK_OB7_REQUIRED_INSTANCE_HASH|CHECK_OB7_REQUIRED_SEED|CHECK_OB7_REQUIRED_WORKERS|CHECK_OB7_REQUIRED_BUDGET_SECONDS|CHECK_OB7_REQUIRED_STATUS|CHECK_OB7_REQUIRED_OBJECTIVE_ENCODED|CHECK_OB7_REQUIRED_SOLVER_SCHEDULE_HASH|CHECK_OB7_REQUIRED_SCHEDULE_ARTIFACT|CHECK_OB7_REQUIRED_SCHEDULE_ARTIFACT_SHA256,EXPECTED_DETECTOR_MATCH,DETECTED_AS_PREREGISTERED,FAIL,FAIL,FAIL,FAIL:CHECK_REQUIRED_SOLVER_ARTIFACT,,311
AEI_P3_FORMAL_20260826T034308Z_9b5f3c2bdfbe,2,M1.08:8c60197386a54af6d06cac0996c81cbca4971ac83984afcf2a52fa27a5bb1b42,8c60197386a54af6d06cac0996c81cbca4971ac83984afcf2a52fa27a5bb1b42,M1,M1.08,CHECK_REQUIRED_SOLVER_ARTIFACT,CHECK_REQUIRED_SOLVER_ARTIFACT|CHECK_OB7_REQUIRED_SOLVER_VERSION|CHECK_OB7_REQUIRED_MODEL_HASH|CHECK_OB7_REQUIRED_INSTANCE_HASH|CHECK_OB7_REQUIRED_SEED|CHECK_OB7_REQUIRED_WORKERS|CHECK_OB7_REQUIRED_BUDGET_SECONDS|CHECK_OB7_REQUIRED_STATUS|CHECK_OB7_REQUIRED_OBJECTIVE_ENCODED|CHECK_OB7_REQUIRED_SOLVER_SCHEDULE_HASH|CHECK_OB7_REQUIRED_SCHEDULE_ARTIFACT|CHECK_OB7_REQUIRED_SCHEDULE_ARTIFACT_SHA256,EXPECTED_DETECTOR_MATCH,DETECTED_AS_PREREGISTERED,FAIL,FAIL,FAIL,FAIL:CHECK_REQUIRED_SOLVER_ARTIFACT,,312
AEI_P3_FORMAL_20260826T034308Z_9b5f3c2bdfbe,2,M1.08:8e3a1df6f55a6d53d21fd63c9dcda45cee6d1576c4989d45b40828d31e6d7281,8e3a1df6f55a6d53d21fd63c9dcda45cee6d1576c4989d45b40828d31e6d7281,M1,M1.08,CHECK_REQUIRED_SOLVER_ARTIFACT,CHECK_REQUIRED_SOLVER_ARTIFACT|CHECK_OB7_REQUIRED_SOLVER_VERSION|CHECK_OB7_REQUIRED_MODEL_HASH|CHECK_OB7_REQUIRED_INSTANCE_HASH|CHECK_OB7_REQUIRED_SEED|CHECK_OB7_REQUIRED_WORKERS|CHECK_OB7_REQUIRED_BUDGET_SECONDS|CHECK_OB7_REQUIRED_STATUS|CHECK_OB7_REQUIRED_OBJECTIVE_ENCODED|CHECK_OB7_REQUIRED_SOLVER_SCHEDULE_HASH|CHECK_OB7_REQUIRED_SCHEDULE_ARTIFACT|CHECK_OB7_REQUIRED_SCHEDULE_ARTIFACT_SHA256,EXPECTED_DETECTOR_MATCH,DETECTED_AS_PREREGISTERED,FAIL,FAIL,FAIL,FAIL:CHECK_REQUIRED_SOLVER_ARTIFACT,,313
AEI_P3_FORMAL_20260826T034308Z_9b5f3c2bdfbe,2,M1.08:97eb8ea8dfec0a163a4b54e1179247553055627de3df3d7a40c8879cacc64800,97eb8ea8dfec0a163a4b54e1179247553055627de3df3d7a40c8879cacc64800,M1,M1.08,CHECK_REQUIRED_SOLVER_ARTIFACT,CHECK_REQUIRED_SOLVER_ARTIFACT|CHECK_OB7_REQUIRED_SOLVER_VERSION|CHECK_OB7_REQUIRED_MODEL_HASH|CHECK_OB7_REQUIRED_INSTANCE_HASH|CHECK_OB7_REQUIRED_SEED|CHECK_OB7_REQUIRED_WORKERS|CHECK_OB7_REQUIRED_BUDGET_SECONDS|CHECK_OB7_REQUIRED_STATUS|CHECK_OB7_REQUIRED_OBJECTIVE_ENCODED|CHECK_OB7_REQUIRED_SOLVER_SCHEDULE_HASH|CHECK_OB7_REQUIRED_SCHEDULE_ARTIFACT|CHECK_OB7_REQUIRED_SCHEDULE_ARTIFACT_SHA256,EXPECTED_DETECTOR_MATCH,DETECTED_AS_PREREGISTERED,FAIL,FAIL,FAIL,FAIL:CHECK_REQUIRED_SOLVER_ARTIFACT,,314
AEI_P3_FORMAL_20260826T034308Z_9b5f3c2bdfbe,2,M1.08:9827288498c6ff63f3f7ec6f3bb833b53ac1c3cbaf59021addc82b6a8c08bae2,9827288498c6ff63f3f7ec6f3bb833b53ac1c3cbaf59021addc82b6a8c08bae2,M1,M1.08,CHECK_REQUIRED_SOLVER_ARTIFACT,CHECK_REQUIRED_SOLVER_ARTIFACT|CHECK_OB7_REQUIRED_SOLVER_VERSION|CHECK_OB7_REQUIRED_MODEL_HASH|CHECK_OB7_REQUIRED_INSTANCE_HASH|CHECK_OB7_REQUIRED_SEED|CHECK_OB7_REQUIRED_WORKERS|CHECK_OB7_REQUIRED_BUDGET_SECONDS|CHECK_OB7_REQUIRED_STATUS|CHECK_OB7_REQUIRED_OBJECTIVE_ENCODED|CHECK_OB7_REQUIRED_SOLVER_SCHEDULE_HASH|CHECK_OB7_REQUIRED_SCHEDULE_ARTIFACT|CHECK_OB7_REQUIRED_SCHEDULE_ARTIFACT_SHA256,EXPECTED_DETECTOR_MATCH,DETECTED_AS_PREREGISTERED,FAIL,FAIL,FAIL,FAIL:CHECK_REQUIRED_SOLVER_ARTIFACT,,315
AEI_P3_FORMAL_20260826T034308Z_9b5f3c2bdfbe,2,M1.08:9f7906189c782cba7c3a4cc9cb8785764c8ad3fb1e637423a7a310d6c438feb5,9f7906189c782cba7c3a4cc9cb8785764c8ad3fb1e637423a7a310d6c438feb5,M1,M1.08,CHECK_REQUIRED_SOLVER_ARTIFACT,CHECK_REQUIRED_SOLVER_ARTIFACT|CHECK_OB7_REQUIRED_SOLVER_VERSION|CHECK_OB7_REQUIRED_MODEL_HASH|CHECK_OB7_REQUIRED_INSTANCE_HASH|CHECK_OB7_REQUIRED_SEED|CHECK_OB7_REQUIRED_WORKERS|CHECK_OB7_REQUIRED_BUDGET_SECONDS|CHECK_OB7_REQUIRED_STATUS|CHECK_OB7_REQUIRED_OBJECTIVE_ENCODED|CHECK_OB7_REQUIRED_SOLVER_SCHEDULE_HASH|CHECK_OB7_REQUIRED_SCHEDULE_ARTIFACT|CHECK_OB7_REQUIRED_SCHEDULE_ARTIFACT_SHA256,EXPECTED_DETECTOR_MATCH,DETECTED_AS_PREREGISTERED,FAIL,FAIL,FAIL,FAIL:CHECK_REQUIRED_SOLVER_ARTIFACT,,316
AEI_P3_FORMAL_20260826T034308Z_9b5f3c2bdfbe,2,M1.08:aa5b4ee1688c71f1a3932cd7d9b629a08e31ef09728f3280c98c7636eecfb8d3,aa5b4ee1688c71f1a3932cd7d9b629a08e31ef09728f3280c98c7636eecfb8d3,M1,M1.08,CHECK_REQUIRED_SOLVER_ARTIFACT,CHECK_REQUIRED_SOLVER_ARTIFACT|CHECK_OB7_REQUIRED_SOLVER_VERSION|CHECK_OB7_REQUIRED_MODEL_HASH|CHECK_OB7_REQUIRED_INSTANCE_HASH|CHECK_OB7_REQUIRED_SEED|CHECK_OB7_REQUIRED_WORKERS|CHECK_OB7_REQUIRED_BUDGET_SECONDS|CHECK_OB7_REQUIRED_STATUS|CHECK_OB7_REQUIRED_OBJECTIVE_ENCODED|CHECK_OB7_REQUIRED_SOLVER_SCHEDULE_HASH|CHECK_OB7_REQUIRED_SCHEDULE_ARTIFACT|CHECK_OB7_REQUIRED_SCHEDULE_ARTIFACT_SHA256,EXPECTED_DETECTOR_MATCH,DETECTED_AS_PREREGISTERED,FAIL,FAIL,FAIL,FAIL:CHECK_REQUIRED_SOLVER_ARTIFACT,,317
AEI_P3_FORMAL_20260826T034308Z_9b5f3c2bdfbe,2,M1.08:aad646b14392b632d658225dedb7d3953424ab9ab19ebafdc67bd9a7f02eb50b,aad646b14392b632d658225dedb7d3953424ab9ab19ebafdc67bd9a7f02eb50b,M1,M1.08,CHECK_REQUIRED_SOLVER_ARTIFACT,CHECK_REQUIRED_SOLVER_ARTIFACT|CHECK_OB7_REQUIRED_SOLVER_VERSION|CHECK_OB7_REQUIRED_MODEL_HASH|CHECK_OB7_REQUIRED_INSTANCE_HASH|CHECK_OB7_REQUIRED_SEED|CHECK_OB7_REQUIRED_WORKERS|CHECK_OB7_REQUIRED_BUDGET_SECONDS|CHECK_OB7_REQUIRED_STATUS|CHECK_OB7_REQUIRED_OBJECTIVE_ENCODED|CHECK_OB7_REQUIRED_SOLVER_SCHEDULE_HASH|CHECK_OB7_REQUIRED_SCHEDULE_ARTIFACT|CHECK_OB7_REQUIRED_SCHEDULE_ARTIFACT_SHA256,EXPECTED_DETECTOR_MATCH,DETECTED_AS_PREREGISTERED,FAIL,FAIL,FAIL,FAIL:CHECK_REQUIRED_SOLVER_ARTIFACT,,318
AEI_P3_FORMAL_20260826T034308Z_9b5f3c2bdfbe,2,M1.08:abc8d6ba26b9728a25ebd17f4066aa5421f54fde1c1ef630cc33cb308c0fb8e5,abc8d6ba26b9728a25ebd17f4066aa5421f54fde1c1ef630cc33cb308c0fb8e5,M1,M1.08,CHECK_REQUIRED_SOLVER_ARTIFACT,CHECK_REQUIRED_SOLVER_ARTIFACT|CHECK_OB7_REQUIRED_SOLVER_VERSION|CHECK_OB7_REQUIRED_MODEL_HASH|CHECK_OB7_REQUIRED_INSTANCE_HASH|CHECK_OB7_REQUIRED_SEED|CHECK_OB7_REQUIRED_WORKERS|CHECK_OB7_REQUIRED_BUDGET_SECONDS|CHECK_OB7_REQUIRED_STATUS|CHECK_OB7_REQUIRED_OBJECTIVE_ENCODED|CHECK_OB7_REQUIRED_SOLVER_SCHEDULE_HASH|CHECK_OB7_REQUIRED_SCHEDULE_ARTIFACT|CHECK_OB7_REQUIRED_SCHEDULE_ARTIFACT_SHA256,EXPECTED_DETECTOR_MATCH,DETECTED_AS_PREREGISTERED,FAIL,FAIL,FAIL,FAIL:CHECK_REQUIRED_SOLVER_ARTIFACT,,319
AEI_P3_FORMAL_20260826T034308Z_9b5f3c2bdfbe,2,M1.08:b0f01f4c7ca822555039b9267d8985edbeb149abc0a710d6583cea634584f862,b0f01f4c7ca822555039b9267d8985edbeb149abc0a710d6583cea634584f862,M1,M1.08,CHECK_REQUIRED_SOLVER_ARTIFACT,CHECK_REQUIRED_SOLVER_ARTIFACT|CHECK_OB7_REQUIRED_SOLVER_VERSION|CHECK_OB7_REQUIRED_MODEL_HASH|CHECK_OB7_REQUIRED_INSTANCE_HASH|CHECK_OB7_REQUIRED_SEED|CHECK_OB7_REQUIRED_WORKERS|CHECK_OB7_REQUIRED_BUDGET_SECONDS|CHECK_OB7_REQUIRED_STATUS|CHECK_OB7_REQUIRED_OBJECTIVE_ENCODED|CHECK_OB7_REQUIRED_SOLVER_SCHEDULE_HASH|CHECK_OB7_REQUIRED_SCHEDULE_ARTIFACT|CHECK_OB7_REQUIRED_SCHEDULE_ARTIFACT_SHA256,EXPECTED_DETECTOR_MATCH,DETECTED_AS_PREREGISTERED,FAIL,FAIL,FAIL,FAIL:CHECK_REQUIRED_SOLVER_ARTIFACT,,320
AEI_P3_FORMAL_20260826T034308Z_9b5f3c2bdfbe,2,M1.08:b31f9c5cbf923f188771558357941c1a7d6a71089f67793c620cf7034a070eb2,b31f9c5cbf923f188771558357941c1a7d6a71089f67793c620cf7034a070eb2,M1,M1.08,CHECK_REQUIRED_SOLVER_ARTIFACT,CHECK_REQUIRED_SOLVER_ARTIFACT|CHECK_OB7_REQUIRED_SOLVER_VERSION|CHECK_OB7_REQUIRED_MODEL_HASH|CHECK_OB7_REQUIRED_INSTANCE_HASH|CHECK_OB7_REQUIRED_SEED|CHECK_OB7_REQUIRED_WORKERS|CHECK_OB7_REQUIRED_BUDGET_SECONDS|CHECK_OB7_REQUIRED_STATUS|CHECK_OB7_REQUIRED_OBJECTIVE_ENCODED|CHECK_OB7_REQUIRED_SOLVER_SCHEDULE_HASH|CHECK_OB7_REQUIRED_SCHEDULE_ARTIFACT|CHECK_OB7_REQUIRED_SCHEDULE_ARTIFACT_SHA256,EXPECTED_DETECTOR_MATCH,DETECTED_AS_PREREGISTERED,FAIL,FAIL,FAIL,FAIL:CHECK_REQUIRED_SOLVER_ARTIFACT,,321
AEI_P3_FORMAL_20260826T034308Z_9b5f3c2bdfbe,2,M1.08:b5c400c27e6dbb1cc8466c5ce68e1530b6d984599f3c01c36496b49b586ff5e3,b5c400c27e6dbb1cc8466c5ce68e1530b6d984599f3c01c36496b49b586ff5e3,M1,M1.08,CHECK_REQUIRED_SOLVER_ARTIFACT,CHECK_REQUIRED_SOLVER_ARTIFACT|CHECK_OB7_REQUIRED_SOLVER_VERSION|CHECK_OB7_REQUIRED_MODEL_HASH|CHECK_OB7_REQUIRED_INSTANCE_HASH|CHECK_OB7_REQUIRED_SEED|CHECK_OB7_REQUIRED_WORKERS|CHECK_OB7_REQUIRED_BUDGET_SECONDS|CHECK_OB7_REQUIRED_STATUS|CHECK_OB7_REQUIRED_OBJECTIVE_ENCODED|CHECK_OB7_REQUIRED_SOLVER_SCHEDULE_HASH|CHECK_OB7_REQUIRED_SCHEDULE_ARTIFACT|CHECK_OB7_REQUIRED_SCHEDULE_ARTIFACT_SHA256,EXPECTED_DETECTOR_MATCH,DETECTED_AS_PREREGISTERED,FAIL,FAIL,FAIL,FAIL:CHECK_REQUIRED_SOLVER_ARTIFACT,,322
AEI_P3_FORMAL_20260826T034308Z_9b5f3c2bdfbe,2,M1.08:bb3f15222034bdf87b9be499b27f859fe778b781693fd54677f83bd7531f0680,bb3f15222034bdf87b9be499b27f859fe778b781693fd54677f83bd7531f0680,M1,M1.08,CHECK_REQUIRED_SOLVER_ARTIFACT,CHECK_REQUIRED_SOLVER_ARTIFACT|CHECK_OB7_REQUIRED_SOLVER_VERSION|CHECK_OB7_REQUIRED_MODEL_HASH|CHECK_OB7_REQUIRED_INSTANCE_HASH|CHECK_OB7_REQUIRED_SEED|CHECK_OB7_REQUIRED_WORKERS|CHECK_OB7_REQUIRED_BUDGET_SECONDS|CHECK_OB7_REQUIRED_STATUS|CHECK_OB7_REQUIRED_OBJECTIVE_ENCODED|CHECK_OB7_REQUIRED_SOLVER_SCHEDULE_HASH|CHECK_OB7_REQUIRED_SCHEDULE_ARTIFACT|CHECK_OB7_REQUIRED_SCHEDULE_ARTIFACT_SHA256,EXPECTED_DETECTOR_MATCH,DETECTED_AS_PREREGISTERED,FAIL,FAIL,FAIL,FAIL:CHECK_REQUIRED_SOLVER_ARTIFACT,,323
AEI_P3_FORMAL_20260826T034308Z_9b5f3c2bdfbe,2,M1.08:ce18361670bfbcde2f3ff22167187aecef9164dedbf1198bc7563c147804780e,ce18361670bfbcde2f3ff22167187aecef9164dedbf1198bc7563c147804780e,M1,M1.08,CHECK_REQUIRED_SOLVER_ARTIFACT,CHECK_REQUIRED_SOLVER_ARTIFACT|CHECK_OB7_REQUIRED_SOLVER_VERSION|CHECK_OB7_REQUIRED_MODEL_HASH|CHECK_OB7_REQUIRED_INSTANCE_HASH|CHECK_OB7_REQUIRED_SEED|CHECK_OB7_REQUIRED_WORKERS|CHECK_OB7_REQUIRED_BUDGET_SECONDS|CHECK_OB7_REQUIRED_STATUS|CHECK_OB7_REQUIRED_OBJECTIVE_ENCODED|CHECK_OB7_REQUIRED_SOLVER_SCHEDULE_HASH|CHECK_OB7_REQUIRED_SCHEDULE_ARTIFACT|CHECK_OB7_REQUIRED_SCHEDULE_ARTIFACT_SHA256,EXPECTED_DETECTOR_MATCH,DETECTED_AS_PREREGISTERED,FAIL,FAIL,FAIL,FAIL:CHECK_REQUIRED_SOLVER_ARTIFACT,,324
AEI_P3_FORMAL_20260826T034308Z_9b5f3c2bdfbe,2,M1.08:ceae66508816dc9f5458c925c89f155658e6c78710a8753d337ac385481cc1bf,ceae66508816dc9f5458c925c89f155658e6c78710a8753d337ac385481cc1bf,M1,M1.08,CHECK_REQUIRED_SOLVER_ARTIFACT,CHECK_REQUIRED_SOLVER_ARTIFACT|CHECK_OB7_REQUIRED_SOLVER_VERSION|CHECK_OB7_REQUIRED_MODEL_HASH|CHECK_OB7_REQUIRED_INSTANCE_HASH|CHECK_OB7_REQUIRED_SEED|CHECK_OB7_REQUIRED_WORKERS|CHECK_OB7_REQUIRED_BUDGET_SECONDS|CHECK_OB7_REQUIRED_STATUS|CHECK_OB7_REQUIRED_OBJECTIVE_ENCODED|CHECK_OB7_REQUIRED_SOLVER_SCHEDULE_HASH|CHECK_OB7_REQUIRED_SCHEDULE_ARTIFACT|CHECK_OB7_REQUIRED_SCHEDULE_ARTIFACT_SHA256,EXPECTED_DETECTOR_MATCH,DETECTED_AS_PREREGISTERED,FAIL,FAIL,FAIL,FAIL:CHECK_REQUIRED_SOLVER_ARTIFACT,,325
AEI_P3_FORMAL_20260826T034308Z_9b5f3c2bdfbe,2,M1.08:d093d52f24139c1b6fb09b775beedd000f1a7b3716df906d7d36e91e7e848265,d093d52f24139c1b6fb09b775beedd000f1a7b3716df906d7d36e91e7e848265,M1,M1.08,CHECK_REQUIRED_SOLVER_ARTIFACT,CHECK_REQUIRED_SOLVER_ARTIFACT|CHECK_OB7_REQUIRED_SOLVER_VERSION|CHECK_OB7_REQUIRED_MODEL_HASH|CHECK_OB7_REQUIRED_INSTANCE_HASH|CHECK_OB7_REQUIRED_SEED|CHECK_OB7_REQUIRED_WORKERS|CHECK_OB7_REQUIRED_BUDGET_SECONDS|CHECK_OB7_REQUIRED_STATUS|CHECK_OB7_REQUIRED_OBJECTIVE_ENCODED|CHECK_OB7_REQUIRED_SOLVER_SCHEDULE_HASH|CHECK_OB7_REQUIRED_SCHEDULE_ARTIFACT|CHECK_OB7_REQUIRED_SCHEDULE_ARTIFACT_SHA256,EXPECTED_DETECTOR_MATCH,DETECTED_AS_PREREGISTERED,FAIL,FAIL,FAIL,FAIL:CHECK_REQUIRED_SOLVER_ARTIFACT,,326
AEI_P3_FORMAL_20260826T034308Z_9b5f3c2bdfbe,2,M1.08:d4b957654a5efd71168d6f7e67936e6abf4666ceb41e7919635002157b125411,d4b957654a5efd71168d6f7e67936e6abf4666ceb41e7919635002157b125411,M1,M1.08,CHECK_REQUIRED_SOLVER_ARTIFACT,CHECK_REQUIRED_SOLVER_ARTIFACT|CHECK_OB7_REQUIRED_SOLVER_VERSION|CHECK_OB7_REQUIRED_MODEL_HASH|CHECK_OB7_REQUIRED_INSTANCE_HASH|CHECK_OB7_REQUIRED_SEED|CHECK_OB7_REQUIRED_WORKERS|CHECK_OB7_REQUIRED_BUDGET_SECONDS|CHECK_OB7_REQUIRED_STATUS|CHECK_OB7_REQUIRED_OBJECTIVE_ENCODED|CHECK_OB7_REQUIRED_SOLVER_SCHEDULE_HASH|CHECK_OB7_REQUIRED_SCHEDULE_ARTIFACT|CHECK_OB7_REQUIRED_SCHEDULE_ARTIFACT_SHA256,EXPECTED_DETECTOR_MATCH,DETECTED_AS_PREREGISTERED,FAIL,FAIL,FAIL,FAIL:CHECK_REQUIRED_SOLVER_ARTIFACT,,327
AEI_P3_FORMAL_20260826T034308Z_9b5f3c2bdfbe,2,M1.08:d598e89b357205c7b4bd47c5ebbe933f8be1f7c8dcdee85e66ec6829cafb91d3,d598e89b357205c7b4bd47c5ebbe933f8be1f7c8dcdee85e66ec6829cafb91d3,M1,M1.08,CHECK_REQUIRED_SOLVER_ARTIFACT,CHECK_REQUIRED_SOLVER_ARTIFACT|CHECK_OB7_REQUIRED_SOLVER_VERSION|CHECK_OB7_REQUIRED_MODEL_HASH|CHECK_OB7_REQUIRED_INSTANCE_HASH|CHECK_OB7_REQUIRED_SEED|CHECK_OB7_REQUIRED_WORKERS|CHECK_OB7_REQUIRED_BUDGET_SECONDS|CHECK_OB7_REQUIRED_STATUS|CHECK_OB7_REQUIRED_OBJECTIVE_ENCODED|CHECK_OB7_REQUIRED_SOLVER_SCHEDULE_HASH|CHECK_OB7_REQUIRED_SCHEDULE_ARTIFACT|CHECK_OB7_REQUIRED_SCHEDULE_ARTIFACT_SHA256,EXPECTED_DETECTOR_MATCH,DETECTED_AS_PREREGISTERED,FAIL,FAIL,FAIL,FAIL:CHECK_REQUIRED_SOLVER_ARTIFACT,,328
AEI_P3_FORMAL_20260826T034308Z_9b5f3c2bdfbe,2,M1.08:eb3670bbe434a59cc94347384a5d50fb526d26a00dbf6da73e54438c4bacc2a0,eb3670bbe434a59cc94347384a5d50fb526d26a00dbf6da73e54438c4bacc2a0,M1,M1.08,CHECK_REQUIRED_SOLVER_ARTIFACT,CHECK_REQUIRED_SOLVER_ARTIFACT|CHECK_OB7_REQUIRED_SOLVER_VERSION|CHECK_OB7_REQUIRED_MODEL_HASH|CHECK_OB7_REQUIRED_INSTANCE_HASH|CHECK_OB7_REQUIRED_SEED|CHECK_OB7_REQUIRED_WORKERS|CHECK_OB7_REQUIRED_BUDGET_SECONDS|CHECK_OB7_REQUIRED_STATUS|CHECK_OB7_REQUIRED_OBJECTIVE_ENCODED|CHECK_OB7_REQUIRED_SOLVER_SCHEDULE_HASH|CHECK_OB7_REQUIRED_SCHEDULE_ARTIFACT|CHECK_OB7_REQUIRED_SCHEDULE_ARTIFACT_SHA256,EXPECTED_DETECTOR_MATCH,DETECTED_AS_PREREGISTERED,FAIL,FAIL,FAIL,FAIL:CHECK_REQUIRED_SOLVER_ARTIFACT,,329
AEI_P3_FORMAL_20260826T034308Z_9b5f3c2bdfbe,2,M1.08:f1e5fc58ea336e13c098308a2da00dee7de3dd3aa08d6170df4a3cb1afd09795,f1e5fc58ea336e13c098308a2da00dee7de3dd3aa08d6170df4a3cb1afd09795,M1,M1.08,CHECK_REQUIRED_SOLVER_ARTIFACT,CHECK_REQUIRED_SOLVER_ARTIFACT|CHECK_OB7_REQUIRED_SOLVER_VERSION|CHECK_OB7_REQUIRED_MODEL_HASH|CHECK_OB7_REQUIRED_INSTANCE_HASH|CHECK_OB7_REQUIRED_SEED|CHECK_OB7_REQUIRED_WORKERS|CHECK_OB7_REQUIRED_BUDGET_SECONDS|CHECK_OB7_REQUIRED_STATUS|CHECK_OB7_REQUIRED_OBJECTIVE_ENCODED|CHECK_OB7_REQUIRED_SOLVER_SCHEDULE_HASH|CHECK_OB7_REQUIRED_SCHEDULE_ARTIFACT|CHECK_OB7_REQUIRED_SCHEDULE_ARTIFACT_SHA256,EXPECTED_DETECTOR_MATCH,DETECTED_AS_PREREGISTERED,FAIL,FAIL,FAIL,FAIL:CHECK_REQUIRED_SOLVER_ARTIFACT,,330
AEI_P3_FORMAL_20260826T034308Z_9b5f3c2bdfbe,2,M1.08:f583baa2dad1527b5f84f71805410ee51b78fce2b1be62de49f1636c06821c7b,f583baa2dad1527b5f84f71805410ee51b78fce2b1be62de49f1636c06821c7b,M1,M1.08,CHECK_REQUIRED_SOLVER_ARTIFACT,CHECK_REQUIRED_SOLVER_ARTIFACT|CHECK_OB7_REQUIRED_SOLVER_VERSION|CHECK_OB7_REQUIRED_MODEL_HASH|CHECK_OB7_REQUIRED_INSTANCE_HASH|CHECK_OB7_REQUIRED_SEED|CHECK_OB7_REQUIRED_WORKERS|CHECK_OB7_REQUIRED_BUDGET_SECONDS|CHECK_OB7_REQUIRED_STATUS|CHECK_OB7_REQUIRED_OBJECTIVE_ENCODED|CHECK_OB7_REQUIRED_SOLVER_SCHEDULE_HASH|CHECK_OB7_REQUIRED_SCHEDULE_ARTIFACT|CHECK_OB7_REQUIRED_SCHEDULE_ARTIFACT_SHA256,EXPECTED_DETECTOR_MATCH,DETECTED_AS_PREREGISTERED,FAIL,FAIL,FAIL,FAIL:CHECK_REQUIRED_SOLVER_ARTIFACT,,331
AEI_P3_FORMAL_20260826T034308Z_9b5f3c2bdfbe,2,M1.08:f64f55ad9277004ae441909cd6556d26eeaf73d3eb3c537384be703615149f96,f64f55ad9277004ae441909cd6556d26eeaf73d3eb3c537384be703615149f96,M1,M1.08,CHECK_REQUIRED_SOLVER_ARTIFACT,CHECK_REQUIRED_SOLVER_ARTIFACT|CHECK_OB7_REQUIRED_SOLVER_VERSION|CHECK_OB7_REQUIRED_MODEL_HASH|CHECK_OB7_REQUIRED_INSTANCE_HASH|CHECK_OB7_REQUIRED_SEED|CHECK_OB7_REQUIRED_WORKERS|CHECK_OB7_REQUIRED_BUDGET_SECONDS|CHECK_OB7_REQUIRED_STATUS|CHECK_OB7_REQUIRED_OBJECTIVE_ENCODED|CHECK_OB7_REQUIRED_SOLVER_SCHEDULE_HASH|CHECK_OB7_REQUIRED_SCHEDULE_ARTIFACT|CHECK_OB7_REQUIRED_SCHEDULE_ARTIFACT_SHA256,EXPECTED_DETECTOR_MATCH,DETECTED_AS_PREREGISTERED,FAIL,FAIL,FAIL,FAIL:CHECK_REQUIRED_SOLVER_ARTIFACT,,332
AEI_P3_FORMAL_20260826T034308Z_9b5f3c2bdfbe,2,M1.08:f80e8a50e0815fda9eef8635e52671f3888786c4daef5767b8da7b74e4311646,f80e8a50e0815fda9eef8635e52671f3888786c4daef5767b8da7b74e4311646,M1,M1.08,CHECK_REQUIRED_SOLVER_ARTIFACT,CHECK_REQUIRED_SOLVER_ARTIFACT|CHECK_OB7_REQUIRED_SOLVER_VERSION|CHECK_OB7_REQUIRED_MODEL_HASH|CHECK_OB7_REQUIRED_INSTANCE_HASH|CHECK_OB7_REQUIRED_SEED|CHECK_OB7_REQUIRED_WORKERS|CHECK_OB7_REQUIRED_BUDGET_SECONDS|CHECK_OB7_REQUIRED_STATUS|CHECK_OB7_REQUIRED_OBJECTIVE_ENCODED|CHECK_OB7_REQUIRED_SOLVER_SCHEDULE_HASH|CHECK_OB7_REQUIRED_SCHEDULE_ARTIFACT|CHECK_OB7_REQUIRED_SCHEDULE_ARTIFACT_SHA256,EXPECTED_DETECTOR_MATCH,DETECTED_AS_PREREGISTERED,FAIL,FAIL,FAIL,FAIL:CHECK_REQUIRED_SOLVER_ARTIFACT,,333
AEI_P3_FORMAL_20260826T034308Z_9b5f3c2bdfbe,2,M1.08:f9ade00b139ce33674b05d1766de3ec85779abfd83f893a7b2437817100901d9,f9ade00b139ce33674b05d1766de3ec85779abfd83f893a7b2437817100901d9,M1,M1.08,CHECK_REQUIRED_SOLVER_ARTIFACT,CHECK_REQUIRED_SOLVER_ARTIFACT|CHECK_OB7_REQUIRED_SOLVER_VERSION|CHECK_OB7_REQUIRED_MODEL_HASH|CHECK_OB7_REQUIRED_INSTANCE_HASH|CHECK_OB7_REQUIRED_SEED|CHECK_OB7_REQUIRED_WORKERS|CHECK_OB7_REQUIRED_BUDGET_SECONDS|CHECK_OB7_REQUIRED_STATUS|CHECK_OB7_REQUIRED_OBJECTIVE_ENCODED|CHECK_OB7_REQUIRED_SOLVER_SCHEDULE_HASH|CHECK_OB7_REQUIRED_SCHEDULE_ARTIFACT|CHECK_OB7_REQUIRED_SCHEDULE_ARTIFACT_SHA256,EXPECTED_DETECTOR_MATCH,DETECTED_AS_PREREGISTERED,FAIL,FAIL,FAIL,FAIL:CHECK_REQUIRED_SOLVER_ARTIFACT,,334
AEI_P3_FORMAL_20260826T034308Z_9b5f3c2bdfbe,2,M1.08:feb26c8ce25b99d6b090e07fca86c8e2dbf3ff2d6b891634c4c71b179329ab47,feb26c8ce25b99d6b090e07fca86c8e2dbf3ff2d6b891634c4c71b179329ab47,M1,M1.08,CHECK_REQUIRED_SOLVER_ARTIFACT,CHECK_REQUIRED_SOLVER_ARTIFACT|CHECK_OB7_REQUIRED_SOLVER_VERSION|CHECK_OB7_REQUIRED_MODEL_HASH|CHECK_OB7_REQUIRED_INSTANCE_HASH|CHECK_OB7_REQUIRED_SEED|CHECK_OB7_REQUIRED_WORKERS|CHECK_OB7_REQUIRED_BUDGET_SECONDS|CHECK_OB7_REQUIRED_STATUS|CHECK_OB7_REQUIRED_OBJECTIVE_ENCODED|CHECK_OB7_REQUIRED_SOLVER_SCHEDULE_HASH|CHECK_OB7_REQUIRED_SCHEDULE_ARTIFACT|CHECK_OB7_REQUIRED_SCHEDULE_ARTIFACT_SHA256,EXPECTED_DETECTOR_MATCH,DETECTED_AS_PREREGISTERED,FAIL,FAIL,FAIL,FAIL:CHECK_REQUIRED_SOLVER_ARTIFACT,,335
AEI_P3_FORMAL_20260826T034308Z_9b5f3c2bdfbe,2,M2.01:052b2dfeb855619b4e74c70e7155e5699a6aebc572c887f1432462ecf4afce6b,052b2dfeb855619b4e74c70e7155e5699a6aebc572c887f1432462ecf4afce6b,M2,M2.01,CHECK_REQUEST_EVENT_IDENTITY,CHECK_REQUEST_EVENT_IDENTITY|CHECK_INPUT_DELTA_RECOMPUTATION|CHECK_AUDIT_CHAIN_ID,EXPECTED_DETECTOR_MATCH,DETECTED_AS_PREREGISTERED,FAIL,PASS,FAIL,FAIL:CHECK_REQUEST_EVENT_IDENTITY,,336
AEI_P3_FORMAL_20260826T034308Z_9b5f3c2bdfbe,2,M2.01:0edc936e36dbd00367c35ec096b127c69211776f53ead8d7b9619a78d9b3beb5,0edc936e36dbd00367c35ec096b127c69211776f53ead8d7b9619a78d9b3beb5,M2,M2.01,CHECK_REQUEST_EVENT_IDENTITY,CHECK_REQUEST_EVENT_IDENTITY|CHECK_INPUT_DELTA_RECOMPUTATION|CHECK_AUDIT_CHAIN_ID,EXPECTED_DETECTOR_MATCH,DETECTED_AS_PREREGISTERED,FAIL,PASS,FAIL,FAIL:CHECK_REQUEST_EVENT_IDENTITY,,337
AEI_P3_FORMAL_20260826T034308Z_9b5f3c2bdfbe,2,M2.01:19993579c580ecb799e1ce158990340e547863ae75c4be153b97908cb5cd08a2,19993579c580ecb799e1ce158990340e547863ae75c4be153b97908cb5cd08a2,M2,M2.01,CHECK_REQUEST_EVENT_IDENTITY,CHECK_REQUEST_EVENT_IDENTITY|CHECK_INPUT_DELTA_RECOMPUTATION|CHECK_AUDIT_CHAIN_ID,EXPECTED_DETECTOR_MATCH,DETECTED_AS_PREREGISTERED,FAIL,PASS,FAIL,FAIL:CHECK_REQUEST_EVENT_IDENTITY,,338
AEI_P3_FORMAL_20260826T034308Z_9b5f3c2bdfbe,2,M2.01:1bb3dc3f26212de23def1f2ca0d598d344fea56b8a73247e2f6390ebea07946d,1bb3dc3f26212de23def1f2ca0d598d344fea56b8a73247e2f6390ebea07946d,M2,M2.01,CHECK_REQUEST_EVENT_IDENTITY,CHECK_REQUEST_EVENT_IDENTITY|CHECK_INPUT_DELTA_RECOMPUTATION|CHECK_AUDIT_CHAIN_ID,EXPECTED_DETECTOR_MATCH,DETECTED_AS_PREREGISTERED,FAIL,PASS,FAIL,FAIL:CHECK_REQUEST_EVENT_IDENTITY,,339
AEI_P3_FORMAL_20260826T034308Z_9b5f3c2bdfbe,2,M2.01:2443e5a3d32298289c0b98d2a7d3a03cbf4194a7adecf97293b0ac348944ba9e,2443e5a3d32298289c0b98d2a7d3a03cbf4194a7adecf97293b0ac348944ba9e,M2,M2.01,CHECK_REQUEST_EVENT_IDENTITY,CHECK_REQUEST_EVENT_IDENTITY|CHECK_INPUT_DELTA_RECOMPUTATION|CHECK_AUDIT_CHAIN_ID,EXPECTED_DETECTOR_MATCH,DETECTED_AS_PREREGISTERED,FAIL,PASS,FAIL,FAIL:CHECK_REQUEST_EVENT_IDENTITY,,340
AEI_P3_FORMAL_20260826T034308Z_9b5f3c2bdfbe,2,M2.01:245cb7ed72fd0a10da80157bd648a7ae9e8bd9ef722909fe778d274715ad67b3,245cb7ed72fd0a10da80157bd648a7ae9e8bd9ef722909fe778d274715ad67b3,M2,M2.01,CHECK_REQUEST_EVENT_IDENTITY,CHECK_REQUEST_EVENT_IDENTITY|CHECK_INPUT_DELTA_RECOMPUTATION|CHECK_AUDIT_CHAIN_ID,EXPECTED_DETECTOR_MATCH,DETECTED_AS_PREREGISTERED,FAIL,PASS,FAIL,FAIL:CHECK_REQUEST_EVENT_IDENTITY,,341
AEI_P3_FORMAL_20260826T034308Z_9b5f3c2bdfbe,2,M2.01:268469c82535bf1ba82a82324d755f40ad8bc7255c875b8e25c2d7943cff1ff3,268469c82535bf1ba82a82324d755f40ad8bc7255c875b8e25c2d7943cff1ff3,M2,M2.01,CHECK_REQUEST_EVENT_IDENTITY,CHECK_REQUEST_EVENT_IDENTITY|CHECK_INPUT_DELTA_RECOMPUTATION|CHECK_AUDIT_CHAIN_ID,EXPECTED_DETECTOR_MATCH,DETECTED_AS_PREREGISTERED,FAIL,PASS,FAIL,FAIL:CHECK_REQUEST_EVENT_IDENTITY,,342
AEI_P3_FORMAL_20260826T034308Z_9b5f3c2bdfbe,2,M2.01:2908e9ba69598735be8757d9b153473f5bacec1feb89ecff91ce994824a10178,2908e9ba69598735be8757d9b153473f5bacec1feb89ecff91ce994824a10178,M2,M2.01,CHECK_REQUEST_EVENT_IDENTITY,CHECK_REQUEST_EVENT_IDENTITY|CHECK_INPUT_DELTA_RECOMPUTATION|CHECK_AUDIT_CHAIN_ID,EXPECTED_DETECTOR_MATCH,DETECTED_AS_PREREGISTERED,FAIL,PASS,FAIL,FAIL:CHECK_REQUEST_EVENT_IDENTITY,,343
AEI_P3_FORMAL_20260826T034308Z_9b5f3c2bdfbe,2,M2.01:474b6ef7aac2feb7cb9195d7d3644f0d53d378eb4518ef87a9a2f7714d8ef3d5,474b6ef7aac2feb7cb9195d7d3644f0d53d378eb4518ef87a9a2f7714d8ef3d5,M2,M2.01,CHECK_REQUEST_EVENT_IDENTITY,CHECK_REQUEST_EVENT_IDENTITY|CHECK_INPUT_DELTA_RECOMPUTATION|CHECK_AUDIT_CHAIN_ID,EXPECTED_DETECTOR_MATCH,DETECTED_AS_PREREGISTERED,FAIL,PASS,FAIL,FAIL:CHECK_REQUEST_EVENT_IDENTITY,,344
AEI_P3_FORMAL_20260826T034308Z_9b5f3c2bdfbe,2,M2.01:4fafb9a13ff5e2fda82a804bf609727b68a17926d69ae1574c4801604ec81359,4fafb9a13ff5e2fda82a804bf609727b68a17926d69ae1574c4801604ec81359,M2,M2.01,CHECK_REQUEST_EVENT_IDENTITY,CHECK_REQUEST_EVENT_IDENTITY|CHECK_INPUT_DELTA_RECOMPUTATION|CHECK_AUDIT_CHAIN_ID,EXPECTED_DETECTOR_MATCH,DETECTED_AS_PREREGISTERED,FAIL,PASS,FAIL,FAIL:CHECK_REQUEST_EVENT_IDENTITY,,345
AEI_P3_FORMAL_20260826T034308Z_9b5f3c2bdfbe,2,M2.01:54349d927b9070c144f507868f9ef8b962c7c926426b33c3a7e0c88f715b246a,54349d927b9070c144f507868f9ef8b962c7c926426b33c3a7e0c88f715b246a,M2,M2.01,CHECK_REQUEST_EVENT_IDENTITY,CHECK_REQUEST_EVENT_IDENTITY|CHECK_INPUT_DELTA_RECOMPUTATION|CHECK_AUDIT_CHAIN_ID,EXPECTED_DETECTOR_MATCH,DETECTED_AS_PREREGISTERED,FAIL,PASS,FAIL,FAIL:CHECK_REQUEST_EVENT_IDENTITY,,346
AEI_P3_FORMAL_20260826T034308Z_9b5f3c2bdfbe,2,M2.01:558b8365de15727bf495595ed539867872c185b280ea249712f3b1d5f8674cd5,558b8365de15727bf495595ed539867872c185b280ea249712f3b1d5f8674cd5,M2,M2.01,CHECK_REQUEST_EVENT_IDENTITY,CHECK_REQUEST_EVENT_IDENTITY|CHECK_INPUT_DELTA_RECOMPUTATION|CHECK_AUDIT_CHAIN_ID,EXPECTED_DETECTOR_MATCH,DETECTED_AS_PREREGISTERED,FAIL,PASS,FAIL,FAIL:CHECK_REQUEST_EVENT_IDENTITY,,347
AEI_P3_FORMAL_20260826T034308Z_9b5f3c2bdfbe,2,M2.01:5ecccd77f46ab5549088b57686632a9eb5ccf1a5a977fbe35cfae6a50eca52bb,5ecccd77f46ab5549088b57686632a9eb5ccf1a5a977fbe35cfae6a50eca52bb,M2,M2.01,CHECK_REQUEST_EVENT_IDENTITY,CHECK_REQUEST_EVENT_IDENTITY|CHECK_INPUT_DELTA_RECOMPUTATION|CHECK_AUDIT_CHAIN_ID,EXPECTED_DETECTOR_MATCH,DETECTED_AS_PREREGISTERED,FAIL,PASS,FAIL,FAIL:CHECK_REQUEST_EVENT_IDENTITY,,348
AEI_P3_FORMAL_20260826T034308Z_9b5f3c2bdfbe,2,M2.01:5f24b2bbe16d5c8f667064d5031553e1dd9c4d9dbb7e0757cb922d9ba47928d5,5f24b2bbe16d5c8f667064d5031553e1dd9c4d9dbb7e0757cb922d9ba47928d5,M2,M2.01,CHECK_REQUEST_EVENT_IDENTITY,CHECK_REQUEST_EVENT_IDENTITY|CHECK_INPUT_DELTA_RECOMPUTATION|CHECK_AUDIT_CHAIN_ID,EXPECTED_DETECTOR_MATCH,DETECTED_AS_PREREGISTERED,FAIL,PASS,FAIL,FAIL:CHECK_REQUEST_EVENT_IDENTITY,,349
AEI_P3_FORMAL_20260826T034308Z_9b5f3c2bdfbe,2,M2.01:61f77c0251bcd2bbb51e6bff7e048bfcda7139b4e796314d32b47961ac3b5c1b,61f77c0251bcd2bbb51e6bff7e048bfcda7139b4e796314d32b47961ac3b5c1b,M2,M2.01,CHECK_REQUEST_EVENT_IDENTITY,CHECK_REQUEST_EVENT_IDENTITY|CHECK_INPUT_DELTA_RECOMPUTATION|CHECK_AUDIT_CHAIN_ID,EXPECTED_DETECTOR_MATCH,DETECTED_AS_PREREGISTERED,FAIL,PASS,FAIL,FAIL:CHECK_REQUEST_EVENT_IDENTITY,,350
AEI_P3_FORMAL_20260826T034308Z_9b5f3c2bdfbe,2,M2.01:634f3d08fd93ba622176ea6c9ff7ff1fb9d57a9b14f936f27d1460655fc20d72,634f3d08fd93ba622176ea6c9ff7ff1fb9d57a9b14f936f27d1460655fc20d72,M2,M2.01,CHECK_REQUEST_EVENT_IDENTITY,CHECK_REQUEST_EVENT_IDENTITY|CHECK_INPUT_DELTA_RECOMPUTATION|CHECK_AUDIT_CHAIN_ID,EXPECTED_DETECTOR_MATCH,DETECTED_AS_PREREGISTERED,FAIL,PASS,FAIL,FAIL:CHECK_REQUEST_EVENT_IDENTITY,,351
AEI_P3_FORMAL_20260826T034308Z_9b5f3c2bdfbe,2,M2.01:73cdcc11d1c23e47664696979a9b12b94deb5da000c18f37a8d7c0b641090788,73cdcc11d1c23e47664696979a9b12b94deb5da000c18f37a8d7c0b641090788,M2,M2.01,CHECK_REQUEST_EVENT_IDENTITY,CHECK_REQUEST_EVENT_IDENTITY|CHECK_INPUT_DELTA_RECOMPUTATION|CHECK_AUDIT_CHAIN_ID,EXPECTED_DETECTOR_MATCH,DETECTED_AS_PREREGISTERED,FAIL,PASS,FAIL,FAIL:CHECK_REQUEST_EVENT_IDENTITY,,352
AEI_P3_FORMAL_20260826T034308Z_9b5f3c2bdfbe,2,M2.01:7dc2cc636acd7eeb3db7367222360894cac918d6adca467d2f7a79960bbe8b1c,7dc2cc636acd7eeb3db7367222360894cac918d6adca467d2f7a79960bbe8b1c,M2,M2.01,CHECK_REQUEST_EVENT_IDENTITY,CHECK_REQUEST_EVENT_IDENTITY|CHECK_INPUT_DELTA_RECOMPUTATION|CHECK_AUDIT_CHAIN_ID,EXPECTED_DETECTOR_MATCH,DETECTED_AS_PREREGISTERED,FAIL,PASS,FAIL,FAIL:CHECK_REQUEST_EVENT_IDENTITY,,353
AEI_P3_FORMAL_20260826T034308Z_9b5f3c2bdfbe,2,M2.01:8c60197386a54af6d06cac0996c81cbca4971ac83984afcf2a52fa27a5bb1b42,8c60197386a54af6d06cac0996c81cbca4971ac83984afcf2a52fa27a5bb1b42,M2,M2.01,CHECK_REQUEST_EVENT_IDENTITY,CHECK_REQUEST_EVENT_IDENTITY|CHECK_INPUT_DELTA_RECOMPUTATION|CHECK_AUDIT_CHAIN_ID,EXPECTED_DETECTOR_MATCH,DETECTED_AS_PREREGISTERED,FAIL,PASS,FAIL,FAIL:CHECK_REQUEST_EVENT_IDENTITY,,354
AEI_P3_FORMAL_20260826T034308Z_9b5f3c2bdfbe,2,M2.01:8e3a1df6f55a6d53d21fd63c9dcda45cee6d1576c4989d45b40828d31e6d7281,8e3a1df6f55a6d53d21fd63c9dcda45cee6d1576c4989d45b40828d31e6d7281,M2,M2.01,CHECK_REQUEST_EVENT_IDENTITY,CHECK_REQUEST_EVENT_IDENTITY|CHECK_INPUT_DELTA_RECOMPUTATION|CHECK_AUDIT_CHAIN_ID,EXPECTED_DETECTOR_MATCH,DETECTED_AS_PREREGISTERED,FAIL,PASS,FAIL,FAIL:CHECK_REQUEST_EVENT_IDENTITY,,355
AEI_P3_FORMAL_20260826T034308Z_9b5f3c2bdfbe,2,M2.01:97eb8ea8dfec0a163a4b54e1179247553055627de3df3d7a40c8879cacc64800,97eb8ea8dfec0a163a4b54e1179247553055627de3df3d7a40c8879cacc64800,M2,M2.01,CHECK_REQUEST_EVENT_IDENTITY,CHECK_REQUEST_EVENT_IDENTITY|CHECK_INPUT_DELTA_RECOMPUTATION|CHECK_AUDIT_CHAIN_ID,EXPECTED_DETECTOR_MATCH,DETECTED_AS_PREREGISTERED,FAIL,PASS,FAIL,FAIL:CHECK_REQUEST_EVENT_IDENTITY,,356
AEI_P3_FORMAL_20260826T034308Z_9b5f3c2bdfbe,2,M2.01:9827288498c6ff63f3f7ec6f3bb833b53ac1c3cbaf59021addc82b6a8c08bae2,9827288498c6ff63f3f7ec6f3bb833b53ac1c3cbaf59021addc82b6a8c08bae2,M2,M2.01,CHECK_REQUEST_EVENT_IDENTITY,CHECK_REQUEST_EVENT_IDENTITY|CHECK_INPUT_DELTA_RECOMPUTATION|CHECK_AUDIT_CHAIN_ID,EXPECTED_DETECTOR_MATCH,DETECTED_AS_PREREGISTERED,FAIL,PASS,FAIL,FAIL:CHECK_REQUEST_EVENT_IDENTITY,,357
AEI_P3_FORMAL_20260826T034308Z_9b5f3c2bdfbe,2,M2.01:9f7906189c782cba7c3a4cc9cb8785764c8ad3fb1e637423a7a310d6c438feb5,9f7906189c782cba7c3a4cc9cb8785764c8ad3fb1e637423a7a310d6c438feb5,M2,M2.01,CHECK_REQUEST_EVENT_IDENTITY,CHECK_REQUEST_EVENT_IDENTITY|CHECK_INPUT_DELTA_RECOMPUTATION|CHECK_AUDIT_CHAIN_ID,EXPECTED_DETECTOR_MATCH,DETECTED_AS_PREREGISTERED,FAIL,PASS,FAIL,FAIL:CHECK_REQUEST_EVENT_IDENTITY,,358
AEI_P3_FORMAL_20260826T034308Z_9b5f3c2bdfbe,2,M2.01:aa5b4ee1688c71f1a3932cd7d9b629a08e31ef09728f3280c98c7636eecfb8d3,aa5b4ee1688c71f1a3932cd7d9b629a08e31ef09728f3280c98c7636eecfb8d3,M2,M2.01,CHECK_REQUEST_EVENT_IDENTITY,CHECK_REQUEST_EVENT_IDENTITY|CHECK_INPUT_DELTA_RECOMPUTATION|CHECK_AUDIT_CHAIN_ID,EXPECTED_DETECTOR_MATCH,DETECTED_AS_PREREGISTERED,FAIL,PASS,FAIL,FAIL:CHECK_REQUEST_EVENT_IDENTITY,,359
AEI_P3_FORMAL_20260826T034308Z_9b5f3c2bdfbe,2,M2.01:aad646b14392b632d658225dedb7d3953424ab9ab19ebafdc67bd9a7f02eb50b,aad646b14392b632d658225dedb7d3953424ab9ab19ebafdc67bd9a7f02eb50b,M2,M2.01,CHECK_REQUEST_EVENT_IDENTITY,CHECK_REQUEST_EVENT_IDENTITY|CHECK_INPUT_DELTA_RECOMPUTATION|CHECK_AUDIT_CHAIN_ID,EXPECTED_DETECTOR_MATCH,DETECTED_AS_PREREGISTERED,FAIL,PASS,FAIL,FAIL:CHECK_REQUEST_EVENT_IDENTITY,,360
AEI_P3_FORMAL_20260826T034308Z_9b5f3c2bdfbe,2,M2.01:abc8d6ba26b9728a25ebd17f4066aa5421f54fde1c1ef630cc33cb308c0fb8e5,abc8d6ba26b9728a25ebd17f4066aa5421f54fde1c1ef630cc33cb308c0fb8e5,M2,M2.01,CHECK_REQUEST_EVENT_IDENTITY,CHECK_REQUEST_EVENT_IDENTITY|CHECK_INPUT_DELTA_RECOMPUTATION|CHECK_AUDIT_CHAIN_ID,EXPECTED_DETECTOR_MATCH,DETECTED_AS_PREREGISTERED,FAIL,PASS,FAIL,FAIL:CHECK_REQUEST_EVENT_IDENTITY,,361
AEI_P3_FORMAL_20260826T034308Z_9b5f3c2bdfbe,2,M2.01:b0f01f4c7ca822555039b9267d8985edbeb149abc0a710d6583cea634584f862,b0f01f4c7ca822555039b9267d8985edbeb149abc0a710d6583cea634584f862,M2,M2.01,CHECK_REQUEST_EVENT_IDENTITY,CHECK_REQUEST_EVENT_IDENTITY|CHECK_INPUT_DELTA_RECOMPUTATION|CHECK_AUDIT_CHAIN_ID,EXPECTED_DETECTOR_MATCH,DETECTED_AS_PREREGISTERED,FAIL,PASS,FAIL,FAIL:CHECK_REQUEST_EVENT_IDENTITY,,362
AEI_P3_FORMAL_20260826T034308Z_9b5f3c2bdfbe,2,M2.01:b31f9c5cbf923f188771558357941c1a7d6a71089f67793c620cf7034a070eb2,b31f9c5cbf923f188771558357941c1a7d6a71089f67793c620cf7034a070eb2,M2,M2.01,CHECK_REQUEST_EVENT_IDENTITY,CHECK_REQUEST_EVENT_IDENTITY|CHECK_INPUT_DELTA_RECOMPUTATION|CHECK_AUDIT_CHAIN_ID,EXPECTED_DETECTOR_MATCH,DETECTED_AS_PREREGISTERED,FAIL,PASS,FAIL,FAIL:CHECK_REQUEST_EVENT_IDENTITY,,363
AEI_P3_FORMAL_20260826T034308Z_9b5f3c2bdfbe,2,M2.01:b5c400c27e6dbb1cc8466c5ce68e1530b6d984599f3c01c36496b49b586ff5e3,b5c400c27e6dbb1cc8466c5ce68e1530b6d984599f3c01c36496b49b586ff5e3,M2,M2.01,CHECK_REQUEST_EVENT_IDENTITY,CHECK_REQUEST_EVENT_IDENTITY|CHECK_INPUT_DELTA_RECOMPUTATION|CHECK_AUDIT_CHAIN_ID,EXPECTED_DETECTOR_MATCH,DETECTED_AS_PREREGISTERED,FAIL,PASS,FAIL,FAIL:CHECK_REQUEST_EVENT_IDENTITY,,364
AEI_P3_FORMAL_20260826T034308Z_9b5f3c2bdfbe,2,M2.01:bb3f15222034bdf87b9be499b27f859fe778b781693fd54677f83bd7531f0680,bb3f15222034bdf87b9be499b27f859fe778b781693fd54677f83bd7531f0680,M2,M2.01,CHECK_REQUEST_EVENT_IDENTITY,CHECK_REQUEST_EVENT_IDENTITY|CHECK_INPUT_DELTA_RECOMPUTATION|CHECK_AUDIT_CHAIN_ID,EXPECTED_DETECTOR_MATCH,DETECTED_AS_PREREGISTERED,FAIL,PASS,FAIL,FAIL:CHECK_REQUEST_EVENT_IDENTITY,,365
AEI_P3_FORMAL_20260826T034308Z_9b5f3c2bdfbe,2,M2.01:ce18361670bfbcde2f3ff22167187aecef9164dedbf1198bc7563c147804780e,ce18361670bfbcde2f3ff22167187aecef9164dedbf1198bc7563c147804780e,M2,M2.01,CHECK_REQUEST_EVENT_IDENTITY,CHECK_REQUEST_EVENT_IDENTITY|CHECK_INPUT_DELTA_RECOMPUTATION|CHECK_AUDIT_CHAIN_ID,EXPECTED_DETECTOR_MATCH,DETECTED_AS_PREREGISTERED,FAIL,PASS,FAIL,FAIL:CHECK_REQUEST_EVENT_IDENTITY,,366
AEI_P3_FORMAL_20260826T034308Z_9b5f3c2bdfbe,2,M2.01:ceae66508816dc9f5458c925c89f155658e6c78710a8753d337ac385481cc1bf,ceae66508816dc9f5458c925c89f155658e6c78710a8753d337ac385481cc1bf,M2,M2.01,CHECK_REQUEST_EVENT_IDENTITY,CHECK_REQUEST_EVENT_IDENTITY|CHECK_INPUT_DELTA_RECOMPUTATION|CHECK_AUDIT_CHAIN_ID,EXPECTED_DETECTOR_MATCH,DETECTED_AS_PREREGISTERED,FAIL,PASS,FAIL,FAIL:CHECK_REQUEST_EVENT_IDENTITY,,367
AEI_P3_FORMAL_20260826T034308Z_9b5f3c2bdfbe,2,M2.01:d093d52f24139c1b6fb09b775beedd000f1a7b3716df906d7d36e91e7e848265,d093d52f24139c1b6fb09b775beedd000f1a7b3716df906d7d36e91e7e848265,M2,M2.01,CHECK_REQUEST_EVENT_IDENTITY,CHECK_REQUEST_EVENT_IDENTITY|CHECK_INPUT_DELTA_RECOMPUTATION|CHECK_AUDIT_CHAIN_ID,EXPECTED_DETECTOR_MATCH,DETECTED_AS_PREREGISTERED,FAIL,PASS,FAIL,FAIL:CHECK_REQUEST_EVENT_IDENTITY,,368
AEI_P3_FORMAL_20260826T034308Z_9b5f3c2bdfbe,2,M2.01:d4b957654a5efd71168d6f7e67936e6abf4666ceb41e7919635002157b125411,d4b957654a5efd71168d6f7e67936e6abf4666ceb41e7919635002157b125411,M2,M2.01,CHECK_REQUEST_EVENT_IDENTITY,CHECK_REQUEST_EVENT_IDENTITY|CHECK_INPUT_DELTA_RECOMPUTATION|CHECK_AUDIT_CHAIN_ID,EXPECTED_DETECTOR_MATCH,DETECTED_AS_PREREGISTERED,FAIL,PASS,FAIL,FAIL:CHECK_REQUEST_EVENT_IDENTITY,,369
AEI_P3_FORMAL_20260826T034308Z_9b5f3c2bdfbe,2,M2.01:d598e89b357205c7b4bd47c5ebbe933f8be1f7c8dcdee85e66ec6829cafb91d3,d598e89b357205c7b4bd47c5ebbe933f8be1f7c8dcdee85e66ec6829cafb91d3,M2,M2.01,CHECK_REQUEST_EVENT_IDENTITY,CHECK_REQUEST_EVENT_IDENTITY|CHECK_INPUT_DELTA_RECOMPUTATION|CHECK_AUDIT_CHAIN_ID,EXPECTED_DETECTOR_MATCH,DETECTED_AS_PREREGISTERED,FAIL,PASS,FAIL,FAIL:CHECK_REQUEST_EVENT_IDENTITY,,370
AEI_P3_FORMAL_20260826T034308Z_9b5f3c2bdfbe,2,M2.01:eb3670bbe434a59cc94347384a5d50fb526d26a00dbf6da73e54438c4bacc2a0,eb3670bbe434a59cc94347384a5d50fb526d26a00dbf6da73e54438c4bacc2a0,M2,M2.01,CHECK_REQUEST_EVENT_IDENTITY,CHECK_REQUEST_EVENT_IDENTITY|CHECK_INPUT_DELTA_RECOMPUTATION|CHECK_AUDIT_CHAIN_ID,EXPECTED_DETECTOR_MATCH,DETECTED_AS_PREREGISTERED,FAIL,PASS,FAIL,FAIL:CHECK_REQUEST_EVENT_IDENTITY,,371
AEI_P3_FORMAL_20260826T034308Z_9b5f3c2bdfbe,2,M2.01:f1e5fc58ea336e13c098308a2da00dee7de3dd3aa08d6170df4a3cb1afd09795,f1e5fc58ea336e13c098308a2da00dee7de3dd3aa08d6170df4a3cb1afd09795,M2,M2.01,CHECK_REQUEST_EVENT_IDENTITY,CHECK_REQUEST_EVENT_IDENTITY|CHECK_INPUT_DELTA_RECOMPUTATION|CHECK_AUDIT_CHAIN_ID,EXPECTED_DETECTOR_MATCH,DETECTED_AS_PREREGISTERED,FAIL,PASS,FAIL,FAIL:CHECK_REQUEST_EVENT_IDENTITY,,372
AEI_P3_FORMAL_20260826T034308Z_9b5f3c2bdfbe,2,M2.01:f583baa2dad1527b5f84f71805410ee51b78fce2b1be62de49f1636c06821c7b,f583baa2dad1527b5f84f71805410ee51b78fce2b1be62de49f1636c06821c7b,M2,M2.01,CHECK_REQUEST_EVENT_IDENTITY,CHECK_REQUEST_EVENT_IDENTITY|CHECK_INPUT_DELTA_RECOMPUTATION|CHECK_AUDIT_CHAIN_ID,EXPECTED_DETECTOR_MATCH,DETECTED_AS_PREREGISTERED,FAIL,PASS,FAIL,FAIL:CHECK_REQUEST_EVENT_IDENTITY,,373
AEI_P3_FORMAL_20260826T034308Z_9b5f3c2bdfbe,2,M2.01:f64f55ad9277004ae441909cd6556d26eeaf73d3eb3c537384be703615149f96,f64f55ad9277004ae441909cd6556d26eeaf73d3eb3c537384be703615149f96,M2,M2.01,CHECK_REQUEST_EVENT_IDENTITY,CHECK_REQUEST_EVENT_IDENTITY|CHECK_INPUT_DELTA_RECOMPUTATION|CHECK_AUDIT_CHAIN_ID,EXPECTED_DETECTOR_MATCH,DETECTED_AS_PREREGISTERED,FAIL,PASS,FAIL,FAIL:CHECK_REQUEST_EVENT_IDENTITY,,374
AEI_P3_FORMAL_20260826T034308Z_9b5f3c2bdfbe,2,M2.01:f80e8a50e0815fda9eef8635e52671f3888786c4daef5767b8da7b74e4311646,f80e8a50e0815fda9eef8635e52671f3888786c4daef5767b8da7b74e4311646,M2,M2.01,CHECK_REQUEST_EVENT_IDENTITY,CHECK_REQUEST_EVENT_IDENTITY|CHECK_INPUT_DELTA_RECOMPUTATION|CHECK_AUDIT_CHAIN_ID,EXPECTED_DETECTOR_MATCH,DETECTED_AS_PREREGISTERED,FAIL,PASS,FAIL,FAIL:CHECK_REQUEST_EVENT_IDENTITY,,375
AEI_P3_FORMAL_20260826T034308Z_9b5f3c2bdfbe,2,M2.01:f9ade00b139ce33674b05d1766de3ec85779abfd83f893a7b2437817100901d9,f9ade00b139ce33674b05d1766de3ec85779abfd83f893a7b2437817100901d9,M2,M2.01,CHECK_REQUEST_EVENT_IDENTITY,CHECK_REQUEST_EVENT_IDENTITY|CHECK_INPUT_DELTA_RECOMPUTATION|CHECK_AUDIT_CHAIN_ID,EXPECTED_DETECTOR_MATCH,DETECTED_AS_PREREGISTERED,FAIL,PASS,FAIL,FAIL:CHECK_REQUEST_EVENT_IDENTITY,,376
AEI_P3_FORMAL_20260826T034308Z_9b5f3c2bdfbe,2,M2.01:feb26c8ce25b99d6b090e07fca86c8e2dbf3ff2d6b891634c4c71b179329ab47,feb26c8ce25b99d6b090e07fca86c8e2dbf3ff2d6b891634c4c71b179329ab47,M2,M2.01,CHECK_REQUEST_EVENT_IDENTITY,CHECK_REQUEST_EVENT_IDENTITY|CHECK_INPUT_DELTA_RECOMPUTATION|CHECK_AUDIT_CHAIN_ID,EXPECTED_DETECTOR_MATCH,DETECTED_AS_PREREGISTERED,FAIL,PASS,FAIL,FAIL:CHECK_REQUEST_EVENT_IDENTITY,,377
AEI_P3_FORMAL_20260826T034308Z_9b5f3c2bdfbe,2,M3.01:052b2dfeb855619b4e74c70e7155e5699a6aebc572c887f1432462ecf4afce6b,052b2dfeb855619b4e74c70e7155e5699a6aebc572c887f1432462ecf4afce6b,M3,M3.01,CHECK_INSTANCE_PROVENANCE_LINK|CHECK_INSTANCE_LIFECYCLE_LINK|CHECK_INSTANCE_SOLVER_LINK,CHECK_INSTANCE_PROVENANCE_LINK|CHECK_INSTANCE_LIFECYCLE_LINK|CHECK_INSTANCE_SOLVER_LINK|CHECK_AUDIT_CHAIN_ID,EXPECTED_DETECTOR_MATCH,DETECTED_AS_PREREGISTERED,FAIL,PASS,FAIL,FAIL:CHECK_INSTANCE_PROVENANCE_LINK,,378
AEI_P3_FORMAL_20260826T034308Z_9b5f3c2bdfbe,2,M3.01:0edc936e36dbd00367c35ec096b127c69211776f53ead8d7b9619a78d9b3beb5,0edc936e36dbd00367c35ec096b127c69211776f53ead8d7b9619a78d9b3beb5,M3,M3.01,CHECK_INSTANCE_PROVENANCE_LINK|CHECK_INSTANCE_LIFECYCLE_LINK|CHECK_INSTANCE_SOLVER_LINK,CHECK_INSTANCE_PROVENANCE_LINK|CHECK_INSTANCE_LIFECYCLE_LINK|CHECK_INSTANCE_SOLVER_LINK|CHECK_AUDIT_CHAIN_ID,EXPECTED_DETECTOR_MATCH,DETECTED_AS_PREREGISTERED,FAIL,PASS,FAIL,FAIL:CHECK_INSTANCE_PROVENANCE_LINK,,379
AEI_P3_FORMAL_20260826T034308Z_9b5f3c2bdfbe,2,M3.01:19993579c580ecb799e1ce158990340e547863ae75c4be153b97908cb5cd08a2,19993579c580ecb799e1ce158990340e547863ae75c4be153b97908cb5cd08a2,M3,M3.01,CHECK_INSTANCE_PROVENANCE_LINK|CHECK_INSTANCE_LIFECYCLE_LINK|CHECK_INSTANCE_SOLVER_LINK,CHECK_INSTANCE_PROVENANCE_LINK|CHECK_INSTANCE_LIFECYCLE_LINK|CHECK_INSTANCE_SOLVER_LINK|CHECK_AUDIT_CHAIN_ID,EXPECTED_DETECTOR_MATCH,DETECTED_AS_PREREGISTERED,FAIL,PASS,FAIL,FAIL:CHECK_INSTANCE_PROVENANCE_LINK,,380
AEI_P3_FORMAL_20260826T034308Z_9b5f3c2bdfbe,2,M3.01:1bb3dc3f26212de23def1f2ca0d598d344fea56b8a73247e2f6390ebea07946d,1bb3dc3f26212de23def1f2ca0d598d344fea56b8a73247e2f6390ebea07946d,M3,M3.01,CHECK_INSTANCE_PROVENANCE_LINK|CHECK_INSTANCE_LIFECYCLE_LINK|CHECK_INSTANCE_SOLVER_LINK,CHECK_INSTANCE_PROVENANCE_LINK|CHECK_INSTANCE_LIFECYCLE_LINK|CHECK_INSTANCE_SOLVER_LINK|CHECK_AUDIT_CHAIN_ID,EXPECTED_DETECTOR_MATCH,DETECTED_AS_PREREGISTERED,FAIL,PASS,FAIL,FAIL:CHECK_INSTANCE_PROVENANCE_LINK,,381
AEI_P3_FORMAL_20260826T034308Z_9b5f3c2bdfbe,2,M3.01:2443e5a3d32298289c0b98d2a7d3a03cbf4194a7adecf97293b0ac348944ba9e,2443e5a3d32298289c0b98d2a7d3a03cbf4194a7adecf97293b0ac348944ba9e,M3,M3.01,CHECK_INSTANCE_PROVENANCE_LINK|CHECK_INSTANCE_LIFECYCLE_LINK|CHECK_INSTANCE_SOLVER_LINK,CHECK_INSTANCE_PROVENANCE_LINK|CHECK_INSTANCE_LIFECYCLE_LINK|CHECK_INSTANCE_SOLVER_LINK|CHECK_AUDIT_CHAIN_ID,EXPECTED_DETECTOR_MATCH,DETECTED_AS_PREREGISTERED,FAIL,PASS,FAIL,FAIL:CHECK_INSTANCE_PROVENANCE_LINK,,382
AEI_P3_FORMAL_20260826T034308Z_9b5f3c2bdfbe,2,M3.01:245cb7ed72fd0a10da80157bd648a7ae9e8bd9ef722909fe778d274715ad67b3,245cb7ed72fd0a10da80157bd648a7ae9e8bd9ef722909fe778d274715ad67b3,M3,M3.01,CHECK_INSTANCE_PROVENANCE_LINK|CHECK_INSTANCE_LIFECYCLE_LINK|CHECK_INSTANCE_SOLVER_LINK,CHECK_INSTANCE_PROVENANCE_LINK|CHECK_INSTANCE_LIFECYCLE_LINK|CHECK_INSTANCE_SOLVER_LINK|CHECK_AUDIT_CHAIN_ID,EXPECTED_DETECTOR_MATCH,DETECTED_AS_PREREGISTERED,FAIL,PASS,FAIL,FAIL:CHECK_INSTANCE_PROVENANCE_LINK,,383
AEI_P3_FORMAL_20260826T034308Z_9b5f3c2bdfbe,2,M3.01:268469c82535bf1ba82a82324d755f40ad8bc7255c875b8e25c2d7943cff1ff3,268469c82535bf1ba82a82324d755f40ad8bc7255c875b8e25c2d7943cff1ff3,M3,M3.01,CHECK_INSTANCE_PROVENANCE_LINK|CHECK_INSTANCE_LIFECYCLE_LINK|CHECK_INSTANCE_SOLVER_LINK,CHECK_INSTANCE_PROVENANCE_LINK|CHECK_INSTANCE_LIFECYCLE_LINK|CHECK_INSTANCE_SOLVER_LINK|CHECK_AUDIT_CHAIN_ID,EXPECTED_DETECTOR_MATCH,DETECTED_AS_PREREGISTERED,FAIL,PASS,FAIL,FAIL:CHECK_INSTANCE_PROVENANCE_LINK,,384
AEI_P3_FORMAL_20260826T034308Z_9b5f3c2bdfbe,2,M3.01:2908e9ba69598735be8757d9b153473f5bacec1feb89ecff91ce994824a10178,2908e9ba69598735be8757d9b153473f5bacec1feb89ecff91ce994824a10178,M3,M3.01,CHECK_INSTANCE_PROVENANCE_LINK|CHECK_INSTANCE_LIFECYCLE_LINK|CHECK_INSTANCE_SOLVER_LINK,CHECK_INSTANCE_PROVENANCE_LINK|CHECK_INSTANCE_LIFECYCLE_LINK|CHECK_INSTANCE_SOLVER_LINK|CHECK_AUDIT_CHAIN_ID,EXPECTED_DETECTOR_MATCH,DETECTED_AS_PREREGISTERED,FAIL,PASS,FAIL,FAIL:CHECK_INSTANCE_PROVENANCE_LINK,,385
AEI_P3_FORMAL_20260826T034308Z_9b5f3c2bdfbe,2,M3.01:474b6ef7aac2feb7cb9195d7d3644f0d53d378eb4518ef87a9a2f7714d8ef3d5,474b6ef7aac2feb7cb9195d7d3644f0d53d378eb4518ef87a9a2f7714d8ef3d5,M3,M3.01,CHECK_INSTANCE_PROVENANCE_LINK|CHECK_INSTANCE_LIFECYCLE_LINK|CHECK_INSTANCE_SOLVER_LINK,CHECK_INSTANCE_PROVENANCE_LINK|CHECK_INSTANCE_LIFECYCLE_LINK|CHECK_INSTANCE_SOLVER_LINK|CHECK_AUDIT_CHAIN_ID,EXPECTED_DETECTOR_MATCH,DETECTED_AS_PREREGISTERED,FAIL,PASS,FAIL,FAIL:CHECK_INSTANCE_PROVENANCE_LINK,,386
AEI_P3_FORMAL_20260826T034308Z_9b5f3c2bdfbe,2,M3.01:4fafb9a13ff5e2fda82a804bf609727b68a17926d69ae1574c4801604ec81359,4fafb9a13ff5e2fda82a804bf609727b68a17926d69ae1574c4801604ec81359,M3,M3.01,CHECK_INSTANCE_PROVENANCE_LINK|CHECK_INSTANCE_LIFECYCLE_LINK|CHECK_INSTANCE_SOLVER_LINK,CHECK_INSTANCE_PROVENANCE_LINK|CHECK_INSTANCE_LIFECYCLE_LINK|CHECK_INSTANCE_SOLVER_LINK|CHECK_AUDIT_CHAIN_ID,EXPECTED_DETECTOR_MATCH,DETECTED_AS_PREREGISTERED,FAIL,PASS,FAIL,FAIL:CHECK_INSTANCE_PROVENANCE_LINK,,387
AEI_P3_FORMAL_20260826T034308Z_9b5f3c2bdfbe,2,M3.01:54349d927b9070c144f507868f9ef8b962c7c926426b33c3a7e0c88f715b246a,54349d927b9070c144f507868f9ef8b962c7c926426b33c3a7e0c88f715b246a,M3,M3.01,CHECK_INSTANCE_PROVENANCE_LINK|CHECK_INSTANCE_LIFECYCLE_LINK|CHECK_INSTANCE_SOLVER_LINK,CHECK_INSTANCE_PROVENANCE_LINK|CHECK_INSTANCE_LIFECYCLE_LINK|CHECK_INSTANCE_SOLVER_LINK|CHECK_AUDIT_CHAIN_ID,EXPECTED_DETECTOR_MATCH,DETECTED_AS_PREREGISTERED,FAIL,PASS,FAIL,FAIL:CHECK_INSTANCE_PROVENANCE_LINK,,388
AEI_P3_FORMAL_20260826T034308Z_9b5f3c2bdfbe,2,M3.01:558b8365de15727bf495595ed539867872c185b280ea249712f3b1d5f8674cd5,558b8365de15727bf495595ed539867872c185b280ea249712f3b1d5f8674cd5,M3,M3.01,CHECK_INSTANCE_PROVENANCE_LINK|CHECK_INSTANCE_LIFECYCLE_LINK|CHECK_INSTANCE_SOLVER_LINK,CHECK_INSTANCE_PROVENANCE_LINK|CHECK_INSTANCE_LIFECYCLE_LINK|CHECK_INSTANCE_SOLVER_LINK|CHECK_AUDIT_CHAIN_ID,EXPECTED_DETECTOR_MATCH,DETECTED_AS_PREREGISTERED,FAIL,PASS,FAIL,FAIL:CHECK_INSTANCE_PROVENANCE_LINK,,389
AEI_P3_FORMAL_20260826T034308Z_9b5f3c2bdfbe,2,M3.01:5ecccd77f46ab5549088b57686632a9eb5ccf1a5a977fbe35cfae6a50eca52bb,5ecccd77f46ab5549088b57686632a9eb5ccf1a5a977fbe35cfae6a50eca52bb,M3,M3.01,CHECK_INSTANCE_PROVENANCE_LINK|CHECK_INSTANCE_LIFECYCLE_LINK|CHECK_INSTANCE_SOLVER_LINK,CHECK_INSTANCE_PROVENANCE_LINK|CHECK_INSTANCE_LIFECYCLE_LINK|CHECK_INSTANCE_SOLVER_LINK|CHECK_AUDIT_CHAIN_ID,EXPECTED_DETECTOR_MATCH,DETECTED_AS_PREREGISTERED,FAIL,PASS,FAIL,FAIL:CHECK_INSTANCE_PROVENANCE_LINK,,390
AEI_P3_FORMAL_20260826T034308Z_9b5f3c2bdfbe,2,M3.01:5f24b2bbe16d5c8f667064d5031553e1dd9c4d9dbb7e0757cb922d9ba47928d5,5f24b2bbe16d5c8f667064d5031553e1dd9c4d9dbb7e0757cb922d9ba47928d5,M3,M3.01,CHECK_INSTANCE_PROVENANCE_LINK|CHECK_INSTANCE_LIFECYCLE_LINK|CHECK_INSTANCE_SOLVER_LINK,CHECK_INSTANCE_PROVENANCE_LINK|CHECK_INSTANCE_LIFECYCLE_LINK|CHECK_INSTANCE_SOLVER_LINK|CHECK_AUDIT_CHAIN_ID,EXPECTED_DETECTOR_MATCH,DETECTED_AS_PREREGISTERED,FAIL,PASS,FAIL,FAIL:CHECK_INSTANCE_PROVENANCE_LINK,,391
AEI_P3_FORMAL_20260826T034308Z_9b5f3c2bdfbe,2,M3.01:61f77c0251bcd2bbb51e6bff7e048bfcda7139b4e796314d32b47961ac3b5c1b,61f77c0251bcd2bbb51e6bff7e048bfcda7139b4e796314d32b47961ac3b5c1b,M3,M3.01,CHECK_INSTANCE_PROVENANCE_LINK|CHECK_INSTANCE_LIFECYCLE_LINK|CHECK_INSTANCE_SOLVER_LINK,CHECK_INSTANCE_PROVENANCE_LINK|CHECK_INSTANCE_LIFECYCLE_LINK|CHECK_INSTANCE_SOLVER_LINK|CHECK_AUDIT_CHAIN_ID,EXPECTED_DETECTOR_MATCH,DETECTED_AS_PREREGISTERED,FAIL,PASS,FAIL,FAIL:CHECK_INSTANCE_PROVENANCE_LINK,,392
AEI_P3_FORMAL_20260826T034308Z_9b5f3c2bdfbe,2,M3.01:634f3d08fd93ba622176ea6c9ff7ff1fb9d57a9b14f936f27d1460655fc20d72,634f3d08fd93ba622176ea6c9ff7ff1fb9d57a9b14f936f27d1460655fc20d72,M3,M3.01,CHECK_INSTANCE_PROVENANCE_LINK|CHECK_INSTANCE_LIFECYCLE_LINK|CHECK_INSTANCE_SOLVER_LINK,CHECK_INSTANCE_PROVENANCE_LINK|CHECK_INSTANCE_LIFECYCLE_LINK|CHECK_INSTANCE_SOLVER_LINK|CHECK_AUDIT_CHAIN_ID,EXPECTED_DETECTOR_MATCH,DETECTED_AS_PREREGISTERED,FAIL,PASS,FAIL,FAIL:CHECK_INSTANCE_PROVENANCE_LINK,,393
AEI_P3_FORMAL_20260826T034308Z_9b5f3c2bdfbe,2,M3.01:73cdcc11d1c23e47664696979a9b12b94deb5da000c18f37a8d7c0b641090788,73cdcc11d1c23e47664696979a9b12b94deb5da000c18f37a8d7c0b641090788,M3,M3.01,CHECK_INSTANCE_PROVENANCE_LINK|CHECK_INSTANCE_LIFECYCLE_LINK|CHECK_INSTANCE_SOLVER_LINK,CHECK_INSTANCE_PROVENANCE_LINK|CHECK_INSTANCE_LIFECYCLE_LINK|CHECK_INSTANCE_SOLVER_LINK|CHECK_AUDIT_CHAIN_ID,EXPECTED_DETECTOR_MATCH,DETECTED_AS_PREREGISTERED,FAIL,PASS,FAIL,FAIL:CHECK_INSTANCE_PROVENANCE_LINK,,394
AEI_P3_FORMAL_20260826T034308Z_9b5f3c2bdfbe,2,M3.01:7dc2cc636acd7eeb3db7367222360894cac918d6adca467d2f7a79960bbe8b1c,7dc2cc636acd7eeb3db7367222360894cac918d6adca467d2f7a79960bbe8b1c,M3,M3.01,CHECK_INSTANCE_PROVENANCE_LINK|CHECK_INSTANCE_LIFECYCLE_LINK|CHECK_INSTANCE_SOLVER_LINK,CHECK_INSTANCE_PROVENANCE_LINK|CHECK_INSTANCE_LIFECYCLE_LINK|CHECK_INSTANCE_SOLVER_LINK|CHECK_AUDIT_CHAIN_ID,EXPECTED_DETECTOR_MATCH,DETECTED_AS_PREREGISTERED,FAIL,PASS,FAIL,FAIL:CHECK_INSTANCE_PROVENANCE_LINK,,395
AEI_P3_FORMAL_20260826T034308Z_9b5f3c2bdfbe,2,M3.01:8c60197386a54af6d06cac0996c81cbca4971ac83984afcf2a52fa27a5bb1b42,8c60197386a54af6d06cac0996c81cbca4971ac83984afcf2a52fa27a5bb1b42,M3,M3.01,CHECK_INSTANCE_PROVENANCE_LINK|CHECK_INSTANCE_LIFECYCLE_LINK|CHECK_INSTANCE_SOLVER_LINK,CHECK_INSTANCE_PROVENANCE_LINK|CHECK_INSTANCE_LIFECYCLE_LINK|CHECK_INSTANCE_SOLVER_LINK|CHECK_AUDIT_CHAIN_ID,EXPECTED_DETECTOR_MATCH,DETECTED_AS_PREREGISTERED,FAIL,PASS,FAIL,FAIL:CHECK_INSTANCE_PROVENANCE_LINK,,396
AEI_P3_FORMAL_20260826T034308Z_9b5f3c2bdfbe,2,M3.01:8e3a1df6f55a6d53d21fd63c9dcda45cee6d1576c4989d45b40828d31e6d7281,8e3a1df6f55a6d53d21fd63c9dcda45cee6d1576c4989d45b40828d31e6d7281,M3,M3.01,CHECK_INSTANCE_PROVENANCE_LINK|CHECK_INSTANCE_LIFECYCLE_LINK|CHECK_INSTANCE_SOLVER_LINK,CHECK_INSTANCE_PROVENANCE_LINK|CHECK_INSTANCE_LIFECYCLE_LINK|CHECK_INSTANCE_SOLVER_LINK|CHECK_AUDIT_CHAIN_ID,EXPECTED_DETECTOR_MATCH,DETECTED_AS_PREREGISTERED,FAIL,PASS,FAIL,FAIL:CHECK_INSTANCE_PROVENANCE_LINK,,397
AEI_P3_FORMAL_20260826T034308Z_9b5f3c2bdfbe,2,M3.01:97eb8ea8dfec0a163a4b54e1179247553055627de3df3d7a40c8879cacc64800,97eb8ea8dfec0a163a4b54e1179247553055627de3df3d7a40c8879cacc64800,M3,M3.01,CHECK_INSTANCE_PROVENANCE_LINK|CHECK_INSTANCE_LIFECYCLE_LINK|CHECK_INSTANCE_SOLVER_LINK,CHECK_INSTANCE_PROVENANCE_LINK|CHECK_INSTANCE_LIFECYCLE_LINK|CHECK_INSTANCE_SOLVER_LINK|CHECK_AUDIT_CHAIN_ID,EXPECTED_DETECTOR_MATCH,DETECTED_AS_PREREGISTERED,FAIL,PASS,FAIL,FAIL:CHECK_INSTANCE_PROVENANCE_LINK,,398
AEI_P3_FORMAL_20260826T034308Z_9b5f3c2bdfbe,2,M3.01:9827288498c6ff63f3f7ec6f3bb833b53ac1c3cbaf59021addc82b6a8c08bae2,9827288498c6ff63f3f7ec6f3bb833b53ac1c3cbaf59021addc82b6a8c08bae2,M3,M3.01,CHECK_INSTANCE_PROVENANCE_LINK|CHECK_INSTANCE_LIFECYCLE_LINK|CHECK_INSTANCE_SOLVER_LINK,CHECK_INSTANCE_PROVENANCE_LINK|CHECK_INSTANCE_LIFECYCLE_LINK|CHECK_INSTANCE_SOLVER_LINK|CHECK_AUDIT_CHAIN_ID,EXPECTED_DETECTOR_MATCH,DETECTED_AS_PREREGISTERED,FAIL,PASS,FAIL,FAIL:CHECK_INSTANCE_PROVENANCE_LINK,,399
AEI_P3_FORMAL_20260826T034308Z_9b5f3c2bdfbe,2,M3.01:9f7906189c782cba7c3a4cc9cb8785764c8ad3fb1e637423a7a310d6c438feb5,9f7906189c782cba7c3a4cc9cb8785764c8ad3fb1e637423a7a310d6c438feb5,M3,M3.01,CHECK_INSTANCE_PROVENANCE_LINK|CHECK_INSTANCE_LIFECYCLE_LINK|CHECK_INSTANCE_SOLVER_LINK,CHECK_INSTANCE_PROVENANCE_LINK|CHECK_INSTANCE_LIFECYCLE_LINK|CHECK_INSTANCE_SOLVER_LINK|CHECK_AUDIT_CHAIN_ID,EXPECTED_DETECTOR_MATCH,DETECTED_AS_PREREGISTERED,FAIL,PASS,FAIL,FAIL:CHECK_INSTANCE_PROVENANCE_LINK,,400
AEI_P3_FORMAL_20260826T034308Z_9b5f3c2bdfbe,2,M3.01:aa5b4ee1688c71f1a3932cd7d9b629a08e31ef09728f3280c98c7636eecfb8d3,aa5b4ee1688c71f1a3932cd7d9b629a08e31ef09728f3280c98c7636eecfb8d3,M3,M3.01,CHECK_INSTANCE_PROVENANCE_LINK|CHECK_INSTANCE_LIFECYCLE_LINK|CHECK_INSTANCE_SOLVER_LINK,CHECK_INSTANCE_PROVENANCE_LINK|CHECK_INSTANCE_LIFECYCLE_LINK|CHECK_INSTANCE_SOLVER_LINK|CHECK_AUDIT_CHAIN_ID,EXPECTED_DETECTOR_MATCH,DETECTED_AS_PREREGISTERED,FAIL,PASS,FAIL,FAIL:CHECK_INSTANCE_PROVENANCE_LINK,,401
AEI_P3_FORMAL_20260826T034308Z_9b5f3c2bdfbe,2,M3.01:aad646b14392b632d658225dedb7d3953424ab9ab19ebafdc67bd9a7f02eb50b,aad646b14392b632d658225dedb7d3953424ab9ab19ebafdc67bd9a7f02eb50b,M3,M3.01,CHECK_INSTANCE_PROVENANCE_LINK|CHECK_INSTANCE_LIFECYCLE_LINK|CHECK_INSTANCE_SOLVER_LINK,CHECK_INSTANCE_PROVENANCE_LINK|CHECK_INSTANCE_LIFECYCLE_LINK|CHECK_INSTANCE_SOLVER_LINK|CHECK_AUDIT_CHAIN_ID,EXPECTED_DETECTOR_MATCH,DETECTED_AS_PREREGISTERED,FAIL,PASS,FAIL,FAIL:CHECK_INSTANCE_PROVENANCE_LINK,,402
AEI_P3_FORMAL_20260826T034308Z_9b5f3c2bdfbe,2,M3.01:abc8d6ba26b9728a25ebd17f4066aa5421f54fde1c1ef630cc33cb308c0fb8e5,abc8d6ba26b9728a25ebd17f4066aa5421f54fde1c1ef630cc33cb308c0fb8e5,M3,M3.01,CHECK_INSTANCE_PROVENANCE_LINK|CHECK_INSTANCE_LIFECYCLE_LINK|CHECK_INSTANCE_SOLVER_LINK,CHECK_INSTANCE_PROVENANCE_LINK|CHECK_INSTANCE_LIFECYCLE_LINK|CHECK_INSTANCE_SOLVER_LINK|CHECK_AUDIT_CHAIN_ID,EXPECTED_DETECTOR_MATCH,DETECTED_AS_PREREGISTERED,FAIL,PASS,FAIL,FAIL:CHECK_INSTANCE_PROVENANCE_LINK,,403
AEI_P3_FORMAL_20260826T034308Z_9b5f3c2bdfbe,2,M3.01:b0f01f4c7ca822555039b9267d8985edbeb149abc0a710d6583cea634584f862,b0f01f4c7ca822555039b9267d8985edbeb149abc0a710d6583cea634584f862,M3,M3.01,CHECK_INSTANCE_PROVENANCE_LINK|CHECK_INSTANCE_LIFECYCLE_LINK|CHECK_INSTANCE_SOLVER_LINK,CHECK_INSTANCE_PROVENANCE_LINK|CHECK_INSTANCE_LIFECYCLE_LINK|CHECK_INSTANCE_SOLVER_LINK|CHECK_AUDIT_CHAIN_ID,EXPECTED_DETECTOR_MATCH,DETECTED_AS_PREREGISTERED,FAIL,PASS,FAIL,FAIL:CHECK_INSTANCE_PROVENANCE_LINK,,404
AEI_P3_FORMAL_20260826T034308Z_9b5f3c2bdfbe,2,M3.01:b31f9c5cbf923f188771558357941c1a7d6a71089f67793c620cf7034a070eb2,b31f9c5cbf923f188771558357941c1a7d6a71089f67793c620cf7034a070eb2,M3,M3.01,CHECK_INSTANCE_PROVENANCE_LINK|CHECK_INSTANCE_LIFECYCLE_LINK|CHECK_INSTANCE_SOLVER_LINK,CHECK_INSTANCE_PROVENANCE_LINK|CHECK_INSTANCE_LIFECYCLE_LINK|CHECK_INSTANCE_SOLVER_LINK|CHECK_AUDIT_CHAIN_ID,EXPECTED_DETECTOR_MATCH,DETECTED_AS_PREREGISTERED,FAIL,PASS,FAIL,FAIL:CHECK_INSTANCE_PROVENANCE_LINK,,405
AEI_P3_FORMAL_20260826T034308Z_9b5f3c2bdfbe,2,M3.01:b5c400c27e6dbb1cc8466c5ce68e1530b6d984599f3c01c36496b49b586ff5e3,b5c400c27e6dbb1cc8466c5ce68e1530b6d984599f3c01c36496b49b586ff5e3,M3,M3.01,CHECK_INSTANCE_PROVENANCE_LINK|CHECK_INSTANCE_LIFECYCLE_LINK|CHECK_INSTANCE_SOLVER_LINK,CHECK_INSTANCE_PROVENANCE_LINK|CHECK_INSTANCE_LIFECYCLE_LINK|CHECK_INSTANCE_SOLVER_LINK|CHECK_AUDIT_CHAIN_ID,EXPECTED_DETECTOR_MATCH,DETECTED_AS_PREREGISTERED,FAIL,PASS,FAIL,FAIL:CHECK_INSTANCE_PROVENANCE_LINK,,406
AEI_P3_FORMAL_20260826T034308Z_9b5f3c2bdfbe,2,M3.01:bb3f15222034bdf87b9be499b27f859fe778b781693fd54677f83bd7531f0680,bb3f15222034bdf87b9be499b27f859fe778b781693fd54677f83bd7531f0680,M3,M3.01,CHECK_INSTANCE_PROVENANCE_LINK|CHECK_INSTANCE_LIFECYCLE_LINK|CHECK_INSTANCE_SOLVER_LINK,CHECK_INSTANCE_PROVENANCE_LINK|CHECK_INSTANCE_LIFECYCLE_LINK|CHECK_INSTANCE_SOLVER_LINK|CHECK_AUDIT_CHAIN_ID,EXPECTED_DETECTOR_MATCH,DETECTED_AS_PREREGISTERED,FAIL,PASS,FAIL,FAIL:CHECK_INSTANCE_PROVENANCE_LINK,,407
AEI_P3_FORMAL_20260826T034308Z_9b5f3c2bdfbe,2,M3.01:ce18361670bfbcde2f3ff22167187aecef9164dedbf1198bc7563c147804780e,ce18361670bfbcde2f3ff22167187aecef9164dedbf1198bc7563c147804780e,M3,M3.01,CHECK_INSTANCE_PROVENANCE_LINK|CHECK_INSTANCE_LIFECYCLE_LINK|CHECK_INSTANCE_SOLVER_LINK,CHECK_INSTANCE_PROVENANCE_LINK|CHECK_INSTANCE_LIFECYCLE_LINK|CHECK_INSTANCE_SOLVER_LINK|CHECK_AUDIT_CHAIN_ID,EXPECTED_DETECTOR_MATCH,DETECTED_AS_PREREGISTERED,FAIL,PASS,FAIL,FAIL:CHECK_INSTANCE_PROVENANCE_LINK,,408
AEI_P3_FORMAL_20260826T034308Z_9b5f3c2bdfbe,2,M3.01:ceae66508816dc9f5458c925c89f155658e6c78710a8753d337ac385481cc1bf,ceae66508816dc9f5458c925c89f155658e6c78710a8753d337ac385481cc1bf,M3,M3.01,CHECK_INSTANCE_PROVENANCE_LINK|CHECK_INSTANCE_LIFECYCLE_LINK|CHECK_INSTANCE_SOLVER_LINK,CHECK_INSTANCE_PROVENANCE_LINK|CHECK_INSTANCE_LIFECYCLE_LINK|CHECK_INSTANCE_SOLVER_LINK|CHECK_AUDIT_CHAIN_ID,EXPECTED_DETECTOR_MATCH,DETECTED_AS_PREREGISTERED,FAIL,PASS,FAIL,FAIL:CHECK_INSTANCE_PROVENANCE_LINK,,409
AEI_P3_FORMAL_20260826T034308Z_9b5f3c2bdfbe,2,M3.01:d093d52f24139c1b6fb09b775beedd000f1a7b3716df906d7d36e91e7e848265,d093d52f24139c1b6fb09b775beedd000f1a7b3716df906d7d36e91e7e848265,M3,M3.01,CHECK_INSTANCE_PROVENANCE_LINK|CHECK_INSTANCE_LIFECYCLE_LINK|CHECK_INSTANCE_SOLVER_LINK,CHECK_INSTANCE_PROVENANCE_LINK|CHECK_INSTANCE_LIFECYCLE_LINK|CHECK_INSTANCE_SOLVER_LINK|CHECK_AUDIT_CHAIN_ID,EXPECTED_DETECTOR_MATCH,DETECTED_AS_PREREGISTERED,FAIL,PASS,FAIL,FAIL:CHECK_INSTANCE_PROVENANCE_LINK,,410
AEI_P3_FORMAL_20260826T034308Z_9b5f3c2bdfbe,2,M3.01:d4b957654a5efd71168d6f7e67936e6abf4666ceb41e7919635002157b125411,d4b957654a5efd71168d6f7e67936e6abf4666ceb41e7919635002157b125411,M3,M3.01,CHECK_INSTANCE_PROVENANCE_LINK|CHECK_INSTANCE_LIFECYCLE_LINK|CHECK_INSTANCE_SOLVER_LINK,CHECK_INSTANCE_PROVENANCE_LINK|CHECK_INSTANCE_LIFECYCLE_LINK|CHECK_INSTANCE_SOLVER_LINK|CHECK_AUDIT_CHAIN_ID,EXPECTED_DETECTOR_MATCH,DETECTED_AS_PREREGISTERED,FAIL,PASS,FAIL,FAIL:CHECK_INSTANCE_PROVENANCE_LINK,,411
AEI_P3_FORMAL_20260826T034308Z_9b5f3c2bdfbe,2,M3.01:d598e89b357205c7b4bd47c5ebbe933f8be1f7c8dcdee85e66ec6829cafb91d3,d598e89b357205c7b4bd47c5ebbe933f8be1f7c8dcdee85e66ec6829cafb91d3,M3,M3.01,CHECK_INSTANCE_PROVENANCE_LINK|CHECK_INSTANCE_LIFECYCLE_LINK|CHECK_INSTANCE_SOLVER_LINK,CHECK_INSTANCE_PROVENANCE_LINK|CHECK_INSTANCE_LIFECYCLE_LINK|CHECK_INSTANCE_SOLVER_LINK|CHECK_AUDIT_CHAIN_ID,EXPECTED_DETECTOR_MATCH,DETECTED_AS_PREREGISTERED,FAIL,PASS,FAIL,FAIL:CHECK_INSTANCE_PROVENANCE_LINK,,412
AEI_P3_FORMAL_20260826T034308Z_9b5f3c2bdfbe,2,M3.01:eb3670bbe434a59cc94347384a5d50fb526d26a00dbf6da73e54438c4bacc2a0,eb3670bbe434a59cc94347384a5d50fb526d26a00dbf6da73e54438c4bacc2a0,M3,M3.01,CHECK_INSTANCE_PROVENANCE_LINK|CHECK_INSTANCE_LIFECYCLE_LINK|CHECK_INSTANCE_SOLVER_LINK,CHECK_INSTANCE_PROVENANCE_LINK|CHECK_INSTANCE_LIFECYCLE_LINK|CHECK_INSTANCE_SOLVER_LINK|CHECK_AUDIT_CHAIN_ID,EXPECTED_DETECTOR_MATCH,DETECTED_AS_PREREGISTERED,FAIL,PASS,FAIL,FAIL:CHECK_INSTANCE_PROVENANCE_LINK,,413
AEI_P3_FORMAL_20260826T034308Z_9b5f3c2bdfbe,2,M3.01:f1e5fc58ea336e13c098308a2da00dee7de3dd3aa08d6170df4a3cb1afd09795,f1e5fc58ea336e13c098308a2da00dee7de3dd3aa08d6170df4a3cb1afd09795,M3,M3.01,CHECK_INSTANCE_PROVENANCE_LINK|CHECK_INSTANCE_LIFECYCLE_LINK|CHECK_INSTANCE_SOLVER_LINK,CHECK_INSTANCE_PROVENANCE_LINK|CHECK_INSTANCE_LIFECYCLE_LINK|CHECK_INSTANCE_SOLVER_LINK|CHECK_AUDIT_CHAIN_ID,EXPECTED_DETECTOR_MATCH,DETECTED_AS_PREREGISTERED,FAIL,PASS,FAIL,FAIL:CHECK_INSTANCE_PROVENANCE_LINK,,414
AEI_P3_FORMAL_20260826T034308Z_9b5f3c2bdfbe,2,M3.01:f583baa2dad1527b5f84f71805410ee51b78fce2b1be62de49f1636c06821c7b,f583baa2dad1527b5f84f71805410ee51b78fce2b1be62de49f1636c06821c7b,M3,M3.01,CHECK_INSTANCE_PROVENANCE_LINK|CHECK_INSTANCE_LIFECYCLE_LINK|CHECK_INSTANCE_SOLVER_LINK,CHECK_INSTANCE_PROVENANCE_LINK|CHECK_INSTANCE_LIFECYCLE_LINK|CHECK_INSTANCE_SOLVER_LINK|CHECK_AUDIT_CHAIN_ID,EXPECTED_DETECTOR_MATCH,DETECTED_AS_PREREGISTERED,FAIL,PASS,FAIL,FAIL:CHECK_INSTANCE_PROVENANCE_LINK,,415
AEI_P3_FORMAL_20260826T034308Z_9b5f3c2bdfbe,2,M3.01:f64f55ad9277004ae441909cd6556d26eeaf73d3eb3c537384be703615149f96,f64f55ad9277004ae441909cd6556d26eeaf73d3eb3c537384be703615149f96,M3,M3.01,CHECK_INSTANCE_PROVENANCE_LINK|CHECK_INSTANCE_LIFECYCLE_LINK|CHECK_INSTANCE_SOLVER_LINK,CHECK_INSTANCE_PROVENANCE_LINK|CHECK_INSTANCE_LIFECYCLE_LINK|CHECK_INSTANCE_SOLVER_LINK|CHECK_AUDIT_CHAIN_ID,EXPECTED_DETECTOR_MATCH,DETECTED_AS_PREREGISTERED,FAIL,PASS,FAIL,FAIL:CHECK_INSTANCE_PROVENANCE_LINK,,416
AEI_P3_FORMAL_20260826T034308Z_9b5f3c2bdfbe,2,M3.01:f80e8a50e0815fda9eef8635e52671f3888786c4daef5767b8da7b74e4311646,f80e8a50e0815fda9eef8635e52671f3888786c4daef5767b8da7b74e4311646,M3,M3.01,CHECK_INSTANCE_PROVENANCE_LINK|CHECK_INSTANCE_LIFECYCLE_LINK|CHECK_INSTANCE_SOLVER_LINK,CHECK_INSTANCE_PROVENANCE_LINK|CHECK_INSTANCE_LIFECYCLE_LINK|CHECK_INSTANCE_SOLVER_LINK|CHECK_AUDIT_CHAIN_ID,EXPECTED_DETECTOR_MATCH,DETECTED_AS_PREREGISTERED,FAIL,PASS,FAIL,FAIL:CHECK_INSTANCE_PROVENANCE_LINK,,417
AEI_P3_FORMAL_20260826T034308Z_9b5f3c2bdfbe,2,M3.01:f9ade00b139ce33674b05d1766de3ec85779abfd83f893a7b2437817100901d9,f9ade00b139ce33674b05d1766de3ec85779abfd83f893a7b2437817100901d9,M3,M3.01,CHECK_INSTANCE_PROVENANCE_LINK|CHECK_INSTANCE_LIFECYCLE_LINK|CHECK_INSTANCE_SOLVER_LINK,CHECK_INSTANCE_PROVENANCE_LINK|CHECK_INSTANCE_LIFECYCLE_LINK|CHECK_INSTANCE_SOLVER_LINK|CHECK_AUDIT_CHAIN_ID,EXPECTED_DETECTOR_MATCH,DETECTED_AS_PREREGISTERED,FAIL,PASS,FAIL,FAIL:CHECK_INSTANCE_PROVENANCE_LINK,,418
AEI_P3_FORMAL_20260826T034308Z_9b5f3c2bdfbe,2,M3.01:feb26c8ce25b99d6b090e07fca86c8e2dbf3ff2d6b891634c4c71b179329ab47,feb26c8ce25b99d6b090e07fca86c8e2dbf3ff2d6b891634c4c71b179329ab47,M3,M3.01,CHECK_INSTANCE_PROVENANCE_LINK|CHECK_INSTANCE_LIFECYCLE_LINK|CHECK_INSTANCE_SOLVER_LINK,CHECK_INSTANCE_PROVENANCE_LINK|CHECK_INSTANCE_LIFECYCLE_LINK|CHECK_INSTANCE_SOLVER_LINK|CHECK_AUDIT_CHAIN_ID,EXPECTED_DETECTOR_MATCH,DETECTED_AS_PREREGISTERED,FAIL,PASS,FAIL,FAIL:CHECK_INSTANCE_PROVENANCE_LINK,,419
AEI_P3_FORMAL_20260826T034308Z_9b5f3c2bdfbe,2,M4.01:052b2dfeb855619b4e74c70e7155e5699a6aebc572c887f1432462ecf4afce6b,052b2dfeb855619b4e74c70e7155e5699a6aebc572c887f1432462ecf4afce6b,M4,M4.01,CHECK_SCHEDULE_PROVENANCE_LINK|CHECK_SCHEDULE_LIFECYCLE_LINK|CHECK_SOLVER_SCHEDULE_LINK|CHECK_PLAN_DELTA_RECOMPUTATION,CHECK_SCHEDULE_PROVENANCE_LINK|CHECK_SCHEDULE_LIFECYCLE_LINK|CHECK_SOLVER_SCHEDULE_LINK|CHECK_PLAN_DELTA_RECOMPUTATION,EXPECTED_DETECTOR_MATCH,DETECTED_AS_PREREGISTERED,FAIL,PASS,FAIL,FAIL:CHECK_SCHEDULE_PROVENANCE_LINK,,420
AEI_P3_FORMAL_20260826T034308Z_9b5f3c2bdfbe,2,M4.01:0edc936e36dbd00367c35ec096b127c69211776f53ead8d7b9619a78d9b3beb5,0edc936e36dbd00367c35ec096b127c69211776f53ead8d7b9619a78d9b3beb5,M4,M4.01,CHECK_SCHEDULE_PROVENANCE_LINK|CHECK_SCHEDULE_LIFECYCLE_LINK|CHECK_SOLVER_SCHEDULE_LINK|CHECK_PLAN_DELTA_RECOMPUTATION,CHECK_SCHEDULE_PROVENANCE_LINK|CHECK_SCHEDULE_LIFECYCLE_LINK|CHECK_SOLVER_SCHEDULE_LINK|CHECK_PLAN_DELTA_RECOMPUTATION,EXPECTED_DETECTOR_MATCH,DETECTED_AS_PREREGISTERED,FAIL,PASS,FAIL,FAIL:CHECK_SCHEDULE_PROVENANCE_LINK,,421
AEI_P3_FORMAL_20260826T034308Z_9b5f3c2bdfbe,2,M4.01:19993579c580ecb799e1ce158990340e547863ae75c4be153b97908cb5cd08a2,19993579c580ecb799e1ce158990340e547863ae75c4be153b97908cb5cd08a2,M4,M4.01,CHECK_SCHEDULE_PROVENANCE_LINK|CHECK_SCHEDULE_LIFECYCLE_LINK|CHECK_SOLVER_SCHEDULE_LINK|CHECK_PLAN_DELTA_RECOMPUTATION,CHECK_SCHEDULE_PROVENANCE_LINK|CHECK_SCHEDULE_LIFECYCLE_LINK|CHECK_SOLVER_SCHEDULE_LINK|CHECK_PLAN_DELTA_RECOMPUTATION,EXPECTED_DETECTOR_MATCH,DETECTED_AS_PREREGISTERED,FAIL,PASS,FAIL,FAIL:CHECK_SCHEDULE_PROVENANCE_LINK,,422
AEI_P3_FORMAL_20260826T034308Z_9b5f3c2bdfbe,2,M4.01:1bb3dc3f26212de23def1f2ca0d598d344fea56b8a73247e2f6390ebea07946d,1bb3dc3f26212de23def1f2ca0d598d344fea56b8a73247e2f6390ebea07946d,M4,M4.01,CHECK_SCHEDULE_PROVENANCE_LINK|CHECK_SCHEDULE_LIFECYCLE_LINK|CHECK_SOLVER_SCHEDULE_LINK|CHECK_PLAN_DELTA_RECOMPUTATION,CHECK_SCHEDULE_PROVENANCE_LINK|CHECK_SCHEDULE_LIFECYCLE_LINK|CHECK_SOLVER_SCHEDULE_LINK|CHECK_PLAN_DELTA_RECOMPUTATION,EXPECTED_DETECTOR_MATCH,DETECTED_AS_PREREGISTERED,FAIL,PASS,FAIL,FAIL:CHECK_SCHEDULE_PROVENANCE_LINK,,423
AEI_P3_FORMAL_20260826T034308Z_9b5f3c2bdfbe,2,M4.01:2443e5a3d32298289c0b98d2a7d3a03cbf4194a7adecf97293b0ac348944ba9e,2443e5a3d32298289c0b98d2a7d3a03cbf4194a7adecf97293b0ac348944ba9e,M4,M4.01,CHECK_SCHEDULE_PROVENANCE_LINK|CHECK_SCHEDULE_LIFECYCLE_LINK|CHECK_SOLVER_SCHEDULE_LINK|CHECK_PLAN_DELTA_RECOMPUTATION,CHECK_SCHEDULE_PROVENANCE_LINK|CHECK_SCHEDULE_LIFECYCLE_LINK|CHECK_SOLVER_SCHEDULE_LINK|CHECK_PLAN_DELTA_RECOMPUTATION,EXPECTED_DETECTOR_MATCH,DETECTED_AS_PREREGISTERED,FAIL,PASS,FAIL,FAIL:CHECK_SCHEDULE_PROVENANCE_LINK,,424
AEI_P3_FORMAL_20260826T034308Z_9b5f3c2bdfbe,2,M4.01:245cb7ed72fd0a10da80157bd648a7ae9e8bd9ef722909fe778d274715ad67b3,245cb7ed72fd0a10da80157bd648a7ae9e8bd9ef722909fe778d274715ad67b3,M4,M4.01,CHECK_SCHEDULE_PROVENANCE_LINK|CHECK_SCHEDULE_LIFECYCLE_LINK|CHECK_SOLVER_SCHEDULE_LINK|CHECK_PLAN_DELTA_RECOMPUTATION,CHECK_SCHEDULE_PROVENANCE_LINK|CHECK_SCHEDULE_LIFECYCLE_LINK|CHECK_SOLVER_SCHEDULE_LINK|CHECK_PLAN_DELTA_RECOMPUTATION,EXPECTED_DETECTOR_MATCH,DETECTED_AS_PREREGISTERED,FAIL,PASS,FAIL,FAIL:CHECK_SCHEDULE_PROVENANCE_LINK,,425
AEI_P3_FORMAL_20260826T034308Z_9b5f3c2bdfbe,2,M4.01:268469c82535bf1ba82a82324d755f40ad8bc7255c875b8e25c2d7943cff1ff3,268469c82535bf1ba82a82324d755f40ad8bc7255c875b8e25c2d7943cff1ff3,M4,M4.01,CHECK_SCHEDULE_PROVENANCE_LINK|CHECK_SCHEDULE_LIFECYCLE_LINK|CHECK_SOLVER_SCHEDULE_LINK|CHECK_PLAN_DELTA_RECOMPUTATION,CHECK_SCHEDULE_PROVENANCE_LINK|CHECK_SCHEDULE_LIFECYCLE_LINK|CHECK_SOLVER_SCHEDULE_LINK|CHECK_PLAN_DELTA_RECOMPUTATION,EXPECTED_DETECTOR_MATCH,DETECTED_AS_PREREGISTERED,FAIL,PASS,FAIL,FAIL:CHECK_SCHEDULE_PROVENANCE_LINK,,426
AEI_P3_FORMAL_20260826T034308Z_9b5f3c2bdfbe,2,M4.01:2908e9ba69598735be8757d9b153473f5bacec1feb89ecff91ce994824a10178,2908e9ba69598735be8757d9b153473f5bacec1feb89ecff91ce994824a10178,M4,M4.01,CHECK_SCHEDULE_PROVENANCE_LINK|CHECK_SCHEDULE_LIFECYCLE_LINK|CHECK_SOLVER_SCHEDULE_LINK|CHECK_PLAN_DELTA_RECOMPUTATION,CHECK_SCHEDULE_PROVENANCE_LINK|CHECK_SCHEDULE_LIFECYCLE_LINK|CHECK_SOLVER_SCHEDULE_LINK|CHECK_PLAN_DELTA_RECOMPUTATION,EXPECTED_DETECTOR_MATCH,DETECTED_AS_PREREGISTERED,FAIL,PASS,FAIL,FAIL:CHECK_SCHEDULE_PROVENANCE_LINK,,427
AEI_P3_FORMAL_20260826T034308Z_9b5f3c2bdfbe,2,M4.01:474b6ef7aac2feb7cb9195d7d3644f0d53d378eb4518ef87a9a2f7714d8ef3d5,474b6ef7aac2feb7cb9195d7d3644f0d53d378eb4518ef87a9a2f7714d8ef3d5,M4,M4.01,CHECK_SCHEDULE_PROVENANCE_LINK|CHECK_SCHEDULE_LIFECYCLE_LINK|CHECK_SOLVER_SCHEDULE_LINK|CHECK_PLAN_DELTA_RECOMPUTATION,CHECK_SCHEDULE_PROVENANCE_LINK|CHECK_SCHEDULE_LIFECYCLE_LINK|CHECK_SOLVER_SCHEDULE_LINK|CHECK_PLAN_DELTA_RECOMPUTATION,EXPECTED_DETECTOR_MATCH,DETECTED_AS_PREREGISTERED,FAIL,PASS,FAIL,FAIL:CHECK_SCHEDULE_PROVENANCE_LINK,,428
AEI_P3_FORMAL_20260826T034308Z_9b5f3c2bdfbe,2,M4.01:4fafb9a13ff5e2fda82a804bf609727b68a17926d69ae1574c4801604ec81359,4fafb9a13ff5e2fda82a804bf609727b68a17926d69ae1574c4801604ec81359,M4,M4.01,CHECK_SCHEDULE_PROVENANCE_LINK|CHECK_SCHEDULE_LIFECYCLE_LINK|CHECK_SOLVER_SCHEDULE_LINK|CHECK_PLAN_DELTA_RECOMPUTATION,CHECK_SCHEDULE_PROVENANCE_LINK|CHECK_SCHEDULE_LIFECYCLE_LINK|CHECK_SOLVER_SCHEDULE_LINK|CHECK_PLAN_DELTA_RECOMPUTATION,EXPECTED_DETECTOR_MATCH,DETECTED_AS_PREREGISTERED,FAIL,PASS,FAIL,FAIL:CHECK_SCHEDULE_PROVENANCE_LINK,,429
AEI_P3_FORMAL_20260826T034308Z_9b5f3c2bdfbe,2,M4.01:54349d927b9070c144f507868f9ef8b962c7c926426b33c3a7e0c88f715b246a,54349d927b9070c144f507868f9ef8b962c7c926426b33c3a7e0c88f715b246a,M4,M4.01,CHECK_SCHEDULE_PROVENANCE_LINK|CHECK_SCHEDULE_LIFECYCLE_LINK|CHECK_SOLVER_SCHEDULE_LINK|CHECK_PLAN_DELTA_RECOMPUTATION,CHECK_SCHEDULE_PROVENANCE_LINK|CHECK_SCHEDULE_LIFECYCLE_LINK|CHECK_SOLVER_SCHEDULE_LINK|CHECK_PLAN_DELTA_RECOMPUTATION,EXPECTED_DETECTOR_MATCH,DETECTED_AS_PREREGISTERED,FAIL,PASS,FAIL,FAIL:CHECK_SCHEDULE_PROVENANCE_LINK,,430
AEI_P3_FORMAL_20260826T034308Z_9b5f3c2bdfbe,2,M4.01:558b8365de15727bf495595ed539867872c185b280ea249712f3b1d5f8674cd5,558b8365de15727bf495595ed539867872c185b280ea249712f3b1d5f8674cd5,M4,M4.01,CHECK_SCHEDULE_PROVENANCE_LINK|CHECK_SCHEDULE_LIFECYCLE_LINK|CHECK_SOLVER_SCHEDULE_LINK|CHECK_PLAN_DELTA_RECOMPUTATION,CHECK_SCHEDULE_PROVENANCE_LINK|CHECK_SCHEDULE_LIFECYCLE_LINK|CHECK_SOLVER_SCHEDULE_LINK|CHECK_PLAN_DELTA_RECOMPUTATION,EXPECTED_DETECTOR_MATCH,DETECTED_AS_PREREGISTERED,FAIL,PASS,FAIL,FAIL:CHECK_SCHEDULE_PROVENANCE_LINK,,431
AEI_P3_FORMAL_20260826T034308Z_9b5f3c2bdfbe,2,M4.01:5ecccd77f46ab5549088b57686632a9eb5ccf1a5a977fbe35cfae6a50eca52bb,5ecccd77f46ab5549088b57686632a9eb5ccf1a5a977fbe35cfae6a50eca52bb,M4,M4.01,CHECK_SCHEDULE_PROVENANCE_LINK|CHECK_SCHEDULE_LIFECYCLE_LINK|CHECK_SOLVER_SCHEDULE_LINK|CHECK_PLAN_DELTA_RECOMPUTATION,CHECK_SCHEDULE_PROVENANCE_LINK|CHECK_SCHEDULE_LIFECYCLE_LINK|CHECK_SOLVER_SCHEDULE_LINK|CHECK_PLAN_DELTA_RECOMPUTATION,EXPECTED_DETECTOR_MATCH,DETECTED_AS_PREREGISTERED,FAIL,PASS,FAIL,FAIL:CHECK_SCHEDULE_PROVENANCE_LINK,,432
AEI_P3_FORMAL_20260826T034308Z_9b5f3c2bdfbe,2,M4.01:5f24b2bbe16d5c8f667064d5031553e1dd9c4d9dbb7e0757cb922d9ba47928d5,5f24b2bbe16d5c8f667064d5031553e1dd9c4d9dbb7e0757cb922d9ba47928d5,M4,M4.01,CHECK_SCHEDULE_PROVENANCE_LINK|CHECK_SCHEDULE_LIFECYCLE_LINK|CHECK_SOLVER_SCHEDULE_LINK|CHECK_PLAN_DELTA_RECOMPUTATION,CHECK_SCHEDULE_PROVENANCE_LINK|CHECK_SCHEDULE_LIFECYCLE_LINK|CHECK_SOLVER_SCHEDULE_LINK|CHECK_PLAN_DELTA_RECOMPUTATION,EXPECTED_DETECTOR_MATCH,DETECTED_AS_PREREGISTERED,FAIL,PASS,FAIL,FAIL:CHECK_SCHEDULE_PROVENANCE_LINK,,433
AEI_P3_FORMAL_20260826T034308Z_9b5f3c2bdfbe,2,M4.01:61f77c0251bcd2bbb51e6bff7e048bfcda7139b4e796314d32b47961ac3b5c1b,61f77c0251bcd2bbb51e6bff7e048bfcda7139b4e796314d32b47961ac3b5c1b,M4,M4.01,CHECK_SCHEDULE_PROVENANCE_LINK|CHECK_SCHEDULE_LIFECYCLE_LINK|CHECK_SOLVER_SCHEDULE_LINK|CHECK_PLAN_DELTA_RECOMPUTATION,CHECK_SCHEDULE_PROVENANCE_LINK|CHECK_SCHEDULE_LIFECYCLE_LINK|CHECK_SOLVER_SCHEDULE_LINK|CHECK_PLAN_DELTA_RECOMPUTATION,EXPECTED_DETECTOR_MATCH,DETECTED_AS_PREREGISTERED,FAIL,PASS,FAIL,FAIL:CHECK_SCHEDULE_PROVENANCE_LINK,,434
AEI_P3_FORMAL_20260826T034308Z_9b5f3c2bdfbe,2,M4.01:634f3d08fd93ba622176ea6c9ff7ff1fb9d57a9b14f936f27d1460655fc20d72,634f3d08fd93ba622176ea6c9ff7ff1fb9d57a9b14f936f27d1460655fc20d72,M4,M4.01,CHECK_SCHEDULE_PROVENANCE_LINK|CHECK_SCHEDULE_LIFECYCLE_LINK|CHECK_SOLVER_SCHEDULE_LINK|CHECK_PLAN_DELTA_RECOMPUTATION,CHECK_SCHEDULE_PROVENANCE_LINK|CHECK_SCHEDULE_LIFECYCLE_LINK|CHECK_SOLVER_SCHEDULE_LINK|CHECK_PLAN_DELTA_RECOMPUTATION,EXPECTED_DETECTOR_MATCH,DETECTED_AS_PREREGISTERED,FAIL,PASS,FAIL,FAIL:CHECK_SCHEDULE_PROVENANCE_LINK,,435
AEI_P3_FORMAL_20260826T034308Z_9b5f3c2bdfbe,2,M4.01:73cdcc11d1c23e47664696979a9b12b94deb5da000c18f37a8d7c0b641090788,73cdcc11d1c23e47664696979a9b12b94deb5da000c18f37a8d7c0b641090788,M4,M4.01,CHECK_SCHEDULE_PROVENANCE_LINK|CHECK_SCHEDULE_LIFECYCLE_LINK|CHECK_SOLVER_SCHEDULE_LINK|CHECK_PLAN_DELTA_RECOMPUTATION,CHECK_SCHEDULE_PROVENANCE_LINK|CHECK_SCHEDULE_LIFECYCLE_LINK|CHECK_SOLVER_SCHEDULE_LINK|CHECK_PLAN_DELTA_RECOMPUTATION,EXPECTED_DETECTOR_MATCH,DETECTED_AS_PREREGISTERED,FAIL,PASS,FAIL,FAIL:CHECK_SCHEDULE_PROVENANCE_LINK,,436
AEI_P3_FORMAL_20260826T034308Z_9b5f3c2bdfbe,2,M4.01:7dc2cc636acd7eeb3db7367222360894cac918d6adca467d2f7a79960bbe8b1c,7dc2cc636acd7eeb3db7367222360894cac918d6adca467d2f7a79960bbe8b1c,M4,M4.01,CHECK_SCHEDULE_PROVENANCE_LINK|CHECK_SCHEDULE_LIFECYCLE_LINK|CHECK_SOLVER_SCHEDULE_LINK|CHECK_PLAN_DELTA_RECOMPUTATION,CHECK_SCHEDULE_PROVENANCE_LINK|CHECK_SCHEDULE_LIFECYCLE_LINK|CHECK_SOLVER_SCHEDULE_LINK|CHECK_PLAN_DELTA_RECOMPUTATION,EXPECTED_DETECTOR_MATCH,DETECTED_AS_PREREGISTERED,FAIL,PASS,FAIL,FAIL:CHECK_SCHEDULE_PROVENANCE_LINK,,437
AEI_P3_FORMAL_20260826T034308Z_9b5f3c2bdfbe,2,M4.01:8c60197386a54af6d06cac0996c81cbca4971ac83984afcf2a52fa27a5bb1b42,8c60197386a54af6d06cac0996c81cbca4971ac83984afcf2a52fa27a5bb1b42,M4,M4.01,CHECK_SCHEDULE_PROVENANCE_LINK|CHECK_SCHEDULE_LIFECYCLE_LINK|CHECK_SOLVER_SCHEDULE_LINK|CHECK_PLAN_DELTA_RECOMPUTATION,CHECK_SCHEDULE_PROVENANCE_LINK|CHECK_SCHEDULE_LIFECYCLE_LINK|CHECK_SOLVER_SCHEDULE_LINK|CHECK_PLAN_DELTA_RECOMPUTATION,EXPECTED_DETECTOR_MATCH,DETECTED_AS_PREREGISTERED,FAIL,PASS,FAIL,FAIL:CHECK_SCHEDULE_PROVENANCE_LINK,,438
AEI_P3_FORMAL_20260826T034308Z_9b5f3c2bdfbe,2,M4.01:8e3a1df6f55a6d53d21fd63c9dcda45cee6d1576c4989d45b40828d31e6d7281,8e3a1df6f55a6d53d21fd63c9dcda45cee6d1576c4989d45b40828d31e6d7281,M4,M4.01,CHECK_SCHEDULE_PROVENANCE_LINK|CHECK_SCHEDULE_LIFECYCLE_LINK|CHECK_SOLVER_SCHEDULE_LINK|CHECK_PLAN_DELTA_RECOMPUTATION,CHECK_SCHEDULE_PROVENANCE_LINK|CHECK_SCHEDULE_LIFECYCLE_LINK|CHECK_SOLVER_SCHEDULE_LINK|CHECK_PLAN_DELTA_RECOMPUTATION,EXPECTED_DETECTOR_MATCH,DETECTED_AS_PREREGISTERED,FAIL,PASS,FAIL,FAIL:CHECK_SCHEDULE_PROVENANCE_LINK,,439
AEI_P3_FORMAL_20260826T034308Z_9b5f3c2bdfbe,2,M4.01:97eb8ea8dfec0a163a4b54e1179247553055627de3df3d7a40c8879cacc64800,97eb8ea8dfec0a163a4b54e1179247553055627de3df3d7a40c8879cacc64800,M4,M4.01,CHECK_SCHEDULE_PROVENANCE_LINK|CHECK_SCHEDULE_LIFECYCLE_LINK|CHECK_SOLVER_SCHEDULE_LINK|CHECK_PLAN_DELTA_RECOMPUTATION,CHECK_SCHEDULE_PROVENANCE_LINK|CHECK_SCHEDULE_LIFECYCLE_LINK|CHECK_SOLVER_SCHEDULE_LINK|CHECK_PLAN_DELTA_RECOMPUTATION,EXPECTED_DETECTOR_MATCH,DETECTED_AS_PREREGISTERED,FAIL,PASS,FAIL,FAIL:CHECK_SCHEDULE_PROVENANCE_LINK,,440
AEI_P3_FORMAL_20260826T034308Z_9b5f3c2bdfbe,2,M4.01:9827288498c6ff63f3f7ec6f3bb833b53ac1c3cbaf59021addc82b6a8c08bae2,9827288498c6ff63f3f7ec6f3bb833b53ac1c3cbaf59021addc82b6a8c08bae2,M4,M4.01,CHECK_SCHEDULE_PROVENANCE_LINK|CHECK_SCHEDULE_LIFECYCLE_LINK|CHECK_SOLVER_SCHEDULE_LINK|CHECK_PLAN_DELTA_RECOMPUTATION,CHECK_SCHEDULE_PROVENANCE_LINK|CHECK_SCHEDULE_LIFECYCLE_LINK|CHECK_SOLVER_SCHEDULE_LINK|CHECK_PLAN_DELTA_RECOMPUTATION,EXPECTED_DETECTOR_MATCH,DETECTED_AS_PREREGISTERED,FAIL,PASS,FAIL,FAIL:CHECK_SCHEDULE_PROVENANCE_LINK,,441
AEI_P3_FORMAL_20260826T034308Z_9b5f3c2bdfbe,2,M4.01:9f7906189c782cba7c3a4cc9cb8785764c8ad3fb1e637423a7a310d6c438feb5,9f7906189c782cba7c3a4cc9cb8785764c8ad3fb1e637423a7a310d6c438feb5,M4,M4.01,CHECK_SCHEDULE_PROVENANCE_LINK|CHECK_SCHEDULE_LIFECYCLE_LINK|CHECK_SOLVER_SCHEDULE_LINK|CHECK_PLAN_DELTA_RECOMPUTATION,CHECK_SCHEDULE_PROVENANCE_LINK|CHECK_SCHEDULE_LIFECYCLE_LINK|CHECK_SOLVER_SCHEDULE_LINK|CHECK_PLAN_DELTA_RECOMPUTATION,EXPECTED_DETECTOR_MATCH,DETECTED_AS_PREREGISTERED,FAIL,PASS,FAIL,FAIL:CHECK_SCHEDULE_PROVENANCE_LINK,,442
AEI_P3_FORMAL_20260826T034308Z_9b5f3c2bdfbe,2,M4.01:aa5b4ee1688c71f1a3932cd7d9b629a08e31ef09728f3280c98c7636eecfb8d3,aa5b4ee1688c71f1a3932cd7d9b629a08e31ef09728f3280c98c7636eecfb8d3,M4,M4.01,CHECK_SCHEDULE_PROVENANCE_LINK|CHECK_SCHEDULE_LIFECYCLE_LINK|CHECK_SOLVER_SCHEDULE_LINK|CHECK_PLAN_DELTA_RECOMPUTATION,CHECK_SCHEDULE_PROVENANCE_LINK|CHECK_SCHEDULE_LIFECYCLE_LINK|CHECK_SOLVER_SCHEDULE_LINK|CHECK_PLAN_DELTA_RECOMPUTATION,EXPECTED_DETECTOR_MATCH,DETECTED_AS_PREREGISTERED,FAIL,PASS,FAIL,FAIL:CHECK_SCHEDULE_PROVENANCE_LINK,,443
AEI_P3_FORMAL_20260826T034308Z_9b5f3c2bdfbe,2,M4.01:aad646b14392b632d658225dedb7d3953424ab9ab19ebafdc67bd9a7f02eb50b,aad646b14392b632d658225dedb7d3953424ab9ab19ebafdc67bd9a7f02eb50b,M4,M4.01,CHECK_SCHEDULE_PROVENANCE_LINK|CHECK_SCHEDULE_LIFECYCLE_LINK|CHECK_SOLVER_SCHEDULE_LINK|CHECK_PLAN_DELTA_RECOMPUTATION,CHECK_SCHEDULE_PROVENANCE_LINK|CHECK_SCHEDULE_LIFECYCLE_LINK|CHECK_SOLVER_SCHEDULE_LINK|CHECK_PLAN_DELTA_RECOMPUTATION,EXPECTED_DETECTOR_MATCH,DETECTED_AS_PREREGISTERED,FAIL,PASS,FAIL,FAIL:CHECK_SCHEDULE_PROVENANCE_LINK,,444
AEI_P3_FORMAL_20260826T034308Z_9b5f3c2bdfbe,2,M4.01:abc8d6ba26b9728a25ebd17f4066aa5421f54fde1c1ef630cc33cb308c0fb8e5,abc8d6ba26b9728a25ebd17f4066aa5421f54fde1c1ef630cc33cb308c0fb8e5,M4,M4.01,CHECK_SCHEDULE_PROVENANCE_LINK|CHECK_SCHEDULE_LIFECYCLE_LINK|CHECK_SOLVER_SCHEDULE_LINK|CHECK_PLAN_DELTA_RECOMPUTATION,CHECK_SCHEDULE_PROVENANCE_LINK|CHECK_SCHEDULE_LIFECYCLE_LINK|CHECK_SOLVER_SCHEDULE_LINK|CHECK_PLAN_DELTA_RECOMPUTATION,EXPECTED_DETECTOR_MATCH,DETECTED_AS_PREREGISTERED,FAIL,PASS,FAIL,FAIL:CHECK_SCHEDULE_PROVENANCE_LINK,,445
AEI_P3_FORMAL_20260826T034308Z_9b5f3c2bdfbe,2,M4.01:b0f01f4c7ca822555039b9267d8985edbeb149abc0a710d6583cea634584f862,b0f01f4c7ca822555039b9267d8985edbeb149abc0a710d6583cea634584f862,M4,M4.01,CHECK_SCHEDULE_PROVENANCE_LINK|CHECK_SCHEDULE_LIFECYCLE_LINK|CHECK_SOLVER_SCHEDULE_LINK|CHECK_PLAN_DELTA_RECOMPUTATION,CHECK_SCHEDULE_PROVENANCE_LINK|CHECK_SCHEDULE_LIFECYCLE_LINK|CHECK_SOLVER_SCHEDULE_LINK|CHECK_PLAN_DELTA_RECOMPUTATION,EXPECTED_DETECTOR_MATCH,DETECTED_AS_PREREGISTERED,FAIL,PASS,FAIL,FAIL:CHECK_SCHEDULE_PROVENANCE_LINK,,446
AEI_P3_FORMAL_20260826T034308Z_9b5f3c2bdfbe,2,M4.01:b31f9c5cbf923f188771558357941c1a7d6a71089f67793c620cf7034a070eb2,b31f9c5cbf923f188771558357941c1a7d6a71089f67793c620cf7034a070eb2,M4,M4.01,CHECK_SCHEDULE_PROVENANCE_LINK|CHECK_SCHEDULE_LIFECYCLE_LINK|CHECK_SOLVER_SCHEDULE_LINK|CHECK_PLAN_DELTA_RECOMPUTATION,CHECK_SCHEDULE_PROVENANCE_LINK|CHECK_SCHEDULE_LIFECYCLE_LINK|CHECK_SOLVER_SCHEDULE_LINK|CHECK_PLAN_DELTA_RECOMPUTATION,EXPECTED_DETECTOR_MATCH,DETECTED_AS_PREREGISTERED,FAIL,PASS,FAIL,FAIL:CHECK_SCHEDULE_PROVENANCE_LINK,,447
AEI_P3_FORMAL_20260826T034308Z_9b5f3c2bdfbe,2,M4.01:b5c400c27e6dbb1cc8466c5ce68e1530b6d984599f3c01c36496b49b586ff5e3,b5c400c27e6dbb1cc8466c5ce68e1530b6d984599f3c01c36496b49b586ff5e3,M4,M4.01,CHECK_SCHEDULE_PROVENANCE_LINK|CHECK_SCHEDULE_LIFECYCLE_LINK|CHECK_SOLVER_SCHEDULE_LINK|CHECK_PLAN_DELTA_RECOMPUTATION,CHECK_SCHEDULE_PROVENANCE_LINK|CHECK_SCHEDULE_LIFECYCLE_LINK|CHECK_SOLVER_SCHEDULE_LINK|CHECK_PLAN_DELTA_RECOMPUTATION,EXPECTED_DETECTOR_MATCH,DETECTED_AS_PREREGISTERED,FAIL,PASS,FAIL,FAIL:CHECK_SCHEDULE_PROVENANCE_LINK,,448
AEI_P3_FORMAL_20260826T034308Z_9b5f3c2bdfbe,2,M4.01:bb3f15222034bdf87b9be499b27f859fe778b781693fd54677f83bd7531f0680,bb3f15222034bdf87b9be499b27f859fe778b781693fd54677f83bd7531f0680,M4,M4.01,CHECK_SCHEDULE_PROVENANCE_LINK|CHECK_SCHEDULE_LIFECYCLE_LINK|CHECK_SOLVER_SCHEDULE_LINK|CHECK_PLAN_DELTA_RECOMPUTATION,CHECK_SCHEDULE_PROVENANCE_LINK|CHECK_SCHEDULE_LIFECYCLE_LINK|CHECK_SOLVER_SCHEDULE_LINK|CHECK_PLAN_DELTA_RECOMPUTATION,EXPECTED_DETECTOR_MATCH,DETECTED_AS_PREREGISTERED,FAIL,PASS,FAIL,FAIL:CHECK_SCHEDULE_PROVENANCE_LINK,,449
AEI_P3_FORMAL_20260826T034308Z_9b5f3c2bdfbe,2,M4.01:ce18361670bfbcde2f3ff22167187aecef9164dedbf1198bc7563c147804780e,ce18361670bfbcde2f3ff22167187aecef9164dedbf1198bc7563c147804780e,M4,M4.01,CHECK_SCHEDULE_PROVENANCE_LINK|CHECK_SCHEDULE_LIFECYCLE_LINK|CHECK_SOLVER_SCHEDULE_LINK|CHECK_PLAN_DELTA_RECOMPUTATION,CHECK_SCHEDULE_PROVENANCE_LINK|CHECK_SCHEDULE_LIFECYCLE_LINK|CHECK_SOLVER_SCHEDULE_LINK|CHECK_PLAN_DELTA_RECOMPUTATION,EXPECTED_DETECTOR_MATCH,DETECTED_AS_PREREGISTERED,FAIL,PASS,FAIL,FAIL:CHECK_SCHEDULE_PROVENANCE_LINK,,450
AEI_P3_FORMAL_20260826T034308Z_9b5f3c2bdfbe,2,M4.01:ceae66508816dc9f5458c925c89f155658e6c78710a8753d337ac385481cc1bf,ceae66508816dc9f5458c925c89f155658e6c78710a8753d337ac385481cc1bf,M4,M4.01,CHECK_SCHEDULE_PROVENANCE_LINK|CHECK_SCHEDULE_LIFECYCLE_LINK|CHECK_SOLVER_SCHEDULE_LINK|CHECK_PLAN_DELTA_RECOMPUTATION,CHECK_SCHEDULE_PROVENANCE_LINK|CHECK_SCHEDULE_LIFECYCLE_LINK|CHECK_SOLVER_SCHEDULE_LINK|CHECK_PLAN_DELTA_RECOMPUTATION,EXPECTED_DETECTOR_MATCH,DETECTED_AS_PREREGISTERED,FAIL,PASS,FAIL,FAIL:CHECK_SCHEDULE_PROVENANCE_LINK,,451
AEI_P3_FORMAL_20260826T034308Z_9b5f3c2bdfbe,2,M4.01:d093d52f24139c1b6fb09b775beedd000f1a7b3716df906d7d36e91e7e848265,d093d52f24139c1b6fb09b775beedd000f1a7b3716df906d7d36e91e7e848265,M4,M4.01,CHECK_SCHEDULE_PROVENANCE_LINK|CHECK_SCHEDULE_LIFECYCLE_LINK|CHECK_SOLVER_SCHEDULE_LINK|CHECK_PLAN_DELTA_RECOMPUTATION,CHECK_SCHEDULE_PROVENANCE_LINK|CHECK_SCHEDULE_LIFECYCLE_LINK|CHECK_SOLVER_SCHEDULE_LINK|CHECK_PLAN_DELTA_RECOMPUTATION,EXPECTED_DETECTOR_MATCH,DETECTED_AS_PREREGISTERED,FAIL,PASS,FAIL,FAIL:CHECK_SCHEDULE_PROVENANCE_LINK,,452
AEI_P3_FORMAL_20260826T034308Z_9b5f3c2bdfbe,2,M4.01:d4b957654a5efd71168d6f7e67936e6abf4666ceb41e7919635002157b125411,d4b957654a5efd71168d6f7e67936e6abf4666ceb41e7919635002157b125411,M4,M4.01,CHECK_SCHEDULE_PROVENANCE_LINK|CHECK_SCHEDULE_LIFECYCLE_LINK|CHECK_SOLVER_SCHEDULE_LINK|CHECK_PLAN_DELTA_RECOMPUTATION,CHECK_SCHEDULE_PROVENANCE_LINK|CHECK_SCHEDULE_LIFECYCLE_LINK|CHECK_SOLVER_SCHEDULE_LINK|CHECK_PLAN_DELTA_RECOMPUTATION,EXPECTED_DETECTOR_MATCH,DETECTED_AS_PREREGISTERED,FAIL,PASS,FAIL,FAIL:CHECK_SCHEDULE_PROVENANCE_LINK,,453
AEI_P3_FORMAL_20260826T034308Z_9b5f3c2bdfbe,2,M4.01:d598e89b357205c7b4bd47c5ebbe933f8be1f7c8dcdee85e66ec6829cafb91d3,d598e89b357205c7b4bd47c5ebbe933f8be1f7c8dcdee85e66ec6829cafb91d3,M4,M4.01,CHECK_SCHEDULE_PROVENANCE_LINK|CHECK_SCHEDULE_LIFECYCLE_LINK|CHECK_SOLVER_SCHEDULE_LINK|CHECK_PLAN_DELTA_RECOMPUTATION,CHECK_SCHEDULE_PROVENANCE_LINK|CHECK_SCHEDULE_LIFECYCLE_LINK|CHECK_SOLVER_SCHEDULE_LINK|CHECK_PLAN_DELTA_RECOMPUTATION,EXPECTED_DETECTOR_MATCH,DETECTED_AS_PREREGISTERED,FAIL,PASS,FAIL,FAIL:CHECK_SCHEDULE_PROVENANCE_LINK,,454
AEI_P3_FORMAL_20260826T034308Z_9b5f3c2bdfbe,2,M4.01:eb3670bbe434a59cc94347384a5d50fb526d26a00dbf6da73e54438c4bacc2a0,eb3670bbe434a59cc94347384a5d50fb526d26a00dbf6da73e54438c4bacc2a0,M4,M4.01,CHECK_SCHEDULE_PROVENANCE_LINK|CHECK_SCHEDULE_LIFECYCLE_LINK|CHECK_SOLVER_SCHEDULE_LINK|CHECK_PLAN_DELTA_RECOMPUTATION,CHECK_SCHEDULE_PROVENANCE_LINK|CHECK_SCHEDULE_LIFECYCLE_LINK|CHECK_SOLVER_SCHEDULE_LINK|CHECK_PLAN_DELTA_RECOMPUTATION,EXPECTED_DETECTOR_MATCH,DETECTED_AS_PREREGISTERED,FAIL,PASS,FAIL,FAIL:CHECK_SCHEDULE_PROVENANCE_LINK,,455
AEI_P3_FORMAL_20260826T034308Z_9b5f3c2bdfbe,2,M4.01:f1e5fc58ea336e13c098308a2da00dee7de3dd3aa08d6170df4a3cb1afd09795,f1e5fc58ea336e13c098308a2da00dee7de3dd3aa08d6170df4a3cb1afd09795,M4,M4.01,CHECK_SCHEDULE_PROVENANCE_LINK|CHECK_SCHEDULE_LIFECYCLE_LINK|CHECK_SOLVER_SCHEDULE_LINK|CHECK_PLAN_DELTA_RECOMPUTATION,CHECK_SCHEDULE_PROVENANCE_LINK|CHECK_SCHEDULE_LIFECYCLE_LINK|CHECK_SOLVER_SCHEDULE_LINK|CHECK_PLAN_DELTA_RECOMPUTATION,EXPECTED_DETECTOR_MATCH,DETECTED_AS_PREREGISTERED,FAIL,PASS,FAIL,FAIL:CHECK_SCHEDULE_PROVENANCE_LINK,,456
AEI_P3_FORMAL_20260826T034308Z_9b5f3c2bdfbe,2,M4.01:f583baa2dad1527b5f84f71805410ee51b78fce2b1be62de49f1636c06821c7b,f583baa2dad1527b5f84f71805410ee51b78fce2b1be62de49f1636c06821c7b,M4,M4.01,CHECK_SCHEDULE_PROVENANCE_LINK|CHECK_SCHEDULE_LIFECYCLE_LINK|CHECK_SOLVER_SCHEDULE_LINK|CHECK_PLAN_DELTA_RECOMPUTATION,CHECK_SCHEDULE_PROVENANCE_LINK|CHECK_SCHEDULE_LIFECYCLE_LINK|CHECK_SOLVER_SCHEDULE_LINK|CHECK_PLAN_DELTA_RECOMPUTATION,EXPECTED_DETECTOR_MATCH,DETECTED_AS_PREREGISTERED,FAIL,PASS,FAIL,FAIL:CHECK_SCHEDULE_PROVENANCE_LINK,,457
AEI_P3_FORMAL_20260826T034308Z_9b5f3c2bdfbe,2,M4.01:f64f55ad9277004ae441909cd6556d26eeaf73d3eb3c537384be703615149f96,f64f55ad9277004ae441909cd6556d26eeaf73d3eb3c537384be703615149f96,M4,M4.01,CHECK_SCHEDULE_PROVENANCE_LINK|CHECK_SCHEDULE_LIFECYCLE_LINK|CHECK_SOLVER_SCHEDULE_LINK|CHECK_PLAN_DELTA_RECOMPUTATION,CHECK_SCHEDULE_PROVENANCE_LINK|CHECK_SCHEDULE_LIFECYCLE_LINK|CHECK_SOLVER_SCHEDULE_LINK|CHECK_PLAN_DELTA_RECOMPUTATION,EXPECTED_DETECTOR_MATCH,DETECTED_AS_PREREGISTERED,FAIL,PASS,FAIL,FAIL:CHECK_SCHEDULE_PROVENANCE_LINK,,458
AEI_P3_FORMAL_20260826T034308Z_9b5f3c2bdfbe,2,M4.01:f80e8a50e0815fda9eef8635e52671f3888786c4daef5767b8da7b74e4311646,f80e8a50e0815fda9eef8635e52671f3888786c4daef5767b8da7b74e4311646,M4,M4.01,CHECK_SCHEDULE_PROVENANCE_LINK|CHECK_SCHEDULE_LIFECYCLE_LINK|CHECK_SOLVER_SCHEDULE_LINK|CHECK_PLAN_DELTA_RECOMPUTATION,CHECK_SCHEDULE_PROVENANCE_LINK|CHECK_SCHEDULE_LIFECYCLE_LINK|CHECK_SOLVER_SCHEDULE_LINK|CHECK_PLAN_DELTA_RECOMPUTATION,EXPECTED_DETECTOR_MATCH,DETECTED_AS_PREREGISTERED,FAIL,PASS,FAIL,FAIL:CHECK_SCHEDULE_PROVENANCE_LINK,,459
AEI_P3_FORMAL_20260826T034308Z_9b5f3c2bdfbe,2,M4.01:f9ade00b139ce33674b05d1766de3ec85779abfd83f893a7b2437817100901d9,f9ade00b139ce33674b05d1766de3ec85779abfd83f893a7b2437817100901d9,M4,M4.01,CHECK_SCHEDULE_PROVENANCE_LINK|CHECK_SCHEDULE_LIFECYCLE_LINK|CHECK_SOLVER_SCHEDULE_LINK|CHECK_PLAN_DELTA_RECOMPUTATION,CHECK_SCHEDULE_PROVENANCE_LINK|CHECK_SCHEDULE_LIFECYCLE_LINK|CHECK_SOLVER_SCHEDULE_LINK|CHECK_PLAN_DELTA_RECOMPUTATION,EXPECTED_DETECTOR_MATCH,DETECTED_AS_PREREGISTERED,FAIL,PASS,FAIL,FAIL:CHECK_SCHEDULE_PROVENANCE_LINK,,460
AEI_P3_FORMAL_20260826T034308Z_9b5f3c2bdfbe,2,M4.01:feb26c8ce25b99d6b090e07fca86c8e2dbf3ff2d6b891634c4c71b179329ab47,feb26c8ce25b99d6b090e07fca86c8e2dbf3ff2d6b891634c4c71b179329ab47,M4,M4.01,CHECK_SCHEDULE_PROVENANCE_LINK|CHECK_SCHEDULE_LIFECYCLE_LINK|CHECK_SOLVER_SCHEDULE_LINK|CHECK_PLAN_DELTA_RECOMPUTATION,CHECK_SCHEDULE_PROVENANCE_LINK|CHECK_SCHEDULE_LIFECYCLE_LINK|CHECK_SOLVER_SCHEDULE_LINK|CHECK_PLAN_DELTA_RECOMPUTATION,EXPECTED_DETECTOR_MATCH,DETECTED_AS_PREREGISTERED,FAIL,PASS,FAIL,FAIL:CHECK_SCHEDULE_PROVENANCE_LINK,,461
AEI_P3_FORMAL_20260826T034308Z_9b5f3c2bdfbe,2,M5.01:052b2dfeb855619b4e74c70e7155e5699a6aebc572c887f1432462ecf4afce6b,052b2dfeb855619b4e74c70e7155e5699a6aebc572c887f1432462ecf4afce6b,M5,M5.01,CHECK_PARENT_SCHEDULE_HASH,CHECK_PARENT_SCHEDULE_HASH,EXPECTED_DETECTOR_MATCH,DETECTED_AS_PREREGISTERED,FAIL,PASS,FAIL,FAIL:CHECK_PARENT_SCHEDULE_HASH,,462
AEI_P3_FORMAL_20260826T034308Z_9b5f3c2bdfbe,2,M5.01:0edc936e36dbd00367c35ec096b127c69211776f53ead8d7b9619a78d9b3beb5,0edc936e36dbd00367c35ec096b127c69211776f53ead8d7b9619a78d9b3beb5,M5,M5.01,CHECK_PARENT_SCHEDULE_HASH,CHECK_PARENT_SCHEDULE_HASH,EXPECTED_DETECTOR_MATCH,DETECTED_AS_PREREGISTERED,FAIL,PASS,FAIL,FAIL:CHECK_PARENT_SCHEDULE_HASH,,463
AEI_P3_FORMAL_20260826T034308Z_9b5f3c2bdfbe,2,M5.01:19993579c580ecb799e1ce158990340e547863ae75c4be153b97908cb5cd08a2,19993579c580ecb799e1ce158990340e547863ae75c4be153b97908cb5cd08a2,M5,M5.01,CHECK_PARENT_SCHEDULE_HASH,CHECK_PARENT_SCHEDULE_HASH,EXPECTED_DETECTOR_MATCH,DETECTED_AS_PREREGISTERED,FAIL,PASS,FAIL,FAIL:CHECK_PARENT_SCHEDULE_HASH,,464
AEI_P3_FORMAL_20260826T034308Z_9b5f3c2bdfbe,2,M5.01:1bb3dc3f26212de23def1f2ca0d598d344fea56b8a73247e2f6390ebea07946d,1bb3dc3f26212de23def1f2ca0d598d344fea56b8a73247e2f6390ebea07946d,M5,M5.01,CHECK_PARENT_SCHEDULE_HASH,CHECK_PARENT_SCHEDULE_HASH,EXPECTED_DETECTOR_MATCH,DETECTED_AS_PREREGISTERED,FAIL,PASS,FAIL,FAIL:CHECK_PARENT_SCHEDULE_HASH,,465
AEI_P3_FORMAL_20260826T034308Z_9b5f3c2bdfbe,2,M5.01:2443e5a3d32298289c0b98d2a7d3a03cbf4194a7adecf97293b0ac348944ba9e,2443e5a3d32298289c0b98d2a7d3a03cbf4194a7adecf97293b0ac348944ba9e,M5,M5.01,CHECK_PARENT_SCHEDULE_HASH,CHECK_PARENT_SCHEDULE_HASH,EXPECTED_DETECTOR_MATCH,DETECTED_AS_PREREGISTERED,FAIL,PASS,FAIL,FAIL:CHECK_PARENT_SCHEDULE_HASH,,466
AEI_P3_FORMAL_20260826T034308Z_9b5f3c2bdfbe,2,M5.01:245cb7ed72fd0a10da80157bd648a7ae9e8bd9ef722909fe778d274715ad67b3,245cb7ed72fd0a10da80157bd648a7ae9e8bd9ef722909fe778d274715ad67b3,M5,M5.01,CHECK_PARENT_SCHEDULE_HASH,CHECK_PARENT_SCHEDULE_HASH,EXPECTED_DETECTOR_MATCH,DETECTED_AS_PREREGISTERED,FAIL,PASS,FAIL,FAIL:CHECK_PARENT_SCHEDULE_HASH,,467
AEI_P3_FORMAL_20260826T034308Z_9b5f3c2bdfbe,2,M5.01:268469c82535bf1ba82a82324d755f40ad8bc7255c875b8e25c2d7943cff1ff3,268469c82535bf1ba82a82324d755f40ad8bc7255c875b8e25c2d7943cff1ff3,M5,M5.01,CHECK_PARENT_SCHEDULE_HASH,CHECK_PARENT_SCHEDULE_HASH,EXPECTED_DETECTOR_MATCH,DETECTED_AS_PREREGISTERED,FAIL,PASS,FAIL,FAIL:CHECK_PARENT_SCHEDULE_HASH,,468
AEI_P3_FORMAL_20260826T034308Z_9b5f3c2bdfbe,2,M5.01:2908e9ba69598735be8757d9b153473f5bacec1feb89ecff91ce994824a10178,2908e9ba69598735be8757d9b153473f5bacec1feb89ecff91ce994824a10178,M5,M5.01,CHECK_PARENT_SCHEDULE_HASH,CHECK_PARENT_SCHEDULE_HASH,EXPECTED_DETECTOR_MATCH,DETECTED_AS_PREREGISTERED,FAIL,PASS,FAIL,FAIL:CHECK_PARENT_SCHEDULE_HASH,,469
AEI_P3_FORMAL_20260826T034308Z_9b5f3c2bdfbe,2,M5.01:474b6ef7aac2feb7cb9195d7d3644f0d53d378eb4518ef87a9a2f7714d8ef3d5,474b6ef7aac2feb7cb9195d7d3644f0d53d378eb4518ef87a9a2f7714d8ef3d5,M5,M5.01,CHECK_PARENT_SCHEDULE_HASH,CHECK_PARENT_SCHEDULE_HASH,EXPECTED_DETECTOR_MATCH,DETECTED_AS_PREREGISTERED,FAIL,PASS,FAIL,FAIL:CHECK_PARENT_SCHEDULE_HASH,,470
AEI_P3_FORMAL_20260826T034308Z_9b5f3c2bdfbe,2,M5.01:4fafb9a13ff5e2fda82a804bf609727b68a17926d69ae1574c4801604ec81359,4fafb9a13ff5e2fda82a804bf609727b68a17926d69ae1574c4801604ec81359,M5,M5.01,CHECK_PARENT_SCHEDULE_HASH,CHECK_PARENT_SCHEDULE_HASH,EXPECTED_DETECTOR_MATCH,DETECTED_AS_PREREGISTERED,FAIL,PASS,FAIL,FAIL:CHECK_PARENT_SCHEDULE_HASH,,471
AEI_P3_FORMAL_20260826T034308Z_9b5f3c2bdfbe,2,M5.01:54349d927b9070c144f507868f9ef8b962c7c926426b33c3a7e0c88f715b246a,54349d927b9070c144f507868f9ef8b962c7c926426b33c3a7e0c88f715b246a,M5,M5.01,CHECK_PARENT_SCHEDULE_HASH,CHECK_PARENT_SCHEDULE_HASH,EXPECTED_DETECTOR_MATCH,DETECTED_AS_PREREGISTERED,FAIL,PASS,FAIL,FAIL:CHECK_PARENT_SCHEDULE_HASH,,472
AEI_P3_FORMAL_20260826T034308Z_9b5f3c2bdfbe,2,M5.01:558b8365de15727bf495595ed539867872c185b280ea249712f3b1d5f8674cd5,558b8365de15727bf495595ed539867872c185b280ea249712f3b1d5f8674cd5,M5,M5.01,CHECK_PARENT_SCHEDULE_HASH,CHECK_PARENT_SCHEDULE_HASH,EXPECTED_DETECTOR_MATCH,DETECTED_AS_PREREGISTERED,FAIL,PASS,FAIL,FAIL:CHECK_PARENT_SCHEDULE_HASH,,473
AEI_P3_FORMAL_20260826T034308Z_9b5f3c2bdfbe,2,M5.01:5ecccd77f46ab5549088b57686632a9eb5ccf1a5a977fbe35cfae6a50eca52bb,5ecccd77f46ab5549088b57686632a9eb5ccf1a5a977fbe35cfae6a50eca52bb,M5,M5.01,CHECK_PARENT_SCHEDULE_HASH,CHECK_PARENT_SCHEDULE_HASH,EXPECTED_DETECTOR_MATCH,DETECTED_AS_PREREGISTERED,FAIL,PASS,FAIL,FAIL:CHECK_PARENT_SCHEDULE_HASH,,474
AEI_P3_FORMAL_20260826T034308Z_9b5f3c2bdfbe,2,M5.01:5f24b2bbe16d5c8f667064d5031553e1dd9c4d9dbb7e0757cb922d9ba47928d5,5f24b2bbe16d5c8f667064d5031553e1dd9c4d9dbb7e0757cb922d9ba47928d5,M5,M5.01,CHECK_PARENT_SCHEDULE_HASH,CHECK_PARENT_SCHEDULE_HASH,EXPECTED_DETECTOR_MATCH,DETECTED_AS_PREREGISTERED,FAIL,PASS,FAIL,FAIL:CHECK_PARENT_SCHEDULE_HASH,,475
AEI_P3_FORMAL_20260826T034308Z_9b5f3c2bdfbe,2,M5.01:61f77c0251bcd2bbb51e6bff7e048bfcda7139b4e796314d32b47961ac3b5c1b,61f77c0251bcd2bbb51e6bff7e048bfcda7139b4e796314d32b47961ac3b5c1b,M5,M5.01,CHECK_PARENT_SCHEDULE_HASH,CHECK_PARENT_SCHEDULE_HASH,EXPECTED_DETECTOR_MATCH,DETECTED_AS_PREREGISTERED,FAIL,PASS,FAIL,FAIL:CHECK_PARENT_SCHEDULE_HASH,,476
AEI_P3_FORMAL_20260826T034308Z_9b5f3c2bdfbe,2,M5.01:634f3d08fd93ba622176ea6c9ff7ff1fb9d57a9b14f936f27d1460655fc20d72,634f3d08fd93ba622176ea6c9ff7ff1fb9d57a9b14f936f27d1460655fc20d72,M5,M5.01,CHECK_PARENT_SCHEDULE_HASH,CHECK_PARENT_SCHEDULE_HASH,EXPECTED_DETECTOR_MATCH,DETECTED_AS_PREREGISTERED,FAIL,PASS,FAIL,FAIL:CHECK_PARENT_SCHEDULE_HASH,,477
AEI_P3_FORMAL_20260826T034308Z_9b5f3c2bdfbe,2,M5.01:73cdcc11d1c23e47664696979a9b12b94deb5da000c18f37a8d7c0b641090788,73cdcc11d1c23e47664696979a9b12b94deb5da000c18f37a8d7c0b641090788,M5,M5.01,CHECK_PARENT_SCHEDULE_HASH,CHECK_PARENT_SCHEDULE_HASH,EXPECTED_DETECTOR_MATCH,DETECTED_AS_PREREGISTERED,FAIL,PASS,FAIL,FAIL:CHECK_PARENT_SCHEDULE_HASH,,478
AEI_P3_FORMAL_20260826T034308Z_9b5f3c2bdfbe,2,M5.01:7dc2cc636acd7eeb3db7367222360894cac918d6adca467d2f7a79960bbe8b1c,7dc2cc636acd7eeb3db7367222360894cac918d6adca467d2f7a79960bbe8b1c,M5,M5.01,CHECK_PARENT_SCHEDULE_HASH,CHECK_PARENT_SCHEDULE_HASH,EXPECTED_DETECTOR_MATCH,DETECTED_AS_PREREGISTERED,FAIL,PASS,FAIL,FAIL:CHECK_PARENT_SCHEDULE_HASH,,479
AEI_P3_FORMAL_20260826T034308Z_9b5f3c2bdfbe,2,M5.01:8c60197386a54af6d06cac0996c81cbca4971ac83984afcf2a52fa27a5bb1b42,8c60197386a54af6d06cac0996c81cbca4971ac83984afcf2a52fa27a5bb1b42,M5,M5.01,CHECK_PARENT_SCHEDULE_HASH,CHECK_PARENT_SCHEDULE_HASH,EXPECTED_DETECTOR_MATCH,DETECTED_AS_PREREGISTERED,FAIL,PASS,FAIL,FAIL:CHECK_PARENT_SCHEDULE_HASH,,480
AEI_P3_FORMAL_20260826T034308Z_9b5f3c2bdfbe,2,M5.01:8e3a1df6f55a6d53d21fd63c9dcda45cee6d1576c4989d45b40828d31e6d7281,8e3a1df6f55a6d53d21fd63c9dcda45cee6d1576c4989d45b40828d31e6d7281,M5,M5.01,CHECK_PARENT_SCHEDULE_HASH,CHECK_PARENT_SCHEDULE_HASH,EXPECTED_DETECTOR_MATCH,DETECTED_AS_PREREGISTERED,FAIL,PASS,FAIL,FAIL:CHECK_PARENT_SCHEDULE_HASH,,481
AEI_P3_FORMAL_20260826T034308Z_9b5f3c2bdfbe,2,M5.01:97eb8ea8dfec0a163a4b54e1179247553055627de3df3d7a40c8879cacc64800,97eb8ea8dfec0a163a4b54e1179247553055627de3df3d7a40c8879cacc64800,M5,M5.01,CHECK_PARENT_SCHEDULE_HASH,CHECK_PARENT_SCHEDULE_HASH,EXPECTED_DETECTOR_MATCH,DETECTED_AS_PREREGISTERED,FAIL,PASS,FAIL,FAIL:CHECK_PARENT_SCHEDULE_HASH,,482
AEI_P3_FORMAL_20260826T034308Z_9b5f3c2bdfbe,2,M5.01:9827288498c6ff63f3f7ec6f3bb833b53ac1c3cbaf59021addc82b6a8c08bae2,9827288498c6ff63f3f7ec6f3bb833b53ac1c3cbaf59021addc82b6a8c08bae2,M5,M5.01,CHECK_PARENT_SCHEDULE_HASH,CHECK_PARENT_SCHEDULE_HASH,EXPECTED_DETECTOR_MATCH,DETECTED_AS_PREREGISTERED,FAIL,PASS,FAIL,FAIL:CHECK_PARENT_SCHEDULE_HASH,,483
AEI_P3_FORMAL_20260826T034308Z_9b5f3c2bdfbe,2,M5.01:9f7906189c782cba7c3a4cc9cb8785764c8ad3fb1e637423a7a310d6c438feb5,9f7906189c782cba7c3a4cc9cb8785764c8ad3fb1e637423a7a310d6c438feb5,M5,M5.01,CHECK_PARENT_SCHEDULE_HASH,CHECK_PARENT_SCHEDULE_HASH,EXPECTED_DETECTOR_MATCH,DETECTED_AS_PREREGISTERED,FAIL,PASS,FAIL,FAIL:CHECK_PARENT_SCHEDULE_HASH,,484
AEI_P3_FORMAL_20260826T034308Z_9b5f3c2bdfbe,2,M5.01:aa5b4ee1688c71f1a3932cd7d9b629a08e31ef09728f3280c98c7636eecfb8d3,aa5b4ee1688c71f1a3932cd7d9b629a08e31ef09728f3280c98c7636eecfb8d3,M5,M5.01,CHECK_PARENT_SCHEDULE_HASH,CHECK_PARENT_SCHEDULE_HASH,EXPECTED_DETECTOR_MATCH,DETECTED_AS_PREREGISTERED,FAIL,PASS,FAIL,FAIL:CHECK_PARENT_SCHEDULE_HASH,,485
AEI_P3_FORMAL_20260826T034308Z_9b5f3c2bdfbe,2,M5.01:aad646b14392b632d658225dedb7d3953424ab9ab19ebafdc67bd9a7f02eb50b,aad646b14392b632d658225dedb7d3953424ab9ab19ebafdc67bd9a7f02eb50b,M5,M5.01,CHECK_PARENT_SCHEDULE_HASH,CHECK_PARENT_SCHEDULE_HASH,EXPECTED_DETECTOR_MATCH,DETECTED_AS_PREREGISTERED,FAIL,PASS,FAIL,FAIL:CHECK_PARENT_SCHEDULE_HASH,,486
AEI_P3_FORMAL_20260826T034308Z_9b5f3c2bdfbe,2,M5.01:abc8d6ba26b9728a25ebd17f4066aa5421f54fde1c1ef630cc33cb308c0fb8e5,abc8d6ba26b9728a25ebd17f4066aa5421f54fde1c1ef630cc33cb308c0fb8e5,M5,M5.01,CHECK_PARENT_SCHEDULE_HASH,CHECK_PARENT_SCHEDULE_HASH,EXPECTED_DETECTOR_MATCH,DETECTED_AS_PREREGISTERED,FAIL,PASS,FAIL,FAIL:CHECK_PARENT_SCHEDULE_HASH,,487
AEI_P3_FORMAL_20260826T034308Z_9b5f3c2bdfbe,2,M5.01:b0f01f4c7ca822555039b9267d8985edbeb149abc0a710d6583cea634584f862,b0f01f4c7ca822555039b9267d8985edbeb149abc0a710d6583cea634584f862,M5,M5.01,CHECK_PARENT_SCHEDULE_HASH,CHECK_PARENT_SCHEDULE_HASH,EXPECTED_DETECTOR_MATCH,DETECTED_AS_PREREGISTERED,FAIL,PASS,FAIL,FAIL:CHECK_PARENT_SCHEDULE_HASH,,488
AEI_P3_FORMAL_20260826T034308Z_9b5f3c2bdfbe,2,M5.01:b31f9c5cbf923f188771558357941c1a7d6a71089f67793c620cf7034a070eb2,b31f9c5cbf923f188771558357941c1a7d6a71089f67793c620cf7034a070eb2,M5,M5.01,CHECK_PARENT_SCHEDULE_HASH,CHECK_PARENT_SCHEDULE_HASH,EXPECTED_DETECTOR_MATCH,DETECTED_AS_PREREGISTERED,FAIL,PASS,FAIL,FAIL:CHECK_PARENT_SCHEDULE_HASH,,489
AEI_P3_FORMAL_20260826T034308Z_9b5f3c2bdfbe,2,M5.01:b5c400c27e6dbb1cc8466c5ce68e1530b6d984599f3c01c36496b49b586ff5e3,b5c400c27e6dbb1cc8466c5ce68e1530b6d984599f3c01c36496b49b586ff5e3,M5,M5.01,CHECK_PARENT_SCHEDULE_HASH,CHECK_PARENT_SCHEDULE_HASH,EXPECTED_DETECTOR_MATCH,DETECTED_AS_PREREGISTERED,FAIL,PASS,FAIL,FAIL:CHECK_PARENT_SCHEDULE_HASH,,490
AEI_P3_FORMAL_20260826T034308Z_9b5f3c2bdfbe,2,M5.01:bb3f15222034bdf87b9be499b27f859fe778b781693fd54677f83bd7531f0680,bb3f15222034bdf87b9be499b27f859fe778b781693fd54677f83bd7531f0680,M5,M5.01,CHECK_PARENT_SCHEDULE_HASH,CHECK_PARENT_SCHEDULE_HASH,EXPECTED_DETECTOR_MATCH,DETECTED_AS_PREREGISTERED,FAIL,PASS,FAIL,FAIL:CHECK_PARENT_SCHEDULE_HASH,,491
AEI_P3_FORMAL_20260826T034308Z_9b5f3c2bdfbe,2,M5.01:ce18361670bfbcde2f3ff22167187aecef9164dedbf1198bc7563c147804780e,ce18361670bfbcde2f3ff22167187aecef9164dedbf1198bc7563c147804780e,M5,M5.01,CHECK_PARENT_SCHEDULE_HASH,CHECK_PARENT_SCHEDULE_HASH,EXPECTED_DETECTOR_MATCH,DETECTED_AS_PREREGISTERED,FAIL,PASS,FAIL,FAIL:CHECK_PARENT_SCHEDULE_HASH,,492
AEI_P3_FORMAL_20260826T034308Z_9b5f3c2bdfbe,2,M5.01:ceae66508816dc9f5458c925c89f155658e6c78710a8753d337ac385481cc1bf,ceae66508816dc9f5458c925c89f155658e6c78710a8753d337ac385481cc1bf,M5,M5.01,CHECK_PARENT_SCHEDULE_HASH,CHECK_PARENT_SCHEDULE_HASH,EXPECTED_DETECTOR_MATCH,DETECTED_AS_PREREGISTERED,FAIL,PASS,FAIL,FAIL:CHECK_PARENT_SCHEDULE_HASH,,493
AEI_P3_FORMAL_20260826T034308Z_9b5f3c2bdfbe,2,M5.01:d093d52f24139c1b6fb09b775beedd000f1a7b3716df906d7d36e91e7e848265,d093d52f24139c1b6fb09b775beedd000f1a7b3716df906d7d36e91e7e848265,M5,M5.01,CHECK_PARENT_SCHEDULE_HASH,CHECK_PARENT_SCHEDULE_HASH,EXPECTED_DETECTOR_MATCH,DETECTED_AS_PREREGISTERED,FAIL,PASS,FAIL,FAIL:CHECK_PARENT_SCHEDULE_HASH,,494
AEI_P3_FORMAL_20260826T034308Z_9b5f3c2bdfbe,2,M5.01:d4b957654a5efd71168d6f7e67936e6abf4666ceb41e7919635002157b125411,d4b957654a5efd71168d6f7e67936e6abf4666ceb41e7919635002157b125411,M5,M5.01,CHECK_PARENT_SCHEDULE_HASH,CHECK_PARENT_SCHEDULE_HASH,EXPECTED_DETECTOR_MATCH,DETECTED_AS_PREREGISTERED,FAIL,PASS,FAIL,FAIL:CHECK_PARENT_SCHEDULE_HASH,,495
AEI_P3_FORMAL_20260826T034308Z_9b5f3c2bdfbe,2,M5.01:d598e89b357205c7b4bd47c5ebbe933f8be1f7c8dcdee85e66ec6829cafb91d3,d598e89b357205c7b4bd47c5ebbe933f8be1f7c8dcdee85e66ec6829cafb91d3,M5,M5.01,CHECK_PARENT_SCHEDULE_HASH,CHECK_PARENT_SCHEDULE_HASH,EXPECTED_DETECTOR_MATCH,DETECTED_AS_PREREGISTERED,FAIL,PASS,FAIL,FAIL:CHECK_PARENT_SCHEDULE_HASH,,496
AEI_P3_FORMAL_20260826T034308Z_9b5f3c2bdfbe,2,M5.01:eb3670bbe434a59cc94347384a5d50fb526d26a00dbf6da73e54438c4bacc2a0,eb3670bbe434a59cc94347384a5d50fb526d26a00dbf6da73e54438c4bacc2a0,M5,M5.01,CHECK_PARENT_SCHEDULE_HASH,CHECK_PARENT_SCHEDULE_HASH,EXPECTED_DETECTOR_MATCH,DETECTED_AS_PREREGISTERED,FAIL,PASS,FAIL,FAIL:CHECK_PARENT_SCHEDULE_HASH,,497
AEI_P3_FORMAL_20260826T034308Z_9b5f3c2bdfbe,2,M5.01:f1e5fc58ea336e13c098308a2da00dee7de3dd3aa08d6170df4a3cb1afd09795,f1e5fc58ea336e13c098308a2da00dee7de3dd3aa08d6170df4a3cb1afd09795,M5,M5.01,CHECK_PARENT_SCHEDULE_HASH,CHECK_PARENT_SCHEDULE_HASH,EXPECTED_DETECTOR_MATCH,DETECTED_AS_PREREGISTERED,FAIL,PASS,FAIL,FAIL:CHECK_PARENT_SCHEDULE_HASH,,498
AEI_P3_FORMAL_20260826T034308Z_9b5f3c2bdfbe,2,M5.01:f583baa2dad1527b5f84f71805410ee51b78fce2b1be62de49f1636c06821c7b,f583baa2dad1527b5f84f71805410ee51b78fce2b1be62de49f1636c06821c7b,M5,M5.01,CHECK_PARENT_SCHEDULE_HASH,CHECK_PARENT_SCHEDULE_HASH,EXPECTED_DETECTOR_MATCH,DETECTED_AS_PREREGISTERED,FAIL,PASS,FAIL,FAIL:CHECK_PARENT_SCHEDULE_HASH,,499
AEI_P3_FORMAL_20260826T034308Z_9b5f3c2bdfbe,2,M5.01:f64f55ad9277004ae441909cd6556d26eeaf73d3eb3c537384be703615149f96,f64f55ad9277004ae441909cd6556d26eeaf73d3eb3c537384be703615149f96,M5,M5.01,CHECK_PARENT_SCHEDULE_HASH,CHECK_PARENT_SCHEDULE_HASH,EXPECTED_DETECTOR_MATCH,DETECTED_AS_PREREGISTERED,FAIL,PASS,FAIL,FAIL:CHECK_PARENT_SCHEDULE_HASH,,500
AEI_P3_FORMAL_20260826T034308Z_9b5f3c2bdfbe,2,M5.01:f80e8a50e0815fda9eef8635e52671f3888786c4daef5767b8da7b74e4311646,f80e8a50e0815fda9eef8635e52671f3888786c4daef5767b8da7b74e4311646,M5,M5.01,CHECK_PARENT_SCHEDULE_HASH,CHECK_PARENT_SCHEDULE_HASH,EXPECTED_DETECTOR_MATCH,DETECTED_AS_PREREGISTERED,FAIL,PASS,FAIL,FAIL:CHECK_PARENT_SCHEDULE_HASH,,501
AEI_P3_FORMAL_20260826T034308Z_9b5f3c2bdfbe,2,M5.01:f9ade00b139ce33674b05d1766de3ec85779abfd83f893a7b2437817100901d9,f9ade00b139ce33674b05d1766de3ec85779abfd83f893a7b2437817100901d9,M5,M5.01,CHECK_PARENT_SCHEDULE_HASH,CHECK_PARENT_SCHEDULE_HASH,EXPECTED_DETECTOR_MATCH,DETECTED_AS_PREREGISTERED,FAIL,PASS,FAIL,FAIL:CHECK_PARENT_SCHEDULE_HASH,,502
AEI_P3_FORMAL_20260826T034308Z_9b5f3c2bdfbe,2,M5.01:feb26c8ce25b99d6b090e07fca86c8e2dbf3ff2d6b891634c4c71b179329ab47,feb26c8ce25b99d6b090e07fca86c8e2dbf3ff2d6b891634c4c71b179329ab47,M5,M5.01,CHECK_PARENT_SCHEDULE_HASH,CHECK_PARENT_SCHEDULE_HASH,EXPECTED_DETECTOR_MATCH,DETECTED_AS_PREREGISTERED,FAIL,PASS,FAIL,FAIL:CHECK_PARENT_SCHEDULE_HASH,,503
AEI_P3_FORMAL_20260826T034308Z_9b5f3c2bdfbe,2,M6.01:052b2dfeb855619b4e74c70e7155e5699a6aebc572c887f1432462ecf4afce6b,052b2dfeb855619b4e74c70e7155e5699a6aebc572c887f1432462ecf4afce6b,M6,M6.01,CHECK_LIFECYCLE_VERSION_SEQUENCE,CHECK_LIFECYCLE_VERSION_SEQUENCE|CHECK_LIFECYCLE_PROVENANCE_LINK,EXPECTED_DETECTOR_MATCH,DETECTED_AS_PREREGISTERED,FAIL,PASS,FAIL,FAIL:CHECK_LIFECYCLE_VERSION_SEQUENCE,,504
AEI_P3_FORMAL_20260826T034308Z_9b5f3c2bdfbe,2,M6.01:0edc936e36dbd00367c35ec096b127c69211776f53ead8d7b9619a78d9b3beb5,0edc936e36dbd00367c35ec096b127c69211776f53ead8d7b9619a78d9b3beb5,M6,M6.01,CHECK_LIFECYCLE_VERSION_SEQUENCE,CHECK_LIFECYCLE_VERSION_SEQUENCE|CHECK_LIFECYCLE_PROVENANCE_LINK,EXPECTED_DETECTOR_MATCH,DETECTED_AS_PREREGISTERED,FAIL,PASS,FAIL,FAIL:CHECK_LIFECYCLE_VERSION_SEQUENCE,,505
AEI_P3_FORMAL_20260826T034308Z_9b5f3c2bdfbe,2,M6.01:19993579c580ecb799e1ce158990340e547863ae75c4be153b97908cb5cd08a2,19993579c580ecb799e1ce158990340e547863ae75c4be153b97908cb5cd08a2,M6,M6.01,CHECK_LIFECYCLE_VERSION_SEQUENCE,CHECK_LIFECYCLE_VERSION_SEQUENCE|CHECK_LIFECYCLE_PROVENANCE_LINK,EXPECTED_DETECTOR_MATCH,DETECTED_AS_PREREGISTERED,FAIL,PASS,FAIL,FAIL:CHECK_LIFECYCLE_VERSION_SEQUENCE,,506
AEI_P3_FORMAL_20260826T034308Z_9b5f3c2bdfbe,2,M6.01:1bb3dc3f26212de23def1f2ca0d598d344fea56b8a73247e2f6390ebea07946d,1bb3dc3f26212de23def1f2ca0d598d344fea56b8a73247e2f6390ebea07946d,M6,M6.01,CHECK_LIFECYCLE_VERSION_SEQUENCE,CHECK_LIFECYCLE_VERSION_SEQUENCE|CHECK_LIFECYCLE_PROVENANCE_LINK,EXPECTED_DETECTOR_MATCH,DETECTED_AS_PREREGISTERED,FAIL,PASS,FAIL,FAIL:CHECK_LIFECYCLE_VERSION_SEQUENCE,,507
AEI_P3_FORMAL_20260826T034308Z_9b5f3c2bdfbe,2,M6.01:2443e5a3d32298289c0b98d2a7d3a03cbf4194a7adecf97293b0ac348944ba9e,2443e5a3d32298289c0b98d2a7d3a03cbf4194a7adecf97293b0ac348944ba9e,M6,M6.01,CHECK_LIFECYCLE_VERSION_SEQUENCE,CHECK_LIFECYCLE_VERSION_SEQUENCE|CHECK_LIFECYCLE_PROVENANCE_LINK,EXPECTED_DETECTOR_MATCH,DETECTED_AS_PREREGISTERED,FAIL,PASS,FAIL,FAIL:CHECK_LIFECYCLE_VERSION_SEQUENCE,,508
AEI_P3_FORMAL_20260826T034308Z_9b5f3c2bdfbe,2,M6.01:245cb7ed72fd0a10da80157bd648a7ae9e8bd9ef722909fe778d274715ad67b3,245cb7ed72fd0a10da80157bd648a7ae9e8bd9ef722909fe778d274715ad67b3,M6,M6.01,CHECK_LIFECYCLE_VERSION_SEQUENCE,CHECK_LIFECYCLE_VERSION_SEQUENCE|CHECK_LIFECYCLE_PROVENANCE_LINK,EXPECTED_DETECTOR_MATCH,DETECTED_AS_PREREGISTERED,FAIL,PASS,FAIL,FAIL:CHECK_LIFECYCLE_VERSION_SEQUENCE,,509
AEI_P3_FORMAL_20260826T034308Z_9b5f3c2bdfbe,2,M6.01:268469c82535bf1ba82a82324d755f40ad8bc7255c875b8e25c2d7943cff1ff3,268469c82535bf1ba82a82324d755f40ad8bc7255c875b8e25c2d7943cff1ff3,M6,M6.01,CHECK_LIFECYCLE_VERSION_SEQUENCE,CHECK_LIFECYCLE_VERSION_SEQUENCE|CHECK_LIFECYCLE_PROVENANCE_LINK,EXPECTED_DETECTOR_MATCH,DETECTED_AS_PREREGISTERED,FAIL,PASS,FAIL,FAIL:CHECK_LIFECYCLE_VERSION_SEQUENCE,,510
AEI_P3_FORMAL_20260826T034308Z_9b5f3c2bdfbe,2,M6.01:2908e9ba69598735be8757d9b153473f5bacec1feb89ecff91ce994824a10178,2908e9ba69598735be8757d9b153473f5bacec1feb89ecff91ce994824a10178,M6,M6.01,CHECK_LIFECYCLE_VERSION_SEQUENCE,CHECK_LIFECYCLE_VERSION_SEQUENCE|CHECK_LIFECYCLE_PROVENANCE_LINK,EXPECTED_DETECTOR_MATCH,DETECTED_AS_PREREGISTERED,FAIL,PASS,FAIL,FAIL:CHECK_LIFECYCLE_VERSION_SEQUENCE,,511
AEI_P3_FORMAL_20260826T034308Z_9b5f3c2bdfbe,2,M6.01:474b6ef7aac2feb7cb9195d7d3644f0d53d378eb4518ef87a9a2f7714d8ef3d5,474b6ef7aac2feb7cb9195d7d3644f0d53d378eb4518ef87a9a2f7714d8ef3d5,M6,M6.01,CHECK_LIFECYCLE_VERSION_SEQUENCE,CHECK_LIFECYCLE_VERSION_SEQUENCE|CHECK_LIFECYCLE_PROVENANCE_LINK,EXPECTED_DETECTOR_MATCH,DETECTED_AS_PREREGISTERED,FAIL,PASS,FAIL,FAIL:CHECK_LIFECYCLE_VERSION_SEQUENCE,,512
AEI_P3_FORMAL_20260826T034308Z_9b5f3c2bdfbe,2,M6.01:4fafb9a13ff5e2fda82a804bf609727b68a17926d69ae1574c4801604ec81359,4fafb9a13ff5e2fda82a804bf609727b68a17926d69ae1574c4801604ec81359,M6,M6.01,CHECK_LIFECYCLE_VERSION_SEQUENCE,CHECK_LIFECYCLE_VERSION_SEQUENCE|CHECK_LIFECYCLE_PROVENANCE_LINK,EXPECTED_DETECTOR_MATCH,DETECTED_AS_PREREGISTERED,FAIL,PASS,FAIL,FAIL:CHECK_LIFECYCLE_VERSION_SEQUENCE,,513
AEI_P3_FORMAL_20260826T034308Z_9b5f3c2bdfbe,2,M6.01:54349d927b9070c144f507868f9ef8b962c7c926426b33c3a7e0c88f715b246a,54349d927b9070c144f507868f9ef8b962c7c926426b33c3a7e0c88f715b246a,M6,M6.01,CHECK_LIFECYCLE_VERSION_SEQUENCE,CHECK_LIFECYCLE_VERSION_SEQUENCE|CHECK_LIFECYCLE_PROVENANCE_LINK,EXPECTED_DETECTOR_MATCH,DETECTED_AS_PREREGISTERED,FAIL,PASS,FAIL,FAIL:CHECK_LIFECYCLE_VERSION_SEQUENCE,,514
AEI_P3_FORMAL_20260826T034308Z_9b5f3c2bdfbe,2,M6.01:558b8365de15727bf495595ed539867872c185b280ea249712f3b1d5f8674cd5,558b8365de15727bf495595ed539867872c185b280ea249712f3b1d5f8674cd5,M6,M6.01,CHECK_LIFECYCLE_VERSION_SEQUENCE,CHECK_LIFECYCLE_VERSION_SEQUENCE|CHECK_LIFECYCLE_PROVENANCE_LINK,EXPECTED_DETECTOR_MATCH,DETECTED_AS_PREREGISTERED,FAIL,PASS,FAIL,FAIL:CHECK_LIFECYCLE_VERSION_SEQUENCE,,515
AEI_P3_FORMAL_20260826T034308Z_9b5f3c2bdfbe,2,M6.01:5ecccd77f46ab5549088b57686632a9eb5ccf1a5a977fbe35cfae6a50eca52bb,5ecccd77f46ab5549088b57686632a9eb5ccf1a5a977fbe35cfae6a50eca52bb,M6,M6.01,CHECK_LIFECYCLE_VERSION_SEQUENCE,CHECK_LIFECYCLE_VERSION_SEQUENCE|CHECK_LIFECYCLE_PROVENANCE_LINK,EXPECTED_DETECTOR_MATCH,DETECTED_AS_PREREGISTERED,FAIL,PASS,FAIL,FAIL:CHECK_LIFECYCLE_VERSION_SEQUENCE,,516
AEI_P3_FORMAL_20260826T034308Z_9b5f3c2bdfbe,2,M6.01:5f24b2bbe16d5c8f667064d5031553e1dd9c4d9dbb7e0757cb922d9ba47928d5,5f24b2bbe16d5c8f667064d5031553e1dd9c4d9dbb7e0757cb922d9ba47928d5,M6,M6.01,CHECK_LIFECYCLE_VERSION_SEQUENCE,CHECK_LIFECYCLE_VERSION_SEQUENCE|CHECK_LIFECYCLE_PROVENANCE_LINK,EXPECTED_DETECTOR_MATCH,DETECTED_AS_PREREGISTERED,FAIL,PASS,FAIL,FAIL:CHECK_LIFECYCLE_VERSION_SEQUENCE,,517
AEI_P3_FORMAL_20260826T034308Z_9b5f3c2bdfbe,2,M6.01:61f77c0251bcd2bbb51e6bff7e048bfcda7139b4e796314d32b47961ac3b5c1b,61f77c0251bcd2bbb51e6bff7e048bfcda7139b4e796314d32b47961ac3b5c1b,M6,M6.01,CHECK_LIFECYCLE_VERSION_SEQUENCE,CHECK_LIFECYCLE_VERSION_SEQUENCE|CHECK_LIFECYCLE_PROVENANCE_LINK,EXPECTED_DETECTOR_MATCH,DETECTED_AS_PREREGISTERED,FAIL,PASS,FAIL,FAIL:CHECK_LIFECYCLE_VERSION_SEQUENCE,,518
AEI_P3_FORMAL_20260826T034308Z_9b5f3c2bdfbe,2,M6.01:634f3d08fd93ba622176ea6c9ff7ff1fb9d57a9b14f936f27d1460655fc20d72,634f3d08fd93ba622176ea6c9ff7ff1fb9d57a9b14f936f27d1460655fc20d72,M6,M6.01,CHECK_LIFECYCLE_VERSION_SEQUENCE,CHECK_LIFECYCLE_VERSION_SEQUENCE|CHECK_LIFECYCLE_PROVENANCE_LINK,EXPECTED_DETECTOR_MATCH,DETECTED_AS_PREREGISTERED,FAIL,PASS,FAIL,FAIL:CHECK_LIFECYCLE_VERSION_SEQUENCE,,519
AEI_P3_FORMAL_20260826T034308Z_9b5f3c2bdfbe,2,M6.01:73cdcc11d1c23e47664696979a9b12b94deb5da000c18f37a8d7c0b641090788,73cdcc11d1c23e47664696979a9b12b94deb5da000c18f37a8d7c0b641090788,M6,M6.01,CHECK_LIFECYCLE_VERSION_SEQUENCE,CHECK_LIFECYCLE_VERSION_SEQUENCE|CHECK_LIFECYCLE_PROVENANCE_LINK,EXPECTED_DETECTOR_MATCH,DETECTED_AS_PREREGISTERED,FAIL,PASS,FAIL,FAIL:CHECK_LIFECYCLE_VERSION_SEQUENCE,,520
AEI_P3_FORMAL_20260826T034308Z_9b5f3c2bdfbe,2,M6.01:7dc2cc636acd7eeb3db7367222360894cac918d6adca467d2f7a79960bbe8b1c,7dc2cc636acd7eeb3db7367222360894cac918d6adca467d2f7a79960bbe8b1c,M6,M6.01,CHECK_LIFECYCLE_VERSION_SEQUENCE,CHECK_LIFECYCLE_VERSION_SEQUENCE|CHECK_LIFECYCLE_PROVENANCE_LINK,EXPECTED_DETECTOR_MATCH,DETECTED_AS_PREREGISTERED,FAIL,PASS,FAIL,FAIL:CHECK_LIFECYCLE_VERSION_SEQUENCE,,521
AEI_P3_FORMAL_20260826T034308Z_9b5f3c2bdfbe,2,M6.01:8c60197386a54af6d06cac0996c81cbca4971ac83984afcf2a52fa27a5bb1b42,8c60197386a54af6d06cac0996c81cbca4971ac83984afcf2a52fa27a5bb1b42,M6,M6.01,CHECK_LIFECYCLE_VERSION_SEQUENCE,CHECK_LIFECYCLE_VERSION_SEQUENCE|CHECK_LIFECYCLE_PROVENANCE_LINK,EXPECTED_DETECTOR_MATCH,DETECTED_AS_PREREGISTERED,FAIL,PASS,FAIL,FAIL:CHECK_LIFECYCLE_VERSION_SEQUENCE,,522
AEI_P3_FORMAL_20260826T034308Z_9b5f3c2bdfbe,2,M6.01:8e3a1df6f55a6d53d21fd63c9dcda45cee6d1576c4989d45b40828d31e6d7281,8e3a1df6f55a6d53d21fd63c9dcda45cee6d1576c4989d45b40828d31e6d7281,M6,M6.01,CHECK_LIFECYCLE_VERSION_SEQUENCE,CHECK_LIFECYCLE_VERSION_SEQUENCE|CHECK_LIFECYCLE_PROVENANCE_LINK,EXPECTED_DETECTOR_MATCH,DETECTED_AS_PREREGISTERED,FAIL,PASS,FAIL,FAIL:CHECK_LIFECYCLE_VERSION_SEQUENCE,,523
AEI_P3_FORMAL_20260826T034308Z_9b5f3c2bdfbe,2,M6.01:97eb8ea8dfec0a163a4b54e1179247553055627de3df3d7a40c8879cacc64800,97eb8ea8dfec0a163a4b54e1179247553055627de3df3d7a40c8879cacc64800,M6,M6.01,CHECK_LIFECYCLE_VERSION_SEQUENCE,CHECK_LIFECYCLE_VERSION_SEQUENCE|CHECK_LIFECYCLE_PROVENANCE_LINK,EXPECTED_DETECTOR_MATCH,DETECTED_AS_PREREGISTERED,FAIL,PASS,FAIL,FAIL:CHECK_LIFECYCLE_VERSION_SEQUENCE,,524
AEI_P3_FORMAL_20260826T034308Z_9b5f3c2bdfbe,2,M6.01:9827288498c6ff63f3f7ec6f3bb833b53ac1c3cbaf59021addc82b6a8c08bae2,9827288498c6ff63f3f7ec6f3bb833b53ac1c3cbaf59021addc82b6a8c08bae2,M6,M6.01,CHECK_LIFECYCLE_VERSION_SEQUENCE,CHECK_LIFECYCLE_VERSION_SEQUENCE|CHECK_LIFECYCLE_PROVENANCE_LINK,EXPECTED_DETECTOR_MATCH,DETECTED_AS_PREREGISTERED,FAIL,PASS,FAIL,FAIL:CHECK_LIFECYCLE_VERSION_SEQUENCE,,525
AEI_P3_FORMAL_20260826T034308Z_9b5f3c2bdfbe,2,M6.01:9f7906189c782cba7c3a4cc9cb8785764c8ad3fb1e637423a7a310d6c438feb5,9f7906189c782cba7c3a4cc9cb8785764c8ad3fb1e637423a7a310d6c438feb5,M6,M6.01,CHECK_LIFECYCLE_VERSION_SEQUENCE,CHECK_LIFECYCLE_VERSION_SEQUENCE|CHECK_LIFECYCLE_PROVENANCE_LINK,EXPECTED_DETECTOR_MATCH,DETECTED_AS_PREREGISTERED,FAIL,PASS,FAIL,FAIL:CHECK_LIFECYCLE_VERSION_SEQUENCE,,526
AEI_P3_FORMAL_20260826T034308Z_9b5f3c2bdfbe,2,M6.01:aa5b4ee1688c71f1a3932cd7d9b629a08e31ef09728f3280c98c7636eecfb8d3,aa5b4ee1688c71f1a3932cd7d9b629a08e31ef09728f3280c98c7636eecfb8d3,M6,M6.01,CHECK_LIFECYCLE_VERSION_SEQUENCE,CHECK_LIFECYCLE_VERSION_SEQUENCE|CHECK_LIFECYCLE_PROVENANCE_LINK,EXPECTED_DETECTOR_MATCH,DETECTED_AS_PREREGISTERED,FAIL,PASS,FAIL,FAIL:CHECK_LIFECYCLE_VERSION_SEQUENCE,,527
AEI_P3_FORMAL_20260826T034308Z_9b5f3c2bdfbe,2,M6.01:aad646b14392b632d658225dedb7d3953424ab9ab19ebafdc67bd9a7f02eb50b,aad646b14392b632d658225dedb7d3953424ab9ab19ebafdc67bd9a7f02eb50b,M6,M6.01,CHECK_LIFECYCLE_VERSION_SEQUENCE,CHECK_LIFECYCLE_VERSION_SEQUENCE|CHECK_LIFECYCLE_PROVENANCE_LINK,EXPECTED_DETECTOR_MATCH,DETECTED_AS_PREREGISTERED,FAIL,PASS,FAIL,FAIL:CHECK_LIFECYCLE_VERSION_SEQUENCE,,528
AEI_P3_FORMAL_20260826T034308Z_9b5f3c2bdfbe,2,M6.01:abc8d6ba26b9728a25ebd17f4066aa5421f54fde1c1ef630cc33cb308c0fb8e5,abc8d6ba26b9728a25ebd17f4066aa5421f54fde1c1ef630cc33cb308c0fb8e5,M6,M6.01,CHECK_LIFECYCLE_VERSION_SEQUENCE,CHECK_LIFECYCLE_VERSION_SEQUENCE|CHECK_LIFECYCLE_PROVENANCE_LINK,EXPECTED_DETECTOR_MATCH,DETECTED_AS_PREREGISTERED,FAIL,PASS,FAIL,FAIL:CHECK_LIFECYCLE_VERSION_SEQUENCE,,529
AEI_P3_FORMAL_20260826T034308Z_9b5f3c2bdfbe,2,M6.01:b0f01f4c7ca822555039b9267d8985edbeb149abc0a710d6583cea634584f862,b0f01f4c7ca822555039b9267d8985edbeb149abc0a710d6583cea634584f862,M6,M6.01,CHECK_LIFECYCLE_VERSION_SEQUENCE,CHECK_LIFECYCLE_VERSION_SEQUENCE|CHECK_LIFECYCLE_PROVENANCE_LINK,EXPECTED_DETECTOR_MATCH,DETECTED_AS_PREREGISTERED,FAIL,PASS,FAIL,FAIL:CHECK_LIFECYCLE_VERSION_SEQUENCE,,530
AEI_P3_FORMAL_20260826T034308Z_9b5f3c2bdfbe,2,M6.01:b31f9c5cbf923f188771558357941c1a7d6a71089f67793c620cf7034a070eb2,b31f9c5cbf923f188771558357941c1a7d6a71089f67793c620cf7034a070eb2,M6,M6.01,CHECK_LIFECYCLE_VERSION_SEQUENCE,CHECK_LIFECYCLE_VERSION_SEQUENCE|CHECK_LIFECYCLE_PROVENANCE_LINK,EXPECTED_DETECTOR_MATCH,DETECTED_AS_PREREGISTERED,FAIL,PASS,FAIL,FAIL:CHECK_LIFECYCLE_VERSION_SEQUENCE,,531
AEI_P3_FORMAL_20260826T034308Z_9b5f3c2bdfbe,2,M6.01:b5c400c27e6dbb1cc8466c5ce68e1530b6d984599f3c01c36496b49b586ff5e3,b5c400c27e6dbb1cc8466c5ce68e1530b6d984599f3c01c36496b49b586ff5e3,M6,M6.01,CHECK_LIFECYCLE_VERSION_SEQUENCE,CHECK_LIFECYCLE_VERSION_SEQUENCE|CHECK_LIFECYCLE_PROVENANCE_LINK,EXPECTED_DETECTOR_MATCH,DETECTED_AS_PREREGISTERED,FAIL,PASS,FAIL,FAIL:CHECK_LIFECYCLE_VERSION_SEQUENCE,,532
AEI_P3_FORMAL_20260826T034308Z_9b5f3c2bdfbe,2,M6.01:bb3f15222034bdf87b9be499b27f859fe778b781693fd54677f83bd7531f0680,bb3f15222034bdf87b9be499b27f859fe778b781693fd54677f83bd7531f0680,M6,M6.01,CHECK_LIFECYCLE_VERSION_SEQUENCE,CHECK_LIFECYCLE_VERSION_SEQUENCE|CHECK_LIFECYCLE_PROVENANCE_LINK,EXPECTED_DETECTOR_MATCH,DETECTED_AS_PREREGISTERED,FAIL,PASS,FAIL,FAIL:CHECK_LIFECYCLE_VERSION_SEQUENCE,,533
AEI_P3_FORMAL_20260826T034308Z_9b5f3c2bdfbe,2,M6.01:ce18361670bfbcde2f3ff22167187aecef9164dedbf1198bc7563c147804780e,ce18361670bfbcde2f3ff22167187aecef9164dedbf1198bc7563c147804780e,M6,M6.01,CHECK_LIFECYCLE_VERSION_SEQUENCE,CHECK_LIFECYCLE_VERSION_SEQUENCE|CHECK_LIFECYCLE_PROVENANCE_LINK,EXPECTED_DETECTOR_MATCH,DETECTED_AS_PREREGISTERED,FAIL,PASS,FAIL,FAIL:CHECK_LIFECYCLE_VERSION_SEQUENCE,,534
AEI_P3_FORMAL_20260826T034308Z_9b5f3c2bdfbe,2,M6.01:ceae66508816dc9f5458c925c89f155658e6c78710a8753d337ac385481cc1bf,ceae66508816dc9f5458c925c89f155658e6c78710a8753d337ac385481cc1bf,M6,M6.01,CHECK_LIFECYCLE_VERSION_SEQUENCE,CHECK_LIFECYCLE_VERSION_SEQUENCE|CHECK_LIFECYCLE_PROVENANCE_LINK,EXPECTED_DETECTOR_MATCH,DETECTED_AS_PREREGISTERED,FAIL,PASS,FAIL,FAIL:CHECK_LIFECYCLE_VERSION_SEQUENCE,,535
AEI_P3_FORMAL_20260826T034308Z_9b5f3c2bdfbe,2,M6.01:d093d52f24139c1b6fb09b775beedd000f1a7b3716df906d7d36e91e7e848265,d093d52f24139c1b6fb09b775beedd000f1a7b3716df906d7d36e91e7e848265,M6,M6.01,CHECK_LIFECYCLE_VERSION_SEQUENCE,CHECK_LIFECYCLE_VERSION_SEQUENCE|CHECK_LIFECYCLE_PROVENANCE_LINK,EXPECTED_DETECTOR_MATCH,DETECTED_AS_PREREGISTERED,FAIL,PASS,FAIL,FAIL:CHECK_LIFECYCLE_VERSION_SEQUENCE,,536
AEI_P3_FORMAL_20260826T034308Z_9b5f3c2bdfbe,2,M6.01:d4b957654a5efd71168d6f7e67936e6abf4666ceb41e7919635002157b125411,d4b957654a5efd71168d6f7e67936e6abf4666ceb41e7919635002157b125411,M6,M6.01,CHECK_LIFECYCLE_VERSION_SEQUENCE,CHECK_LIFECYCLE_VERSION_SEQUENCE|CHECK_LIFECYCLE_PROVENANCE_LINK,EXPECTED_DETECTOR_MATCH,DETECTED_AS_PREREGISTERED,FAIL,PASS,FAIL,FAIL:CHECK_LIFECYCLE_VERSION_SEQUENCE,,537
AEI_P3_FORMAL_20260826T034308Z_9b5f3c2bdfbe,2,M6.01:d598e89b357205c7b4bd47c5ebbe933f8be1f7c8dcdee85e66ec6829cafb91d3,d598e89b357205c7b4bd47c5ebbe933f8be1f7c8dcdee85e66ec6829cafb91d3,M6,M6.01,CHECK_LIFECYCLE_VERSION_SEQUENCE,CHECK_LIFECYCLE_VERSION_SEQUENCE|CHECK_LIFECYCLE_PROVENANCE_LINK,EXPECTED_DETECTOR_MATCH,DETECTED_AS_PREREGISTERED,FAIL,PASS,FAIL,FAIL:CHECK_LIFECYCLE_VERSION_SEQUENCE,,538
AEI_P3_FORMAL_20260826T034308Z_9b5f3c2bdfbe,2,M6.01:eb3670bbe434a59cc94347384a5d50fb526d26a00dbf6da73e54438c4bacc2a0,eb3670bbe434a59cc94347384a5d50fb526d26a00dbf6da73e54438c4bacc2a0,M6,M6.01,CHECK_LIFECYCLE_VERSION_SEQUENCE,CHECK_LIFECYCLE_VERSION_SEQUENCE|CHECK_LIFECYCLE_PROVENANCE_LINK,EXPECTED_DETECTOR_MATCH,DETECTED_AS_PREREGISTERED,FAIL,PASS,FAIL,FAIL:CHECK_LIFECYCLE_VERSION_SEQUENCE,,539
AEI_P3_FORMAL_20260826T034308Z_9b5f3c2bdfbe,2,M6.01:f1e5fc58ea336e13c098308a2da00dee7de3dd3aa08d6170df4a3cb1afd09795,f1e5fc58ea336e13c098308a2da00dee7de3dd3aa08d6170df4a3cb1afd09795,M6,M6.01,CHECK_LIFECYCLE_VERSION_SEQUENCE,CHECK_LIFECYCLE_VERSION_SEQUENCE|CHECK_LIFECYCLE_PROVENANCE_LINK,EXPECTED_DETECTOR_MATCH,DETECTED_AS_PREREGISTERED,FAIL,PASS,FAIL,FAIL:CHECK_LIFECYCLE_VERSION_SEQUENCE,,540
AEI_P3_FORMAL_20260826T034308Z_9b5f3c2bdfbe,2,M6.01:f583baa2dad1527b5f84f71805410ee51b78fce2b1be62de49f1636c06821c7b,f583baa2dad1527b5f84f71805410ee51b78fce2b1be62de49f1636c06821c7b,M6,M6.01,CHECK_LIFECYCLE_VERSION_SEQUENCE,CHECK_LIFECYCLE_VERSION_SEQUENCE|CHECK_LIFECYCLE_PROVENANCE_LINK,EXPECTED_DETECTOR_MATCH,DETECTED_AS_PREREGISTERED,FAIL,PASS,FAIL,FAIL:CHECK_LIFECYCLE_VERSION_SEQUENCE,,541
AEI_P3_FORMAL_20260826T034308Z_9b5f3c2bdfbe,2,M6.01:f64f55ad9277004ae441909cd6556d26eeaf73d3eb3c537384be703615149f96,f64f55ad9277004ae441909cd6556d26eeaf73d3eb3c537384be703615149f96,M6,M6.01,CHECK_LIFECYCLE_VERSION_SEQUENCE,CHECK_LIFECYCLE_VERSION_SEQUENCE|CHECK_LIFECYCLE_PROVENANCE_LINK,EXPECTED_DETECTOR_MATCH,DETECTED_AS_PREREGISTERED,FAIL,PASS,FAIL,FAIL:CHECK_LIFECYCLE_VERSION_SEQUENCE,,542
AEI_P3_FORMAL_20260826T034308Z_9b5f3c2bdfbe,2,M6.01:f80e8a50e0815fda9eef8635e52671f3888786c4daef5767b8da7b74e4311646,f80e8a50e0815fda9eef8635e52671f3888786c4daef5767b8da7b74e4311646,M6,M6.01,CHECK_LIFECYCLE_VERSION_SEQUENCE,CHECK_LIFECYCLE_VERSION_SEQUENCE|CHECK_LIFECYCLE_PROVENANCE_LINK,EXPECTED_DETECTOR_MATCH,DETECTED_AS_PREREGISTERED,FAIL,PASS,FAIL,FAIL:CHECK_LIFECYCLE_VERSION_SEQUENCE,,543
AEI_P3_FORMAL_20260826T034308Z_9b5f3c2bdfbe,2,M6.01:f9ade00b139ce33674b05d1766de3ec85779abfd83f893a7b2437817100901d9,f9ade00b139ce33674b05d1766de3ec85779abfd83f893a7b2437817100901d9,M6,M6.01,CHECK_LIFECYCLE_VERSION_SEQUENCE,CHECK_LIFECYCLE_VERSION_SEQUENCE|CHECK_LIFECYCLE_PROVENANCE_LINK,EXPECTED_DETECTOR_MATCH,DETECTED_AS_PREREGISTERED,FAIL,PASS,FAIL,FAIL:CHECK_LIFECYCLE_VERSION_SEQUENCE,,544
AEI_P3_FORMAL_20260826T034308Z_9b5f3c2bdfbe,2,M6.01:feb26c8ce25b99d6b090e07fca86c8e2dbf3ff2d6b891634c4c71b179329ab47,feb26c8ce25b99d6b090e07fca86c8e2dbf3ff2d6b891634c4c71b179329ab47,M6,M6.01,CHECK_LIFECYCLE_VERSION_SEQUENCE,CHECK_LIFECYCLE_VERSION_SEQUENCE|CHECK_LIFECYCLE_PROVENANCE_LINK,EXPECTED_DETECTOR_MATCH,DETECTED_AS_PREREGISTERED,FAIL,PASS,FAIL,FAIL:CHECK_LIFECYCLE_VERSION_SEQUENCE,,545
AEI_P3_FORMAL_20260826T034308Z_9b5f3c2bdfbe,2,M7.01:052b2dfeb855619b4e74c70e7155e5699a6aebc572c887f1432462ecf4afce6b,052b2dfeb855619b4e74c70e7155e5699a6aebc572c887f1432462ecf4afce6b,M7,M7.01,CHECK_PLAN_DELTA_RECOMPUTATION,CHECK_PLAN_DELTA_RECOMPUTATION,EXPECTED_DETECTOR_MATCH,DETECTED_AS_PREREGISTERED,FAIL,PASS,FAIL,FAIL:CHECK_PLAN_DELTA_RECOMPUTATION,,546
AEI_P3_FORMAL_20260826T034308Z_9b5f3c2bdfbe,2,M7.01:0edc936e36dbd00367c35ec096b127c69211776f53ead8d7b9619a78d9b3beb5,0edc936e36dbd00367c35ec096b127c69211776f53ead8d7b9619a78d9b3beb5,M7,M7.01,CHECK_PLAN_DELTA_RECOMPUTATION,CHECK_PLAN_DELTA_RECOMPUTATION,EXPECTED_DETECTOR_MATCH,DETECTED_AS_PREREGISTERED,FAIL,PASS,FAIL,FAIL:CHECK_PLAN_DELTA_RECOMPUTATION,,547
AEI_P3_FORMAL_20260826T034308Z_9b5f3c2bdfbe,2,M7.01:19993579c580ecb799e1ce158990340e547863ae75c4be153b97908cb5cd08a2,19993579c580ecb799e1ce158990340e547863ae75c4be153b97908cb5cd08a2,M7,M7.01,CHECK_PLAN_DELTA_RECOMPUTATION,CHECK_PLAN_DELTA_RECOMPUTATION,EXPECTED_DETECTOR_MATCH,DETECTED_AS_PREREGISTERED,FAIL,PASS,FAIL,FAIL:CHECK_PLAN_DELTA_RECOMPUTATION,,548
AEI_P3_FORMAL_20260826T034308Z_9b5f3c2bdfbe,2,M7.01:1bb3dc3f26212de23def1f2ca0d598d344fea56b8a73247e2f6390ebea07946d,1bb3dc3f26212de23def1f2ca0d598d344fea56b8a73247e2f6390ebea07946d,M7,M7.01,CHECK_PLAN_DELTA_RECOMPUTATION,CHECK_PLAN_DELTA_RECOMPUTATION,EXPECTED_DETECTOR_MATCH,DETECTED_AS_PREREGISTERED,FAIL,PASS,FAIL,FAIL:CHECK_PLAN_DELTA_RECOMPUTATION,,549
AEI_P3_FORMAL_20260826T034308Z_9b5f3c2bdfbe,2,M7.01:2443e5a3d32298289c0b98d2a7d3a03cbf4194a7adecf97293b0ac348944ba9e,2443e5a3d32298289c0b98d2a7d3a03cbf4194a7adecf97293b0ac348944ba9e,M7,M7.01,CHECK_PLAN_DELTA_RECOMPUTATION,CHECK_PLAN_DELTA_RECOMPUTATION,EXPECTED_DETECTOR_MATCH,DETECTED_AS_PREREGISTERED,FAIL,PASS,FAIL,FAIL:CHECK_PLAN_DELTA_RECOMPUTATION,,550
AEI_P3_FORMAL_20260826T034308Z_9b5f3c2bdfbe,2,M7.01:245cb7ed72fd0a10da80157bd648a7ae9e8bd9ef722909fe778d274715ad67b3,245cb7ed72fd0a10da80157bd648a7ae9e8bd9ef722909fe778d274715ad67b3,M7,M7.01,CHECK_PLAN_DELTA_RECOMPUTATION,CHECK_PLAN_DELTA_RECOMPUTATION,EXPECTED_DETECTOR_MATCH,DETECTED_AS_PREREGISTERED,FAIL,PASS,FAIL,FAIL:CHECK_PLAN_DELTA_RECOMPUTATION,,551
AEI_P3_FORMAL_20260826T034308Z_9b5f3c2bdfbe,2,M7.01:268469c82535bf1ba82a82324d755f40ad8bc7255c875b8e25c2d7943cff1ff3,268469c82535bf1ba82a82324d755f40ad8bc7255c875b8e25c2d7943cff1ff3,M7,M7.01,CHECK_PLAN_DELTA_RECOMPUTATION,CHECK_PLAN_DELTA_RECOMPUTATION,EXPECTED_DETECTOR_MATCH,DETECTED_AS_PREREGISTERED,FAIL,PASS,FAIL,FAIL:CHECK_PLAN_DELTA_RECOMPUTATION,,552
AEI_P3_FORMAL_20260826T034308Z_9b5f3c2bdfbe,2,M7.01:2908e9ba69598735be8757d9b153473f5bacec1feb89ecff91ce994824a10178,2908e9ba69598735be8757d9b153473f5bacec1feb89ecff91ce994824a10178,M7,M7.01,CHECK_PLAN_DELTA_RECOMPUTATION,CHECK_PLAN_DELTA_RECOMPUTATION,EXPECTED_DETECTOR_MATCH,DETECTED_AS_PREREGISTERED,FAIL,PASS,FAIL,FAIL:CHECK_PLAN_DELTA_RECOMPUTATION,,553
AEI_P3_FORMAL_20260826T034308Z_9b5f3c2bdfbe,2,M7.01:474b6ef7aac2feb7cb9195d7d3644f0d53d378eb4518ef87a9a2f7714d8ef3d5,474b6ef7aac2feb7cb9195d7d3644f0d53d378eb4518ef87a9a2f7714d8ef3d5,M7,M7.01,CHECK_PLAN_DELTA_RECOMPUTATION,CHECK_PLAN_DELTA_RECOMPUTATION,EXPECTED_DETECTOR_MATCH,DETECTED_AS_PREREGISTERED,FAIL,PASS,FAIL,FAIL:CHECK_PLAN_DELTA_RECOMPUTATION,,554
AEI_P3_FORMAL_20260826T034308Z_9b5f3c2bdfbe,2,M7.01:4fafb9a13ff5e2fda82a804bf609727b68a17926d69ae1574c4801604ec81359,4fafb9a13ff5e2fda82a804bf609727b68a17926d69ae1574c4801604ec81359,M7,M7.01,CHECK_PLAN_DELTA_RECOMPUTATION,CHECK_PLAN_DELTA_RECOMPUTATION,EXPECTED_DETECTOR_MATCH,DETECTED_AS_PREREGISTERED,FAIL,PASS,FAIL,FAIL:CHECK_PLAN_DELTA_RECOMPUTATION,,555
AEI_P3_FORMAL_20260826T034308Z_9b5f3c2bdfbe,2,M7.01:54349d927b9070c144f507868f9ef8b962c7c926426b33c3a7e0c88f715b246a,54349d927b9070c144f507868f9ef8b962c7c926426b33c3a7e0c88f715b246a,M7,M7.01,CHECK_PLAN_DELTA_RECOMPUTATION,CHECK_PLAN_DELTA_RECOMPUTATION,EXPECTED_DETECTOR_MATCH,DETECTED_AS_PREREGISTERED,FAIL,PASS,FAIL,FAIL:CHECK_PLAN_DELTA_RECOMPUTATION,,556
AEI_P3_FORMAL_20260826T034308Z_9b5f3c2bdfbe,2,M7.01:558b8365de15727bf495595ed539867872c185b280ea249712f3b1d5f8674cd5,558b8365de15727bf495595ed539867872c185b280ea249712f3b1d5f8674cd5,M7,M7.01,CHECK_PLAN_DELTA_RECOMPUTATION,CHECK_PLAN_DELTA_RECOMPUTATION,EXPECTED_DETECTOR_MATCH,DETECTED_AS_PREREGISTERED,FAIL,PASS,FAIL,FAIL:CHECK_PLAN_DELTA_RECOMPUTATION,,557
AEI_P3_FORMAL_20260826T034308Z_9b5f3c2bdfbe,2,M7.01:5ecccd77f46ab5549088b57686632a9eb5ccf1a5a977fbe35cfae6a50eca52bb,5ecccd77f46ab5549088b57686632a9eb5ccf1a5a977fbe35cfae6a50eca52bb,M7,M7.01,CHECK_PLAN_DELTA_RECOMPUTATION,CHECK_PLAN_DELTA_RECOMPUTATION,EXPECTED_DETECTOR_MATCH,DETECTED_AS_PREREGISTERED,FAIL,PASS,FAIL,FAIL:CHECK_PLAN_DELTA_RECOMPUTATION,,558
AEI_P3_FORMAL_20260826T034308Z_9b5f3c2bdfbe,2,M7.01:5f24b2bbe16d5c8f667064d5031553e1dd9c4d9dbb7e0757cb922d9ba47928d5,5f24b2bbe16d5c8f667064d5031553e1dd9c4d9dbb7e0757cb922d9ba47928d5,M7,M7.01,CHECK_PLAN_DELTA_RECOMPUTATION,CHECK_PLAN_DELTA_RECOMPUTATION,EXPECTED_DETECTOR_MATCH,DETECTED_AS_PREREGISTERED,FAIL,PASS,FAIL,FAIL:CHECK_PLAN_DELTA_RECOMPUTATION,,559
AEI_P3_FORMAL_20260826T034308Z_9b5f3c2bdfbe,2,M7.01:61f77c0251bcd2bbb51e6bff7e048bfcda7139b4e796314d32b47961ac3b5c1b,61f77c0251bcd2bbb51e6bff7e048bfcda7139b4e796314d32b47961ac3b5c1b,M7,M7.01,CHECK_PLAN_DELTA_RECOMPUTATION,CHECK_PLAN_DELTA_RECOMPUTATION,EXPECTED_DETECTOR_MATCH,DETECTED_AS_PREREGISTERED,FAIL,PASS,FAIL,FAIL:CHECK_PLAN_DELTA_RECOMPUTATION,,560
AEI_P3_FORMAL_20260826T034308Z_9b5f3c2bdfbe,2,M7.01:634f3d08fd93ba622176ea6c9ff7ff1fb9d57a9b14f936f27d1460655fc20d72,634f3d08fd93ba622176ea6c9ff7ff1fb9d57a9b14f936f27d1460655fc20d72,M7,M7.01,CHECK_PLAN_DELTA_RECOMPUTATION,CHECK_PLAN_DELTA_RECOMPUTATION,EXPECTED_DETECTOR_MATCH,DETECTED_AS_PREREGISTERED,FAIL,PASS,FAIL,FAIL:CHECK_PLAN_DELTA_RECOMPUTATION,,561
AEI_P3_FORMAL_20260826T034308Z_9b5f3c2bdfbe,2,M7.01:73cdcc11d1c23e47664696979a9b12b94deb5da000c18f37a8d7c0b641090788,73cdcc11d1c23e47664696979a9b12b94deb5da000c18f37a8d7c0b641090788,M7,M7.01,CHECK_PLAN_DELTA_RECOMPUTATION,CHECK_PLAN_DELTA_RECOMPUTATION,EXPECTED_DETECTOR_MATCH,DETECTED_AS_PREREGISTERED,FAIL,PASS,FAIL,FAIL:CHECK_PLAN_DELTA_RECOMPUTATION,,562
AEI_P3_FORMAL_20260826T034308Z_9b5f3c2bdfbe,2,M7.01:7dc2cc636acd7eeb3db7367222360894cac918d6adca467d2f7a79960bbe8b1c,7dc2cc636acd7eeb3db7367222360894cac918d6adca467d2f7a79960bbe8b1c,M7,M7.01,CHECK_PLAN_DELTA_RECOMPUTATION,CHECK_PLAN_DELTA_RECOMPUTATION,EXPECTED_DETECTOR_MATCH,DETECTED_AS_PREREGISTERED,FAIL,PASS,FAIL,FAIL:CHECK_PLAN_DELTA_RECOMPUTATION,,563
AEI_P3_FORMAL_20260826T034308Z_9b5f3c2bdfbe,2,M7.01:8c60197386a54af6d06cac0996c81cbca4971ac83984afcf2a52fa27a5bb1b42,8c60197386a54af6d06cac0996c81cbca4971ac83984afcf2a52fa27a5bb1b42,M7,M7.01,CHECK_PLAN_DELTA_RECOMPUTATION,CHECK_PLAN_DELTA_RECOMPUTATION,EXPECTED_DETECTOR_MATCH,DETECTED_AS_PREREGISTERED,FAIL,PASS,FAIL,FAIL:CHECK_PLAN_DELTA_RECOMPUTATION,,564
AEI_P3_FORMAL_20260826T034308Z_9b5f3c2bdfbe,2,M7.01:8e3a1df6f55a6d53d21fd63c9dcda45cee6d1576c4989d45b40828d31e6d7281,8e3a1df6f55a6d53d21fd63c9dcda45cee6d1576c4989d45b40828d31e6d7281,M7,M7.01,CHECK_PLAN_DELTA_RECOMPUTATION,CHECK_PLAN_DELTA_RECOMPUTATION,EXPECTED_DETECTOR_MATCH,DETECTED_AS_PREREGISTERED,FAIL,PASS,FAIL,FAIL:CHECK_PLAN_DELTA_RECOMPUTATION,,565
AEI_P3_FORMAL_20260826T034308Z_9b5f3c2bdfbe,2,M7.01:97eb8ea8dfec0a163a4b54e1179247553055627de3df3d7a40c8879cacc64800,97eb8ea8dfec0a163a4b54e1179247553055627de3df3d7a40c8879cacc64800,M7,M7.01,CHECK_PLAN_DELTA_RECOMPUTATION,CHECK_PLAN_DELTA_RECOMPUTATION,EXPECTED_DETECTOR_MATCH,DETECTED_AS_PREREGISTERED,FAIL,PASS,FAIL,FAIL:CHECK_PLAN_DELTA_RECOMPUTATION,,566
AEI_P3_FORMAL_20260826T034308Z_9b5f3c2bdfbe,2,M7.01:9827288498c6ff63f3f7ec6f3bb833b53ac1c3cbaf59021addc82b6a8c08bae2,9827288498c6ff63f3f7ec6f3bb833b53ac1c3cbaf59021addc82b6a8c08bae2,M7,M7.01,CHECK_PLAN_DELTA_RECOMPUTATION,CHECK_PLAN_DELTA_RECOMPUTATION,EXPECTED_DETECTOR_MATCH,DETECTED_AS_PREREGISTERED,FAIL,PASS,FAIL,FAIL:CHECK_PLAN_DELTA_RECOMPUTATION,,567
AEI_P3_FORMAL_20260826T034308Z_9b5f3c2bdfbe,2,M7.01:9f7906189c782cba7c3a4cc9cb8785764c8ad3fb1e637423a7a310d6c438feb5,9f7906189c782cba7c3a4cc9cb8785764c8ad3fb1e637423a7a310d6c438feb5,M7,M7.01,CHECK_PLAN_DELTA_RECOMPUTATION,CHECK_PLAN_DELTA_RECOMPUTATION,EXPECTED_DETECTOR_MATCH,DETECTED_AS_PREREGISTERED,FAIL,PASS,FAIL,FAIL:CHECK_PLAN_DELTA_RECOMPUTATION,,568
AEI_P3_FORMAL_20260826T034308Z_9b5f3c2bdfbe,2,M7.01:aa5b4ee1688c71f1a3932cd7d9b629a08e31ef09728f3280c98c7636eecfb8d3,aa5b4ee1688c71f1a3932cd7d9b629a08e31ef09728f3280c98c7636eecfb8d3,M7,M7.01,CHECK_PLAN_DELTA_RECOMPUTATION,CHECK_PLAN_DELTA_RECOMPUTATION,EXPECTED_DETECTOR_MATCH,DETECTED_AS_PREREGISTERED,FAIL,PASS,FAIL,FAIL:CHECK_PLAN_DELTA_RECOMPUTATION,,569
AEI_P3_FORMAL_20260826T034308Z_9b5f3c2bdfbe,2,M7.01:aad646b14392b632d658225dedb7d3953424ab9ab19ebafdc67bd9a7f02eb50b,aad646b14392b632d658225dedb7d3953424ab9ab19ebafdc67bd9a7f02eb50b,M7,M7.01,CHECK_PLAN_DELTA_RECOMPUTATION,CHECK_PLAN_DELTA_RECOMPUTATION,EXPECTED_DETECTOR_MATCH,DETECTED_AS_PREREGISTERED,FAIL,PASS,FAIL,FAIL:CHECK_PLAN_DELTA_RECOMPUTATION,,570
AEI_P3_FORMAL_20260826T034308Z_9b5f3c2bdfbe,2,M7.01:abc8d6ba26b9728a25ebd17f4066aa5421f54fde1c1ef630cc33cb308c0fb8e5,abc8d6ba26b9728a25ebd17f4066aa5421f54fde1c1ef630cc33cb308c0fb8e5,M7,M7.01,CHECK_PLAN_DELTA_RECOMPUTATION,CHECK_PLAN_DELTA_RECOMPUTATION,EXPECTED_DETECTOR_MATCH,DETECTED_AS_PREREGISTERED,FAIL,PASS,FAIL,FAIL:CHECK_PLAN_DELTA_RECOMPUTATION,,571
AEI_P3_FORMAL_20260826T034308Z_9b5f3c2bdfbe,2,M7.01:b0f01f4c7ca822555039b9267d8985edbeb149abc0a710d6583cea634584f862,b0f01f4c7ca822555039b9267d8985edbeb149abc0a710d6583cea634584f862,M7,M7.01,CHECK_PLAN_DELTA_RECOMPUTATION,CHECK_PLAN_DELTA_RECOMPUTATION,EXPECTED_DETECTOR_MATCH,DETECTED_AS_PREREGISTERED,FAIL,PASS,FAIL,FAIL:CHECK_PLAN_DELTA_RECOMPUTATION,,572
AEI_P3_FORMAL_20260826T034308Z_9b5f3c2bdfbe,2,M7.01:b31f9c5cbf923f188771558357941c1a7d6a71089f67793c620cf7034a070eb2,b31f9c5cbf923f188771558357941c1a7d6a71089f67793c620cf7034a070eb2,M7,M7.01,CHECK_PLAN_DELTA_RECOMPUTATION,CHECK_PLAN_DELTA_RECOMPUTATION,EXPECTED_DETECTOR_MATCH,DETECTED_AS_PREREGISTERED,FAIL,PASS,FAIL,FAIL:CHECK_PLAN_DELTA_RECOMPUTATION,,573
AEI_P3_FORMAL_20260826T034308Z_9b5f3c2bdfbe,2,M7.01:b5c400c27e6dbb1cc8466c5ce68e1530b6d984599f3c01c36496b49b586ff5e3,b5c400c27e6dbb1cc8466c5ce68e1530b6d984599f3c01c36496b49b586ff5e3,M7,M7.01,CHECK_PLAN_DELTA_RECOMPUTATION,CHECK_PLAN_DELTA_RECOMPUTATION,EXPECTED_DETECTOR_MATCH,DETECTED_AS_PREREGISTERED,FAIL,PASS,FAIL,FAIL:CHECK_PLAN_DELTA_RECOMPUTATION,,574
AEI_P3_FORMAL_20260826T034308Z_9b5f3c2bdfbe,2,M7.01:bb3f15222034bdf87b9be499b27f859fe778b781693fd54677f83bd7531f0680,bb3f15222034bdf87b9be499b27f859fe778b781693fd54677f83bd7531f0680,M7,M7.01,CHECK_PLAN_DELTA_RECOMPUTATION,CHECK_PLAN_DELTA_RECOMPUTATION,EXPECTED_DETECTOR_MATCH,DETECTED_AS_PREREGISTERED,FAIL,PASS,FAIL,FAIL:CHECK_PLAN_DELTA_RECOMPUTATION,,575
AEI_P3_FORMAL_20260826T034308Z_9b5f3c2bdfbe,2,M7.01:ce18361670bfbcde2f3ff22167187aecef9164dedbf1198bc7563c147804780e,ce18361670bfbcde2f3ff22167187aecef9164dedbf1198bc7563c147804780e,M7,M7.01,CHECK_PLAN_DELTA_RECOMPUTATION,CHECK_PLAN_DELTA_RECOMPUTATION,EXPECTED_DETECTOR_MATCH,DETECTED_AS_PREREGISTERED,FAIL,PASS,FAIL,FAIL:CHECK_PLAN_DELTA_RECOMPUTATION,,576
AEI_P3_FORMAL_20260826T034308Z_9b5f3c2bdfbe,2,M7.01:ceae66508816dc9f5458c925c89f155658e6c78710a8753d337ac385481cc1bf,ceae66508816dc9f5458c925c89f155658e6c78710a8753d337ac385481cc1bf,M7,M7.01,CHECK_PLAN_DELTA_RECOMPUTATION,CHECK_PLAN_DELTA_RECOMPUTATION,EXPECTED_DETECTOR_MATCH,DETECTED_AS_PREREGISTERED,FAIL,PASS,FAIL,FAIL:CHECK_PLAN_DELTA_RECOMPUTATION,,577
AEI_P3_FORMAL_20260826T034308Z_9b5f3c2bdfbe,2,M7.01:d093d52f24139c1b6fb09b775beedd000f1a7b3716df906d7d36e91e7e848265,d093d52f24139c1b6fb09b775beedd000f1a7b3716df906d7d36e91e7e848265,M7,M7.01,CHECK_PLAN_DELTA_RECOMPUTATION,CHECK_PLAN_DELTA_RECOMPUTATION,EXPECTED_DETECTOR_MATCH,DETECTED_AS_PREREGISTERED,FAIL,PASS,FAIL,FAIL:CHECK_PLAN_DELTA_RECOMPUTATION,,578
AEI_P3_FORMAL_20260826T034308Z_9b5f3c2bdfbe,2,M7.01:d4b957654a5efd71168d6f7e67936e6abf4666ceb41e7919635002157b125411,d4b957654a5efd71168d6f7e67936e6abf4666ceb41e7919635002157b125411,M7,M7.01,CHECK_PLAN_DELTA_RECOMPUTATION,CHECK_PLAN_DELTA_RECOMPUTATION,EXPECTED_DETECTOR_MATCH,DETECTED_AS_PREREGISTERED,FAIL,PASS,FAIL,FAIL:CHECK_PLAN_DELTA_RECOMPUTATION,,579
AEI_P3_FORMAL_20260826T034308Z_9b5f3c2bdfbe,2,M7.01:d598e89b357205c7b4bd47c5ebbe933f8be1f7c8dcdee85e66ec6829cafb91d3,d598e89b357205c7b4bd47c5ebbe933f8be1f7c8dcdee85e66ec6829cafb91d3,M7,M7.01,CHECK_PLAN_DELTA_RECOMPUTATION,CHECK_PLAN_DELTA_RECOMPUTATION,EXPECTED_DETECTOR_MATCH,DETECTED_AS_PREREGISTERED,FAIL,PASS,FAIL,FAIL:CHECK_PLAN_DELTA_RECOMPUTATION,,580
AEI_P3_FORMAL_20260826T034308Z_9b5f3c2bdfbe,2,M7.01:eb3670bbe434a59cc94347384a5d50fb526d26a00dbf6da73e54438c4bacc2a0,eb3670bbe434a59cc94347384a5d50fb526d26a00dbf6da73e54438c4bacc2a0,M7,M7.01,CHECK_PLAN_DELTA_RECOMPUTATION,CHECK_PLAN_DELTA_RECOMPUTATION,EXPECTED_DETECTOR_MATCH,DETECTED_AS_PREREGISTERED,FAIL,PASS,FAIL,FAIL:CHECK_PLAN_DELTA_RECOMPUTATION,,581
AEI_P3_FORMAL_20260826T034308Z_9b5f3c2bdfbe,2,M7.01:f1e5fc58ea336e13c098308a2da00dee7de3dd3aa08d6170df4a3cb1afd09795,f1e5fc58ea336e13c098308a2da00dee7de3dd3aa08d6170df4a3cb1afd09795,M7,M7.01,CHECK_PLAN_DELTA_RECOMPUTATION,CHECK_PLAN_DELTA_RECOMPUTATION,EXPECTED_DETECTOR_MATCH,DETECTED_AS_PREREGISTERED,FAIL,PASS,FAIL,FAIL:CHECK_PLAN_DELTA_RECOMPUTATION,,582
AEI_P3_FORMAL_20260826T034308Z_9b5f3c2bdfbe,2,M7.01:f583baa2dad1527b5f84f71805410ee51b78fce2b1be62de49f1636c06821c7b,f583baa2dad1527b5f84f71805410ee51b78fce2b1be62de49f1636c06821c7b,M7,M7.01,CHECK_PLAN_DELTA_RECOMPUTATION,CHECK_PLAN_DELTA_RECOMPUTATION,EXPECTED_DETECTOR_MATCH,DETECTED_AS_PREREGISTERED,FAIL,PASS,FAIL,FAIL:CHECK_PLAN_DELTA_RECOMPUTATION,,583
AEI_P3_FORMAL_20260826T034308Z_9b5f3c2bdfbe,2,M7.01:f64f55ad9277004ae441909cd6556d26eeaf73d3eb3c537384be703615149f96,f64f55ad9277004ae441909cd6556d26eeaf73d3eb3c537384be703615149f96,M7,M7.01,CHECK_PLAN_DELTA_RECOMPUTATION,CHECK_PLAN_DELTA_RECOMPUTATION,EXPECTED_DETECTOR_MATCH,DETECTED_AS_PREREGISTERED,FAIL,PASS,FAIL,FAIL:CHECK_PLAN_DELTA_RECOMPUTATION,,584
AEI_P3_FORMAL_20260826T034308Z_9b5f3c2bdfbe,2,M7.01:f80e8a50e0815fda9eef8635e52671f3888786c4daef5767b8da7b74e4311646,f80e8a50e0815fda9eef8635e52671f3888786c4daef5767b8da7b74e4311646,M7,M7.01,CHECK_PLAN_DELTA_RECOMPUTATION,CHECK_PLAN_DELTA_RECOMPUTATION,EXPECTED_DETECTOR_MATCH,DETECTED_AS_PREREGISTERED,FAIL,PASS,FAIL,FAIL:CHECK_PLAN_DELTA_RECOMPUTATION,,585
AEI_P3_FORMAL_20260826T034308Z_9b5f3c2bdfbe,2,M7.01:f9ade00b139ce33674b05d1766de3ec85779abfd83f893a7b2437817100901d9,f9ade00b139ce33674b05d1766de3ec85779abfd83f893a7b2437817100901d9,M7,M7.01,CHECK_PLAN_DELTA_RECOMPUTATION,CHECK_PLAN_DELTA_RECOMPUTATION,EXPECTED_DETECTOR_MATCH,DETECTED_AS_PREREGISTERED,FAIL,PASS,FAIL,FAIL:CHECK_PLAN_DELTA_RECOMPUTATION,,586
AEI_P3_FORMAL_20260826T034308Z_9b5f3c2bdfbe,2,M7.01:feb26c8ce25b99d6b090e07fca86c8e2dbf3ff2d6b891634c4c71b179329ab47,feb26c8ce25b99d6b090e07fca86c8e2dbf3ff2d6b891634c4c71b179329ab47,M7,M7.01,CHECK_PLAN_DELTA_RECOMPUTATION,CHECK_PLAN_DELTA_RECOMPUTATION,EXPECTED_DETECTOR_MATCH,DETECTED_AS_PREREGISTERED,FAIL,PASS,FAIL,FAIL:CHECK_PLAN_DELTA_RECOMPUTATION,,587
AEI_P3_FORMAL_20260826T034308Z_9b5f3c2bdfbe,2,M8.01:052b2dfeb855619b4e74c70e7155e5699a6aebc572c887f1432462ecf4afce6b,052b2dfeb855619b4e74c70e7155e5699a6aebc572c887f1432462ecf4afce6b,M8,M8.01,CHECK_SOLVER_SCHEDULE_LINK|CHECK_SOLVER_ARTIFACT_LINK,CHECK_SOLVER_SCHEDULE_LINK|CHECK_SOLVER_ARTIFACT_LINK,EXPECTED_DETECTOR_MATCH,DETECTED_AS_PREREGISTERED,FAIL,PASS,FAIL,FAIL:CHECK_SOLVER_SCHEDULE_LINK,,588
AEI_P3_FORMAL_20260826T034308Z_9b5f3c2bdfbe,2,M8.01:0edc936e36dbd00367c35ec096b127c69211776f53ead8d7b9619a78d9b3beb5,0edc936e36dbd00367c35ec096b127c69211776f53ead8d7b9619a78d9b3beb5,M8,M8.01,CHECK_SOLVER_SCHEDULE_LINK|CHECK_SOLVER_ARTIFACT_LINK,CHECK_SOLVER_SCHEDULE_LINK|CHECK_SOLVER_ARTIFACT_LINK,EXPECTED_DETECTOR_MATCH,DETECTED_AS_PREREGISTERED,FAIL,PASS,FAIL,FAIL:CHECK_SOLVER_SCHEDULE_LINK,,589
AEI_P3_FORMAL_20260826T034308Z_9b5f3c2bdfbe,2,M8.01:19993579c580ecb799e1ce158990340e547863ae75c4be153b97908cb5cd08a2,19993579c580ecb799e1ce158990340e547863ae75c4be153b97908cb5cd08a2,M8,M8.01,CHECK_SOLVER_SCHEDULE_LINK|CHECK_SOLVER_ARTIFACT_LINK,CHECK_SOLVER_SCHEDULE_LINK|CHECK_SOLVER_ARTIFACT_LINK,EXPECTED_DETECTOR_MATCH,DETECTED_AS_PREREGISTERED,FAIL,PASS,FAIL,FAIL:CHECK_SOLVER_SCHEDULE_LINK,,590
AEI_P3_FORMAL_20260826T034308Z_9b5f3c2bdfbe,2,M8.01:1bb3dc3f26212de23def1f2ca0d598d344fea56b8a73247e2f6390ebea07946d,1bb3dc3f26212de23def1f2ca0d598d344fea56b8a73247e2f6390ebea07946d,M8,M8.01,CHECK_SOLVER_SCHEDULE_LINK|CHECK_SOLVER_ARTIFACT_LINK,CHECK_SOLVER_SCHEDULE_LINK|CHECK_SOLVER_ARTIFACT_LINK,EXPECTED_DETECTOR_MATCH,DETECTED_AS_PREREGISTERED,FAIL,PASS,FAIL,FAIL:CHECK_SOLVER_SCHEDULE_LINK,,591
AEI_P3_FORMAL_20260826T034308Z_9b5f3c2bdfbe,2,M8.01:2443e5a3d32298289c0b98d2a7d3a03cbf4194a7adecf97293b0ac348944ba9e,2443e5a3d32298289c0b98d2a7d3a03cbf4194a7adecf97293b0ac348944ba9e,M8,M8.01,CHECK_SOLVER_SCHEDULE_LINK|CHECK_SOLVER_ARTIFACT_LINK,CHECK_SOLVER_SCHEDULE_LINK|CHECK_SOLVER_ARTIFACT_LINK,EXPECTED_DETECTOR_MATCH,DETECTED_AS_PREREGISTERED,FAIL,PASS,FAIL,FAIL:CHECK_SOLVER_SCHEDULE_LINK,,592
AEI_P3_FORMAL_20260826T034308Z_9b5f3c2bdfbe,2,M8.01:245cb7ed72fd0a10da80157bd648a7ae9e8bd9ef722909fe778d274715ad67b3,245cb7ed72fd0a10da80157bd648a7ae9e8bd9ef722909fe778d274715ad67b3,M8,M8.01,CHECK_SOLVER_SCHEDULE_LINK|CHECK_SOLVER_ARTIFACT_LINK,CHECK_SOLVER_SCHEDULE_LINK|CHECK_SOLVER_ARTIFACT_LINK,EXPECTED_DETECTOR_MATCH,DETECTED_AS_PREREGISTERED,FAIL,PASS,FAIL,FAIL:CHECK_SOLVER_SCHEDULE_LINK,,593
AEI_P3_FORMAL_20260826T034308Z_9b5f3c2bdfbe,2,M8.01:268469c82535bf1ba82a82324d755f40ad8bc7255c875b8e25c2d7943cff1ff3,268469c82535bf1ba82a82324d755f40ad8bc7255c875b8e25c2d7943cff1ff3,M8,M8.01,CHECK_SOLVER_SCHEDULE_LINK|CHECK_SOLVER_ARTIFACT_LINK,CHECK_SOLVER_SCHEDULE_LINK|CHECK_SOLVER_ARTIFACT_LINK,EXPECTED_DETECTOR_MATCH,DETECTED_AS_PREREGISTERED,FAIL,PASS,FAIL,FAIL:CHECK_SOLVER_SCHEDULE_LINK,,594
AEI_P3_FORMAL_20260826T034308Z_9b5f3c2bdfbe,2,M8.01:2908e9ba69598735be8757d9b153473f5bacec1feb89ecff91ce994824a10178,2908e9ba69598735be8757d9b153473f5bacec1feb89ecff91ce994824a10178,M8,M8.01,CHECK_SOLVER_SCHEDULE_LINK|CHECK_SOLVER_ARTIFACT_LINK,CHECK_SOLVER_SCHEDULE_LINK|CHECK_SOLVER_ARTIFACT_LINK,EXPECTED_DETECTOR_MATCH,DETECTED_AS_PREREGISTERED,FAIL,PASS,FAIL,FAIL:CHECK_SOLVER_SCHEDULE_LINK,,595
AEI_P3_FORMAL_20260826T034308Z_9b5f3c2bdfbe,2,M8.01:474b6ef7aac2feb7cb9195d7d3644f0d53d378eb4518ef87a9a2f7714d8ef3d5,474b6ef7aac2feb7cb9195d7d3644f0d53d378eb4518ef87a9a2f7714d8ef3d5,M8,M8.01,CHECK_SOLVER_SCHEDULE_LINK|CHECK_SOLVER_ARTIFACT_LINK,CHECK_SOLVER_ARTIFACT_LINK,EXPECTED_DETECTOR_MATCH,DETECTED_AS_PREREGISTERED,FAIL,PASS,FAIL,FAIL:CHECK_SOLVER_ARTIFACT_LINK,,596
AEI_P3_FORMAL_20260826T034308Z_9b5f3c2bdfbe,2,M8.01:4fafb9a13ff5e2fda82a804bf609727b68a17926d69ae1574c4801604ec81359,4fafb9a13ff5e2fda82a804bf609727b68a17926d69ae1574c4801604ec81359,M8,M8.01,CHECK_SOLVER_SCHEDULE_LINK|CHECK_SOLVER_ARTIFACT_LINK,CHECK_SOLVER_ARTIFACT_LINK,EXPECTED_DETECTOR_MATCH,DETECTED_AS_PREREGISTERED,FAIL,PASS,FAIL,FAIL:CHECK_SOLVER_ARTIFACT_LINK,,597
AEI_P3_FORMAL_20260826T034308Z_9b5f3c2bdfbe,2,M8.01:54349d927b9070c144f507868f9ef8b962c7c926426b33c3a7e0c88f715b246a,54349d927b9070c144f507868f9ef8b962c7c926426b33c3a7e0c88f715b246a,M8,M8.01,CHECK_SOLVER_SCHEDULE_LINK|CHECK_SOLVER_ARTIFACT_LINK,CHECK_SOLVER_ARTIFACT_LINK,EXPECTED_DETECTOR_MATCH,DETECTED_AS_PREREGISTERED,FAIL,PASS,FAIL,FAIL:CHECK_SOLVER_ARTIFACT_LINK,,598
AEI_P3_FORMAL_20260826T034308Z_9b5f3c2bdfbe,2,M8.01:558b8365de15727bf495595ed539867872c185b280ea249712f3b1d5f8674cd5,558b8365de15727bf495595ed539867872c185b280ea249712f3b1d5f8674cd5,M8,M8.01,CHECK_SOLVER_SCHEDULE_LINK|CHECK_SOLVER_ARTIFACT_LINK,CHECK_SOLVER_SCHEDULE_LINK|CHECK_SOLVER_ARTIFACT_LINK,EXPECTED_DETECTOR_MATCH,DETECTED_AS_PREREGISTERED,FAIL,PASS,FAIL,FAIL:CHECK_SOLVER_SCHEDULE_LINK,,599
AEI_P3_FORMAL_20260826T034308Z_9b5f3c2bdfbe,2,M8.01:5ecccd77f46ab5549088b57686632a9eb5ccf1a5a977fbe35cfae6a50eca52bb,5ecccd77f46ab5549088b57686632a9eb5ccf1a5a977fbe35cfae6a50eca52bb,M8,M8.01,CHECK_SOLVER_SCHEDULE_LINK|CHECK_SOLVER_ARTIFACT_LINK,CHECK_SOLVER_SCHEDULE_LINK|CHECK_SOLVER_ARTIFACT_LINK,EXPECTED_DETECTOR_MATCH,DETECTED_AS_PREREGISTERED,FAIL,PASS,FAIL,FAIL:CHECK_SOLVER_SCHEDULE_LINK,,600
AEI_P3_FORMAL_20260826T034308Z_9b5f3c2bdfbe,2,M8.01:5f24b2bbe16d5c8f667064d5031553e1dd9c4d9dbb7e0757cb922d9ba47928d5,5f24b2bbe16d5c8f667064d5031553e1dd9c4d9dbb7e0757cb922d9ba47928d5,M8,M8.01,CHECK_SOLVER_SCHEDULE_LINK|CHECK_SOLVER_ARTIFACT_LINK,CHECK_SOLVER_SCHEDULE_LINK|CHECK_SOLVER_ARTIFACT_LINK,EXPECTED_DETECTOR_MATCH,DETECTED_AS_PREREGISTERED,FAIL,PASS,FAIL,FAIL:CHECK_SOLVER_SCHEDULE_LINK,,601
AEI_P3_FORMAL_20260826T034308Z_9b5f3c2bdfbe,2,M8.01:61f77c0251bcd2bbb51e6bff7e048bfcda7139b4e796314d32b47961ac3b5c1b,61f77c0251bcd2bbb51e6bff7e048bfcda7139b4e796314d32b47961ac3b5c1b,M8,M8.01,CHECK_SOLVER_SCHEDULE_LINK|CHECK_SOLVER_ARTIFACT_LINK,CHECK_SOLVER_SCHEDULE_LINK|CHECK_SOLVER_ARTIFACT_LINK,EXPECTED_DETECTOR_MATCH,DETECTED_AS_PREREGISTERED,FAIL,PASS,FAIL,FAIL:CHECK_SOLVER_SCHEDULE_LINK,,602
AEI_P3_FORMAL_20260826T034308Z_9b5f3c2bdfbe,2,M8.01:634f3d08fd93ba622176ea6c9ff7ff1fb9d57a9b14f936f27d1460655fc20d72,634f3d08fd93ba622176ea6c9ff7ff1fb9d57a9b14f936f27d1460655fc20d72,M8,M8.01,CHECK_SOLVER_SCHEDULE_LINK|CHECK_SOLVER_ARTIFACT_LINK,CHECK_SOLVER_SCHEDULE_LINK|CHECK_SOLVER_ARTIFACT_LINK,EXPECTED_DETECTOR_MATCH,DETECTED_AS_PREREGISTERED,FAIL,PASS,FAIL,FAIL:CHECK_SOLVER_SCHEDULE_LINK,,603
AEI_P3_FORMAL_20260826T034308Z_9b5f3c2bdfbe,2,M8.01:73cdcc11d1c23e47664696979a9b12b94deb5da000c18f37a8d7c0b641090788,73cdcc11d1c23e47664696979a9b12b94deb5da000c18f37a8d7c0b641090788,M8,M8.01,CHECK_SOLVER_SCHEDULE_LINK|CHECK_SOLVER_ARTIFACT_LINK,CHECK_SOLVER_SCHEDULE_LINK|CHECK_SOLVER_ARTIFACT_LINK,EXPECTED_DETECTOR_MATCH,DETECTED_AS_PREREGISTERED,FAIL,PASS,FAIL,FAIL:CHECK_SOLVER_SCHEDULE_LINK,,604
AEI_P3_FORMAL_20260826T034308Z_9b5f3c2bdfbe,2,M8.01:7dc2cc636acd7eeb3db7367222360894cac918d6adca467d2f7a79960bbe8b1c,7dc2cc636acd7eeb3db7367222360894cac918d6adca467d2f7a79960bbe8b1c,M8,M8.01,CHECK_SOLVER_SCHEDULE_LINK|CHECK_SOLVER_ARTIFACT_LINK,CHECK_SOLVER_ARTIFACT_LINK,EXPECTED_DETECTOR_MATCH,DETECTED_AS_PREREGISTERED,FAIL,PASS,FAIL,FAIL:CHECK_SOLVER_ARTIFACT_LINK,,605
AEI_P3_FORMAL_20260826T034308Z_9b5f3c2bdfbe,2,M8.01:8c60197386a54af6d06cac0996c81cbca4971ac83984afcf2a52fa27a5bb1b42,8c60197386a54af6d06cac0996c81cbca4971ac83984afcf2a52fa27a5bb1b42,M8,M8.01,CHECK_SOLVER_SCHEDULE_LINK|CHECK_SOLVER_ARTIFACT_LINK,CHECK_SOLVER_SCHEDULE_LINK|CHECK_SOLVER_ARTIFACT_LINK,EXPECTED_DETECTOR_MATCH,DETECTED_AS_PREREGISTERED,FAIL,PASS,FAIL,FAIL:CHECK_SOLVER_SCHEDULE_LINK,,606
AEI_P3_FORMAL_20260826T034308Z_9b5f3c2bdfbe,2,M8.01:8e3a1df6f55a6d53d21fd63c9dcda45cee6d1576c4989d45b40828d31e6d7281,8e3a1df6f55a6d53d21fd63c9dcda45cee6d1576c4989d45b40828d31e6d7281,M8,M8.01,CHECK_SOLVER_SCHEDULE_LINK|CHECK_SOLVER_ARTIFACT_LINK,CHECK_SOLVER_SCHEDULE_LINK|CHECK_SOLVER_ARTIFACT_LINK,EXPECTED_DETECTOR_MATCH,DETECTED_AS_PREREGISTERED,FAIL,PASS,FAIL,FAIL:CHECK_SOLVER_SCHEDULE_LINK,,607
AEI_P3_FORMAL_20260826T034308Z_9b5f3c2bdfbe,2,M8.01:97eb8ea8dfec0a163a4b54e1179247553055627de3df3d7a40c8879cacc64800,97eb8ea8dfec0a163a4b54e1179247553055627de3df3d7a40c8879cacc64800,M8,M8.01,CHECK_SOLVER_SCHEDULE_LINK|CHECK_SOLVER_ARTIFACT_LINK,CHECK_SOLVER_ARTIFACT_LINK,EXPECTED_DETECTOR_MATCH,DETECTED_AS_PREREGISTERED,FAIL,PASS,FAIL,FAIL:CHECK_SOLVER_ARTIFACT_LINK,,608
AEI_P3_FORMAL_20260826T034308Z_9b5f3c2bdfbe,2,M8.01:9827288498c6ff63f3f7ec6f3bb833b53ac1c3cbaf59021addc82b6a8c08bae2,9827288498c6ff63f3f7ec6f3bb833b53ac1c3cbaf59021addc82b6a8c08bae2,M8,M8.01,CHECK_SOLVER_SCHEDULE_LINK|CHECK_SOLVER_ARTIFACT_LINK,CHECK_SOLVER_SCHEDULE_LINK|CHECK_SOLVER_ARTIFACT_LINK,EXPECTED_DETECTOR_MATCH,DETECTED_AS_PREREGISTERED,FAIL,PASS,FAIL,FAIL:CHECK_SOLVER_SCHEDULE_LINK,,609
AEI_P3_FORMAL_20260826T034308Z_9b5f3c2bdfbe,2,M8.01:9f7906189c782cba7c3a4cc9cb8785764c8ad3fb1e637423a7a310d6c438feb5,9f7906189c782cba7c3a4cc9cb8785764c8ad3fb1e637423a7a310d6c438feb5,M8,M8.01,CHECK_SOLVER_SCHEDULE_LINK|CHECK_SOLVER_ARTIFACT_LINK,CHECK_SOLVER_SCHEDULE_LINK|CHECK_SOLVER_ARTIFACT_LINK,EXPECTED_DETECTOR_MATCH,DETECTED_AS_PREREGISTERED,FAIL,PASS,FAIL,FAIL:CHECK_SOLVER_SCHEDULE_LINK,,610
AEI_P3_FORMAL_20260826T034308Z_9b5f3c2bdfbe,2,M8.01:aa5b4ee1688c71f1a3932cd7d9b629a08e31ef09728f3280c98c7636eecfb8d3,aa5b4ee1688c71f1a3932cd7d9b629a08e31ef09728f3280c98c7636eecfb8d3,M8,M8.01,CHECK_SOLVER_SCHEDULE_LINK|CHECK_SOLVER_ARTIFACT_LINK,CHECK_SOLVER_SCHEDULE_LINK|CHECK_SOLVER_ARTIFACT_LINK,EXPECTED_DETECTOR_MATCH,DETECTED_AS_PREREGISTERED,FAIL,PASS,FAIL,FAIL:CHECK_SOLVER_SCHEDULE_LINK,,611
AEI_P3_FORMAL_20260826T034308Z_9b5f3c2bdfbe,2,M8.01:aad646b14392b632d658225dedb7d3953424ab9ab19ebafdc67bd9a7f02eb50b,aad646b14392b632d658225dedb7d3953424ab9ab19ebafdc67bd9a7f02eb50b,M8,M8.01,CHECK_SOLVER_SCHEDULE_LINK|CHECK_SOLVER_ARTIFACT_LINK,CHECK_SOLVER_SCHEDULE_LINK|CHECK_SOLVER_ARTIFACT_LINK,EXPECTED_DETECTOR_MATCH,DETECTED_AS_PREREGISTERED,FAIL,PASS,FAIL,FAIL:CHECK_SOLVER_SCHEDULE_LINK,,612
AEI_P3_FORMAL_20260826T034308Z_9b5f3c2bdfbe,2,M8.01:abc8d6ba26b9728a25ebd17f4066aa5421f54fde1c1ef630cc33cb308c0fb8e5,abc8d6ba26b9728a25ebd17f4066aa5421f54fde1c1ef630cc33cb308c0fb8e5,M8,M8.01,CHECK_SOLVER_SCHEDULE_LINK|CHECK_SOLVER_ARTIFACT_LINK,CHECK_SOLVER_SCHEDULE_LINK|CHECK_SOLVER_ARTIFACT_LINK,EXPECTED_DETECTOR_MATCH,DETECTED_AS_PREREGISTERED,FAIL,PASS,FAIL,FAIL:CHECK_SOLVER_SCHEDULE_LINK,,613
AEI_P3_FORMAL_20260826T034308Z_9b5f3c2bdfbe,2,M8.01:b0f01f4c7ca822555039b9267d8985edbeb149abc0a710d6583cea634584f862,b0f01f4c7ca822555039b9267d8985edbeb149abc0a710d6583cea634584f862,M8,M8.01,CHECK_SOLVER_SCHEDULE_LINK|CHECK_SOLVER_ARTIFACT_LINK,CHECK_SOLVER_SCHEDULE_LINK|CHECK_SOLVER_ARTIFACT_LINK,EXPECTED_DETECTOR_MATCH,DETECTED_AS_PREREGISTERED,FAIL,PASS,FAIL,FAIL:CHECK_SOLVER_SCHEDULE_LINK,,614
AEI_P3_FORMAL_20260826T034308Z_9b5f3c2bdfbe,2,M8.01:b31f9c5cbf923f188771558357941c1a7d6a71089f67793c620cf7034a070eb2,b31f9c5cbf923f188771558357941c1a7d6a71089f67793c620cf7034a070eb2,M8,M8.01,CHECK_SOLVER_SCHEDULE_LINK|CHECK_SOLVER_ARTIFACT_LINK,CHECK_SOLVER_SCHEDULE_LINK|CHECK_SOLVER_ARTIFACT_LINK,EXPECTED_DETECTOR_MATCH,DETECTED_AS_PREREGISTERED,FAIL,PASS,FAIL,FAIL:CHECK_SOLVER_SCHEDULE_LINK,,615
AEI_P3_FORMAL_20260826T034308Z_9b5f3c2bdfbe,2,M8.01:b5c400c27e6dbb1cc8466c5ce68e1530b6d984599f3c01c36496b49b586ff5e3,b5c400c27e6dbb1cc8466c5ce68e1530b6d984599f3c01c36496b49b586ff5e3,M8,M8.01,CHECK_SOLVER_SCHEDULE_LINK|CHECK_SOLVER_ARTIFACT_LINK,CHECK_SOLVER_SCHEDULE_LINK|CHECK_SOLVER_ARTIFACT_LINK,EXPECTED_DETECTOR_MATCH,DETECTED_AS_PREREGISTERED,FAIL,PASS,FAIL,FAIL:CHECK_SOLVER_SCHEDULE_LINK,,616
AEI_P3_FORMAL_20260826T034308Z_9b5f3c2bdfbe,2,M8.01:bb3f15222034bdf87b9be499b27f859fe778b781693fd54677f83bd7531f0680,bb3f15222034bdf87b9be499b27f859fe778b781693fd54677f83bd7531f0680,M8,M8.01,CHECK_SOLVER_SCHEDULE_LINK|CHECK_SOLVER_ARTIFACT_LINK,CHECK_SOLVER_SCHEDULE_LINK|CHECK_SOLVER_ARTIFACT_LINK,EXPECTED_DETECTOR_MATCH,DETECTED_AS_PREREGISTERED,FAIL,PASS,FAIL,FAIL:CHECK_SOLVER_SCHEDULE_LINK,,617
AEI_P3_FORMAL_20260826T034308Z_9b5f3c2bdfbe,2,M8.01:ce18361670bfbcde2f3ff22167187aecef9164dedbf1198bc7563c147804780e,ce18361670bfbcde2f3ff22167187aecef9164dedbf1198bc7563c147804780e,M8,M8.01,CHECK_SOLVER_SCHEDULE_LINK|CHECK_SOLVER_ARTIFACT_LINK,CHECK_SOLVER_ARTIFACT_LINK,EXPECTED_DETECTOR_MATCH,DETECTED_AS_PREREGISTERED,FAIL,PASS,FAIL,FAIL:CHECK_SOLVER_ARTIFACT_LINK,,618
AEI_P3_FORMAL_20260826T034308Z_9b5f3c2bdfbe,2,M8.01:ceae66508816dc9f5458c925c89f155658e6c78710a8753d337ac385481cc1bf,ceae66508816dc9f5458c925c89f155658e6c78710a8753d337ac385481cc1bf,M8,M8.01,CHECK_SOLVER_SCHEDULE_LINK|CHECK_SOLVER_ARTIFACT_LINK,CHECK_SOLVER_SCHEDULE_LINK|CHECK_SOLVER_ARTIFACT_LINK,EXPECTED_DETECTOR_MATCH,DETECTED_AS_PREREGISTERED,FAIL,PASS,FAIL,FAIL:CHECK_SOLVER_SCHEDULE_LINK,,619
AEI_P3_FORMAL_20260826T034308Z_9b5f3c2bdfbe,2,M8.01:d093d52f24139c1b6fb09b775beedd000f1a7b3716df906d7d36e91e7e848265,d093d52f24139c1b6fb09b775beedd000f1a7b3716df906d7d36e91e7e848265,M8,M8.01,CHECK_SOLVER_SCHEDULE_LINK|CHECK_SOLVER_ARTIFACT_LINK,CHECK_SOLVER_SCHEDULE_LINK|CHECK_SOLVER_ARTIFACT_LINK,EXPECTED_DETECTOR_MATCH,DETECTED_AS_PREREGISTERED,FAIL,PASS,FAIL,FAIL:CHECK_SOLVER_SCHEDULE_LINK,,620
AEI_P3_FORMAL_20260826T034308Z_9b5f3c2bdfbe,2,M8.01:d4b957654a5efd71168d6f7e67936e6abf4666ceb41e7919635002157b125411,d4b957654a5efd71168d6f7e67936e6abf4666ceb41e7919635002157b125411,M8,M8.01,CHECK_SOLVER_SCHEDULE_LINK|CHECK_SOLVER_ARTIFACT_LINK,CHECK_SOLVER_SCHEDULE_LINK|CHECK_SOLVER_ARTIFACT_LINK,EXPECTED_DETECTOR_MATCH,DETECTED_AS_PREREGISTERED,FAIL,PASS,FAIL,FAIL:CHECK_SOLVER_SCHEDULE_LINK,,621
AEI_P3_FORMAL_20260826T034308Z_9b5f3c2bdfbe,2,M8.01:d598e89b357205c7b4bd47c5ebbe933f8be1f7c8dcdee85e66ec6829cafb91d3,d598e89b357205c7b4bd47c5ebbe933f8be1f7c8dcdee85e66ec6829cafb91d3,M8,M8.01,CHECK_SOLVER_SCHEDULE_LINK|CHECK_SOLVER_ARTIFACT_LINK,CHECK_SOLVER_SCHEDULE_LINK|CHECK_SOLVER_ARTIFACT_LINK,EXPECTED_DETECTOR_MATCH,DETECTED_AS_PREREGISTERED,FAIL,PASS,FAIL,FAIL:CHECK_SOLVER_SCHEDULE_LINK,,622
AEI_P3_FORMAL_20260826T034308Z_9b5f3c2bdfbe,2,M8.01:eb3670bbe434a59cc94347384a5d50fb526d26a00dbf6da73e54438c4bacc2a0,eb3670bbe434a59cc94347384a5d50fb526d26a00dbf6da73e54438c4bacc2a0,M8,M8.01,CHECK_SOLVER_SCHEDULE_LINK|CHECK_SOLVER_ARTIFACT_LINK,CHECK_SOLVER_SCHEDULE_LINK|CHECK_SOLVER_ARTIFACT_LINK,EXPECTED_DETECTOR_MATCH,DETECTED_AS_PREREGISTERED,FAIL,PASS,FAIL,FAIL:CHECK_SOLVER_SCHEDULE_LINK,,623
AEI_P3_FORMAL_20260826T034308Z_9b5f3c2bdfbe,2,M8.01:f1e5fc58ea336e13c098308a2da00dee7de3dd3aa08d6170df4a3cb1afd09795,f1e5fc58ea336e13c098308a2da00dee7de3dd3aa08d6170df4a3cb1afd09795,M8,M8.01,CHECK_SOLVER_SCHEDULE_LINK|CHECK_SOLVER_ARTIFACT_LINK,CHECK_SOLVER_SCHEDULE_LINK|CHECK_SOLVER_ARTIFACT_LINK,EXPECTED_DETECTOR_MATCH,DETECTED_AS_PREREGISTERED,FAIL,PASS,FAIL,FAIL:CHECK_SOLVER_SCHEDULE_LINK,,624
AEI_P3_FORMAL_20260826T034308Z_9b5f3c2bdfbe,2,M8.01:f583baa2dad1527b5f84f71805410ee51b78fce2b1be62de49f1636c06821c7b,f583baa2dad1527b5f84f71805410ee51b78fce2b1be62de49f1636c06821c7b,M8,M8.01,CHECK_SOLVER_SCHEDULE_LINK|CHECK_SOLVER_ARTIFACT_LINK,CHECK_SOLVER_SCHEDULE_LINK|CHECK_SOLVER_ARTIFACT_LINK,EXPECTED_DETECTOR_MATCH,DETECTED_AS_PREREGISTERED,FAIL,PASS,FAIL,FAIL:CHECK_SOLVER_SCHEDULE_LINK,,625
AEI_P3_FORMAL_20260826T034308Z_9b5f3c2bdfbe,2,M8.01:f64f55ad9277004ae441909cd6556d26eeaf73d3eb3c537384be703615149f96,f64f55ad9277004ae441909cd6556d26eeaf73d3eb3c537384be703615149f96,M8,M8.01,CHECK_SOLVER_SCHEDULE_LINK|CHECK_SOLVER_ARTIFACT_LINK,CHECK_SOLVER_SCHEDULE_LINK|CHECK_SOLVER_ARTIFACT_LINK,EXPECTED_DETECTOR_MATCH,DETECTED_AS_PREREGISTERED,FAIL,PASS,FAIL,FAIL:CHECK_SOLVER_SCHEDULE_LINK,,626
AEI_P3_FORMAL_20260826T034308Z_9b5f3c2bdfbe,2,M8.01:f80e8a50e0815fda9eef8635e52671f3888786c4daef5767b8da7b74e4311646,f80e8a50e0815fda9eef8635e52671f3888786c4daef5767b8da7b74e4311646,M8,M8.01,CHECK_SOLVER_SCHEDULE_LINK|CHECK_SOLVER_ARTIFACT_LINK,CHECK_SOLVER_SCHEDULE_LINK|CHECK_SOLVER_ARTIFACT_LINK,EXPECTED_DETECTOR_MATCH,DETECTED_AS_PREREGISTERED,FAIL,PASS,FAIL,FAIL:CHECK_SOLVER_SCHEDULE_LINK,,627
AEI_P3_FORMAL_20260826T034308Z_9b5f3c2bdfbe,2,M8.01:f9ade00b139ce33674b05d1766de3ec85779abfd83f893a7b2437817100901d9,f9ade00b139ce33674b05d1766de3ec85779abfd83f893a7b2437817100901d9,M8,M8.01,CHECK_SOLVER_SCHEDULE_LINK|CHECK_SOLVER_ARTIFACT_LINK,CHECK_SOLVER_SCHEDULE_LINK|CHECK_SOLVER_ARTIFACT_LINK,EXPECTED_DETECTOR_MATCH,DETECTED_AS_PREREGISTERED,FAIL,PASS,FAIL,FAIL:CHECK_SOLVER_SCHEDULE_LINK,,628
AEI_P3_FORMAL_20260826T034308Z_9b5f3c2bdfbe,2,M8.01:feb26c8ce25b99d6b090e07fca86c8e2dbf3ff2d6b891634c4c71b179329ab47,feb26c8ce25b99d6b090e07fca86c8e2dbf3ff2d6b891634c4c71b179329ab47,M8,M8.01,CHECK_SOLVER_SCHEDULE_LINK|CHECK_SOLVER_ARTIFACT_LINK,CHECK_SOLVER_SCHEDULE_LINK|CHECK_SOLVER_ARTIFACT_LINK,EXPECTED_DETECTOR_MATCH,DETECTED_AS_PREREGISTERED,FAIL,PASS,FAIL,FAIL:CHECK_SOLVER_SCHEDULE_LINK,,629
AEI_P3_FORMAL_20260826T034308Z_9b5f3c2bdfbe,2,M9.01:052b2dfeb855619b4e74c70e7155e5699a6aebc572c887f1432462ecf4afce6b,052b2dfeb855619b4e74c70e7155e5699a6aebc572c887f1432462ecf4afce6b,M9,M9.01,CHECK_OB7_REQUIRED_SOLVER_VERSION,CHECK_OB7_REQUIRED_SOLVER_VERSION,EXPECTED_DETECTOR_MATCH,DETECTED_AS_PREREGISTERED,PASS,FAIL,FAIL,FAIL:CHECK_OB7_REQUIRED_SOLVER_VERSION,,630
AEI_P3_FORMAL_20260826T034308Z_9b5f3c2bdfbe,2,M9.01:0edc936e36dbd00367c35ec096b127c69211776f53ead8d7b9619a78d9b3beb5,0edc936e36dbd00367c35ec096b127c69211776f53ead8d7b9619a78d9b3beb5,M9,M9.01,CHECK_OB7_REQUIRED_SOLVER_VERSION,CHECK_OB7_REQUIRED_SOLVER_VERSION,EXPECTED_DETECTOR_MATCH,DETECTED_AS_PREREGISTERED,PASS,FAIL,FAIL,FAIL:CHECK_OB7_REQUIRED_SOLVER_VERSION,,631
AEI_P3_FORMAL_20260826T034308Z_9b5f3c2bdfbe,2,M9.01:19993579c580ecb799e1ce158990340e547863ae75c4be153b97908cb5cd08a2,19993579c580ecb799e1ce158990340e547863ae75c4be153b97908cb5cd08a2,M9,M9.01,CHECK_OB7_REQUIRED_SOLVER_VERSION,CHECK_OB7_REQUIRED_SOLVER_VERSION,EXPECTED_DETECTOR_MATCH,DETECTED_AS_PREREGISTERED,PASS,FAIL,FAIL,FAIL:CHECK_OB7_REQUIRED_SOLVER_VERSION,,632
AEI_P3_FORMAL_20260826T034308Z_9b5f3c2bdfbe,2,M9.01:1bb3dc3f26212de23def1f2ca0d598d344fea56b8a73247e2f6390ebea07946d,1bb3dc3f26212de23def1f2ca0d598d344fea56b8a73247e2f6390ebea07946d,M9,M9.01,CHECK_OB7_REQUIRED_SOLVER_VERSION,CHECK_OB7_REQUIRED_SOLVER_VERSION,EXPECTED_DETECTOR_MATCH,DETECTED_AS_PREREGISTERED,PASS,FAIL,FAIL,FAIL:CHECK_OB7_REQUIRED_SOLVER_VERSION,,633
AEI_P3_FORMAL_20260826T034308Z_9b5f3c2bdfbe,2,M9.01:2443e5a3d32298289c0b98d2a7d3a03cbf4194a7adecf97293b0ac348944ba9e,2443e5a3d32298289c0b98d2a7d3a03cbf4194a7adecf97293b0ac348944ba9e,M9,M9.01,CHECK_OB7_REQUIRED_SOLVER_VERSION,CHECK_OB7_REQUIRED_SOLVER_VERSION,EXPECTED_DETECTOR_MATCH,DETECTED_AS_PREREGISTERED,PASS,FAIL,FAIL,FAIL:CHECK_OB7_REQUIRED_SOLVER_VERSION,,634
AEI_P3_FORMAL_20260826T034308Z_9b5f3c2bdfbe,2,M9.01:245cb7ed72fd0a10da80157bd648a7ae9e8bd9ef722909fe778d274715ad67b3,245cb7ed72fd0a10da80157bd648a7ae9e8bd9ef722909fe778d274715ad67b3,M9,M9.01,CHECK_OB7_REQUIRED_SOLVER_VERSION,CHECK_OB7_REQUIRED_SOLVER_VERSION,EXPECTED_DETECTOR_MATCH,DETECTED_AS_PREREGISTERED,PASS,FAIL,FAIL,FAIL:CHECK_OB7_REQUIRED_SOLVER_VERSION,,635
AEI_P3_FORMAL_20260826T034308Z_9b5f3c2bdfbe,2,M9.01:268469c82535bf1ba82a82324d755f40ad8bc7255c875b8e25c2d7943cff1ff3,268469c82535bf1ba82a82324d755f40ad8bc7255c875b8e25c2d7943cff1ff3,M9,M9.01,CHECK_OB7_REQUIRED_SOLVER_VERSION,CHECK_OB7_REQUIRED_SOLVER_VERSION,EXPECTED_DETECTOR_MATCH,DETECTED_AS_PREREGISTERED,PASS,FAIL,FAIL,FAIL:CHECK_OB7_REQUIRED_SOLVER_VERSION,,636
AEI_P3_FORMAL_20260826T034308Z_9b5f3c2bdfbe,2,M9.01:2908e9ba69598735be8757d9b153473f5bacec1feb89ecff91ce994824a10178,2908e9ba69598735be8757d9b153473f5bacec1feb89ecff91ce994824a10178,M9,M9.01,CHECK_OB7_REQUIRED_SOLVER_VERSION,CHECK_OB7_REQUIRED_SOLVER_VERSION,EXPECTED_DETECTOR_MATCH,DETECTED_AS_PREREGISTERED,PASS,FAIL,FAIL,FAIL:CHECK_OB7_REQUIRED_SOLVER_VERSION,,637
AEI_P3_FORMAL_20260826T034308Z_9b5f3c2bdfbe,2,M9.01:474b6ef7aac2feb7cb9195d7d3644f0d53d378eb4518ef87a9a2f7714d8ef3d5,474b6ef7aac2feb7cb9195d7d3644f0d53d378eb4518ef87a9a2f7714d8ef3d5,M9,M9.01,CHECK_OB7_REQUIRED_SOLVER_VERSION,CHECK_OB7_REQUIRED_SOLVER_VERSION,EXPECTED_DETECTOR_MATCH,DETECTED_AS_PREREGISTERED,PASS,FAIL,FAIL,FAIL:CHECK_OB7_REQUIRED_SOLVER_VERSION,,638
AEI_P3_FORMAL_20260826T034308Z_9b5f3c2bdfbe,2,M9.01:4fafb9a13ff5e2fda82a804bf609727b68a17926d69ae1574c4801604ec81359,4fafb9a13ff5e2fda82a804bf609727b68a17926d69ae1574c4801604ec81359,M9,M9.01,CHECK_OB7_REQUIRED_SOLVER_VERSION,CHECK_OB7_REQUIRED_SOLVER_VERSION,EXPECTED_DETECTOR_MATCH,DETECTED_AS_PREREGISTERED,PASS,FAIL,FAIL,FAIL:CHECK_OB7_REQUIRED_SOLVER_VERSION,,639
AEI_P3_FORMAL_20260826T034308Z_9b5f3c2bdfbe,2,M9.01:54349d927b9070c144f507868f9ef8b962c7c926426b33c3a7e0c88f715b246a,54349d927b9070c144f507868f9ef8b962c7c926426b33c3a7e0c88f715b246a,M9,M9.01,CHECK_OB7_REQUIRED_SOLVER_VERSION,CHECK_OB7_REQUIRED_SOLVER_VERSION,EXPECTED_DETECTOR_MATCH,DETECTED_AS_PREREGISTERED,PASS,FAIL,FAIL,FAIL:CHECK_OB7_REQUIRED_SOLVER_VERSION,,640
AEI_P3_FORMAL_20260826T034308Z_9b5f3c2bdfbe,2,M9.01:558b8365de15727bf495595ed539867872c185b280ea249712f3b1d5f8674cd5,558b8365de15727bf495595ed539867872c185b280ea249712f3b1d5f8674cd5,M9,M9.01,CHECK_OB7_REQUIRED_SOLVER_VERSION,CHECK_OB7_REQUIRED_SOLVER_VERSION,EXPECTED_DETECTOR_MATCH,DETECTED_AS_PREREGISTERED,PASS,FAIL,FAIL,FAIL:CHECK_OB7_REQUIRED_SOLVER_VERSION,,641
AEI_P3_FORMAL_20260826T034308Z_9b5f3c2bdfbe,2,M9.01:5ecccd77f46ab5549088b57686632a9eb5ccf1a5a977fbe35cfae6a50eca52bb,5ecccd77f46ab5549088b57686632a9eb5ccf1a5a977fbe35cfae6a50eca52bb,M9,M9.01,CHECK_OB7_REQUIRED_SOLVER_VERSION,CHECK_OB7_REQUIRED_SOLVER_VERSION,EXPECTED_DETECTOR_MATCH,DETECTED_AS_PREREGISTERED,PASS,FAIL,FAIL,FAIL:CHECK_OB7_REQUIRED_SOLVER_VERSION,,642
AEI_P3_FORMAL_20260826T034308Z_9b5f3c2bdfbe,2,M9.01:5f24b2bbe16d5c8f667064d5031553e1dd9c4d9dbb7e0757cb922d9ba47928d5,5f24b2bbe16d5c8f667064d5031553e1dd9c4d9dbb7e0757cb922d9ba47928d5,M9,M9.01,CHECK_OB7_REQUIRED_SOLVER_VERSION,CHECK_OB7_REQUIRED_SOLVER_VERSION,EXPECTED_DETECTOR_MATCH,DETECTED_AS_PREREGISTERED,PASS,FAIL,FAIL,FAIL:CHECK_OB7_REQUIRED_SOLVER_VERSION,,643
AEI_P3_FORMAL_20260826T034308Z_9b5f3c2bdfbe,2,M9.01:61f77c0251bcd2bbb51e6bff7e048bfcda7139b4e796314d32b47961ac3b5c1b,61f77c0251bcd2bbb51e6bff7e048bfcda7139b4e796314d32b47961ac3b5c1b,M9,M9.01,CHECK_OB7_REQUIRED_SOLVER_VERSION,CHECK_OB7_REQUIRED_SOLVER_VERSION,EXPECTED_DETECTOR_MATCH,DETECTED_AS_PREREGISTERED,PASS,FAIL,FAIL,FAIL:CHECK_OB7_REQUIRED_SOLVER_VERSION,,644
AEI_P3_FORMAL_20260826T034308Z_9b5f3c2bdfbe,2,M9.01:634f3d08fd93ba622176ea6c9ff7ff1fb9d57a9b14f936f27d1460655fc20d72,634f3d08fd93ba622176ea6c9ff7ff1fb9d57a9b14f936f27d1460655fc20d72,M9,M9.01,CHECK_OB7_REQUIRED_SOLVER_VERSION,CHECK_OB7_REQUIRED_SOLVER_VERSION,EXPECTED_DETECTOR_MATCH,DETECTED_AS_PREREGISTERED,PASS,FAIL,FAIL,FAIL:CHECK_OB7_REQUIRED_SOLVER_VERSION,,645
AEI_P3_FORMAL_20260826T034308Z_9b5f3c2bdfbe,2,M9.01:73cdcc11d1c23e47664696979a9b12b94deb5da000c18f37a8d7c0b641090788,73cdcc11d1c23e47664696979a9b12b94deb5da000c18f37a8d7c0b641090788,M9,M9.01,CHECK_OB7_REQUIRED_SOLVER_VERSION,CHECK_OB7_REQUIRED_SOLVER_VERSION,EXPECTED_DETECTOR_MATCH,DETECTED_AS_PREREGISTERED,PASS,FAIL,FAIL,FAIL:CHECK_OB7_REQUIRED_SOLVER_VERSION,,646
AEI_P3_FORMAL_20260826T034308Z_9b5f3c2bdfbe,2,M9.01:7dc2cc636acd7eeb3db7367222360894cac918d6adca467d2f7a79960bbe8b1c,7dc2cc636acd7eeb3db7367222360894cac918d6adca467d2f7a79960bbe8b1c,M9,M9.01,CHECK_OB7_REQUIRED_SOLVER_VERSION,CHECK_OB7_REQUIRED_SOLVER_VERSION,EXPECTED_DETECTOR_MATCH,DETECTED_AS_PREREGISTERED,PASS,FAIL,FAIL,FAIL:CHECK_OB7_REQUIRED_SOLVER_VERSION,,647
AEI_P3_FORMAL_20260826T034308Z_9b5f3c2bdfbe,2,M9.01:8c60197386a54af6d06cac0996c81cbca4971ac83984afcf2a52fa27a5bb1b42,8c60197386a54af6d06cac0996c81cbca4971ac83984afcf2a52fa27a5bb1b42,M9,M9.01,CHECK_OB7_REQUIRED_SOLVER_VERSION,CHECK_OB7_REQUIRED_SOLVER_VERSION,EXPECTED_DETECTOR_MATCH,DETECTED_AS_PREREGISTERED,PASS,FAIL,FAIL,FAIL:CHECK_OB7_REQUIRED_SOLVER_VERSION,,648
AEI_P3_FORMAL_20260826T034308Z_9b5f3c2bdfbe,2,M9.01:8e3a1df6f55a6d53d21fd63c9dcda45cee6d1576c4989d45b40828d31e6d7281,8e3a1df6f55a6d53d21fd63c9dcda45cee6d1576c4989d45b40828d31e6d7281,M9,M9.01,CHECK_OB7_REQUIRED_SOLVER_VERSION,CHECK_OB7_REQUIRED_SOLVER_VERSION,EXPECTED_DETECTOR_MATCH,DETECTED_AS_PREREGISTERED,PASS,FAIL,FAIL,FAIL:CHECK_OB7_REQUIRED_SOLVER_VERSION,,649
AEI_P3_FORMAL_20260826T034308Z_9b5f3c2bdfbe,2,M9.01:97eb8ea8dfec0a163a4b54e1179247553055627de3df3d7a40c8879cacc64800,97eb8ea8dfec0a163a4b54e1179247553055627de3df3d7a40c8879cacc64800,M9,M9.01,CHECK_OB7_REQUIRED_SOLVER_VERSION,CHECK_OB7_REQUIRED_SOLVER_VERSION,EXPECTED_DETECTOR_MATCH,DETECTED_AS_PREREGISTERED,PASS,FAIL,FAIL,FAIL:CHECK_OB7_REQUIRED_SOLVER_VERSION,,650
AEI_P3_FORMAL_20260826T034308Z_9b5f3c2bdfbe,2,M9.01:9827288498c6ff63f3f7ec6f3bb833b53ac1c3cbaf59021addc82b6a8c08bae2,9827288498c6ff63f3f7ec6f3bb833b53ac1c3cbaf59021addc82b6a8c08bae2,M9,M9.01,CHECK_OB7_REQUIRED_SOLVER_VERSION,CHECK_OB7_REQUIRED_SOLVER_VERSION,EXPECTED_DETECTOR_MATCH,DETECTED_AS_PREREGISTERED,PASS,FAIL,FAIL,FAIL:CHECK_OB7_REQUIRED_SOLVER_VERSION,,651
AEI_P3_FORMAL_20260826T034308Z_9b5f3c2bdfbe,2,M9.01:9f7906189c782cba7c3a4cc9cb8785764c8ad3fb1e637423a7a310d6c438feb5,9f7906189c782cba7c3a4cc9cb8785764c8ad3fb1e637423a7a310d6c438feb5,M9,M9.01,CHECK_OB7_REQUIRED_SOLVER_VERSION,CHECK_OB7_REQUIRED_SOLVER_VERSION,EXPECTED_DETECTOR_MATCH,DETECTED_AS_PREREGISTERED,PASS,FAIL,FAIL,FAIL:CHECK_OB7_REQUIRED_SOLVER_VERSION,,652
AEI_P3_FORMAL_20260826T034308Z_9b5f3c2bdfbe,2,M9.01:aa5b4ee1688c71f1a3932cd7d9b629a08e31ef09728f3280c98c7636eecfb8d3,aa5b4ee1688c71f1a3932cd7d9b629a08e31ef09728f3280c98c7636eecfb8d3,M9,M9.01,CHECK_OB7_REQUIRED_SOLVER_VERSION,CHECK_OB7_REQUIRED_SOLVER_VERSION,EXPECTED_DETECTOR_MATCH,DETECTED_AS_PREREGISTERED,PASS,FAIL,FAIL,FAIL:CHECK_OB7_REQUIRED_SOLVER_VERSION,,653
AEI_P3_FORMAL_20260826T034308Z_9b5f3c2bdfbe,2,M9.01:aad646b14392b632d658225dedb7d3953424ab9ab19ebafdc67bd9a7f02eb50b,aad646b14392b632d658225dedb7d3953424ab9ab19ebafdc67bd9a7f02eb50b,M9,M9.01,CHECK_OB7_REQUIRED_SOLVER_VERSION,CHECK_OB7_REQUIRED_SOLVER_VERSION,EXPECTED_DETECTOR_MATCH,DETECTED_AS_PREREGISTERED,PASS,FAIL,FAIL,FAIL:CHECK_OB7_REQUIRED_SOLVER_VERSION,,654
AEI_P3_FORMAL_20260826T034308Z_9b5f3c2bdfbe,2,M9.01:abc8d6ba26b9728a25ebd17f4066aa5421f54fde1c1ef630cc33cb308c0fb8e5,abc8d6ba26b9728a25ebd17f4066aa5421f54fde1c1ef630cc33cb308c0fb8e5,M9,M9.01,CHECK_OB7_REQUIRED_SOLVER_VERSION,CHECK_OB7_REQUIRED_SOLVER_VERSION,EXPECTED_DETECTOR_MATCH,DETECTED_AS_PREREGISTERED,PASS,FAIL,FAIL,FAIL:CHECK_OB7_REQUIRED_SOLVER_VERSION,,655
AEI_P3_FORMAL_20260826T034308Z_9b5f3c2bdfbe,2,M9.01:b0f01f4c7ca822555039b9267d8985edbeb149abc0a710d6583cea634584f862,b0f01f4c7ca822555039b9267d8985edbeb149abc0a710d6583cea634584f862,M9,M9.01,CHECK_OB7_REQUIRED_SOLVER_VERSION,CHECK_OB7_REQUIRED_SOLVER_VERSION,EXPECTED_DETECTOR_MATCH,DETECTED_AS_PREREGISTERED,PASS,FAIL,FAIL,FAIL:CHECK_OB7_REQUIRED_SOLVER_VERSION,,656
AEI_P3_FORMAL_20260826T034308Z_9b5f3c2bdfbe,2,M9.01:b31f9c5cbf923f188771558357941c1a7d6a71089f67793c620cf7034a070eb2,b31f9c5cbf923f188771558357941c1a7d6a71089f67793c620cf7034a070eb2,M9,M9.01,CHECK_OB7_REQUIRED_SOLVER_VERSION,CHECK_OB7_REQUIRED_SOLVER_VERSION,EXPECTED_DETECTOR_MATCH,DETECTED_AS_PREREGISTERED,PASS,FAIL,FAIL,FAIL:CHECK_OB7_REQUIRED_SOLVER_VERSION,,657
AEI_P3_FORMAL_20260826T034308Z_9b5f3c2bdfbe,2,M9.01:b5c400c27e6dbb1cc8466c5ce68e1530b6d984599f3c01c36496b49b586ff5e3,b5c400c27e6dbb1cc8466c5ce68e1530b6d984599f3c01c36496b49b586ff5e3,M9,M9.01,CHECK_OB7_REQUIRED_SOLVER_VERSION,CHECK_OB7_REQUIRED_SOLVER_VERSION,EXPECTED_DETECTOR_MATCH,DETECTED_AS_PREREGISTERED,PASS,FAIL,FAIL,FAIL:CHECK_OB7_REQUIRED_SOLVER_VERSION,,658
AEI_P3_FORMAL_20260826T034308Z_9b5f3c2bdfbe,2,M9.01:bb3f15222034bdf87b9be499b27f859fe778b781693fd54677f83bd7531f0680,bb3f15222034bdf87b9be499b27f859fe778b781693fd54677f83bd7531f0680,M9,M9.01,CHECK_OB7_REQUIRED_SOLVER_VERSION,CHECK_OB7_REQUIRED_SOLVER_VERSION,EXPECTED_DETECTOR_MATCH,DETECTED_AS_PREREGISTERED,PASS,FAIL,FAIL,FAIL:CHECK_OB7_REQUIRED_SOLVER_VERSION,,659
AEI_P3_FORMAL_20260826T034308Z_9b5f3c2bdfbe,2,M9.01:ce18361670bfbcde2f3ff22167187aecef9164dedbf1198bc7563c147804780e,ce18361670bfbcde2f3ff22167187aecef9164dedbf1198bc7563c147804780e,M9,M9.01,CHECK_OB7_REQUIRED_SOLVER_VERSION,CHECK_OB7_REQUIRED_SOLVER_VERSION,EXPECTED_DETECTOR_MATCH,DETECTED_AS_PREREGISTERED,PASS,FAIL,FAIL,FAIL:CHECK_OB7_REQUIRED_SOLVER_VERSION,,660
AEI_P3_FORMAL_20260826T034308Z_9b5f3c2bdfbe,2,M9.01:ceae66508816dc9f5458c925c89f155658e6c78710a8753d337ac385481cc1bf,ceae66508816dc9f5458c925c89f155658e6c78710a8753d337ac385481cc1bf,M9,M9.01,CHECK_OB7_REQUIRED_SOLVER_VERSION,CHECK_OB7_REQUIRED_SOLVER_VERSION,EXPECTED_DETECTOR_MATCH,DETECTED_AS_PREREGISTERED,PASS,FAIL,FAIL,FAIL:CHECK_OB7_REQUIRED_SOLVER_VERSION,,661
AEI_P3_FORMAL_20260826T034308Z_9b5f3c2bdfbe,2,M9.01:d093d52f24139c1b6fb09b775beedd000f1a7b3716df906d7d36e91e7e848265,d093d52f24139c1b6fb09b775beedd000f1a7b3716df906d7d36e91e7e848265,M9,M9.01,CHECK_OB7_REQUIRED_SOLVER_VERSION,CHECK_OB7_REQUIRED_SOLVER_VERSION,EXPECTED_DETECTOR_MATCH,DETECTED_AS_PREREGISTERED,PASS,FAIL,FAIL,FAIL:CHECK_OB7_REQUIRED_SOLVER_VERSION,,662
AEI_P3_FORMAL_20260826T034308Z_9b5f3c2bdfbe,2,M9.01:d4b957654a5efd71168d6f7e67936e6abf4666ceb41e7919635002157b125411,d4b957654a5efd71168d6f7e67936e6abf4666ceb41e7919635002157b125411,M9,M9.01,CHECK_OB7_REQUIRED_SOLVER_VERSION,CHECK_OB7_REQUIRED_SOLVER_VERSION,EXPECTED_DETECTOR_MATCH,DETECTED_AS_PREREGISTERED,PASS,FAIL,FAIL,FAIL:CHECK_OB7_REQUIRED_SOLVER_VERSION,,663
AEI_P3_FORMAL_20260826T034308Z_9b5f3c2bdfbe,2,M9.01:d598e89b357205c7b4bd47c5ebbe933f8be1f7c8dcdee85e66ec6829cafb91d3,d598e89b357205c7b4bd47c5ebbe933f8be1f7c8dcdee85e66ec6829cafb91d3,M9,M9.01,CHECK_OB7_REQUIRED_SOLVER_VERSION,CHECK_OB7_REQUIRED_SOLVER_VERSION,EXPECTED_DETECTOR_MATCH,DETECTED_AS_PREREGISTERED,PASS,FAIL,FAIL,FAIL:CHECK_OB7_REQUIRED_SOLVER_VERSION,,664
AEI_P3_FORMAL_20260826T034308Z_9b5f3c2bdfbe,2,M9.01:eb3670bbe434a59cc94347384a5d50fb526d26a00dbf6da73e54438c4bacc2a0,eb3670bbe434a59cc94347384a5d50fb526d26a00dbf6da73e54438c4bacc2a0,M9,M9.01,CHECK_OB7_REQUIRED_SOLVER_VERSION,CHECK_OB7_REQUIRED_SOLVER_VERSION,EXPECTED_DETECTOR_MATCH,DETECTED_AS_PREREGISTERED,PASS,FAIL,FAIL,FAIL:CHECK_OB7_REQUIRED_SOLVER_VERSION,,665
AEI_P3_FORMAL_20260826T034308Z_9b5f3c2bdfbe,2,M9.01:f1e5fc58ea336e13c098308a2da00dee7de3dd3aa08d6170df4a3cb1afd09795,f1e5fc58ea336e13c098308a2da00dee7de3dd3aa08d6170df4a3cb1afd09795,M9,M9.01,CHECK_OB7_REQUIRED_SOLVER_VERSION,CHECK_OB7_REQUIRED_SOLVER_VERSION,EXPECTED_DETECTOR_MATCH,DETECTED_AS_PREREGISTERED,PASS,FAIL,FAIL,FAIL:CHECK_OB7_REQUIRED_SOLVER_VERSION,,666
AEI_P3_FORMAL_20260826T034308Z_9b5f3c2bdfbe,2,M9.01:f583baa2dad1527b5f84f71805410ee51b78fce2b1be62de49f1636c06821c7b,f583baa2dad1527b5f84f71805410ee51b78fce2b1be62de49f1636c06821c7b,M9,M9.01,CHECK_OB7_REQUIRED_SOLVER_VERSION,CHECK_OB7_REQUIRED_SOLVER_VERSION,EXPECTED_DETECTOR_MATCH,DETECTED_AS_PREREGISTERED,PASS,FAIL,FAIL,FAIL:CHECK_OB7_REQUIRED_SOLVER_VERSION,,667
AEI_P3_FORMAL_20260826T034308Z_9b5f3c2bdfbe,2,M9.01:f64f55ad9277004ae441909cd6556d26eeaf73d3eb3c537384be703615149f96,f64f55ad9277004ae441909cd6556d26eeaf73d3eb3c537384be703615149f96,M9,M9.01,CHECK_OB7_REQUIRED_SOLVER_VERSION,CHECK_OB7_REQUIRED_SOLVER_VERSION,EXPECTED_DETECTOR_MATCH,DETECTED_AS_PREREGISTERED,PASS,FAIL,FAIL,FAIL:CHECK_OB7_REQUIRED_SOLVER_VERSION,,668
AEI_P3_FORMAL_20260826T034308Z_9b5f3c2bdfbe,2,M9.01:f80e8a50e0815fda9eef8635e52671f3888786c4daef5767b8da7b74e4311646,f80e8a50e0815fda9eef8635e52671f3888786c4daef5767b8da7b74e4311646,M9,M9.01,CHECK_OB7_REQUIRED_SOLVER_VERSION,CHECK_OB7_REQUIRED_SOLVER_VERSION,EXPECTED_DETECTOR_MATCH,DETECTED_AS_PREREGISTERED,PASS,FAIL,FAIL,FAIL:CHECK_OB7_REQUIRED_SOLVER_VERSION,,669
AEI_P3_FORMAL_20260826T034308Z_9b5f3c2bdfbe,2,M9.01:f9ade00b139ce33674b05d1766de3ec85779abfd83f893a7b2437817100901d9,f9ade00b139ce33674b05d1766de3ec85779abfd83f893a7b2437817100901d9,M9,M9.01,CHECK_OB7_REQUIRED_SOLVER_VERSION,CHECK_OB7_REQUIRED_SOLVER_VERSION,EXPECTED_DETECTOR_MATCH,DETECTED_AS_PREREGISTERED,PASS,FAIL,FAIL,FAIL:CHECK_OB7_REQUIRED_SOLVER_VERSION,,670
AEI_P3_FORMAL_20260826T034308Z_9b5f3c2bdfbe,2,M9.01:feb26c8ce25b99d6b090e07fca86c8e2dbf3ff2d6b891634c4c71b179329ab47,feb26c8ce25b99d6b090e07fca86c8e2dbf3ff2d6b891634c4c71b179329ab47,M9,M9.01,CHECK_OB7_REQUIRED_SOLVER_VERSION,CHECK_OB7_REQUIRED_SOLVER_VERSION,EXPECTED_DETECTOR_MATCH,DETECTED_AS_PREREGISTERED,PASS,FAIL,FAIL,FAIL:CHECK_OB7_REQUIRED_SOLVER_VERSION,,671
AEI_P3_FORMAL_20260826T034308Z_9b5f3c2bdfbe,2,M9.02:052b2dfeb855619b4e74c70e7155e5699a6aebc572c887f1432462ecf4afce6b,052b2dfeb855619b4e74c70e7155e5699a6aebc572c887f1432462ecf4afce6b,M9,M9.02,CHECK_OB7_REQUIRED_MODEL_HASH,CHECK_OB7_REQUIRED_MODEL_HASH,EXPECTED_DETECTOR_MATCH,DETECTED_AS_PREREGISTERED,PASS,FAIL,FAIL,FAIL:CHECK_OB7_REQUIRED_MODEL_HASH,,672
AEI_P3_FORMAL_20260826T034308Z_9b5f3c2bdfbe,2,M9.02:0edc936e36dbd00367c35ec096b127c69211776f53ead8d7b9619a78d9b3beb5,0edc936e36dbd00367c35ec096b127c69211776f53ead8d7b9619a78d9b3beb5,M9,M9.02,CHECK_OB7_REQUIRED_MODEL_HASH,CHECK_OB7_REQUIRED_MODEL_HASH,EXPECTED_DETECTOR_MATCH,DETECTED_AS_PREREGISTERED,PASS,FAIL,FAIL,FAIL:CHECK_OB7_REQUIRED_MODEL_HASH,,673
AEI_P3_FORMAL_20260826T034308Z_9b5f3c2bdfbe,2,M9.02:19993579c580ecb799e1ce158990340e547863ae75c4be153b97908cb5cd08a2,19993579c580ecb799e1ce158990340e547863ae75c4be153b97908cb5cd08a2,M9,M9.02,CHECK_OB7_REQUIRED_MODEL_HASH,CHECK_OB7_REQUIRED_MODEL_HASH,EXPECTED_DETECTOR_MATCH,DETECTED_AS_PREREGISTERED,PASS,FAIL,FAIL,FAIL:CHECK_OB7_REQUIRED_MODEL_HASH,,674
AEI_P3_FORMAL_20260826T034308Z_9b5f3c2bdfbe,2,M9.02:1bb3dc3f26212de23def1f2ca0d598d344fea56b8a73247e2f6390ebea07946d,1bb3dc3f26212de23def1f2ca0d598d344fea56b8a73247e2f6390ebea07946d,M9,M9.02,CHECK_OB7_REQUIRED_MODEL_HASH,CHECK_OB7_REQUIRED_MODEL_HASH,EXPECTED_DETECTOR_MATCH,DETECTED_AS_PREREGISTERED,PASS,FAIL,FAIL,FAIL:CHECK_OB7_REQUIRED_MODEL_HASH,,675
AEI_P3_FORMAL_20260826T034308Z_9b5f3c2bdfbe,2,M9.02:2443e5a3d32298289c0b98d2a7d3a03cbf4194a7adecf97293b0ac348944ba9e,2443e5a3d32298289c0b98d2a7d3a03cbf4194a7adecf97293b0ac348944ba9e,M9,M9.02,CHECK_OB7_REQUIRED_MODEL_HASH,CHECK_OB7_REQUIRED_MODEL_HASH,EXPECTED_DETECTOR_MATCH,DETECTED_AS_PREREGISTERED,PASS,FAIL,FAIL,FAIL:CHECK_OB7_REQUIRED_MODEL_HASH,,676
AEI_P3_FORMAL_20260826T034308Z_9b5f3c2bdfbe,2,M9.02:245cb7ed72fd0a10da80157bd648a7ae9e8bd9ef722909fe778d274715ad67b3,245cb7ed72fd0a10da80157bd648a7ae9e8bd9ef722909fe778d274715ad67b3,M9,M9.02,CHECK_OB7_REQUIRED_MODEL_HASH,CHECK_OB7_REQUIRED_MODEL_HASH,EXPECTED_DETECTOR_MATCH,DETECTED_AS_PREREGISTERED,PASS,FAIL,FAIL,FAIL:CHECK_OB7_REQUIRED_MODEL_HASH,,677
AEI_P3_FORMAL_20260826T034308Z_9b5f3c2bdfbe,2,M9.02:268469c82535bf1ba82a82324d755f40ad8bc7255c875b8e25c2d7943cff1ff3,268469c82535bf1ba82a82324d755f40ad8bc7255c875b8e25c2d7943cff1ff3,M9,M9.02,CHECK_OB7_REQUIRED_MODEL_HASH,CHECK_OB7_REQUIRED_MODEL_HASH,EXPECTED_DETECTOR_MATCH,DETECTED_AS_PREREGISTERED,PASS,FAIL,FAIL,FAIL:CHECK_OB7_REQUIRED_MODEL_HASH,,678
AEI_P3_FORMAL_20260826T034308Z_9b5f3c2bdfbe,2,M9.02:2908e9ba69598735be8757d9b153473f5bacec1feb89ecff91ce994824a10178,2908e9ba69598735be8757d9b153473f5bacec1feb89ecff91ce994824a10178,M9,M9.02,CHECK_OB7_REQUIRED_MODEL_HASH,CHECK_OB7_REQUIRED_MODEL_HASH,EXPECTED_DETECTOR_MATCH,DETECTED_AS_PREREGISTERED,PASS,FAIL,FAIL,FAIL:CHECK_OB7_REQUIRED_MODEL_HASH,,679
AEI_P3_FORMAL_20260826T034308Z_9b5f3c2bdfbe,2,M9.02:474b6ef7aac2feb7cb9195d7d3644f0d53d378eb4518ef87a9a2f7714d8ef3d5,474b6ef7aac2feb7cb9195d7d3644f0d53d378eb4518ef87a9a2f7714d8ef3d5,M9,M9.02,CHECK_OB7_REQUIRED_MODEL_HASH,CHECK_OB7_REQUIRED_MODEL_HASH,EXPECTED_DETECTOR_MATCH,DETECTED_AS_PREREGISTERED,PASS,FAIL,FAIL,FAIL:CHECK_OB7_REQUIRED_MODEL_HASH,,680
AEI_P3_FORMAL_20260826T034308Z_9b5f3c2bdfbe,2,M9.02:4fafb9a13ff5e2fda82a804bf609727b68a17926d69ae1574c4801604ec81359,4fafb9a13ff5e2fda82a804bf609727b68a17926d69ae1574c4801604ec81359,M9,M9.02,CHECK_OB7_REQUIRED_MODEL_HASH,CHECK_OB7_REQUIRED_MODEL_HASH,EXPECTED_DETECTOR_MATCH,DETECTED_AS_PREREGISTERED,PASS,FAIL,FAIL,FAIL:CHECK_OB7_REQUIRED_MODEL_HASH,,681
AEI_P3_FORMAL_20260826T034308Z_9b5f3c2bdfbe,2,M9.02:54349d927b9070c144f507868f9ef8b962c7c926426b33c3a7e0c88f715b246a,54349d927b9070c144f507868f9ef8b962c7c926426b33c3a7e0c88f715b246a,M9,M9.02,CHECK_OB7_REQUIRED_MODEL_HASH,CHECK_OB7_REQUIRED_MODEL_HASH,EXPECTED_DETECTOR_MATCH,DETECTED_AS_PREREGISTERED,PASS,FAIL,FAIL,FAIL:CHECK_OB7_REQUIRED_MODEL_HASH,,682
AEI_P3_FORMAL_20260826T034308Z_9b5f3c2bdfbe,2,M9.02:558b8365de15727bf495595ed539867872c185b280ea249712f3b1d5f8674cd5,558b8365de15727bf495595ed539867872c185b280ea249712f3b1d5f8674cd5,M9,M9.02,CHECK_OB7_REQUIRED_MODEL_HASH,CHECK_OB7_REQUIRED_MODEL_HASH,EXPECTED_DETECTOR_MATCH,DETECTED_AS_PREREGISTERED,PASS,FAIL,FAIL,FAIL:CHECK_OB7_REQUIRED_MODEL_HASH,,683
AEI_P3_FORMAL_20260826T034308Z_9b5f3c2bdfbe,2,M9.02:5ecccd77f46ab5549088b57686632a9eb5ccf1a5a977fbe35cfae6a50eca52bb,5ecccd77f46ab5549088b57686632a9eb5ccf1a5a977fbe35cfae6a50eca52bb,M9,M9.02,CHECK_OB7_REQUIRED_MODEL_HASH,CHECK_OB7_REQUIRED_MODEL_HASH,EXPECTED_DETECTOR_MATCH,DETECTED_AS_PREREGISTERED,PASS,FAIL,FAIL,FAIL:CHECK_OB7_REQUIRED_MODEL_HASH,,684
AEI_P3_FORMAL_20260826T034308Z_9b5f3c2bdfbe,2,M9.02:5f24b2bbe16d5c8f667064d5031553e1dd9c4d9dbb7e0757cb922d9ba47928d5,5f24b2bbe16d5c8f667064d5031553e1dd9c4d9dbb7e0757cb922d9ba47928d5,M9,M9.02,CHECK_OB7_REQUIRED_MODEL_HASH,CHECK_OB7_REQUIRED_MODEL_HASH,EXPECTED_DETECTOR_MATCH,DETECTED_AS_PREREGISTERED,PASS,FAIL,FAIL,FAIL:CHECK_OB7_REQUIRED_MODEL_HASH,,685
AEI_P3_FORMAL_20260826T034308Z_9b5f3c2bdfbe,2,M9.02:61f77c0251bcd2bbb51e6bff7e048bfcda7139b4e796314d32b47961ac3b5c1b,61f77c0251bcd2bbb51e6bff7e048bfcda7139b4e796314d32b47961ac3b5c1b,M9,M9.02,CHECK_OB7_REQUIRED_MODEL_HASH,CHECK_OB7_REQUIRED_MODEL_HASH,EXPECTED_DETECTOR_MATCH,DETECTED_AS_PREREGISTERED,PASS,FAIL,FAIL,FAIL:CHECK_OB7_REQUIRED_MODEL_HASH,,686
AEI_P3_FORMAL_20260826T034308Z_9b5f3c2bdfbe,2,M9.02:634f3d08fd93ba622176ea6c9ff7ff1fb9d57a9b14f936f27d1460655fc20d72,634f3d08fd93ba622176ea6c9ff7ff1fb9d57a9b14f936f27d1460655fc20d72,M9,M9.02,CHECK_OB7_REQUIRED_MODEL_HASH,CHECK_OB7_REQUIRED_MODEL_HASH,EXPECTED_DETECTOR_MATCH,DETECTED_AS_PREREGISTERED,PASS,FAIL,FAIL,FAIL:CHECK_OB7_REQUIRED_MODEL_HASH,,687
AEI_P3_FORMAL_20260826T034308Z_9b5f3c2bdfbe,2,M9.02:73cdcc11d1c23e47664696979a9b12b94deb5da000c18f37a8d7c0b641090788,73cdcc11d1c23e47664696979a9b12b94deb5da000c18f37a8d7c0b641090788,M9,M9.02,CHECK_OB7_REQUIRED_MODEL_HASH,CHECK_OB7_REQUIRED_MODEL_HASH,EXPECTED_DETECTOR_MATCH,DETECTED_AS_PREREGISTERED,PASS,FAIL,FAIL,FAIL:CHECK_OB7_REQUIRED_MODEL_HASH,,688
AEI_P3_FORMAL_20260826T034308Z_9b5f3c2bdfbe,2,M9.02:7dc2cc636acd7eeb3db7367222360894cac918d6adca467d2f7a79960bbe8b1c,7dc2cc636acd7eeb3db7367222360894cac918d6adca467d2f7a79960bbe8b1c,M9,M9.02,CHECK_OB7_REQUIRED_MODEL_HASH,CHECK_OB7_REQUIRED_MODEL_HASH,EXPECTED_DETECTOR_MATCH,DETECTED_AS_PREREGISTERED,PASS,FAIL,FAIL,FAIL:CHECK_OB7_REQUIRED_MODEL_HASH,,689
AEI_P3_FORMAL_20260826T034308Z_9b5f3c2bdfbe,2,M9.02:8c60197386a54af6d06cac0996c81cbca4971ac83984afcf2a52fa27a5bb1b42,8c60197386a54af6d06cac0996c81cbca4971ac83984afcf2a52fa27a5bb1b42,M9,M9.02,CHECK_OB7_REQUIRED_MODEL_HASH,CHECK_OB7_REQUIRED_MODEL_HASH,EXPECTED_DETECTOR_MATCH,DETECTED_AS_PREREGISTERED,PASS,FAIL,FAIL,FAIL:CHECK_OB7_REQUIRED_MODEL_HASH,,690
AEI_P3_FORMAL_20260826T034308Z_9b5f3c2bdfbe,2,M9.02:8e3a1df6f55a6d53d21fd63c9dcda45cee6d1576c4989d45b40828d31e6d7281,8e3a1df6f55a6d53d21fd63c9dcda45cee6d1576c4989d45b40828d31e6d7281,M9,M9.02,CHECK_OB7_REQUIRED_MODEL_HASH,CHECK_OB7_REQUIRED_MODEL_HASH,EXPECTED_DETECTOR_MATCH,DETECTED_AS_PREREGISTERED,PASS,FAIL,FAIL,FAIL:CHECK_OB7_REQUIRED_MODEL_HASH,,691
AEI_P3_FORMAL_20260826T034308Z_9b5f3c2bdfbe,2,M9.02:97eb8ea8dfec0a163a4b54e1179247553055627de3df3d7a40c8879cacc64800,97eb8ea8dfec0a163a4b54e1179247553055627de3df3d7a40c8879cacc64800,M9,M9.02,CHECK_OB7_REQUIRED_MODEL_HASH,CHECK_OB7_REQUIRED_MODEL_HASH,EXPECTED_DETECTOR_MATCH,DETECTED_AS_PREREGISTERED,PASS,FAIL,FAIL,FAIL:CHECK_OB7_REQUIRED_MODEL_HASH,,692
AEI_P3_FORMAL_20260826T034308Z_9b5f3c2bdfbe,2,M9.02:9827288498c6ff63f3f7ec6f3bb833b53ac1c3cbaf59021addc82b6a8c08bae2,9827288498c6ff63f3f7ec6f3bb833b53ac1c3cbaf59021addc82b6a8c08bae2,M9,M9.02,CHECK_OB7_REQUIRED_MODEL_HASH,CHECK_OB7_REQUIRED_MODEL_HASH,EXPECTED_DETECTOR_MATCH,DETECTED_AS_PREREGISTERED,PASS,FAIL,FAIL,FAIL:CHECK_OB7_REQUIRED_MODEL_HASH,,693
AEI_P3_FORMAL_20260826T034308Z_9b5f3c2bdfbe,2,M9.02:9f7906189c782cba7c3a4cc9cb8785764c8ad3fb1e637423a7a310d6c438feb5,9f7906189c782cba7c3a4cc9cb8785764c8ad3fb1e637423a7a310d6c438feb5,M9,M9.02,CHECK_OB7_REQUIRED_MODEL_HASH,CHECK_OB7_REQUIRED_MODEL_HASH,EXPECTED_DETECTOR_MATCH,DETECTED_AS_PREREGISTERED,PASS,FAIL,FAIL,FAIL:CHECK_OB7_REQUIRED_MODEL_HASH,,694
AEI_P3_FORMAL_20260826T034308Z_9b5f3c2bdfbe,2,M9.02:aa5b4ee1688c71f1a3932cd7d9b629a08e31ef09728f3280c98c7636eecfb8d3,aa5b4ee1688c71f1a3932cd7d9b629a08e31ef09728f3280c98c7636eecfb8d3,M9,M9.02,CHECK_OB7_REQUIRED_MODEL_HASH,CHECK_OB7_REQUIRED_MODEL_HASH,EXPECTED_DETECTOR_MATCH,DETECTED_AS_PREREGISTERED,PASS,FAIL,FAIL,FAIL:CHECK_OB7_REQUIRED_MODEL_HASH,,695
AEI_P3_FORMAL_20260826T034308Z_9b5f3c2bdfbe,2,M9.02:aad646b14392b632d658225dedb7d3953424ab9ab19ebafdc67bd9a7f02eb50b,aad646b14392b632d658225dedb7d3953424ab9ab19ebafdc67bd9a7f02eb50b,M9,M9.02,CHECK_OB7_REQUIRED_MODEL_HASH,CHECK_OB7_REQUIRED_MODEL_HASH,EXPECTED_DETECTOR_MATCH,DETECTED_AS_PREREGISTERED,PASS,FAIL,FAIL,FAIL:CHECK_OB7_REQUIRED_MODEL_HASH,,696
AEI_P3_FORMAL_20260826T034308Z_9b5f3c2bdfbe,2,M9.02:abc8d6ba26b9728a25ebd17f4066aa5421f54fde1c1ef630cc33cb308c0fb8e5,abc8d6ba26b9728a25ebd17f4066aa5421f54fde1c1ef630cc33cb308c0fb8e5,M9,M9.02,CHECK_OB7_REQUIRED_MODEL_HASH,CHECK_OB7_REQUIRED_MODEL_HASH,EXPECTED_DETECTOR_MATCH,DETECTED_AS_PREREGISTERED,PASS,FAIL,FAIL,FAIL:CHECK_OB7_REQUIRED_MODEL_HASH,,697
AEI_P3_FORMAL_20260826T034308Z_9b5f3c2bdfbe,2,M9.02:b0f01f4c7ca822555039b9267d8985edbeb149abc0a710d6583cea634584f862,b0f01f4c7ca822555039b9267d8985edbeb149abc0a710d6583cea634584f862,M9,M9.02,CHECK_OB7_REQUIRED_MODEL_HASH,CHECK_OB7_REQUIRED_MODEL_HASH,EXPECTED_DETECTOR_MATCH,DETECTED_AS_PREREGISTERED,PASS,FAIL,FAIL,FAIL:CHECK_OB7_REQUIRED_MODEL_HASH,,698
AEI_P3_FORMAL_20260826T034308Z_9b5f3c2bdfbe,2,M9.02:b31f9c5cbf923f188771558357941c1a7d6a71089f67793c620cf7034a070eb2,b31f9c5cbf923f188771558357941c1a7d6a71089f67793c620cf7034a070eb2,M9,M9.02,CHECK_OB7_REQUIRED_MODEL_HASH,CHECK_OB7_REQUIRED_MODEL_HASH,EXPECTED_DETECTOR_MATCH,DETECTED_AS_PREREGISTERED,PASS,FAIL,FAIL,FAIL:CHECK_OB7_REQUIRED_MODEL_HASH,,699
AEI_P3_FORMAL_20260826T034308Z_9b5f3c2bdfbe,2,M9.02:b5c400c27e6dbb1cc8466c5ce68e1530b6d984599f3c01c36496b49b586ff5e3,b5c400c27e6dbb1cc8466c5ce68e1530b6d984599f3c01c36496b49b586ff5e3,M9,M9.02,CHECK_OB7_REQUIRED_MODEL_HASH,CHECK_OB7_REQUIRED_MODEL_HASH,EXPECTED_DETECTOR_MATCH,DETECTED_AS_PREREGISTERED,PASS,FAIL,FAIL,FAIL:CHECK_OB7_REQUIRED_MODEL_HASH,,700
AEI_P3_FORMAL_20260826T034308Z_9b5f3c2bdfbe,2,M9.02:bb3f15222034bdf87b9be499b27f859fe778b781693fd54677f83bd7531f0680,bb3f15222034bdf87b9be499b27f859fe778b781693fd54677f83bd7531f0680,M9,M9.02,CHECK_OB7_REQUIRED_MODEL_HASH,CHECK_OB7_REQUIRED_MODEL_HASH,EXPECTED_DETECTOR_MATCH,DETECTED_AS_PREREGISTERED,PASS,FAIL,FAIL,FAIL:CHECK_OB7_REQUIRED_MODEL_HASH,,701
AEI_P3_FORMAL_20260826T034308Z_9b5f3c2bdfbe,2,M9.02:ce18361670bfbcde2f3ff22167187aecef9164dedbf1198bc7563c147804780e,ce18361670bfbcde2f3ff22167187aecef9164dedbf1198bc7563c147804780e,M9,M9.02,CHECK_OB7_REQUIRED_MODEL_HASH,CHECK_OB7_REQUIRED_MODEL_HASH,EXPECTED_DETECTOR_MATCH,DETECTED_AS_PREREGISTERED,PASS,FAIL,FAIL,FAIL:CHECK_OB7_REQUIRED_MODEL_HASH,,702
AEI_P3_FORMAL_20260826T034308Z_9b5f3c2bdfbe,2,M9.02:ceae66508816dc9f5458c925c89f155658e6c78710a8753d337ac385481cc1bf,ceae66508816dc9f5458c925c89f155658e6c78710a8753d337ac385481cc1bf,M9,M9.02,CHECK_OB7_REQUIRED_MODEL_HASH,CHECK_OB7_REQUIRED_MODEL_HASH,EXPECTED_DETECTOR_MATCH,DETECTED_AS_PREREGISTERED,PASS,FAIL,FAIL,FAIL:CHECK_OB7_REQUIRED_MODEL_HASH,,703
AEI_P3_FORMAL_20260826T034308Z_9b5f3c2bdfbe,2,M9.02:d093d52f24139c1b6fb09b775beedd000f1a7b3716df906d7d36e91e7e848265,d093d52f24139c1b6fb09b775beedd000f1a7b3716df906d7d36e91e7e848265,M9,M9.02,CHECK_OB7_REQUIRED_MODEL_HASH,CHECK_OB7_REQUIRED_MODEL_HASH,EXPECTED_DETECTOR_MATCH,DETECTED_AS_PREREGISTERED,PASS,FAIL,FAIL,FAIL:CHECK_OB7_REQUIRED_MODEL_HASH,,704
AEI_P3_FORMAL_20260826T034308Z_9b5f3c2bdfbe,2,M9.02:d4b957654a5efd71168d6f7e67936e6abf4666ceb41e7919635002157b125411,d4b957654a5efd71168d6f7e67936e6abf4666ceb41e7919635002157b125411,M9,M9.02,CHECK_OB7_REQUIRED_MODEL_HASH,CHECK_OB7_REQUIRED_MODEL_HASH,EXPECTED_DETECTOR_MATCH,DETECTED_AS_PREREGISTERED,PASS,FAIL,FAIL,FAIL:CHECK_OB7_REQUIRED_MODEL_HASH,,705
AEI_P3_FORMAL_20260826T034308Z_9b5f3c2bdfbe,2,M9.02:d598e89b357205c7b4bd47c5ebbe933f8be1f7c8dcdee85e66ec6829cafb91d3,d598e89b357205c7b4bd47c5ebbe933f8be1f7c8dcdee85e66ec6829cafb91d3,M9,M9.02,CHECK_OB7_REQUIRED_MODEL_HASH,CHECK_OB7_REQUIRED_MODEL_HASH,EXPECTED_DETECTOR_MATCH,DETECTED_AS_PREREGISTERED,PASS,FAIL,FAIL,FAIL:CHECK_OB7_REQUIRED_MODEL_HASH,,706
AEI_P3_FORMAL_20260826T034308Z_9b5f3c2bdfbe,2,M9.02:eb3670bbe434a59cc94347384a5d50fb526d26a00dbf6da73e54438c4bacc2a0,eb3670bbe434a59cc94347384a5d50fb526d26a00dbf6da73e54438c4bacc2a0,M9,M9.02,CHECK_OB7_REQUIRED_MODEL_HASH,CHECK_OB7_REQUIRED_MODEL_HASH,EXPECTED_DETECTOR_MATCH,DETECTED_AS_PREREGISTERED,PASS,FAIL,FAIL,FAIL:CHECK_OB7_REQUIRED_MODEL_HASH,,707
AEI_P3_FORMAL_20260826T034308Z_9b5f3c2bdfbe,2,M9.02:f1e5fc58ea336e13c098308a2da00dee7de3dd3aa08d6170df4a3cb1afd09795,f1e5fc58ea336e13c098308a2da00dee7de3dd3aa08d6170df4a3cb1afd09795,M9,M9.02,CHECK_OB7_REQUIRED_MODEL_HASH,CHECK_OB7_REQUIRED_MODEL_HASH,EXPECTED_DETECTOR_MATCH,DETECTED_AS_PREREGISTERED,PASS,FAIL,FAIL,FAIL:CHECK_OB7_REQUIRED_MODEL_HASH,,708
AEI_P3_FORMAL_20260826T034308Z_9b5f3c2bdfbe,2,M9.02:f583baa2dad1527b5f84f71805410ee51b78fce2b1be62de49f1636c06821c7b,f583baa2dad1527b5f84f71805410ee51b78fce2b1be62de49f1636c06821c7b,M9,M9.02,CHECK_OB7_REQUIRED_MODEL_HASH,CHECK_OB7_REQUIRED_MODEL_HASH,EXPECTED_DETECTOR_MATCH,DETECTED_AS_PREREGISTERED,PASS,FAIL,FAIL,FAIL:CHECK_OB7_REQUIRED_MODEL_HASH,,709
AEI_P3_FORMAL_20260826T034308Z_9b5f3c2bdfbe,2,M9.02:f64f55ad9277004ae441909cd6556d26eeaf73d3eb3c537384be703615149f96,f64f55ad9277004ae441909cd6556d26eeaf73d3eb3c537384be703615149f96,M9,M9.02,CHECK_OB7_REQUIRED_MODEL_HASH,CHECK_OB7_REQUIRED_MODEL_HASH,EXPECTED_DETECTOR_MATCH,DETECTED_AS_PREREGISTERED,PASS,FAIL,FAIL,FAIL:CHECK_OB7_REQUIRED_MODEL_HASH,,710
AEI_P3_FORMAL_20260826T034308Z_9b5f3c2bdfbe,2,M9.02:f80e8a50e0815fda9eef8635e52671f3888786c4daef5767b8da7b74e4311646,f80e8a50e0815fda9eef8635e52671f3888786c4daef5767b8da7b74e4311646,M9,M9.02,CHECK_OB7_REQUIRED_MODEL_HASH,CHECK_OB7_REQUIRED_MODEL_HASH,EXPECTED_DETECTOR_MATCH,DETECTED_AS_PREREGISTERED,PASS,FAIL,FAIL,FAIL:CHECK_OB7_REQUIRED_MODEL_HASH,,711
AEI_P3_FORMAL_20260826T034308Z_9b5f3c2bdfbe,2,M9.02:f9ade00b139ce33674b05d1766de3ec85779abfd83f893a7b2437817100901d9,f9ade00b139ce33674b05d1766de3ec85779abfd83f893a7b2437817100901d9,M9,M9.02,CHECK_OB7_REQUIRED_MODEL_HASH,CHECK_OB7_REQUIRED_MODEL_HASH,EXPECTED_DETECTOR_MATCH,DETECTED_AS_PREREGISTERED,PASS,FAIL,FAIL,FAIL:CHECK_OB7_REQUIRED_MODEL_HASH,,712
AEI_P3_FORMAL_20260826T034308Z_9b5f3c2bdfbe,2,M9.02:feb26c8ce25b99d6b090e07fca86c8e2dbf3ff2d6b891634c4c71b179329ab47,feb26c8ce25b99d6b090e07fca86c8e2dbf3ff2d6b891634c4c71b179329ab47,M9,M9.02,CHECK_OB7_REQUIRED_MODEL_HASH,CHECK_OB7_REQUIRED_MODEL_HASH,EXPECTED_DETECTOR_MATCH,DETECTED_AS_PREREGISTERED,PASS,FAIL,FAIL,FAIL:CHECK_OB7_REQUIRED_MODEL_HASH,,713
AEI_P3_FORMAL_20260826T034308Z_9b5f3c2bdfbe,2,M9.03:052b2dfeb855619b4e74c70e7155e5699a6aebc572c887f1432462ecf4afce6b,052b2dfeb855619b4e74c70e7155e5699a6aebc572c887f1432462ecf4afce6b,M9,M9.03,CHECK_OB7_REQUIRED_INSTANCE_HASH,CHECK_OB7_REQUIRED_INSTANCE_HASH,EXPECTED_DETECTOR_MATCH,DETECTED_AS_PREREGISTERED,PASS,FAIL,FAIL,FAIL:CHECK_OB7_REQUIRED_INSTANCE_HASH,,714
AEI_P3_FORMAL_20260826T034308Z_9b5f3c2bdfbe,2,M9.03:0edc936e36dbd00367c35ec096b127c69211776f53ead8d7b9619a78d9b3beb5,0edc936e36dbd00367c35ec096b127c69211776f53ead8d7b9619a78d9b3beb5,M9,M9.03,CHECK_OB7_REQUIRED_INSTANCE_HASH,CHECK_OB7_REQUIRED_INSTANCE_HASH,EXPECTED_DETECTOR_MATCH,DETECTED_AS_PREREGISTERED,PASS,FAIL,FAIL,FAIL:CHECK_OB7_REQUIRED_INSTANCE_HASH,,715
AEI_P3_FORMAL_20260826T034308Z_9b5f3c2bdfbe,2,M9.03:19993579c580ecb799e1ce158990340e547863ae75c4be153b97908cb5cd08a2,19993579c580ecb799e1ce158990340e547863ae75c4be153b97908cb5cd08a2,M9,M9.03,CHECK_OB7_REQUIRED_INSTANCE_HASH,CHECK_OB7_REQUIRED_INSTANCE_HASH,EXPECTED_DETECTOR_MATCH,DETECTED_AS_PREREGISTERED,PASS,FAIL,FAIL,FAIL:CHECK_OB7_REQUIRED_INSTANCE_HASH,,716
AEI_P3_FORMAL_20260826T034308Z_9b5f3c2bdfbe,2,M9.03:1bb3dc3f26212de23def1f2ca0d598d344fea56b8a73247e2f6390ebea07946d,1bb3dc3f26212de23def1f2ca0d598d344fea56b8a73247e2f6390ebea07946d,M9,M9.03,CHECK_OB7_REQUIRED_INSTANCE_HASH,CHECK_OB7_REQUIRED_INSTANCE_HASH,EXPECTED_DETECTOR_MATCH,DETECTED_AS_PREREGISTERED,PASS,FAIL,FAIL,FAIL:CHECK_OB7_REQUIRED_INSTANCE_HASH,,717
AEI_P3_FORMAL_20260826T034308Z_9b5f3c2bdfbe,2,M9.03:2443e5a3d32298289c0b98d2a7d3a03cbf4194a7adecf97293b0ac348944ba9e,2443e5a3d32298289c0b98d2a7d3a03cbf4194a7adecf97293b0ac348944ba9e,M9,M9.03,CHECK_OB7_REQUIRED_INSTANCE_HASH,CHECK_OB7_REQUIRED_INSTANCE_HASH,EXPECTED_DETECTOR_MATCH,DETECTED_AS_PREREGISTERED,PASS,FAIL,FAIL,FAIL:CHECK_OB7_REQUIRED_INSTANCE_HASH,,718
AEI_P3_FORMAL_20260826T034308Z_9b5f3c2bdfbe,2,M9.03:245cb7ed72fd0a10da80157bd648a7ae9e8bd9ef722909fe778d274715ad67b3,245cb7ed72fd0a10da80157bd648a7ae9e8bd9ef722909fe778d274715ad67b3,M9,M9.03,CHECK_OB7_REQUIRED_INSTANCE_HASH,CHECK_OB7_REQUIRED_INSTANCE_HASH,EXPECTED_DETECTOR_MATCH,DETECTED_AS_PREREGISTERED,PASS,FAIL,FAIL,FAIL:CHECK_OB7_REQUIRED_INSTANCE_HASH,,719
AEI_P3_FORMAL_20260826T034308Z_9b5f3c2bdfbe,2,M9.03:268469c82535bf1ba82a82324d755f40ad8bc7255c875b8e25c2d7943cff1ff3,268469c82535bf1ba82a82324d755f40ad8bc7255c875b8e25c2d7943cff1ff3,M9,M9.03,CHECK_OB7_REQUIRED_INSTANCE_HASH,CHECK_OB7_REQUIRED_INSTANCE_HASH,EXPECTED_DETECTOR_MATCH,DETECTED_AS_PREREGISTERED,PASS,FAIL,FAIL,FAIL:CHECK_OB7_REQUIRED_INSTANCE_HASH,,720
AEI_P3_FORMAL_20260826T034308Z_9b5f3c2bdfbe,2,M9.03:2908e9ba69598735be8757d9b153473f5bacec1feb89ecff91ce994824a10178,2908e9ba69598735be8757d9b153473f5bacec1feb89ecff91ce994824a10178,M9,M9.03,CHECK_OB7_REQUIRED_INSTANCE_HASH,CHECK_OB7_REQUIRED_INSTANCE_HASH,EXPECTED_DETECTOR_MATCH,DETECTED_AS_PREREGISTERED,PASS,FAIL,FAIL,FAIL:CHECK_OB7_REQUIRED_INSTANCE_HASH,,721
AEI_P3_FORMAL_20260826T034308Z_9b5f3c2bdfbe,2,M9.03:474b6ef7aac2feb7cb9195d7d3644f0d53d378eb4518ef87a9a2f7714d8ef3d5,474b6ef7aac2feb7cb9195d7d3644f0d53d378eb4518ef87a9a2f7714d8ef3d5,M9,M9.03,CHECK_OB7_REQUIRED_INSTANCE_HASH,CHECK_OB7_REQUIRED_INSTANCE_HASH,EXPECTED_DETECTOR_MATCH,DETECTED_AS_PREREGISTERED,PASS,FAIL,FAIL,FAIL:CHECK_OB7_REQUIRED_INSTANCE_HASH,,722
AEI_P3_FORMAL_20260826T034308Z_9b5f3c2bdfbe,2,M9.03:4fafb9a13ff5e2fda82a804bf609727b68a17926d69ae1574c4801604ec81359,4fafb9a13ff5e2fda82a804bf609727b68a17926d69ae1574c4801604ec81359,M9,M9.03,CHECK_OB7_REQUIRED_INSTANCE_HASH,CHECK_OB7_REQUIRED_INSTANCE_HASH,EXPECTED_DETECTOR_MATCH,DETECTED_AS_PREREGISTERED,PASS,FAIL,FAIL,FAIL:CHECK_OB7_REQUIRED_INSTANCE_HASH,,723
AEI_P3_FORMAL_20260826T034308Z_9b5f3c2bdfbe,2,M9.03:54349d927b9070c144f507868f9ef8b962c7c926426b33c3a7e0c88f715b246a,54349d927b9070c144f507868f9ef8b962c7c926426b33c3a7e0c88f715b246a,M9,M9.03,CHECK_OB7_REQUIRED_INSTANCE_HASH,CHECK_OB7_REQUIRED_INSTANCE_HASH,EXPECTED_DETECTOR_MATCH,DETECTED_AS_PREREGISTERED,PASS,FAIL,FAIL,FAIL:CHECK_OB7_REQUIRED_INSTANCE_HASH,,724
AEI_P3_FORMAL_20260826T034308Z_9b5f3c2bdfbe,2,M9.03:558b8365de15727bf495595ed539867872c185b280ea249712f3b1d5f8674cd5,558b8365de15727bf495595ed539867872c185b280ea249712f3b1d5f8674cd5,M9,M9.03,CHECK_OB7_REQUIRED_INSTANCE_HASH,CHECK_OB7_REQUIRED_INSTANCE_HASH,EXPECTED_DETECTOR_MATCH,DETECTED_AS_PREREGISTERED,PASS,FAIL,FAIL,FAIL:CHECK_OB7_REQUIRED_INSTANCE_HASH,,725
AEI_P3_FORMAL_20260826T034308Z_9b5f3c2bdfbe,2,M9.03:5ecccd77f46ab5549088b57686632a9eb5ccf1a5a977fbe35cfae6a50eca52bb,5ecccd77f46ab5549088b57686632a9eb5ccf1a5a977fbe35cfae6a50eca52bb,M9,M9.03,CHECK_OB7_REQUIRED_INSTANCE_HASH,CHECK_OB7_REQUIRED_INSTANCE_HASH,EXPECTED_DETECTOR_MATCH,DETECTED_AS_PREREGISTERED,PASS,FAIL,FAIL,FAIL:CHECK_OB7_REQUIRED_INSTANCE_HASH,,726
AEI_P3_FORMAL_20260826T034308Z_9b5f3c2bdfbe,2,M9.03:5f24b2bbe16d5c8f667064d5031553e1dd9c4d9dbb7e0757cb922d9ba47928d5,5f24b2bbe16d5c8f667064d5031553e1dd9c4d9dbb7e0757cb922d9ba47928d5,M9,M9.03,CHECK_OB7_REQUIRED_INSTANCE_HASH,CHECK_OB7_REQUIRED_INSTANCE_HASH,EXPECTED_DETECTOR_MATCH,DETECTED_AS_PREREGISTERED,PASS,FAIL,FAIL,FAIL:CHECK_OB7_REQUIRED_INSTANCE_HASH,,727
AEI_P3_FORMAL_20260826T034308Z_9b5f3c2bdfbe,2,M9.03:61f77c0251bcd2bbb51e6bff7e048bfcda7139b4e796314d32b47961ac3b5c1b,61f77c0251bcd2bbb51e6bff7e048bfcda7139b4e796314d32b47961ac3b5c1b,M9,M9.03,CHECK_OB7_REQUIRED_INSTANCE_HASH,CHECK_OB7_REQUIRED_INSTANCE_HASH,EXPECTED_DETECTOR_MATCH,DETECTED_AS_PREREGISTERED,PASS,FAIL,FAIL,FAIL:CHECK_OB7_REQUIRED_INSTANCE_HASH,,728
AEI_P3_FORMAL_20260826T034308Z_9b5f3c2bdfbe,2,M9.03:634f3d08fd93ba622176ea6c9ff7ff1fb9d57a9b14f936f27d1460655fc20d72,634f3d08fd93ba622176ea6c9ff7ff1fb9d57a9b14f936f27d1460655fc20d72,M9,M9.03,CHECK_OB7_REQUIRED_INSTANCE_HASH,CHECK_OB7_REQUIRED_INSTANCE_HASH,EXPECTED_DETECTOR_MATCH,DETECTED_AS_PREREGISTERED,PASS,FAIL,FAIL,FAIL:CHECK_OB7_REQUIRED_INSTANCE_HASH,,729
AEI_P3_FORMAL_20260826T034308Z_9b5f3c2bdfbe,2,M9.03:73cdcc11d1c23e47664696979a9b12b94deb5da000c18f37a8d7c0b641090788,73cdcc11d1c23e47664696979a9b12b94deb5da000c18f37a8d7c0b641090788,M9,M9.03,CHECK_OB7_REQUIRED_INSTANCE_HASH,CHECK_OB7_REQUIRED_INSTANCE_HASH,EXPECTED_DETECTOR_MATCH,DETECTED_AS_PREREGISTERED,PASS,FAIL,FAIL,FAIL:CHECK_OB7_REQUIRED_INSTANCE_HASH,,730
AEI_P3_FORMAL_20260826T034308Z_9b5f3c2bdfbe,2,M9.03:7dc2cc636acd7eeb3db7367222360894cac918d6adca467d2f7a79960bbe8b1c,7dc2cc636acd7eeb3db7367222360894cac918d6adca467d2f7a79960bbe8b1c,M9,M9.03,CHECK_OB7_REQUIRED_INSTANCE_HASH,CHECK_OB7_REQUIRED_INSTANCE_HASH,EXPECTED_DETECTOR_MATCH,DETECTED_AS_PREREGISTERED,PASS,FAIL,FAIL,FAIL:CHECK_OB7_REQUIRED_INSTANCE_HASH,,731
AEI_P3_FORMAL_20260826T034308Z_9b5f3c2bdfbe,2,M9.03:8c60197386a54af6d06cac0996c81cbca4971ac83984afcf2a52fa27a5bb1b42,8c60197386a54af6d06cac0996c81cbca4971ac83984afcf2a52fa27a5bb1b42,M9,M9.03,CHECK_OB7_REQUIRED_INSTANCE_HASH,CHECK_OB7_REQUIRED_INSTANCE_HASH,EXPECTED_DETECTOR_MATCH,DETECTED_AS_PREREGISTERED,PASS,FAIL,FAIL,FAIL:CHECK_OB7_REQUIRED_INSTANCE_HASH,,732
AEI_P3_FORMAL_20260826T034308Z_9b5f3c2bdfbe,2,M9.03:8e3a1df6f55a6d53d21fd63c9dcda45cee6d1576c4989d45b40828d31e6d7281,8e3a1df6f55a6d53d21fd63c9dcda45cee6d1576c4989d45b40828d31e6d7281,M9,M9.03,CHECK_OB7_REQUIRED_INSTANCE_HASH,CHECK_OB7_REQUIRED_INSTANCE_HASH,EXPECTED_DETECTOR_MATCH,DETECTED_AS_PREREGISTERED,PASS,FAIL,FAIL,FAIL:CHECK_OB7_REQUIRED_INSTANCE_HASH,,733
AEI_P3_FORMAL_20260826T034308Z_9b5f3c2bdfbe,2,M9.03:97eb8ea8dfec0a163a4b54e1179247553055627de3df3d7a40c8879cacc64800,97eb8ea8dfec0a163a4b54e1179247553055627de3df3d7a40c8879cacc64800,M9,M9.03,CHECK_OB7_REQUIRED_INSTANCE_HASH,CHECK_OB7_REQUIRED_INSTANCE_HASH,EXPECTED_DETECTOR_MATCH,DETECTED_AS_PREREGISTERED,PASS,FAIL,FAIL,FAIL:CHECK_OB7_REQUIRED_INSTANCE_HASH,,734
AEI_P3_FORMAL_20260826T034308Z_9b5f3c2bdfbe,2,M9.03:9827288498c6ff63f3f7ec6f3bb833b53ac1c3cbaf59021addc82b6a8c08bae2,9827288498c6ff63f3f7ec6f3bb833b53ac1c3cbaf59021addc82b6a8c08bae2,M9,M9.03,CHECK_OB7_REQUIRED_INSTANCE_HASH,CHECK_OB7_REQUIRED_INSTANCE_HASH,EXPECTED_DETECTOR_MATCH,DETECTED_AS_PREREGISTERED,PASS,FAIL,FAIL,FAIL:CHECK_OB7_REQUIRED_INSTANCE_HASH,,735
AEI_P3_FORMAL_20260826T034308Z_9b5f3c2bdfbe,2,M9.03:9f7906189c782cba7c3a4cc9cb8785764c8ad3fb1e637423a7a310d6c438feb5,9f7906189c782cba7c3a4cc9cb8785764c8ad3fb1e637423a7a310d6c438feb5,M9,M9.03,CHECK_OB7_REQUIRED_INSTANCE_HASH,CHECK_OB7_REQUIRED_INSTANCE_HASH,EXPECTED_DETECTOR_MATCH,DETECTED_AS_PREREGISTERED,PASS,FAIL,FAIL,FAIL:CHECK_OB7_REQUIRED_INSTANCE_HASH,,736
AEI_P3_FORMAL_20260826T034308Z_9b5f3c2bdfbe,2,M9.03:aa5b4ee1688c71f1a3932cd7d9b629a08e31ef09728f3280c98c7636eecfb8d3,aa5b4ee1688c71f1a3932cd7d9b629a08e31ef09728f3280c98c7636eecfb8d3,M9,M9.03,CHECK_OB7_REQUIRED_INSTANCE_HASH,CHECK_OB7_REQUIRED_INSTANCE_HASH,EXPECTED_DETECTOR_MATCH,DETECTED_AS_PREREGISTERED,PASS,FAIL,FAIL,FAIL:CHECK_OB7_REQUIRED_INSTANCE_HASH,,737
AEI_P3_FORMAL_20260826T034308Z_9b5f3c2bdfbe,2,M9.03:aad646b14392b632d658225dedb7d3953424ab9ab19ebafdc67bd9a7f02eb50b,aad646b14392b632d658225dedb7d3953424ab9ab19ebafdc67bd9a7f02eb50b,M9,M9.03,CHECK_OB7_REQUIRED_INSTANCE_HASH,CHECK_OB7_REQUIRED_INSTANCE_HASH,EXPECTED_DETECTOR_MATCH,DETECTED_AS_PREREGISTERED,PASS,FAIL,FAIL,FAIL:CHECK_OB7_REQUIRED_INSTANCE_HASH,,738
AEI_P3_FORMAL_20260826T034308Z_9b5f3c2bdfbe,2,M9.03:abc8d6ba26b9728a25ebd17f4066aa5421f54fde1c1ef630cc33cb308c0fb8e5,abc8d6ba26b9728a25ebd17f4066aa5421f54fde1c1ef630cc33cb308c0fb8e5,M9,M9.03,CHECK_OB7_REQUIRED_INSTANCE_HASH,CHECK_OB7_REQUIRED_INSTANCE_HASH,EXPECTED_DETECTOR_MATCH,DETECTED_AS_PREREGISTERED,PASS,FAIL,FAIL,FAIL:CHECK_OB7_REQUIRED_INSTANCE_HASH,,739
AEI_P3_FORMAL_20260826T034308Z_9b5f3c2bdfbe,2,M9.03:b0f01f4c7ca822555039b9267d8985edbeb149abc0a710d6583cea634584f862,b0f01f4c7ca822555039b9267d8985edbeb149abc0a710d6583cea634584f862,M9,M9.03,CHECK_OB7_REQUIRED_INSTANCE_HASH,CHECK_OB7_REQUIRED_INSTANCE_HASH,EXPECTED_DETECTOR_MATCH,DETECTED_AS_PREREGISTERED,PASS,FAIL,FAIL,FAIL:CHECK_OB7_REQUIRED_INSTANCE_HASH,,740
AEI_P3_FORMAL_20260826T034308Z_9b5f3c2bdfbe,2,M9.03:b31f9c5cbf923f188771558357941c1a7d6a71089f67793c620cf7034a070eb2,b31f9c5cbf923f188771558357941c1a7d6a71089f67793c620cf7034a070eb2,M9,M9.03,CHECK_OB7_REQUIRED_INSTANCE_HASH,CHECK_OB7_REQUIRED_INSTANCE_HASH,EXPECTED_DETECTOR_MATCH,DETECTED_AS_PREREGISTERED,PASS,FAIL,FAIL,FAIL:CHECK_OB7_REQUIRED_INSTANCE_HASH,,741
AEI_P3_FORMAL_20260826T034308Z_9b5f3c2bdfbe,2,M9.03:b5c400c27e6dbb1cc8466c5ce68e1530b6d984599f3c01c36496b49b586ff5e3,b5c400c27e6dbb1cc8466c5ce68e1530b6d984599f3c01c36496b49b586ff5e3,M9,M9.03,CHECK_OB7_REQUIRED_INSTANCE_HASH,CHECK_OB7_REQUIRED_INSTANCE_HASH,EXPECTED_DETECTOR_MATCH,DETECTED_AS_PREREGISTERED,PASS,FAIL,FAIL,FAIL:CHECK_OB7_REQUIRED_INSTANCE_HASH,,742
AEI_P3_FORMAL_20260826T034308Z_9b5f3c2bdfbe,2,M9.03:bb3f15222034bdf87b9be499b27f859fe778b781693fd54677f83bd7531f0680,bb3f15222034bdf87b9be499b27f859fe778b781693fd54677f83bd7531f0680,M9,M9.03,CHECK_OB7_REQUIRED_INSTANCE_HASH,CHECK_OB7_REQUIRED_INSTANCE_HASH,EXPECTED_DETECTOR_MATCH,DETECTED_AS_PREREGISTERED,PASS,FAIL,FAIL,FAIL:CHECK_OB7_REQUIRED_INSTANCE_HASH,,743
AEI_P3_FORMAL_20260826T034308Z_9b5f3c2bdfbe,2,M9.03:ce18361670bfbcde2f3ff22167187aecef9164dedbf1198bc7563c147804780e,ce18361670bfbcde2f3ff22167187aecef9164dedbf1198bc7563c147804780e,M9,M9.03,CHECK_OB7_REQUIRED_INSTANCE_HASH,CHECK_OB7_REQUIRED_INSTANCE_HASH,EXPECTED_DETECTOR_MATCH,DETECTED_AS_PREREGISTERED,PASS,FAIL,FAIL,FAIL:CHECK_OB7_REQUIRED_INSTANCE_HASH,,744
AEI_P3_FORMAL_20260826T034308Z_9b5f3c2bdfbe,2,M9.03:ceae66508816dc9f5458c925c89f155658e6c78710a8753d337ac385481cc1bf,ceae66508816dc9f5458c925c89f155658e6c78710a8753d337ac385481cc1bf,M9,M9.03,CHECK_OB7_REQUIRED_INSTANCE_HASH,CHECK_OB7_REQUIRED_INSTANCE_HASH,EXPECTED_DETECTOR_MATCH,DETECTED_AS_PREREGISTERED,PASS,FAIL,FAIL,FAIL:CHECK_OB7_REQUIRED_INSTANCE_HASH,,745
AEI_P3_FORMAL_20260826T034308Z_9b5f3c2bdfbe,2,M9.03:d093d52f24139c1b6fb09b775beedd000f1a7b3716df906d7d36e91e7e848265,d093d52f24139c1b6fb09b775beedd000f1a7b3716df906d7d36e91e7e848265,M9,M9.03,CHECK_OB7_REQUIRED_INSTANCE_HASH,CHECK_OB7_REQUIRED_INSTANCE_HASH,EXPECTED_DETECTOR_MATCH,DETECTED_AS_PREREGISTERED,PASS,FAIL,FAIL,FAIL:CHECK_OB7_REQUIRED_INSTANCE_HASH,,746
AEI_P3_FORMAL_20260826T034308Z_9b5f3c2bdfbe,2,M9.03:d4b957654a5efd71168d6f7e67936e6abf4666ceb41e7919635002157b125411,d4b957654a5efd71168d6f7e67936e6abf4666ceb41e7919635002157b125411,M9,M9.03,CHECK_OB7_REQUIRED_INSTANCE_HASH,CHECK_OB7_REQUIRED_INSTANCE_HASH,EXPECTED_DETECTOR_MATCH,DETECTED_AS_PREREGISTERED,PASS,FAIL,FAIL,FAIL:CHECK_OB7_REQUIRED_INSTANCE_HASH,,747
AEI_P3_FORMAL_20260826T034308Z_9b5f3c2bdfbe,2,M9.03:d598e89b357205c7b4bd47c5ebbe933f8be1f7c8dcdee85e66ec6829cafb91d3,d598e89b357205c7b4bd47c5ebbe933f8be1f7c8dcdee85e66ec6829cafb91d3,M9,M9.03,CHECK_OB7_REQUIRED_INSTANCE_HASH,CHECK_OB7_REQUIRED_INSTANCE_HASH,EXPECTED_DETECTOR_MATCH,DETECTED_AS_PREREGISTERED,PASS,FAIL,FAIL,FAIL:CHECK_OB7_REQUIRED_INSTANCE_HASH,,748
AEI_P3_FORMAL_20260826T034308Z_9b5f3c2bdfbe,2,M9.03:eb3670bbe434a59cc94347384a5d50fb526d26a00dbf6da73e54438c4bacc2a0,eb3670bbe434a59cc94347384a5d50fb526d26a00dbf6da73e54438c4bacc2a0,M9,M9.03,CHECK_OB7_REQUIRED_INSTANCE_HASH,CHECK_OB7_REQUIRED_INSTANCE_HASH,EXPECTED_DETECTOR_MATCH,DETECTED_AS_PREREGISTERED,PASS,FAIL,FAIL,FAIL:CHECK_OB7_REQUIRED_INSTANCE_HASH,,749
AEI_P3_FORMAL_20260826T034308Z_9b5f3c2bdfbe,2,M9.03:f1e5fc58ea336e13c098308a2da00dee7de3dd3aa08d6170df4a3cb1afd09795,f1e5fc58ea336e13c098308a2da00dee7de3dd3aa08d6170df4a3cb1afd09795,M9,M9.03,CHECK_OB7_REQUIRED_INSTANCE_HASH,CHECK_OB7_REQUIRED_INSTANCE_HASH,EXPECTED_DETECTOR_MATCH,DETECTED_AS_PREREGISTERED,PASS,FAIL,FAIL,FAIL:CHECK_OB7_REQUIRED_INSTANCE_HASH,,750
AEI_P3_FORMAL_20260826T034308Z_9b5f3c2bdfbe,2,M9.03:f583baa2dad1527b5f84f71805410ee51b78fce2b1be62de49f1636c06821c7b,f583baa2dad1527b5f84f71805410ee51b78fce2b1be62de49f1636c06821c7b,M9,M9.03,CHECK_OB7_REQUIRED_INSTANCE_HASH,CHECK_OB7_REQUIRED_INSTANCE_HASH,EXPECTED_DETECTOR_MATCH,DETECTED_AS_PREREGISTERED,PASS,FAIL,FAIL,FAIL:CHECK_OB7_REQUIRED_INSTANCE_HASH,,751
AEI_P3_FORMAL_20260826T034308Z_9b5f3c2bdfbe,2,M9.03:f64f55ad9277004ae441909cd6556d26eeaf73d3eb3c537384be703615149f96,f64f55ad9277004ae441909cd6556d26eeaf73d3eb3c537384be703615149f96,M9,M9.03,CHECK_OB7_REQUIRED_INSTANCE_HASH,CHECK_OB7_REQUIRED_INSTANCE_HASH,EXPECTED_DETECTOR_MATCH,DETECTED_AS_PREREGISTERED,PASS,FAIL,FAIL,FAIL:CHECK_OB7_REQUIRED_INSTANCE_HASH,,752
AEI_P3_FORMAL_20260826T034308Z_9b5f3c2bdfbe,2,M9.03:f80e8a50e0815fda9eef8635e52671f3888786c4daef5767b8da7b74e4311646,f80e8a50e0815fda9eef8635e52671f3888786c4daef5767b8da7b74e4311646,M9,M9.03,CHECK_OB7_REQUIRED_INSTANCE_HASH,CHECK_OB7_REQUIRED_INSTANCE_HASH,EXPECTED_DETECTOR_MATCH,DETECTED_AS_PREREGISTERED,PASS,FAIL,FAIL,FAIL:CHECK_OB7_REQUIRED_INSTANCE_HASH,,753
AEI_P3_FORMAL_20260826T034308Z_9b5f3c2bdfbe,2,M9.03:f9ade00b139ce33674b05d1766de3ec85779abfd83f893a7b2437817100901d9,f9ade00b139ce33674b05d1766de3ec85779abfd83f893a7b2437817100901d9,M9,M9.03,CHECK_OB7_REQUIRED_INSTANCE_HASH,CHECK_OB7_REQUIRED_INSTANCE_HASH,EXPECTED_DETECTOR_MATCH,DETECTED_AS_PREREGISTERED,PASS,FAIL,FAIL,FAIL:CHECK_OB7_REQUIRED_INSTANCE_HASH,,754
AEI_P3_FORMAL_20260826T034308Z_9b5f3c2bdfbe,2,M9.03:feb26c8ce25b99d6b090e07fca86c8e2dbf3ff2d6b891634c4c71b179329ab47,feb26c8ce25b99d6b090e07fca86c8e2dbf3ff2d6b891634c4c71b179329ab47,M9,M9.03,CHECK_OB7_REQUIRED_INSTANCE_HASH,CHECK_OB7_REQUIRED_INSTANCE_HASH,EXPECTED_DETECTOR_MATCH,DETECTED_AS_PREREGISTERED,PASS,FAIL,FAIL,FAIL:CHECK_OB7_REQUIRED_INSTANCE_HASH,,755
AEI_P3_FORMAL_20260826T034308Z_9b5f3c2bdfbe,2,M9.04:052b2dfeb855619b4e74c70e7155e5699a6aebc572c887f1432462ecf4afce6b,052b2dfeb855619b4e74c70e7155e5699a6aebc572c887f1432462ecf4afce6b,M9,M9.04,CHECK_OB7_REQUIRED_SEED,CHECK_OB7_REQUIRED_SEED,EXPECTED_DETECTOR_MATCH,DETECTED_AS_PREREGISTERED,PASS,FAIL,FAIL,FAIL:CHECK_OB7_REQUIRED_SEED,,756
AEI_P3_FORMAL_20260826T034308Z_9b5f3c2bdfbe,2,M9.04:0edc936e36dbd00367c35ec096b127c69211776f53ead8d7b9619a78d9b3beb5,0edc936e36dbd00367c35ec096b127c69211776f53ead8d7b9619a78d9b3beb5,M9,M9.04,CHECK_OB7_REQUIRED_SEED,CHECK_OB7_REQUIRED_SEED,EXPECTED_DETECTOR_MATCH,DETECTED_AS_PREREGISTERED,PASS,FAIL,FAIL,FAIL:CHECK_OB7_REQUIRED_SEED,,757
AEI_P3_FORMAL_20260826T034308Z_9b5f3c2bdfbe,2,M9.04:19993579c580ecb799e1ce158990340e547863ae75c4be153b97908cb5cd08a2,19993579c580ecb799e1ce158990340e547863ae75c4be153b97908cb5cd08a2,M9,M9.04,CHECK_OB7_REQUIRED_SEED,CHECK_OB7_REQUIRED_SEED,EXPECTED_DETECTOR_MATCH,DETECTED_AS_PREREGISTERED,PASS,FAIL,FAIL,FAIL:CHECK_OB7_REQUIRED_SEED,,758
AEI_P3_FORMAL_20260826T034308Z_9b5f3c2bdfbe,2,M9.04:1bb3dc3f26212de23def1f2ca0d598d344fea56b8a73247e2f6390ebea07946d,1bb3dc3f26212de23def1f2ca0d598d344fea56b8a73247e2f6390ebea07946d,M9,M9.04,CHECK_OB7_REQUIRED_SEED,CHECK_OB7_REQUIRED_SEED,EXPECTED_DETECTOR_MATCH,DETECTED_AS_PREREGISTERED,PASS,FAIL,FAIL,FAIL:CHECK_OB7_REQUIRED_SEED,,759
AEI_P3_FORMAL_20260826T034308Z_9b5f3c2bdfbe,2,M9.04:2443e5a3d32298289c0b98d2a7d3a03cbf4194a7adecf97293b0ac348944ba9e,2443e5a3d32298289c0b98d2a7d3a03cbf4194a7adecf97293b0ac348944ba9e,M9,M9.04,CHECK_OB7_REQUIRED_SEED,CHECK_OB7_REQUIRED_SEED,EXPECTED_DETECTOR_MATCH,DETECTED_AS_PREREGISTERED,PASS,FAIL,FAIL,FAIL:CHECK_OB7_REQUIRED_SEED,,760
AEI_P3_FORMAL_20260826T034308Z_9b5f3c2bdfbe,2,M9.04:245cb7ed72fd0a10da80157bd648a7ae9e8bd9ef722909fe778d274715ad67b3,245cb7ed72fd0a10da80157bd648a7ae9e8bd9ef722909fe778d274715ad67b3,M9,M9.04,CHECK_OB7_REQUIRED_SEED,CHECK_OB7_REQUIRED_SEED,EXPECTED_DETECTOR_MATCH,DETECTED_AS_PREREGISTERED,PASS,FAIL,FAIL,FAIL:CHECK_OB7_REQUIRED_SEED,,761
AEI_P3_FORMAL_20260826T034308Z_9b5f3c2bdfbe,2,M9.04:268469c82535bf1ba82a82324d755f40ad8bc7255c875b8e25c2d7943cff1ff3,268469c82535bf1ba82a82324d755f40ad8bc7255c875b8e25c2d7943cff1ff3,M9,M9.04,CHECK_OB7_REQUIRED_SEED,CHECK_OB7_REQUIRED_SEED,EXPECTED_DETECTOR_MATCH,DETECTED_AS_PREREGISTERED,PASS,FAIL,FAIL,FAIL:CHECK_OB7_REQUIRED_SEED,,762
AEI_P3_FORMAL_20260826T034308Z_9b5f3c2bdfbe,2,M9.04:2908e9ba69598735be8757d9b153473f5bacec1feb89ecff91ce994824a10178,2908e9ba69598735be8757d9b153473f5bacec1feb89ecff91ce994824a10178,M9,M9.04,CHECK_OB7_REQUIRED_SEED,CHECK_OB7_REQUIRED_SEED,EXPECTED_DETECTOR_MATCH,DETECTED_AS_PREREGISTERED,PASS,FAIL,FAIL,FAIL:CHECK_OB7_REQUIRED_SEED,,763
AEI_P3_FORMAL_20260826T034308Z_9b5f3c2bdfbe,2,M9.04:474b6ef7aac2feb7cb9195d7d3644f0d53d378eb4518ef87a9a2f7714d8ef3d5,474b6ef7aac2feb7cb9195d7d3644f0d53d378eb4518ef87a9a2f7714d8ef3d5,M9,M9.04,CHECK_OB7_REQUIRED_SEED,CHECK_OB7_REQUIRED_SEED,EXPECTED_DETECTOR_MATCH,DETECTED_AS_PREREGISTERED,PASS,FAIL,FAIL,FAIL:CHECK_OB7_REQUIRED_SEED,,764
AEI_P3_FORMAL_20260826T034308Z_9b5f3c2bdfbe,2,M9.04:4fafb9a13ff5e2fda82a804bf609727b68a17926d69ae1574c4801604ec81359,4fafb9a13ff5e2fda82a804bf609727b68a17926d69ae1574c4801604ec81359,M9,M9.04,CHECK_OB7_REQUIRED_SEED,CHECK_OB7_REQUIRED_SEED,EXPECTED_DETECTOR_MATCH,DETECTED_AS_PREREGISTERED,PASS,FAIL,FAIL,FAIL:CHECK_OB7_REQUIRED_SEED,,765
AEI_P3_FORMAL_20260826T034308Z_9b5f3c2bdfbe,2,M9.04:54349d927b9070c144f507868f9ef8b962c7c926426b33c3a7e0c88f715b246a,54349d927b9070c144f507868f9ef8b962c7c926426b33c3a7e0c88f715b246a,M9,M9.04,CHECK_OB7_REQUIRED_SEED,CHECK_OB7_REQUIRED_SEED,EXPECTED_DETECTOR_MATCH,DETECTED_AS_PREREGISTERED,PASS,FAIL,FAIL,FAIL:CHECK_OB7_REQUIRED_SEED,,766
AEI_P3_FORMAL_20260826T034308Z_9b5f3c2bdfbe,2,M9.04:558b8365de15727bf495595ed539867872c185b280ea249712f3b1d5f8674cd5,558b8365de15727bf495595ed539867872c185b280ea249712f3b1d5f8674cd5,M9,M9.04,CHECK_OB7_REQUIRED_SEED,CHECK_OB7_REQUIRED_SEED,EXPECTED_DETECTOR_MATCH,DETECTED_AS_PREREGISTERED,PASS,FAIL,FAIL,FAIL:CHECK_OB7_REQUIRED_SEED,,767
AEI_P3_FORMAL_20260826T034308Z_9b5f3c2bdfbe,2,M9.04:5ecccd77f46ab5549088b57686632a9eb5ccf1a5a977fbe35cfae6a50eca52bb,5ecccd77f46ab5549088b57686632a9eb5ccf1a5a977fbe35cfae6a50eca52bb,M9,M9.04,CHECK_OB7_REQUIRED_SEED,CHECK_OB7_REQUIRED_SEED,EXPECTED_DETECTOR_MATCH,DETECTED_AS_PREREGISTERED,PASS,FAIL,FAIL,FAIL:CHECK_OB7_REQUIRED_SEED,,768
AEI_P3_FORMAL_20260826T034308Z_9b5f3c2bdfbe,2,M9.04:5f24b2bbe16d5c8f667064d5031553e1dd9c4d9dbb7e0757cb922d9ba47928d5,5f24b2bbe16d5c8f667064d5031553e1dd9c4d9dbb7e0757cb922d9ba47928d5,M9,M9.04,CHECK_OB7_REQUIRED_SEED,CHECK_OB7_REQUIRED_SEED,EXPECTED_DETECTOR_MATCH,DETECTED_AS_PREREGISTERED,PASS,FAIL,FAIL,FAIL:CHECK_OB7_REQUIRED_SEED,,769
AEI_P3_FORMAL_20260826T034308Z_9b5f3c2bdfbe,2,M9.04:61f77c0251bcd2bbb51e6bff7e048bfcda7139b4e796314d32b47961ac3b5c1b,61f77c0251bcd2bbb51e6bff7e048bfcda7139b4e796314d32b47961ac3b5c1b,M9,M9.04,CHECK_OB7_REQUIRED_SEED,CHECK_OB7_REQUIRED_SEED,EXPECTED_DETECTOR_MATCH,DETECTED_AS_PREREGISTERED,PASS,FAIL,FAIL,FAIL:CHECK_OB7_REQUIRED_SEED,,770
AEI_P3_FORMAL_20260826T034308Z_9b5f3c2bdfbe,2,M9.04:634f3d08fd93ba622176ea6c9ff7ff1fb9d57a9b14f936f27d1460655fc20d72,634f3d08fd93ba622176ea6c9ff7ff1fb9d57a9b14f936f27d1460655fc20d72,M9,M9.04,CHECK_OB7_REQUIRED_SEED,CHECK_OB7_REQUIRED_SEED,EXPECTED_DETECTOR_MATCH,DETECTED_AS_PREREGISTERED,PASS,FAIL,FAIL,FAIL:CHECK_OB7_REQUIRED_SEED,,771
AEI_P3_FORMAL_20260826T034308Z_9b5f3c2bdfbe,2,M9.04:73cdcc11d1c23e47664696979a9b12b94deb5da000c18f37a8d7c0b641090788,73cdcc11d1c23e47664696979a9b12b94deb5da000c18f37a8d7c0b641090788,M9,M9.04,CHECK_OB7_REQUIRED_SEED,CHECK_OB7_REQUIRED_SEED,EXPECTED_DETECTOR_MATCH,DETECTED_AS_PREREGISTERED,PASS,FAIL,FAIL,FAIL:CHECK_OB7_REQUIRED_SEED,,772
AEI_P3_FORMAL_20260826T034308Z_9b5f3c2bdfbe,2,M9.04:7dc2cc636acd7eeb3db7367222360894cac918d6adca467d2f7a79960bbe8b1c,7dc2cc636acd7eeb3db7367222360894cac918d6adca467d2f7a79960bbe8b1c,M9,M9.04,CHECK_OB7_REQUIRED_SEED,CHECK_OB7_REQUIRED_SEED,EXPECTED_DETECTOR_MATCH,DETECTED_AS_PREREGISTERED,PASS,FAIL,FAIL,FAIL:CHECK_OB7_REQUIRED_SEED,,773
AEI_P3_FORMAL_20260826T034308Z_9b5f3c2bdfbe,2,M9.04:8c60197386a54af6d06cac0996c81cbca4971ac83984afcf2a52fa27a5bb1b42,8c60197386a54af6d06cac0996c81cbca4971ac83984afcf2a52fa27a5bb1b42,M9,M9.04,CHECK_OB7_REQUIRED_SEED,CHECK_OB7_REQUIRED_SEED,EXPECTED_DETECTOR_MATCH,DETECTED_AS_PREREGISTERED,PASS,FAIL,FAIL,FAIL:CHECK_OB7_REQUIRED_SEED,,774
AEI_P3_FORMAL_20260826T034308Z_9b5f3c2bdfbe,2,M9.04:8e3a1df6f55a6d53d21fd63c9dcda45cee6d1576c4989d45b40828d31e6d7281,8e3a1df6f55a6d53d21fd63c9dcda45cee6d1576c4989d45b40828d31e6d7281,M9,M9.04,CHECK_OB7_REQUIRED_SEED,CHECK_OB7_REQUIRED_SEED,EXPECTED_DETECTOR_MATCH,DETECTED_AS_PREREGISTERED,PASS,FAIL,FAIL,FAIL:CHECK_OB7_REQUIRED_SEED,,775
AEI_P3_FORMAL_20260826T034308Z_9b5f3c2bdfbe,2,M9.04:97eb8ea8dfec0a163a4b54e1179247553055627de3df3d7a40c8879cacc64800,97eb8ea8dfec0a163a4b54e1179247553055627de3df3d7a40c8879cacc64800,M9,M9.04,CHECK_OB7_REQUIRED_SEED,CHECK_OB7_REQUIRED_SEED,EXPECTED_DETECTOR_MATCH,DETECTED_AS_PREREGISTERED,PASS,FAIL,FAIL,FAIL:CHECK_OB7_REQUIRED_SEED,,776
AEI_P3_FORMAL_20260826T034308Z_9b5f3c2bdfbe,2,M9.04:9827288498c6ff63f3f7ec6f3bb833b53ac1c3cbaf59021addc82b6a8c08bae2,9827288498c6ff63f3f7ec6f3bb833b53ac1c3cbaf59021addc82b6a8c08bae2,M9,M9.04,CHECK_OB7_REQUIRED_SEED,CHECK_OB7_REQUIRED_SEED,EXPECTED_DETECTOR_MATCH,DETECTED_AS_PREREGISTERED,PASS,FAIL,FAIL,FAIL:CHECK_OB7_REQUIRED_SEED,,777
AEI_P3_FORMAL_20260826T034308Z_9b5f3c2bdfbe,2,M9.04:9f7906189c782cba7c3a4cc9cb8785764c8ad3fb1e637423a7a310d6c438feb5,9f7906189c782cba7c3a4cc9cb8785764c8ad3fb1e637423a7a310d6c438feb5,M9,M9.04,CHECK_OB7_REQUIRED_SEED,CHECK_OB7_REQUIRED_SEED,EXPECTED_DETECTOR_MATCH,DETECTED_AS_PREREGISTERED,PASS,FAIL,FAIL,FAIL:CHECK_OB7_REQUIRED_SEED,,778
AEI_P3_FORMAL_20260826T034308Z_9b5f3c2bdfbe,2,M9.04:aa5b4ee1688c71f1a3932cd7d9b629a08e31ef09728f3280c98c7636eecfb8d3,aa5b4ee1688c71f1a3932cd7d9b629a08e31ef09728f3280c98c7636eecfb8d3,M9,M9.04,CHECK_OB7_REQUIRED_SEED,CHECK_OB7_REQUIRED_SEED,EXPECTED_DETECTOR_MATCH,DETECTED_AS_PREREGISTERED,PASS,FAIL,FAIL,FAIL:CHECK_OB7_REQUIRED_SEED,,779
AEI_P3_FORMAL_20260826T034308Z_9b5f3c2bdfbe,2,M9.04:aad646b14392b632d658225dedb7d3953424ab9ab19ebafdc67bd9a7f02eb50b,aad646b14392b632d658225dedb7d3953424ab9ab19ebafdc67bd9a7f02eb50b,M9,M9.04,CHECK_OB7_REQUIRED_SEED,CHECK_OB7_REQUIRED_SEED,EXPECTED_DETECTOR_MATCH,DETECTED_AS_PREREGISTERED,PASS,FAIL,FAIL,FAIL:CHECK_OB7_REQUIRED_SEED,,780
AEI_P3_FORMAL_20260826T034308Z_9b5f3c2bdfbe,2,M9.04:abc8d6ba26b9728a25ebd17f4066aa5421f54fde1c1ef630cc33cb308c0fb8e5,abc8d6ba26b9728a25ebd17f4066aa5421f54fde1c1ef630cc33cb308c0fb8e5,M9,M9.04,CHECK_OB7_REQUIRED_SEED,CHECK_OB7_REQUIRED_SEED,EXPECTED_DETECTOR_MATCH,DETECTED_AS_PREREGISTERED,PASS,FAIL,FAIL,FAIL:CHECK_OB7_REQUIRED_SEED,,781
AEI_P3_FORMAL_20260826T034308Z_9b5f3c2bdfbe,2,M9.04:b0f01f4c7ca822555039b9267d8985edbeb149abc0a710d6583cea634584f862,b0f01f4c7ca822555039b9267d8985edbeb149abc0a710d6583cea634584f862,M9,M9.04,CHECK_OB7_REQUIRED_SEED,CHECK_OB7_REQUIRED_SEED,EXPECTED_DETECTOR_MATCH,DETECTED_AS_PREREGISTERED,PASS,FAIL,FAIL,FAIL:CHECK_OB7_REQUIRED_SEED,,782
AEI_P3_FORMAL_20260826T034308Z_9b5f3c2bdfbe,2,M9.04:b31f9c5cbf923f188771558357941c1a7d6a71089f67793c620cf7034a070eb2,b31f9c5cbf923f188771558357941c1a7d6a71089f67793c620cf7034a070eb2,M9,M9.04,CHECK_OB7_REQUIRED_SEED,CHECK_OB7_REQUIRED_SEED,EXPECTED_DETECTOR_MATCH,DETECTED_AS_PREREGISTERED,PASS,FAIL,FAIL,FAIL:CHECK_OB7_REQUIRED_SEED,,783
AEI_P3_FORMAL_20260826T034308Z_9b5f3c2bdfbe,2,M9.04:b5c400c27e6dbb1cc8466c5ce68e1530b6d984599f3c01c36496b49b586ff5e3,b5c400c27e6dbb1cc8466c5ce68e1530b6d984599f3c01c36496b49b586ff5e3,M9,M9.04,CHECK_OB7_REQUIRED_SEED,CHECK_OB7_REQUIRED_SEED,EXPECTED_DETECTOR_MATCH,DETECTED_AS_PREREGISTERED,PASS,FAIL,FAIL,FAIL:CHECK_OB7_REQUIRED_SEED,,784
AEI_P3_FORMAL_20260826T034308Z_9b5f3c2bdfbe,2,M9.04:bb3f15222034bdf87b9be499b27f859fe778b781693fd54677f83bd7531f0680,bb3f15222034bdf87b9be499b27f859fe778b781693fd54677f83bd7531f0680,M9,M9.04,CHECK_OB7_REQUIRED_SEED,CHECK_OB7_REQUIRED_SEED,EXPECTED_DETECTOR_MATCH,DETECTED_AS_PREREGISTERED,PASS,FAIL,FAIL,FAIL:CHECK_OB7_REQUIRED_SEED,,785
AEI_P3_FORMAL_20260826T034308Z_9b5f3c2bdfbe,2,M9.04:ce18361670bfbcde2f3ff22167187aecef9164dedbf1198bc7563c147804780e,ce18361670bfbcde2f3ff22167187aecef9164dedbf1198bc7563c147804780e,M9,M9.04,CHECK_OB7_REQUIRED_SEED,CHECK_OB7_REQUIRED_SEED,EXPECTED_DETECTOR_MATCH,DETECTED_AS_PREREGISTERED,PASS,FAIL,FAIL,FAIL:CHECK_OB7_REQUIRED_SEED,,786
AEI_P3_FORMAL_20260826T034308Z_9b5f3c2bdfbe,2,M9.04:ceae66508816dc9f5458c925c89f155658e6c78710a8753d337ac385481cc1bf,ceae66508816dc9f5458c925c89f155658e6c78710a8753d337ac385481cc1bf,M9,M9.04,CHECK_OB7_REQUIRED_SEED,CHECK_OB7_REQUIRED_SEED,EXPECTED_DETECTOR_MATCH,DETECTED_AS_PREREGISTERED,PASS,FAIL,FAIL,FAIL:CHECK_OB7_REQUIRED_SEED,,787
AEI_P3_FORMAL_20260826T034308Z_9b5f3c2bdfbe,2,M9.04:d093d52f24139c1b6fb09b775beedd000f1a7b3716df906d7d36e91e7e848265,d093d52f24139c1b6fb09b775beedd000f1a7b3716df906d7d36e91e7e848265,M9,M9.04,CHECK_OB7_REQUIRED_SEED,CHECK_OB7_REQUIRED_SEED,EXPECTED_DETECTOR_MATCH,DETECTED_AS_PREREGISTERED,PASS,FAIL,FAIL,FAIL:CHECK_OB7_REQUIRED_SEED,,788
AEI_P3_FORMAL_20260826T034308Z_9b5f3c2bdfbe,2,M9.04:d4b957654a5efd71168d6f7e67936e6abf4666ceb41e7919635002157b125411,d4b957654a5efd71168d6f7e67936e6abf4666ceb41e7919635002157b125411,M9,M9.04,CHECK_OB7_REQUIRED_SEED,CHECK_OB7_REQUIRED_SEED,EXPECTED_DETECTOR_MATCH,DETECTED_AS_PREREGISTERED,PASS,FAIL,FAIL,FAIL:CHECK_OB7_REQUIRED_SEED,,789
AEI_P3_FORMAL_20260826T034308Z_9b5f3c2bdfbe,2,M9.04:d598e89b357205c7b4bd47c5ebbe933f8be1f7c8dcdee85e66ec6829cafb91d3,d598e89b357205c7b4bd47c5ebbe933f8be1f7c8dcdee85e66ec6829cafb91d3,M9,M9.04,CHECK_OB7_REQUIRED_SEED,CHECK_OB7_REQUIRED_SEED,EXPECTED_DETECTOR_MATCH,DETECTED_AS_PREREGISTERED,PASS,FAIL,FAIL,FAIL:CHECK_OB7_REQUIRED_SEED,,790
AEI_P3_FORMAL_20260826T034308Z_9b5f3c2bdfbe,2,M9.04:eb3670bbe434a59cc94347384a5d50fb526d26a00dbf6da73e54438c4bacc2a0,eb3670bbe434a59cc94347384a5d50fb526d26a00dbf6da73e54438c4bacc2a0,M9,M9.04,CHECK_OB7_REQUIRED_SEED,CHECK_OB7_REQUIRED_SEED,EXPECTED_DETECTOR_MATCH,DETECTED_AS_PREREGISTERED,PASS,FAIL,FAIL,FAIL:CHECK_OB7_REQUIRED_SEED,,791
AEI_P3_FORMAL_20260826T034308Z_9b5f3c2bdfbe,2,M9.04:f1e5fc58ea336e13c098308a2da00dee7de3dd3aa08d6170df4a3cb1afd09795,f1e5fc58ea336e13c098308a2da00dee7de3dd3aa08d6170df4a3cb1afd09795,M9,M9.04,CHECK_OB7_REQUIRED_SEED,CHECK_OB7_REQUIRED_SEED,EXPECTED_DETECTOR_MATCH,DETECTED_AS_PREREGISTERED,PASS,FAIL,FAIL,FAIL:CHECK_OB7_REQUIRED_SEED,,792
AEI_P3_FORMAL_20260826T034308Z_9b5f3c2bdfbe,2,M9.04:f583baa2dad1527b5f84f71805410ee51b78fce2b1be62de49f1636c06821c7b,f583baa2dad1527b5f84f71805410ee51b78fce2b1be62de49f1636c06821c7b,M9,M9.04,CHECK_OB7_REQUIRED_SEED,CHECK_OB7_REQUIRED_SEED,EXPECTED_DETECTOR_MATCH,DETECTED_AS_PREREGISTERED,PASS,FAIL,FAIL,FAIL:CHECK_OB7_REQUIRED_SEED,,793
AEI_P3_FORMAL_20260826T034308Z_9b5f3c2bdfbe,2,M9.04:f64f55ad9277004ae441909cd6556d26eeaf73d3eb3c537384be703615149f96,f64f55ad9277004ae441909cd6556d26eeaf73d3eb3c537384be703615149f96,M9,M9.04,CHECK_OB7_REQUIRED_SEED,CHECK_OB7_REQUIRED_SEED,EXPECTED_DETECTOR_MATCH,DETECTED_AS_PREREGISTERED,PASS,FAIL,FAIL,FAIL:CHECK_OB7_REQUIRED_SEED,,794
AEI_P3_FORMAL_20260826T034308Z_9b5f3c2bdfbe,2,M9.04:f80e8a50e0815fda9eef8635e52671f3888786c4daef5767b8da7b74e4311646,f80e8a50e0815fda9eef8635e52671f3888786c4daef5767b8da7b74e4311646,M9,M9.04,CHECK_OB7_REQUIRED_SEED,CHECK_OB7_REQUIRED_SEED,EXPECTED_DETECTOR_MATCH,DETECTED_AS_PREREGISTERED,PASS,FAIL,FAIL,FAIL:CHECK_OB7_REQUIRED_SEED,,795
AEI_P3_FORMAL_20260826T034308Z_9b5f3c2bdfbe,2,M9.04:f9ade00b139ce33674b05d1766de3ec85779abfd83f893a7b2437817100901d9,f9ade00b139ce33674b05d1766de3ec85779abfd83f893a7b2437817100901d9,M9,M9.04,CHECK_OB7_REQUIRED_SEED,CHECK_OB7_REQUIRED_SEED,EXPECTED_DETECTOR_MATCH,DETECTED_AS_PREREGISTERED,PASS,FAIL,FAIL,FAIL:CHECK_OB7_REQUIRED_SEED,,796
AEI_P3_FORMAL_20260826T034308Z_9b5f3c2bdfbe,2,M9.04:feb26c8ce25b99d6b090e07fca86c8e2dbf3ff2d6b891634c4c71b179329ab47,feb26c8ce25b99d6b090e07fca86c8e2dbf3ff2d6b891634c4c71b179329ab47,M9,M9.04,CHECK_OB7_REQUIRED_SEED,CHECK_OB7_REQUIRED_SEED,EXPECTED_DETECTOR_MATCH,DETECTED_AS_PREREGISTERED,PASS,FAIL,FAIL,FAIL:CHECK_OB7_REQUIRED_SEED,,797
AEI_P3_FORMAL_20260826T034308Z_9b5f3c2bdfbe,2,M9.05:052b2dfeb855619b4e74c70e7155e5699a6aebc572c887f1432462ecf4afce6b,052b2dfeb855619b4e74c70e7155e5699a6aebc572c887f1432462ecf4afce6b,M9,M9.05,CHECK_OB7_REQUIRED_WORKERS,CHECK_OB7_REQUIRED_WORKERS,EXPECTED_DETECTOR_MATCH,DETECTED_AS_PREREGISTERED,PASS,FAIL,FAIL,FAIL:CHECK_OB7_REQUIRED_WORKERS,,798
AEI_P3_FORMAL_20260826T034308Z_9b5f3c2bdfbe,2,M9.05:0edc936e36dbd00367c35ec096b127c69211776f53ead8d7b9619a78d9b3beb5,0edc936e36dbd00367c35ec096b127c69211776f53ead8d7b9619a78d9b3beb5,M9,M9.05,CHECK_OB7_REQUIRED_WORKERS,CHECK_OB7_REQUIRED_WORKERS,EXPECTED_DETECTOR_MATCH,DETECTED_AS_PREREGISTERED,PASS,FAIL,FAIL,FAIL:CHECK_OB7_REQUIRED_WORKERS,,799
AEI_P3_FORMAL_20260826T034308Z_9b5f3c2bdfbe,2,M9.05:19993579c580ecb799e1ce158990340e547863ae75c4be153b97908cb5cd08a2,19993579c580ecb799e1ce158990340e547863ae75c4be153b97908cb5cd08a2,M9,M9.05,CHECK_OB7_REQUIRED_WORKERS,CHECK_OB7_REQUIRED_WORKERS,EXPECTED_DETECTOR_MATCH,DETECTED_AS_PREREGISTERED,PASS,FAIL,FAIL,FAIL:CHECK_OB7_REQUIRED_WORKERS,,800
AEI_P3_FORMAL_20260826T034308Z_9b5f3c2bdfbe,2,M9.05:1bb3dc3f26212de23def1f2ca0d598d344fea56b8a73247e2f6390ebea07946d,1bb3dc3f26212de23def1f2ca0d598d344fea56b8a73247e2f6390ebea07946d,M9,M9.05,CHECK_OB7_REQUIRED_WORKERS,CHECK_OB7_REQUIRED_WORKERS,EXPECTED_DETECTOR_MATCH,DETECTED_AS_PREREGISTERED,PASS,FAIL,FAIL,FAIL:CHECK_OB7_REQUIRED_WORKERS,,801
AEI_P3_FORMAL_20260826T034308Z_9b5f3c2bdfbe,2,M9.05:2443e5a3d32298289c0b98d2a7d3a03cbf4194a7adecf97293b0ac348944ba9e,2443e5a3d32298289c0b98d2a7d3a03cbf4194a7adecf97293b0ac348944ba9e,M9,M9.05,CHECK_OB7_REQUIRED_WORKERS,CHECK_OB7_REQUIRED_WORKERS,EXPECTED_DETECTOR_MATCH,DETECTED_AS_PREREGISTERED,PASS,FAIL,FAIL,FAIL:CHECK_OB7_REQUIRED_WORKERS,,802
AEI_P3_FORMAL_20260826T034308Z_9b5f3c2bdfbe,2,M9.05:245cb7ed72fd0a10da80157bd648a7ae9e8bd9ef722909fe778d274715ad67b3,245cb7ed72fd0a10da80157bd648a7ae9e8bd9ef722909fe778d274715ad67b3,M9,M9.05,CHECK_OB7_REQUIRED_WORKERS,CHECK_OB7_REQUIRED_WORKERS,EXPECTED_DETECTOR_MATCH,DETECTED_AS_PREREGISTERED,PASS,FAIL,FAIL,FAIL:CHECK_OB7_REQUIRED_WORKERS,,803
AEI_P3_FORMAL_20260826T034308Z_9b5f3c2bdfbe,2,M9.05:268469c82535bf1ba82a82324d755f40ad8bc7255c875b8e25c2d7943cff1ff3,268469c82535bf1ba82a82324d755f40ad8bc7255c875b8e25c2d7943cff1ff3,M9,M9.05,CHECK_OB7_REQUIRED_WORKERS,CHECK_OB7_REQUIRED_WORKERS,EXPECTED_DETECTOR_MATCH,DETECTED_AS_PREREGISTERED,PASS,FAIL,FAIL,FAIL:CHECK_OB7_REQUIRED_WORKERS,,804
AEI_P3_FORMAL_20260826T034308Z_9b5f3c2bdfbe,2,M9.05:2908e9ba69598735be8757d9b153473f5bacec1feb89ecff91ce994824a10178,2908e9ba69598735be8757d9b153473f5bacec1feb89ecff91ce994824a10178,M9,M9.05,CHECK_OB7_REQUIRED_WORKERS,CHECK_OB7_REQUIRED_WORKERS,EXPECTED_DETECTOR_MATCH,DETECTED_AS_PREREGISTERED,PASS,FAIL,FAIL,FAIL:CHECK_OB7_REQUIRED_WORKERS,,805
AEI_P3_FORMAL_20260826T034308Z_9b5f3c2bdfbe,2,M9.05:474b6ef7aac2feb7cb9195d7d3644f0d53d378eb4518ef87a9a2f7714d8ef3d5,474b6ef7aac2feb7cb9195d7d3644f0d53d378eb4518ef87a9a2f7714d8ef3d5,M9,M9.05,CHECK_OB7_REQUIRED_WORKERS,CHECK_OB7_REQUIRED_WORKERS,EXPECTED_DETECTOR_MATCH,DETECTED_AS_PREREGISTERED,PASS,FAIL,FAIL,FAIL:CHECK_OB7_REQUIRED_WORKERS,,806
AEI_P3_FORMAL_20260826T034308Z_9b5f3c2bdfbe,2,M9.05:4fafb9a13ff5e2fda82a804bf609727b68a17926d69ae1574c4801604ec81359,4fafb9a13ff5e2fda82a804bf609727b68a17926d69ae1574c4801604ec81359,M9,M9.05,CHECK_OB7_REQUIRED_WORKERS,CHECK_OB7_REQUIRED_WORKERS,EXPECTED_DETECTOR_MATCH,DETECTED_AS_PREREGISTERED,PASS,FAIL,FAIL,FAIL:CHECK_OB7_REQUIRED_WORKERS,,807
AEI_P3_FORMAL_20260826T034308Z_9b5f3c2bdfbe,2,M9.05:54349d927b9070c144f507868f9ef8b962c7c926426b33c3a7e0c88f715b246a,54349d927b9070c144f507868f9ef8b962c7c926426b33c3a7e0c88f715b246a,M9,M9.05,CHECK_OB7_REQUIRED_WORKERS,CHECK_OB7_REQUIRED_WORKERS,EXPECTED_DETECTOR_MATCH,DETECTED_AS_PREREGISTERED,PASS,FAIL,FAIL,FAIL:CHECK_OB7_REQUIRED_WORKERS,,808
AEI_P3_FORMAL_20260826T034308Z_9b5f3c2bdfbe,2,M9.05:558b8365de15727bf495595ed539867872c185b280ea249712f3b1d5f8674cd5,558b8365de15727bf495595ed539867872c185b280ea249712f3b1d5f8674cd5,M9,M9.05,CHECK_OB7_REQUIRED_WORKERS,CHECK_OB7_REQUIRED_WORKERS,EXPECTED_DETECTOR_MATCH,DETECTED_AS_PREREGISTERED,PASS,FAIL,FAIL,FAIL:CHECK_OB7_REQUIRED_WORKERS,,809
AEI_P3_FORMAL_20260826T034308Z_9b5f3c2bdfbe,2,M9.05:5ecccd77f46ab5549088b57686632a9eb5ccf1a5a977fbe35cfae6a50eca52bb,5ecccd77f46ab5549088b57686632a9eb5ccf1a5a977fbe35cfae6a50eca52bb,M9,M9.05,CHECK_OB7_REQUIRED_WORKERS,CHECK_OB7_REQUIRED_WORKERS,EXPECTED_DETECTOR_MATCH,DETECTED_AS_PREREGISTERED,PASS,FAIL,FAIL,FAIL:CHECK_OB7_REQUIRED_WORKERS,,810
AEI_P3_FORMAL_20260826T034308Z_9b5f3c2bdfbe,2,M9.05:5f24b2bbe16d5c8f667064d5031553e1dd9c4d9dbb7e0757cb922d9ba47928d5,5f24b2bbe16d5c8f667064d5031553e1dd9c4d9dbb7e0757cb922d9ba47928d5,M9,M9.05,CHECK_OB7_REQUIRED_WORKERS,CHECK_OB7_REQUIRED_WORKERS,EXPECTED_DETECTOR_MATCH,DETECTED_AS_PREREGISTERED,PASS,FAIL,FAIL,FAIL:CHECK_OB7_REQUIRED_WORKERS,,811
AEI_P3_FORMAL_20260826T034308Z_9b5f3c2bdfbe,2,M9.05:61f77c0251bcd2bbb51e6bff7e048bfcda7139b4e796314d32b47961ac3b5c1b,61f77c0251bcd2bbb51e6bff7e048bfcda7139b4e796314d32b47961ac3b5c1b,M9,M9.05,CHECK_OB7_REQUIRED_WORKERS,CHECK_OB7_REQUIRED_WORKERS,EXPECTED_DETECTOR_MATCH,DETECTED_AS_PREREGISTERED,PASS,FAIL,FAIL,FAIL:CHECK_OB7_REQUIRED_WORKERS,,812
AEI_P3_FORMAL_20260826T034308Z_9b5f3c2bdfbe,2,M9.05:634f3d08fd93ba622176ea6c9ff7ff1fb9d57a9b14f936f27d1460655fc20d72,634f3d08fd93ba622176ea6c9ff7ff1fb9d57a9b14f936f27d1460655fc20d72,M9,M9.05,CHECK_OB7_REQUIRED_WORKERS,CHECK_OB7_REQUIRED_WORKERS,EXPECTED_DETECTOR_MATCH,DETECTED_AS_PREREGISTERED,PASS,FAIL,FAIL,FAIL:CHECK_OB7_REQUIRED_WORKERS,,813
AEI_P3_FORMAL_20260826T034308Z_9b5f3c2bdfbe,2,M9.05:73cdcc11d1c23e47664696979a9b12b94deb5da000c18f37a8d7c0b641090788,73cdcc11d1c23e47664696979a9b12b94deb5da000c18f37a8d7c0b641090788,M9,M9.05,CHECK_OB7_REQUIRED_WORKERS,CHECK_OB7_REQUIRED_WORKERS,EXPECTED_DETECTOR_MATCH,DETECTED_AS_PREREGISTERED,PASS,FAIL,FAIL,FAIL:CHECK_OB7_REQUIRED_WORKERS,,814
AEI_P3_FORMAL_20260826T034308Z_9b5f3c2bdfbe,2,M9.05:7dc2cc636acd7eeb3db7367222360894cac918d6adca467d2f7a79960bbe8b1c,7dc2cc636acd7eeb3db7367222360894cac918d6adca467d2f7a79960bbe8b1c,M9,M9.05,CHECK_OB7_REQUIRED_WORKERS,CHECK_OB7_REQUIRED_WORKERS,EXPECTED_DETECTOR_MATCH,DETECTED_AS_PREREGISTERED,PASS,FAIL,FAIL,FAIL:CHECK_OB7_REQUIRED_WORKERS,,815
AEI_P3_FORMAL_20260826T034308Z_9b5f3c2bdfbe,2,M9.05:8c60197386a54af6d06cac0996c81cbca4971ac83984afcf2a52fa27a5bb1b42,8c60197386a54af6d06cac0996c81cbca4971ac83984afcf2a52fa27a5bb1b42,M9,M9.05,CHECK_OB7_REQUIRED_WORKERS,CHECK_OB7_REQUIRED_WORKERS,EXPECTED_DETECTOR_MATCH,DETECTED_AS_PREREGISTERED,PASS,FAIL,FAIL,FAIL:CHECK_OB7_REQUIRED_WORKERS,,816
AEI_P3_FORMAL_20260826T034308Z_9b5f3c2bdfbe,2,M9.05:8e3a1df6f55a6d53d21fd63c9dcda45cee6d1576c4989d45b40828d31e6d7281,8e3a1df6f55a6d53d21fd63c9dcda45cee6d1576c4989d45b40828d31e6d7281,M9,M9.05,CHECK_OB7_REQUIRED_WORKERS,CHECK_OB7_REQUIRED_WORKERS,EXPECTED_DETECTOR_MATCH,DETECTED_AS_PREREGISTERED,PASS,FAIL,FAIL,FAIL:CHECK_OB7_REQUIRED_WORKERS,,817
AEI_P3_FORMAL_20260826T034308Z_9b5f3c2bdfbe,2,M9.05:97eb8ea8dfec0a163a4b54e1179247553055627de3df3d7a40c8879cacc64800,97eb8ea8dfec0a163a4b54e1179247553055627de3df3d7a40c8879cacc64800,M9,M9.05,CHECK_OB7_REQUIRED_WORKERS,CHECK_OB7_REQUIRED_WORKERS,EXPECTED_DETECTOR_MATCH,DETECTED_AS_PREREGISTERED,PASS,FAIL,FAIL,FAIL:CHECK_OB7_REQUIRED_WORKERS,,818
AEI_P3_FORMAL_20260826T034308Z_9b5f3c2bdfbe,2,M9.05:9827288498c6ff63f3f7ec6f3bb833b53ac1c3cbaf59021addc82b6a8c08bae2,9827288498c6ff63f3f7ec6f3bb833b53ac1c3cbaf59021addc82b6a8c08bae2,M9,M9.05,CHECK_OB7_REQUIRED_WORKERS,CHECK_OB7_REQUIRED_WORKERS,EXPECTED_DETECTOR_MATCH,DETECTED_AS_PREREGISTERED,PASS,FAIL,FAIL,FAIL:CHECK_OB7_REQUIRED_WORKERS,,819
AEI_P3_FORMAL_20260826T034308Z_9b5f3c2bdfbe,2,M9.05:9f7906189c782cba7c3a4cc9cb8785764c8ad3fb1e637423a7a310d6c438feb5,9f7906189c782cba7c3a4cc9cb8785764c8ad3fb1e637423a7a310d6c438feb5,M9,M9.05,CHECK_OB7_REQUIRED_WORKERS,CHECK_OB7_REQUIRED_WORKERS,EXPECTED_DETECTOR_MATCH,DETECTED_AS_PREREGISTERED,PASS,FAIL,FAIL,FAIL:CHECK_OB7_REQUIRED_WORKERS,,820
AEI_P3_FORMAL_20260826T034308Z_9b5f3c2bdfbe,2,M9.05:aa5b4ee1688c71f1a3932cd7d9b629a08e31ef09728f3280c98c7636eecfb8d3,aa5b4ee1688c71f1a3932cd7d9b629a08e31ef09728f3280c98c7636eecfb8d3,M9,M9.05,CHECK_OB7_REQUIRED_WORKERS,CHECK_OB7_REQUIRED_WORKERS,EXPECTED_DETECTOR_MATCH,DETECTED_AS_PREREGISTERED,PASS,FAIL,FAIL,FAIL:CHECK_OB7_REQUIRED_WORKERS,,821
AEI_P3_FORMAL_20260826T034308Z_9b5f3c2bdfbe,2,M9.05:aad646b14392b632d658225dedb7d3953424ab9ab19ebafdc67bd9a7f02eb50b,aad646b14392b632d658225dedb7d3953424ab9ab19ebafdc67bd9a7f02eb50b,M9,M9.05,CHECK_OB7_REQUIRED_WORKERS,CHECK_OB7_REQUIRED_WORKERS,EXPECTED_DETECTOR_MATCH,DETECTED_AS_PREREGISTERED,PASS,FAIL,FAIL,FAIL:CHECK_OB7_REQUIRED_WORKERS,,822
AEI_P3_FORMAL_20260826T034308Z_9b5f3c2bdfbe,2,M9.05:abc8d6ba26b9728a25ebd17f4066aa5421f54fde1c1ef630cc33cb308c0fb8e5,abc8d6ba26b9728a25ebd17f4066aa5421f54fde1c1ef630cc33cb308c0fb8e5,M9,M9.05,CHECK_OB7_REQUIRED_WORKERS,CHECK_OB7_REQUIRED_WORKERS,EXPECTED_DETECTOR_MATCH,DETECTED_AS_PREREGISTERED,PASS,FAIL,FAIL,FAIL:CHECK_OB7_REQUIRED_WORKERS,,823
AEI_P3_FORMAL_20260826T034308Z_9b5f3c2bdfbe,2,M9.05:b0f01f4c7ca822555039b9267d8985edbeb149abc0a710d6583cea634584f862,b0f01f4c7ca822555039b9267d8985edbeb149abc0a710d6583cea634584f862,M9,M9.05,CHECK_OB7_REQUIRED_WORKERS,CHECK_OB7_REQUIRED_WORKERS,EXPECTED_DETECTOR_MATCH,DETECTED_AS_PREREGISTERED,PASS,FAIL,FAIL,FAIL:CHECK_OB7_REQUIRED_WORKERS,,824
AEI_P3_FORMAL_20260826T034308Z_9b5f3c2bdfbe,2,M9.05:b31f9c5cbf923f188771558357941c1a7d6a71089f67793c620cf7034a070eb2,b31f9c5cbf923f188771558357941c1a7d6a71089f67793c620cf7034a070eb2,M9,M9.05,CHECK_OB7_REQUIRED_WORKERS,CHECK_OB7_REQUIRED_WORKERS,EXPECTED_DETECTOR_MATCH,DETECTED_AS_PREREGISTERED,PASS,FAIL,FAIL,FAIL:CHECK_OB7_REQUIRED_WORKERS,,825
AEI_P3_FORMAL_20260826T034308Z_9b5f3c2bdfbe,2,M9.05:b5c400c27e6dbb1cc8466c5ce68e1530b6d984599f3c01c36496b49b586ff5e3,b5c400c27e6dbb1cc8466c5ce68e1530b6d984599f3c01c36496b49b586ff5e3,M9,M9.05,CHECK_OB7_REQUIRED_WORKERS,CHECK_OB7_REQUIRED_WORKERS,EXPECTED_DETECTOR_MATCH,DETECTED_AS_PREREGISTERED,PASS,FAIL,FAIL,FAIL:CHECK_OB7_REQUIRED_WORKERS,,826
AEI_P3_FORMAL_20260826T034308Z_9b5f3c2bdfbe,2,M9.05:bb3f15222034bdf87b9be499b27f859fe778b781693fd54677f83bd7531f0680,bb3f15222034bdf87b9be499b27f859fe778b781693fd54677f83bd7531f0680,M9,M9.05,CHECK_OB7_REQUIRED_WORKERS,CHECK_OB7_REQUIRED_WORKERS,EXPECTED_DETECTOR_MATCH,DETECTED_AS_PREREGISTERED,PASS,FAIL,FAIL,FAIL:CHECK_OB7_REQUIRED_WORKERS,,827
AEI_P3_FORMAL_20260826T034308Z_9b5f3c2bdfbe,2,M9.05:ce18361670bfbcde2f3ff22167187aecef9164dedbf1198bc7563c147804780e,ce18361670bfbcde2f3ff22167187aecef9164dedbf1198bc7563c147804780e,M9,M9.05,CHECK_OB7_REQUIRED_WORKERS,CHECK_OB7_REQUIRED_WORKERS,EXPECTED_DETECTOR_MATCH,DETECTED_AS_PREREGISTERED,PASS,FAIL,FAIL,FAIL:CHECK_OB7_REQUIRED_WORKERS,,828
AEI_P3_FORMAL_20260826T034308Z_9b5f3c2bdfbe,2,M9.05:ceae66508816dc9f5458c925c89f155658e6c78710a8753d337ac385481cc1bf,ceae66508816dc9f5458c925c89f155658e6c78710a8753d337ac385481cc1bf,M9,M9.05,CHECK_OB7_REQUIRED_WORKERS,CHECK_OB7_REQUIRED_WORKERS,EXPECTED_DETECTOR_MATCH,DETECTED_AS_PREREGISTERED,PASS,FAIL,FAIL,FAIL:CHECK_OB7_REQUIRED_WORKERS,,829
AEI_P3_FORMAL_20260826T034308Z_9b5f3c2bdfbe,2,M9.05:d093d52f24139c1b6fb09b775beedd000f1a7b3716df906d7d36e91e7e848265,d093d52f24139c1b6fb09b775beedd000f1a7b3716df906d7d36e91e7e848265,M9,M9.05,CHECK_OB7_REQUIRED_WORKERS,CHECK_OB7_REQUIRED_WORKERS,EXPECTED_DETECTOR_MATCH,DETECTED_AS_PREREGISTERED,PASS,FAIL,FAIL,FAIL:CHECK_OB7_REQUIRED_WORKERS,,830
AEI_P3_FORMAL_20260826T034308Z_9b5f3c2bdfbe,2,M9.05:d4b957654a5efd71168d6f7e67936e6abf4666ceb41e7919635002157b125411,d4b957654a5efd71168d6f7e67936e6abf4666ceb41e7919635002157b125411,M9,M9.05,CHECK_OB7_REQUIRED_WORKERS,CHECK_OB7_REQUIRED_WORKERS,EXPECTED_DETECTOR_MATCH,DETECTED_AS_PREREGISTERED,PASS,FAIL,FAIL,FAIL:CHECK_OB7_REQUIRED_WORKERS,,831
AEI_P3_FORMAL_20260826T034308Z_9b5f3c2bdfbe,2,M9.05:d598e89b357205c7b4bd47c5ebbe933f8be1f7c8dcdee85e66ec6829cafb91d3,d598e89b357205c7b4bd47c5ebbe933f8be1f7c8dcdee85e66ec6829cafb91d3,M9,M9.05,CHECK_OB7_REQUIRED_WORKERS,CHECK_OB7_REQUIRED_WORKERS,EXPECTED_DETECTOR_MATCH,DETECTED_AS_PREREGISTERED,PASS,FAIL,FAIL,FAIL:CHECK_OB7_REQUIRED_WORKERS,,832
AEI_P3_FORMAL_20260826T034308Z_9b5f3c2bdfbe,2,M9.05:eb3670bbe434a59cc94347384a5d50fb526d26a00dbf6da73e54438c4bacc2a0,eb3670bbe434a59cc94347384a5d50fb526d26a00dbf6da73e54438c4bacc2a0,M9,M9.05,CHECK_OB7_REQUIRED_WORKERS,CHECK_OB7_REQUIRED_WORKERS,EXPECTED_DETECTOR_MATCH,DETECTED_AS_PREREGISTERED,PASS,FAIL,FAIL,FAIL:CHECK_OB7_REQUIRED_WORKERS,,833
AEI_P3_FORMAL_20260826T034308Z_9b5f3c2bdfbe,2,M9.05:f1e5fc58ea336e13c098308a2da00dee7de3dd3aa08d6170df4a3cb1afd09795,f1e5fc58ea336e13c098308a2da00dee7de3dd3aa08d6170df4a3cb1afd09795,M9,M9.05,CHECK_OB7_REQUIRED_WORKERS,CHECK_OB7_REQUIRED_WORKERS,EXPECTED_DETECTOR_MATCH,DETECTED_AS_PREREGISTERED,PASS,FAIL,FAIL,FAIL:CHECK_OB7_REQUIRED_WORKERS,,834
AEI_P3_FORMAL_20260826T034308Z_9b5f3c2bdfbe,2,M9.05:f583baa2dad1527b5f84f71805410ee51b78fce2b1be62de49f1636c06821c7b,f583baa2dad1527b5f84f71805410ee51b78fce2b1be62de49f1636c06821c7b,M9,M9.05,CHECK_OB7_REQUIRED_WORKERS,CHECK_OB7_REQUIRED_WORKERS,EXPECTED_DETECTOR_MATCH,DETECTED_AS_PREREGISTERED,PASS,FAIL,FAIL,FAIL:CHECK_OB7_REQUIRED_WORKERS,,835
AEI_P3_FORMAL_20260826T034308Z_9b5f3c2bdfbe,2,M9.05:f64f55ad9277004ae441909cd6556d26eeaf73d3eb3c537384be703615149f96,f64f55ad9277004ae441909cd6556d26eeaf73d3eb3c537384be703615149f96,M9,M9.05,CHECK_OB7_REQUIRED_WORKERS,CHECK_OB7_REQUIRED_WORKERS,EXPECTED_DETECTOR_MATCH,DETECTED_AS_PREREGISTERED,PASS,FAIL,FAIL,FAIL:CHECK_OB7_REQUIRED_WORKERS,,836
AEI_P3_FORMAL_20260826T034308Z_9b5f3c2bdfbe,2,M9.05:f80e8a50e0815fda9eef8635e52671f3888786c4daef5767b8da7b74e4311646,f80e8a50e0815fda9eef8635e52671f3888786c4daef5767b8da7b74e4311646,M9,M9.05,CHECK_OB7_REQUIRED_WORKERS,CHECK_OB7_REQUIRED_WORKERS,EXPECTED_DETECTOR_MATCH,DETECTED_AS_PREREGISTERED,PASS,FAIL,FAIL,FAIL:CHECK_OB7_REQUIRED_WORKERS,,837
AEI_P3_FORMAL_20260826T034308Z_9b5f3c2bdfbe,2,M9.05:f9ade00b139ce33674b05d1766de3ec85779abfd83f893a7b2437817100901d9,f9ade00b139ce33674b05d1766de3ec85779abfd83f893a7b2437817100901d9,M9,M9.05,CHECK_OB7_REQUIRED_WORKERS,CHECK_OB7_REQUIRED_WORKERS,EXPECTED_DETECTOR_MATCH,DETECTED_AS_PREREGISTERED,PASS,FAIL,FAIL,FAIL:CHECK_OB7_REQUIRED_WORKERS,,838
AEI_P3_FORMAL_20260826T034308Z_9b5f3c2bdfbe,2,M9.05:feb26c8ce25b99d6b090e07fca86c8e2dbf3ff2d6b891634c4c71b179329ab47,feb26c8ce25b99d6b090e07fca86c8e2dbf3ff2d6b891634c4c71b179329ab47,M9,M9.05,CHECK_OB7_REQUIRED_WORKERS,CHECK_OB7_REQUIRED_WORKERS,EXPECTED_DETECTOR_MATCH,DETECTED_AS_PREREGISTERED,PASS,FAIL,FAIL,FAIL:CHECK_OB7_REQUIRED_WORKERS,,839
AEI_P3_FORMAL_20260826T034308Z_9b5f3c2bdfbe,2,M9.06:052b2dfeb855619b4e74c70e7155e5699a6aebc572c887f1432462ecf4afce6b,052b2dfeb855619b4e74c70e7155e5699a6aebc572c887f1432462ecf4afce6b,M9,M9.06,CHECK_OB7_REQUIRED_BUDGET_SECONDS,CHECK_OB7_REQUIRED_BUDGET_SECONDS,EXPECTED_DETECTOR_MATCH,DETECTED_AS_PREREGISTERED,PASS,FAIL,FAIL,FAIL:CHECK_OB7_REQUIRED_BUDGET_SECONDS,,840
AEI_P3_FORMAL_20260826T034308Z_9b5f3c2bdfbe,2,M9.06:0edc936e36dbd00367c35ec096b127c69211776f53ead8d7b9619a78d9b3beb5,0edc936e36dbd00367c35ec096b127c69211776f53ead8d7b9619a78d9b3beb5,M9,M9.06,CHECK_OB7_REQUIRED_BUDGET_SECONDS,CHECK_OB7_REQUIRED_BUDGET_SECONDS,EXPECTED_DETECTOR_MATCH,DETECTED_AS_PREREGISTERED,PASS,FAIL,FAIL,FAIL:CHECK_OB7_REQUIRED_BUDGET_SECONDS,,841
AEI_P3_FORMAL_20260826T034308Z_9b5f3c2bdfbe,2,M9.06:19993579c580ecb799e1ce158990340e547863ae75c4be153b97908cb5cd08a2,19993579c580ecb799e1ce158990340e547863ae75c4be153b97908cb5cd08a2,M9,M9.06,CHECK_OB7_REQUIRED_BUDGET_SECONDS,CHECK_OB7_REQUIRED_BUDGET_SECONDS,EXPECTED_DETECTOR_MATCH,DETECTED_AS_PREREGISTERED,PASS,FAIL,FAIL,FAIL:CHECK_OB7_REQUIRED_BUDGET_SECONDS,,842
AEI_P3_FORMAL_20260826T034308Z_9b5f3c2bdfbe,2,M9.06:1bb3dc3f26212de23def1f2ca0d598d344fea56b8a73247e2f6390ebea07946d,1bb3dc3f26212de23def1f2ca0d598d344fea56b8a73247e2f6390ebea07946d,M9,M9.06,CHECK_OB7_REQUIRED_BUDGET_SECONDS,CHECK_OB7_REQUIRED_BUDGET_SECONDS,EXPECTED_DETECTOR_MATCH,DETECTED_AS_PREREGISTERED,PASS,FAIL,FAIL,FAIL:CHECK_OB7_REQUIRED_BUDGET_SECONDS,,843
AEI_P3_FORMAL_20260826T034308Z_9b5f3c2bdfbe,2,M9.06:2443e5a3d32298289c0b98d2a7d3a03cbf4194a7adecf97293b0ac348944ba9e,2443e5a3d32298289c0b98d2a7d3a03cbf4194a7adecf97293b0ac348944ba9e,M9,M9.06,CHECK_OB7_REQUIRED_BUDGET_SECONDS,CHECK_OB7_REQUIRED_BUDGET_SECONDS,EXPECTED_DETECTOR_MATCH,DETECTED_AS_PREREGISTERED,PASS,FAIL,FAIL,FAIL:CHECK_OB7_REQUIRED_BUDGET_SECONDS,,844
AEI_P3_FORMAL_20260826T034308Z_9b5f3c2bdfbe,2,M9.06:245cb7ed72fd0a10da80157bd648a7ae9e8bd9ef722909fe778d274715ad67b3,245cb7ed72fd0a10da80157bd648a7ae9e8bd9ef722909fe778d274715ad67b3,M9,M9.06,CHECK_OB7_REQUIRED_BUDGET_SECONDS,CHECK_OB7_REQUIRED_BUDGET_SECONDS,EXPECTED_DETECTOR_MATCH,DETECTED_AS_PREREGISTERED,PASS,FAIL,FAIL,FAIL:CHECK_OB7_REQUIRED_BUDGET_SECONDS,,845
AEI_P3_FORMAL_20260826T034308Z_9b5f3c2bdfbe,2,M9.06:268469c82535bf1ba82a82324d755f40ad8bc7255c875b8e25c2d7943cff1ff3,268469c82535bf1ba82a82324d755f40ad8bc7255c875b8e25c2d7943cff1ff3,M9,M9.06,CHECK_OB7_REQUIRED_BUDGET_SECONDS,CHECK_OB7_REQUIRED_BUDGET_SECONDS,EXPECTED_DETECTOR_MATCH,DETECTED_AS_PREREGISTERED,PASS,FAIL,FAIL,FAIL:CHECK_OB7_REQUIRED_BUDGET_SECONDS,,846
AEI_P3_FORMAL_20260826T034308Z_9b5f3c2bdfbe,2,M9.06:2908e9ba69598735be8757d9b153473f5bacec1feb89ecff91ce994824a10178,2908e9ba69598735be8757d9b153473f5bacec1feb89ecff91ce994824a10178,M9,M9.06,CHECK_OB7_REQUIRED_BUDGET_SECONDS,CHECK_OB7_REQUIRED_BUDGET_SECONDS,EXPECTED_DETECTOR_MATCH,DETECTED_AS_PREREGISTERED,PASS,FAIL,FAIL,FAIL:CHECK_OB7_REQUIRED_BUDGET_SECONDS,,847
AEI_P3_FORMAL_20260826T034308Z_9b5f3c2bdfbe,2,M9.06:474b6ef7aac2feb7cb9195d7d3644f0d53d378eb4518ef87a9a2f7714d8ef3d5,474b6ef7aac2feb7cb9195d7d3644f0d53d378eb4518ef87a9a2f7714d8ef3d5,M9,M9.06,CHECK_OB7_REQUIRED_BUDGET_SECONDS,CHECK_OB7_REQUIRED_BUDGET_SECONDS,EXPECTED_DETECTOR_MATCH,DETECTED_AS_PREREGISTERED,PASS,FAIL,FAIL,FAIL:CHECK_OB7_REQUIRED_BUDGET_SECONDS,,848
AEI_P3_FORMAL_20260826T034308Z_9b5f3c2bdfbe,2,M9.06:4fafb9a13ff5e2fda82a804bf609727b68a17926d69ae1574c4801604ec81359,4fafb9a13ff5e2fda82a804bf609727b68a17926d69ae1574c4801604ec81359,M9,M9.06,CHECK_OB7_REQUIRED_BUDGET_SECONDS,CHECK_OB7_REQUIRED_BUDGET_SECONDS,EXPECTED_DETECTOR_MATCH,DETECTED_AS_PREREGISTERED,PASS,FAIL,FAIL,FAIL:CHECK_OB7_REQUIRED_BUDGET_SECONDS,,849
AEI_P3_FORMAL_20260826T034308Z_9b5f3c2bdfbe,2,M9.06:54349d927b9070c144f507868f9ef8b962c7c926426b33c3a7e0c88f715b246a,54349d927b9070c144f507868f9ef8b962c7c926426b33c3a7e0c88f715b246a,M9,M9.06,CHECK_OB7_REQUIRED_BUDGET_SECONDS,CHECK_OB7_REQUIRED_BUDGET_SECONDS,EXPECTED_DETECTOR_MATCH,DETECTED_AS_PREREGISTERED,PASS,FAIL,FAIL,FAIL:CHECK_OB7_REQUIRED_BUDGET_SECONDS,,850
AEI_P3_FORMAL_20260826T034308Z_9b5f3c2bdfbe,2,M9.06:558b8365de15727bf495595ed539867872c185b280ea249712f3b1d5f8674cd5,558b8365de15727bf495595ed539867872c185b280ea249712f3b1d5f8674cd5,M9,M9.06,CHECK_OB7_REQUIRED_BUDGET_SECONDS,CHECK_OB7_REQUIRED_BUDGET_SECONDS,EXPECTED_DETECTOR_MATCH,DETECTED_AS_PREREGISTERED,PASS,FAIL,FAIL,FAIL:CHECK_OB7_REQUIRED_BUDGET_SECONDS,,851
AEI_P3_FORMAL_20260826T034308Z_9b5f3c2bdfbe,2,M9.06:5ecccd77f46ab5549088b57686632a9eb5ccf1a5a977fbe35cfae6a50eca52bb,5ecccd77f46ab5549088b57686632a9eb5ccf1a5a977fbe35cfae6a50eca52bb,M9,M9.06,CHECK_OB7_REQUIRED_BUDGET_SECONDS,CHECK_OB7_REQUIRED_BUDGET_SECONDS,EXPECTED_DETECTOR_MATCH,DETECTED_AS_PREREGISTERED,PASS,FAIL,FAIL,FAIL:CHECK_OB7_REQUIRED_BUDGET_SECONDS,,852
AEI_P3_FORMAL_20260826T034308Z_9b5f3c2bdfbe,2,M9.06:5f24b2bbe16d5c8f667064d5031553e1dd9c4d9dbb7e0757cb922d9ba47928d5,5f24b2bbe16d5c8f667064d5031553e1dd9c4d9dbb7e0757cb922d9ba47928d5,M9,M9.06,CHECK_OB7_REQUIRED_BUDGET_SECONDS,CHECK_OB7_REQUIRED_BUDGET_SECONDS,EXPECTED_DETECTOR_MATCH,DETECTED_AS_PREREGISTERED,PASS,FAIL,FAIL,FAIL:CHECK_OB7_REQUIRED_BUDGET_SECONDS,,853
AEI_P3_FORMAL_20260826T034308Z_9b5f3c2bdfbe,2,M9.06:61f77c0251bcd2bbb51e6bff7e048bfcda7139b4e796314d32b47961ac3b5c1b,61f77c0251bcd2bbb51e6bff7e048bfcda7139b4e796314d32b47961ac3b5c1b,M9,M9.06,CHECK_OB7_REQUIRED_BUDGET_SECONDS,CHECK_OB7_REQUIRED_BUDGET_SECONDS,EXPECTED_DETECTOR_MATCH,DETECTED_AS_PREREGISTERED,PASS,FAIL,FAIL,FAIL:CHECK_OB7_REQUIRED_BUDGET_SECONDS,,854
AEI_P3_FORMAL_20260826T034308Z_9b5f3c2bdfbe,2,M9.06:634f3d08fd93ba622176ea6c9ff7ff1fb9d57a9b14f936f27d1460655fc20d72,634f3d08fd93ba622176ea6c9ff7ff1fb9d57a9b14f936f27d1460655fc20d72,M9,M9.06,CHECK_OB7_REQUIRED_BUDGET_SECONDS,CHECK_OB7_REQUIRED_BUDGET_SECONDS,EXPECTED_DETECTOR_MATCH,DETECTED_AS_PREREGISTERED,PASS,FAIL,FAIL,FAIL:CHECK_OB7_REQUIRED_BUDGET_SECONDS,,855
AEI_P3_FORMAL_20260826T034308Z_9b5f3c2bdfbe,2,M9.06:73cdcc11d1c23e47664696979a9b12b94deb5da000c18f37a8d7c0b641090788,73cdcc11d1c23e47664696979a9b12b94deb5da000c18f37a8d7c0b641090788,M9,M9.06,CHECK_OB7_REQUIRED_BUDGET_SECONDS,CHECK_OB7_REQUIRED_BUDGET_SECONDS,EXPECTED_DETECTOR_MATCH,DETECTED_AS_PREREGISTERED,PASS,FAIL,FAIL,FAIL:CHECK_OB7_REQUIRED_BUDGET_SECONDS,,856
AEI_P3_FORMAL_20260826T034308Z_9b5f3c2bdfbe,2,M9.06:7dc2cc636acd7eeb3db7367222360894cac918d6adca467d2f7a79960bbe8b1c,7dc2cc636acd7eeb3db7367222360894cac918d6adca467d2f7a79960bbe8b1c,M9,M9.06,CHECK_OB7_REQUIRED_BUDGET_SECONDS,CHECK_OB7_REQUIRED_BUDGET_SECONDS,EXPECTED_DETECTOR_MATCH,DETECTED_AS_PREREGISTERED,PASS,FAIL,FAIL,FAIL:CHECK_OB7_REQUIRED_BUDGET_SECONDS,,857
AEI_P3_FORMAL_20260826T034308Z_9b5f3c2bdfbe,2,M9.06:8c60197386a54af6d06cac0996c81cbca4971ac83984afcf2a52fa27a5bb1b42,8c60197386a54af6d06cac0996c81cbca4971ac83984afcf2a52fa27a5bb1b42,M9,M9.06,CHECK_OB7_REQUIRED_BUDGET_SECONDS,CHECK_OB7_REQUIRED_BUDGET_SECONDS,EXPECTED_DETECTOR_MATCH,DETECTED_AS_PREREGISTERED,PASS,FAIL,FAIL,FAIL:CHECK_OB7_REQUIRED_BUDGET_SECONDS,,858
AEI_P3_FORMAL_20260826T034308Z_9b5f3c2bdfbe,2,M9.06:8e3a1df6f55a6d53d21fd63c9dcda45cee6d1576c4989d45b40828d31e6d7281,8e3a1df6f55a6d53d21fd63c9dcda45cee6d1576c4989d45b40828d31e6d7281,M9,M9.06,CHECK_OB7_REQUIRED_BUDGET_SECONDS,CHECK_OB7_REQUIRED_BUDGET_SECONDS,EXPECTED_DETECTOR_MATCH,DETECTED_AS_PREREGISTERED,PASS,FAIL,FAIL,FAIL:CHECK_OB7_REQUIRED_BUDGET_SECONDS,,859
AEI_P3_FORMAL_20260826T034308Z_9b5f3c2bdfbe,2,M9.06:97eb8ea8dfec0a163a4b54e1179247553055627de3df3d7a40c8879cacc64800,97eb8ea8dfec0a163a4b54e1179247553055627de3df3d7a40c8879cacc64800,M9,M9.06,CHECK_OB7_REQUIRED_BUDGET_SECONDS,CHECK_OB7_REQUIRED_BUDGET_SECONDS,EXPECTED_DETECTOR_MATCH,DETECTED_AS_PREREGISTERED,PASS,FAIL,FAIL,FAIL:CHECK_OB7_REQUIRED_BUDGET_SECONDS,,860
AEI_P3_FORMAL_20260826T034308Z_9b5f3c2bdfbe,2,M9.06:9827288498c6ff63f3f7ec6f3bb833b53ac1c3cbaf59021addc82b6a8c08bae2,9827288498c6ff63f3f7ec6f3bb833b53ac1c3cbaf59021addc82b6a8c08bae2,M9,M9.06,CHECK_OB7_REQUIRED_BUDGET_SECONDS,CHECK_OB7_REQUIRED_BUDGET_SECONDS,EXPECTED_DETECTOR_MATCH,DETECTED_AS_PREREGISTERED,PASS,FAIL,FAIL,FAIL:CHECK_OB7_REQUIRED_BUDGET_SECONDS,,861
AEI_P3_FORMAL_20260826T034308Z_9b5f3c2bdfbe,2,M9.06:9f7906189c782cba7c3a4cc9cb8785764c8ad3fb1e637423a7a310d6c438feb5,9f7906189c782cba7c3a4cc9cb8785764c8ad3fb1e637423a7a310d6c438feb5,M9,M9.06,CHECK_OB7_REQUIRED_BUDGET_SECONDS,CHECK_OB7_REQUIRED_BUDGET_SECONDS,EXPECTED_DETECTOR_MATCH,DETECTED_AS_PREREGISTERED,PASS,FAIL,FAIL,FAIL:CHECK_OB7_REQUIRED_BUDGET_SECONDS,,862
AEI_P3_FORMAL_20260826T034308Z_9b5f3c2bdfbe,2,M9.06:aa5b4ee1688c71f1a3932cd7d9b629a08e31ef09728f3280c98c7636eecfb8d3,aa5b4ee1688c71f1a3932cd7d9b629a08e31ef09728f3280c98c7636eecfb8d3,M9,M9.06,CHECK_OB7_REQUIRED_BUDGET_SECONDS,CHECK_OB7_REQUIRED_BUDGET_SECONDS,EXPECTED_DETECTOR_MATCH,DETECTED_AS_PREREGISTERED,PASS,FAIL,FAIL,FAIL:CHECK_OB7_REQUIRED_BUDGET_SECONDS,,863
AEI_P3_FORMAL_20260826T034308Z_9b5f3c2bdfbe,2,M9.06:aad646b14392b632d658225dedb7d3953424ab9ab19ebafdc67bd9a7f02eb50b,aad646b14392b632d658225dedb7d3953424ab9ab19ebafdc67bd9a7f02eb50b,M9,M9.06,CHECK_OB7_REQUIRED_BUDGET_SECONDS,CHECK_OB7_REQUIRED_BUDGET_SECONDS,EXPECTED_DETECTOR_MATCH,DETECTED_AS_PREREGISTERED,PASS,FAIL,FAIL,FAIL:CHECK_OB7_REQUIRED_BUDGET_SECONDS,,864
AEI_P3_FORMAL_20260826T034308Z_9b5f3c2bdfbe,2,M9.06:abc8d6ba26b9728a25ebd17f4066aa5421f54fde1c1ef630cc33cb308c0fb8e5,abc8d6ba26b9728a25ebd17f4066aa5421f54fde1c1ef630cc33cb308c0fb8e5,M9,M9.06,CHECK_OB7_REQUIRED_BUDGET_SECONDS,CHECK_OB7_REQUIRED_BUDGET_SECONDS,EXPECTED_DETECTOR_MATCH,DETECTED_AS_PREREGISTERED,PASS,FAIL,FAIL,FAIL:CHECK_OB7_REQUIRED_BUDGET_SECONDS,,865
AEI_P3_FORMAL_20260826T034308Z_9b5f3c2bdfbe,2,M9.06:b0f01f4c7ca822555039b9267d8985edbeb149abc0a710d6583cea634584f862,b0f01f4c7ca822555039b9267d8985edbeb149abc0a710d6583cea634584f862,M9,M9.06,CHECK_OB7_REQUIRED_BUDGET_SECONDS,CHECK_OB7_REQUIRED_BUDGET_SECONDS,EXPECTED_DETECTOR_MATCH,DETECTED_AS_PREREGISTERED,PASS,FAIL,FAIL,FAIL:CHECK_OB7_REQUIRED_BUDGET_SECONDS,,866
AEI_P3_FORMAL_20260826T034308Z_9b5f3c2bdfbe,2,M9.06:b31f9c5cbf923f188771558357941c1a7d6a71089f67793c620cf7034a070eb2,b31f9c5cbf923f188771558357941c1a7d6a71089f67793c620cf7034a070eb2,M9,M9.06,CHECK_OB7_REQUIRED_BUDGET_SECONDS,CHECK_OB7_REQUIRED_BUDGET_SECONDS,EXPECTED_DETECTOR_MATCH,DETECTED_AS_PREREGISTERED,PASS,FAIL,FAIL,FAIL:CHECK_OB7_REQUIRED_BUDGET_SECONDS,,867
AEI_P3_FORMAL_20260826T034308Z_9b5f3c2bdfbe,2,M9.06:b5c400c27e6dbb1cc8466c5ce68e1530b6d984599f3c01c36496b49b586ff5e3,b5c400c27e6dbb1cc8466c5ce68e1530b6d984599f3c01c36496b49b586ff5e3,M9,M9.06,CHECK_OB7_REQUIRED_BUDGET_SECONDS,CHECK_OB7_REQUIRED_BUDGET_SECONDS,EXPECTED_DETECTOR_MATCH,DETECTED_AS_PREREGISTERED,PASS,FAIL,FAIL,FAIL:CHECK_OB7_REQUIRED_BUDGET_SECONDS,,868
AEI_P3_FORMAL_20260826T034308Z_9b5f3c2bdfbe,2,M9.06:bb3f15222034bdf87b9be499b27f859fe778b781693fd54677f83bd7531f0680,bb3f15222034bdf87b9be499b27f859fe778b781693fd54677f83bd7531f0680,M9,M9.06,CHECK_OB7_REQUIRED_BUDGET_SECONDS,CHECK_OB7_REQUIRED_BUDGET_SECONDS,EXPECTED_DETECTOR_MATCH,DETECTED_AS_PREREGISTERED,PASS,FAIL,FAIL,FAIL:CHECK_OB7_REQUIRED_BUDGET_SECONDS,,869
AEI_P3_FORMAL_20260826T034308Z_9b5f3c2bdfbe,2,M9.06:ce18361670bfbcde2f3ff22167187aecef9164dedbf1198bc7563c147804780e,ce18361670bfbcde2f3ff22167187aecef9164dedbf1198bc7563c147804780e,M9,M9.06,CHECK_OB7_REQUIRED_BUDGET_SECONDS,CHECK_OB7_REQUIRED_BUDGET_SECONDS,EXPECTED_DETECTOR_MATCH,DETECTED_AS_PREREGISTERED,PASS,FAIL,FAIL,FAIL:CHECK_OB7_REQUIRED_BUDGET_SECONDS,,870
AEI_P3_FORMAL_20260826T034308Z_9b5f3c2bdfbe,2,M9.06:ceae66508816dc9f5458c925c89f155658e6c78710a8753d337ac385481cc1bf,ceae66508816dc9f5458c925c89f155658e6c78710a8753d337ac385481cc1bf,M9,M9.06,CHECK_OB7_REQUIRED_BUDGET_SECONDS,CHECK_OB7_REQUIRED_BUDGET_SECONDS,EXPECTED_DETECTOR_MATCH,DETECTED_AS_PREREGISTERED,PASS,FAIL,FAIL,FAIL:CHECK_OB7_REQUIRED_BUDGET_SECONDS,,871
AEI_P3_FORMAL_20260826T034308Z_9b5f3c2bdfbe,2,M9.06:d093d52f24139c1b6fb09b775beedd000f1a7b3716df906d7d36e91e7e848265,d093d52f24139c1b6fb09b775beedd000f1a7b3716df906d7d36e91e7e848265,M9,M9.06,CHECK_OB7_REQUIRED_BUDGET_SECONDS,CHECK_OB7_REQUIRED_BUDGET_SECONDS,EXPECTED_DETECTOR_MATCH,DETECTED_AS_PREREGISTERED,PASS,FAIL,FAIL,FAIL:CHECK_OB7_REQUIRED_BUDGET_SECONDS,,872
AEI_P3_FORMAL_20260826T034308Z_9b5f3c2bdfbe,2,M9.06:d4b957654a5efd71168d6f7e67936e6abf4666ceb41e7919635002157b125411,d4b957654a5efd71168d6f7e67936e6abf4666ceb41e7919635002157b125411,M9,M9.06,CHECK_OB7_REQUIRED_BUDGET_SECONDS,CHECK_OB7_REQUIRED_BUDGET_SECONDS,EXPECTED_DETECTOR_MATCH,DETECTED_AS_PREREGISTERED,PASS,FAIL,FAIL,FAIL:CHECK_OB7_REQUIRED_BUDGET_SECONDS,,873
AEI_P3_FORMAL_20260826T034308Z_9b5f3c2bdfbe,2,M9.06:d598e89b357205c7b4bd47c5ebbe933f8be1f7c8dcdee85e66ec6829cafb91d3,d598e89b357205c7b4bd47c5ebbe933f8be1f7c8dcdee85e66ec6829cafb91d3,M9,M9.06,CHECK_OB7_REQUIRED_BUDGET_SECONDS,CHECK_OB7_REQUIRED_BUDGET_SECONDS,EXPECTED_DETECTOR_MATCH,DETECTED_AS_PREREGISTERED,PASS,FAIL,FAIL,FAIL:CHECK_OB7_REQUIRED_BUDGET_SECONDS,,874
AEI_P3_FORMAL_20260826T034308Z_9b5f3c2bdfbe,2,M9.06:eb3670bbe434a59cc94347384a5d50fb526d26a00dbf6da73e54438c4bacc2a0,eb3670bbe434a59cc94347384a5d50fb526d26a00dbf6da73e54438c4bacc2a0,M9,M9.06,CHECK_OB7_REQUIRED_BUDGET_SECONDS,CHECK_OB7_REQUIRED_BUDGET_SECONDS,EXPECTED_DETECTOR_MATCH,DETECTED_AS_PREREGISTERED,PASS,FAIL,FAIL,FAIL:CHECK_OB7_REQUIRED_BUDGET_SECONDS,,875
AEI_P3_FORMAL_20260826T034308Z_9b5f3c2bdfbe,2,M9.06:f1e5fc58ea336e13c098308a2da00dee7de3dd3aa08d6170df4a3cb1afd09795,f1e5fc58ea336e13c098308a2da00dee7de3dd3aa08d6170df4a3cb1afd09795,M9,M9.06,CHECK_OB7_REQUIRED_BUDGET_SECONDS,CHECK_OB7_REQUIRED_BUDGET_SECONDS,EXPECTED_DETECTOR_MATCH,DETECTED_AS_PREREGISTERED,PASS,FAIL,FAIL,FAIL:CHECK_OB7_REQUIRED_BUDGET_SECONDS,,876
AEI_P3_FORMAL_20260826T034308Z_9b5f3c2bdfbe,2,M9.06:f583baa2dad1527b5f84f71805410ee51b78fce2b1be62de49f1636c06821c7b,f583baa2dad1527b5f84f71805410ee51b78fce2b1be62de49f1636c06821c7b,M9,M9.06,CHECK_OB7_REQUIRED_BUDGET_SECONDS,CHECK_OB7_REQUIRED_BUDGET_SECONDS,EXPECTED_DETECTOR_MATCH,DETECTED_AS_PREREGISTERED,PASS,FAIL,FAIL,FAIL:CHECK_OB7_REQUIRED_BUDGET_SECONDS,,877
AEI_P3_FORMAL_20260826T034308Z_9b5f3c2bdfbe,2,M9.06:f64f55ad9277004ae441909cd6556d26eeaf73d3eb3c537384be703615149f96,f64f55ad9277004ae441909cd6556d26eeaf73d3eb3c537384be703615149f96,M9,M9.06,CHECK_OB7_REQUIRED_BUDGET_SECONDS,CHECK_OB7_REQUIRED_BUDGET_SECONDS,EXPECTED_DETECTOR_MATCH,DETECTED_AS_PREREGISTERED,PASS,FAIL,FAIL,FAIL:CHECK_OB7_REQUIRED_BUDGET_SECONDS,,878
AEI_P3_FORMAL_20260826T034308Z_9b5f3c2bdfbe,2,M9.06:f80e8a50e0815fda9eef8635e52671f3888786c4daef5767b8da7b74e4311646,f80e8a50e0815fda9eef8635e52671f3888786c4daef5767b8da7b74e4311646,M9,M9.06,CHECK_OB7_REQUIRED_BUDGET_SECONDS,CHECK_OB7_REQUIRED_BUDGET_SECONDS,EXPECTED_DETECTOR_MATCH,DETECTED_AS_PREREGISTERED,PASS,FAIL,FAIL,FAIL:CHECK_OB7_REQUIRED_BUDGET_SECONDS,,879
AEI_P3_FORMAL_20260826T034308Z_9b5f3c2bdfbe,2,M9.06:f9ade00b139ce33674b05d1766de3ec85779abfd83f893a7b2437817100901d9,f9ade00b139ce33674b05d1766de3ec85779abfd83f893a7b2437817100901d9,M9,M9.06,CHECK_OB7_REQUIRED_BUDGET_SECONDS,CHECK_OB7_REQUIRED_BUDGET_SECONDS,EXPECTED_DETECTOR_MATCH,DETECTED_AS_PREREGISTERED,PASS,FAIL,FAIL,FAIL:CHECK_OB7_REQUIRED_BUDGET_SECONDS,,880
AEI_P3_FORMAL_20260826T034308Z_9b5f3c2bdfbe,2,M9.06:feb26c8ce25b99d6b090e07fca86c8e2dbf3ff2d6b891634c4c71b179329ab47,feb26c8ce25b99d6b090e07fca86c8e2dbf3ff2d6b891634c4c71b179329ab47,M9,M9.06,CHECK_OB7_REQUIRED_BUDGET_SECONDS,CHECK_OB7_REQUIRED_BUDGET_SECONDS,EXPECTED_DETECTOR_MATCH,DETECTED_AS_PREREGISTERED,PASS,FAIL,FAIL,FAIL:CHECK_OB7_REQUIRED_BUDGET_SECONDS,,881
AEI_P3_FORMAL_20260826T034308Z_9b5f3c2bdfbe,2,M9.07:052b2dfeb855619b4e74c70e7155e5699a6aebc572c887f1432462ecf4afce6b,052b2dfeb855619b4e74c70e7155e5699a6aebc572c887f1432462ecf4afce6b,M9,M9.07,CHECK_OB7_REQUIRED_STATUS,CHECK_OB7_REQUIRED_STATUS,EXPECTED_DETECTOR_MATCH,DETECTED_AS_PREREGISTERED,PASS,FAIL,FAIL,FAIL:CHECK_OB7_REQUIRED_STATUS,,882
AEI_P3_FORMAL_20260826T034308Z_9b5f3c2bdfbe,2,M9.07:0edc936e36dbd00367c35ec096b127c69211776f53ead8d7b9619a78d9b3beb5,0edc936e36dbd00367c35ec096b127c69211776f53ead8d7b9619a78d9b3beb5,M9,M9.07,CHECK_OB7_REQUIRED_STATUS,CHECK_OB7_REQUIRED_STATUS,EXPECTED_DETECTOR_MATCH,DETECTED_AS_PREREGISTERED,PASS,FAIL,FAIL,FAIL:CHECK_OB7_REQUIRED_STATUS,,883
AEI_P3_FORMAL_20260826T034308Z_9b5f3c2bdfbe,2,M9.07:19993579c580ecb799e1ce158990340e547863ae75c4be153b97908cb5cd08a2,19993579c580ecb799e1ce158990340e547863ae75c4be153b97908cb5cd08a2,M9,M9.07,CHECK_OB7_REQUIRED_STATUS,CHECK_OB7_REQUIRED_STATUS,EXPECTED_DETECTOR_MATCH,DETECTED_AS_PREREGISTERED,PASS,FAIL,FAIL,FAIL:CHECK_OB7_REQUIRED_STATUS,,884
AEI_P3_FORMAL_20260826T034308Z_9b5f3c2bdfbe,2,M9.07:1bb3dc3f26212de23def1f2ca0d598d344fea56b8a73247e2f6390ebea07946d,1bb3dc3f26212de23def1f2ca0d598d344fea56b8a73247e2f6390ebea07946d,M9,M9.07,CHECK_OB7_REQUIRED_STATUS,CHECK_OB7_REQUIRED_STATUS,EXPECTED_DETECTOR_MATCH,DETECTED_AS_PREREGISTERED,PASS,FAIL,FAIL,FAIL:CHECK_OB7_REQUIRED_STATUS,,885
AEI_P3_FORMAL_20260826T034308Z_9b5f3c2bdfbe,2,M9.07:2443e5a3d32298289c0b98d2a7d3a03cbf4194a7adecf97293b0ac348944ba9e,2443e5a3d32298289c0b98d2a7d3a03cbf4194a7adecf97293b0ac348944ba9e,M9,M9.07,CHECK_OB7_REQUIRED_STATUS,CHECK_OB7_REQUIRED_STATUS,EXPECTED_DETECTOR_MATCH,DETECTED_AS_PREREGISTERED,PASS,FAIL,FAIL,FAIL:CHECK_OB7_REQUIRED_STATUS,,886
AEI_P3_FORMAL_20260826T034308Z_9b5f3c2bdfbe,2,M9.07:245cb7ed72fd0a10da80157bd648a7ae9e8bd9ef722909fe778d274715ad67b3,245cb7ed72fd0a10da80157bd648a7ae9e8bd9ef722909fe778d274715ad67b3,M9,M9.07,CHECK_OB7_REQUIRED_STATUS,CHECK_OB7_REQUIRED_STATUS,EXPECTED_DETECTOR_MATCH,DETECTED_AS_PREREGISTERED,PASS,FAIL,FAIL,FAIL:CHECK_OB7_REQUIRED_STATUS,,887
AEI_P3_FORMAL_20260826T034308Z_9b5f3c2bdfbe,2,M9.07:268469c82535bf1ba82a82324d755f40ad8bc7255c875b8e25c2d7943cff1ff3,268469c82535bf1ba82a82324d755f40ad8bc7255c875b8e25c2d7943cff1ff3,M9,M9.07,CHECK_OB7_REQUIRED_STATUS,CHECK_OB7_REQUIRED_STATUS,EXPECTED_DETECTOR_MATCH,DETECTED_AS_PREREGISTERED,PASS,FAIL,FAIL,FAIL:CHECK_OB7_REQUIRED_STATUS,,888
AEI_P3_FORMAL_20260826T034308Z_9b5f3c2bdfbe,2,M9.07:2908e9ba69598735be8757d9b153473f5bacec1feb89ecff91ce994824a10178,2908e9ba69598735be8757d9b153473f5bacec1feb89ecff91ce994824a10178,M9,M9.07,CHECK_OB7_REQUIRED_STATUS,CHECK_OB7_REQUIRED_STATUS,EXPECTED_DETECTOR_MATCH,DETECTED_AS_PREREGISTERED,PASS,FAIL,FAIL,FAIL:CHECK_OB7_REQUIRED_STATUS,,889
AEI_P3_FORMAL_20260826T034308Z_9b5f3c2bdfbe,2,M9.07:474b6ef7aac2feb7cb9195d7d3644f0d53d378eb4518ef87a9a2f7714d8ef3d5,474b6ef7aac2feb7cb9195d7d3644f0d53d378eb4518ef87a9a2f7714d8ef3d5,M9,M9.07,CHECK_OB7_REQUIRED_STATUS,CHECK_OB7_REQUIRED_STATUS,EXPECTED_DETECTOR_MATCH,DETECTED_AS_PREREGISTERED,PASS,FAIL,FAIL,FAIL:CHECK_OB7_REQUIRED_STATUS,,890
AEI_P3_FORMAL_20260826T034308Z_9b5f3c2bdfbe,2,M9.07:4fafb9a13ff5e2fda82a804bf609727b68a17926d69ae1574c4801604ec81359,4fafb9a13ff5e2fda82a804bf609727b68a17926d69ae1574c4801604ec81359,M9,M9.07,CHECK_OB7_REQUIRED_STATUS,CHECK_OB7_REQUIRED_STATUS,EXPECTED_DETECTOR_MATCH,DETECTED_AS_PREREGISTERED,PASS,FAIL,FAIL,FAIL:CHECK_OB7_REQUIRED_STATUS,,891
AEI_P3_FORMAL_20260826T034308Z_9b5f3c2bdfbe,2,M9.07:54349d927b9070c144f507868f9ef8b962c7c926426b33c3a7e0c88f715b246a,54349d927b9070c144f507868f9ef8b962c7c926426b33c3a7e0c88f715b246a,M9,M9.07,CHECK_OB7_REQUIRED_STATUS,CHECK_OB7_REQUIRED_STATUS,EXPECTED_DETECTOR_MATCH,DETECTED_AS_PREREGISTERED,PASS,FAIL,FAIL,FAIL:CHECK_OB7_REQUIRED_STATUS,,892
AEI_P3_FORMAL_20260826T034308Z_9b5f3c2bdfbe,2,M9.07:558b8365de15727bf495595ed539867872c185b280ea249712f3b1d5f8674cd5,558b8365de15727bf495595ed539867872c185b280ea249712f3b1d5f8674cd5,M9,M9.07,CHECK_OB7_REQUIRED_STATUS,CHECK_OB7_REQUIRED_STATUS,EXPECTED_DETECTOR_MATCH,DETECTED_AS_PREREGISTERED,PASS,FAIL,FAIL,FAIL:CHECK_OB7_REQUIRED_STATUS,,893
AEI_P3_FORMAL_20260826T034308Z_9b5f3c2bdfbe,2,M9.07:5ecccd77f46ab5549088b57686632a9eb5ccf1a5a977fbe35cfae6a50eca52bb,5ecccd77f46ab5549088b57686632a9eb5ccf1a5a977fbe35cfae6a50eca52bb,M9,M9.07,CHECK_OB7_REQUIRED_STATUS,CHECK_OB7_REQUIRED_STATUS,EXPECTED_DETECTOR_MATCH,DETECTED_AS_PREREGISTERED,PASS,FAIL,FAIL,FAIL:CHECK_OB7_REQUIRED_STATUS,,894
AEI_P3_FORMAL_20260826T034308Z_9b5f3c2bdfbe,2,M9.07:5f24b2bbe16d5c8f667064d5031553e1dd9c4d9dbb7e0757cb922d9ba47928d5,5f24b2bbe16d5c8f667064d5031553e1dd9c4d9dbb7e0757cb922d9ba47928d5,M9,M9.07,CHECK_OB7_REQUIRED_STATUS,CHECK_OB7_REQUIRED_STATUS,EXPECTED_DETECTOR_MATCH,DETECTED_AS_PREREGISTERED,PASS,FAIL,FAIL,FAIL:CHECK_OB7_REQUIRED_STATUS,,895
AEI_P3_FORMAL_20260826T034308Z_9b5f3c2bdfbe,2,M9.07:61f77c0251bcd2bbb51e6bff7e048bfcda7139b4e796314d32b47961ac3b5c1b,61f77c0251bcd2bbb51e6bff7e048bfcda7139b4e796314d32b47961ac3b5c1b,M9,M9.07,CHECK_OB7_REQUIRED_STATUS,CHECK_OB7_REQUIRED_STATUS,EXPECTED_DETECTOR_MATCH,DETECTED_AS_PREREGISTERED,PASS,FAIL,FAIL,FAIL:CHECK_OB7_REQUIRED_STATUS,,896
AEI_P3_FORMAL_20260826T034308Z_9b5f3c2bdfbe,2,M9.07:634f3d08fd93ba622176ea6c9ff7ff1fb9d57a9b14f936f27d1460655fc20d72,634f3d08fd93ba622176ea6c9ff7ff1fb9d57a9b14f936f27d1460655fc20d72,M9,M9.07,CHECK_OB7_REQUIRED_STATUS,CHECK_OB7_REQUIRED_STATUS,EXPECTED_DETECTOR_MATCH,DETECTED_AS_PREREGISTERED,PASS,FAIL,FAIL,FAIL:CHECK_OB7_REQUIRED_STATUS,,897
AEI_P3_FORMAL_20260826T034308Z_9b5f3c2bdfbe,2,M9.07:73cdcc11d1c23e47664696979a9b12b94deb5da000c18f37a8d7c0b641090788,73cdcc11d1c23e47664696979a9b12b94deb5da000c18f37a8d7c0b641090788,M9,M9.07,CHECK_OB7_REQUIRED_STATUS,CHECK_OB7_REQUIRED_STATUS,EXPECTED_DETECTOR_MATCH,DETECTED_AS_PREREGISTERED,PASS,FAIL,FAIL,FAIL:CHECK_OB7_REQUIRED_STATUS,,898
AEI_P3_FORMAL_20260826T034308Z_9b5f3c2bdfbe,2,M9.07:7dc2cc636acd7eeb3db7367222360894cac918d6adca467d2f7a79960bbe8b1c,7dc2cc636acd7eeb3db7367222360894cac918d6adca467d2f7a79960bbe8b1c,M9,M9.07,CHECK_OB7_REQUIRED_STATUS,CHECK_OB7_REQUIRED_STATUS,EXPECTED_DETECTOR_MATCH,DETECTED_AS_PREREGISTERED,PASS,FAIL,FAIL,FAIL:CHECK_OB7_REQUIRED_STATUS,,899
AEI_P3_FORMAL_20260826T034308Z_9b5f3c2bdfbe,2,M9.07:8c60197386a54af6d06cac0996c81cbca4971ac83984afcf2a52fa27a5bb1b42,8c60197386a54af6d06cac0996c81cbca4971ac83984afcf2a52fa27a5bb1b42,M9,M9.07,CHECK_OB7_REQUIRED_STATUS,CHECK_OB7_REQUIRED_STATUS,EXPECTED_DETECTOR_MATCH,DETECTED_AS_PREREGISTERED,PASS,FAIL,FAIL,FAIL:CHECK_OB7_REQUIRED_STATUS,,900
AEI_P3_FORMAL_20260826T034308Z_9b5f3c2bdfbe,2,M9.07:8e3a1df6f55a6d53d21fd63c9dcda45cee6d1576c4989d45b40828d31e6d7281,8e3a1df6f55a6d53d21fd63c9dcda45cee6d1576c4989d45b40828d31e6d7281,M9,M9.07,CHECK_OB7_REQUIRED_STATUS,CHECK_OB7_REQUIRED_STATUS,EXPECTED_DETECTOR_MATCH,DETECTED_AS_PREREGISTERED,PASS,FAIL,FAIL,FAIL:CHECK_OB7_REQUIRED_STATUS,,901
AEI_P3_FORMAL_20260826T034308Z_9b5f3c2bdfbe,2,M9.07:97eb8ea8dfec0a163a4b54e1179247553055627de3df3d7a40c8879cacc64800,97eb8ea8dfec0a163a4b54e1179247553055627de3df3d7a40c8879cacc64800,M9,M9.07,CHECK_OB7_REQUIRED_STATUS,CHECK_OB7_REQUIRED_STATUS,EXPECTED_DETECTOR_MATCH,DETECTED_AS_PREREGISTERED,PASS,FAIL,FAIL,FAIL:CHECK_OB7_REQUIRED_STATUS,,902
AEI_P3_FORMAL_20260826T034308Z_9b5f3c2bdfbe,2,M9.07:9827288498c6ff63f3f7ec6f3bb833b53ac1c3cbaf59021addc82b6a8c08bae2,9827288498c6ff63f3f7ec6f3bb833b53ac1c3cbaf59021addc82b6a8c08bae2,M9,M9.07,CHECK_OB7_REQUIRED_STATUS,CHECK_OB7_REQUIRED_STATUS,EXPECTED_DETECTOR_MATCH,DETECTED_AS_PREREGISTERED,PASS,FAIL,FAIL,FAIL:CHECK_OB7_REQUIRED_STATUS,,903
AEI_P3_FORMAL_20260826T034308Z_9b5f3c2bdfbe,2,M9.07:9f7906189c782cba7c3a4cc9cb8785764c8ad3fb1e637423a7a310d6c438feb5,9f7906189c782cba7c3a4cc9cb8785764c8ad3fb1e637423a7a310d6c438feb5,M9,M9.07,CHECK_OB7_REQUIRED_STATUS,CHECK_OB7_REQUIRED_STATUS,EXPECTED_DETECTOR_MATCH,DETECTED_AS_PREREGISTERED,PASS,FAIL,FAIL,FAIL:CHECK_OB7_REQUIRED_STATUS,,904
AEI_P3_FORMAL_20260826T034308Z_9b5f3c2bdfbe,2,M9.07:aa5b4ee1688c71f1a3932cd7d9b629a08e31ef09728f3280c98c7636eecfb8d3,aa5b4ee1688c71f1a3932cd7d9b629a08e31ef09728f3280c98c7636eecfb8d3,M9,M9.07,CHECK_OB7_REQUIRED_STATUS,CHECK_OB7_REQUIRED_STATUS,EXPECTED_DETECTOR_MATCH,DETECTED_AS_PREREGISTERED,PASS,FAIL,FAIL,FAIL:CHECK_OB7_REQUIRED_STATUS,,905
AEI_P3_FORMAL_20260826T034308Z_9b5f3c2bdfbe,2,M9.07:aad646b14392b632d658225dedb7d3953424ab9ab19ebafdc67bd9a7f02eb50b,aad646b14392b632d658225dedb7d3953424ab9ab19ebafdc67bd9a7f02eb50b,M9,M9.07,CHECK_OB7_REQUIRED_STATUS,CHECK_OB7_REQUIRED_STATUS,EXPECTED_DETECTOR_MATCH,DETECTED_AS_PREREGISTERED,PASS,FAIL,FAIL,FAIL:CHECK_OB7_REQUIRED_STATUS,,906
AEI_P3_FORMAL_20260826T034308Z_9b5f3c2bdfbe,2,M9.07:abc8d6ba26b9728a25ebd17f4066aa5421f54fde1c1ef630cc33cb308c0fb8e5,abc8d6ba26b9728a25ebd17f4066aa5421f54fde1c1ef630cc33cb308c0fb8e5,M9,M9.07,CHECK_OB7_REQUIRED_STATUS,CHECK_OB7_REQUIRED_STATUS,EXPECTED_DETECTOR_MATCH,DETECTED_AS_PREREGISTERED,PASS,FAIL,FAIL,FAIL:CHECK_OB7_REQUIRED_STATUS,,907
AEI_P3_FORMAL_20260826T034308Z_9b5f3c2bdfbe,2,M9.07:b0f01f4c7ca822555039b9267d8985edbeb149abc0a710d6583cea634584f862,b0f01f4c7ca822555039b9267d8985edbeb149abc0a710d6583cea634584f862,M9,M9.07,CHECK_OB7_REQUIRED_STATUS,CHECK_OB7_REQUIRED_STATUS,EXPECTED_DETECTOR_MATCH,DETECTED_AS_PREREGISTERED,PASS,FAIL,FAIL,FAIL:CHECK_OB7_REQUIRED_STATUS,,908
AEI_P3_FORMAL_20260826T034308Z_9b5f3c2bdfbe,2,M9.07:b31f9c5cbf923f188771558357941c1a7d6a71089f67793c620cf7034a070eb2,b31f9c5cbf923f188771558357941c1a7d6a71089f67793c620cf7034a070eb2,M9,M9.07,CHECK_OB7_REQUIRED_STATUS,CHECK_OB7_REQUIRED_STATUS,EXPECTED_DETECTOR_MATCH,DETECTED_AS_PREREGISTERED,PASS,FAIL,FAIL,FAIL:CHECK_OB7_REQUIRED_STATUS,,909
AEI_P3_FORMAL_20260826T034308Z_9b5f3c2bdfbe,2,M9.07:b5c400c27e6dbb1cc8466c5ce68e1530b6d984599f3c01c36496b49b586ff5e3,b5c400c27e6dbb1cc8466c5ce68e1530b6d984599f3c01c36496b49b586ff5e3,M9,M9.07,CHECK_OB7_REQUIRED_STATUS,CHECK_OB7_REQUIRED_STATUS,EXPECTED_DETECTOR_MATCH,DETECTED_AS_PREREGISTERED,PASS,FAIL,FAIL,FAIL:CHECK_OB7_REQUIRED_STATUS,,910
AEI_P3_FORMAL_20260826T034308Z_9b5f3c2bdfbe,2,M9.07:bb3f15222034bdf87b9be499b27f859fe778b781693fd54677f83bd7531f0680,bb3f15222034bdf87b9be499b27f859fe778b781693fd54677f83bd7531f0680,M9,M9.07,CHECK_OB7_REQUIRED_STATUS,CHECK_OB7_REQUIRED_STATUS,EXPECTED_DETECTOR_MATCH,DETECTED_AS_PREREGISTERED,PASS,FAIL,FAIL,FAIL:CHECK_OB7_REQUIRED_STATUS,,911
AEI_P3_FORMAL_20260826T034308Z_9b5f3c2bdfbe,2,M9.07:ce18361670bfbcde2f3ff22167187aecef9164dedbf1198bc7563c147804780e,ce18361670bfbcde2f3ff22167187aecef9164dedbf1198bc7563c147804780e,M9,M9.07,CHECK_OB7_REQUIRED_STATUS,CHECK_OB7_REQUIRED_STATUS,EXPECTED_DETECTOR_MATCH,DETECTED_AS_PREREGISTERED,PASS,FAIL,FAIL,FAIL:CHECK_OB7_REQUIRED_STATUS,,912
AEI_P3_FORMAL_20260826T034308Z_9b5f3c2bdfbe,2,M9.07:ceae66508816dc9f5458c925c89f155658e6c78710a8753d337ac385481cc1bf,ceae66508816dc9f5458c925c89f155658e6c78710a8753d337ac385481cc1bf,M9,M9.07,CHECK_OB7_REQUIRED_STATUS,CHECK_OB7_REQUIRED_STATUS,EXPECTED_DETECTOR_MATCH,DETECTED_AS_PREREGISTERED,PASS,FAIL,FAIL,FAIL:CHECK_OB7_REQUIRED_STATUS,,913
AEI_P3_FORMAL_20260826T034308Z_9b5f3c2bdfbe,2,M9.07:d093d52f24139c1b6fb09b775beedd000f1a7b3716df906d7d36e91e7e848265,d093d52f24139c1b6fb09b775beedd000f1a7b3716df906d7d36e91e7e848265,M9,M9.07,CHECK_OB7_REQUIRED_STATUS,CHECK_OB7_REQUIRED_STATUS,EXPECTED_DETECTOR_MATCH,DETECTED_AS_PREREGISTERED,PASS,FAIL,FAIL,FAIL:CHECK_OB7_REQUIRED_STATUS,,914
AEI_P3_FORMAL_20260826T034308Z_9b5f3c2bdfbe,2,M9.07:d4b957654a5efd71168d6f7e67936e6abf4666ceb41e7919635002157b125411,d4b957654a5efd71168d6f7e67936e6abf4666ceb41e7919635002157b125411,M9,M9.07,CHECK_OB7_REQUIRED_STATUS,CHECK_OB7_REQUIRED_STATUS,EXPECTED_DETECTOR_MATCH,DETECTED_AS_PREREGISTERED,PASS,FAIL,FAIL,FAIL:CHECK_OB7_REQUIRED_STATUS,,915
AEI_P3_FORMAL_20260826T034308Z_9b5f3c2bdfbe,2,M9.07:d598e89b357205c7b4bd47c5ebbe933f8be1f7c8dcdee85e66ec6829cafb91d3,d598e89b357205c7b4bd47c5ebbe933f8be1f7c8dcdee85e66ec6829cafb91d3,M9,M9.07,CHECK_OB7_REQUIRED_STATUS,CHECK_OB7_REQUIRED_STATUS,EXPECTED_DETECTOR_MATCH,DETECTED_AS_PREREGISTERED,PASS,FAIL,FAIL,FAIL:CHECK_OB7_REQUIRED_STATUS,,916
AEI_P3_FORMAL_20260826T034308Z_9b5f3c2bdfbe,2,M9.07:eb3670bbe434a59cc94347384a5d50fb526d26a00dbf6da73e54438c4bacc2a0,eb3670bbe434a59cc94347384a5d50fb526d26a00dbf6da73e54438c4bacc2a0,M9,M9.07,CHECK_OB7_REQUIRED_STATUS,CHECK_OB7_REQUIRED_STATUS,EXPECTED_DETECTOR_MATCH,DETECTED_AS_PREREGISTERED,PASS,FAIL,FAIL,FAIL:CHECK_OB7_REQUIRED_STATUS,,917
AEI_P3_FORMAL_20260826T034308Z_9b5f3c2bdfbe,2,M9.07:f1e5fc58ea336e13c098308a2da00dee7de3dd3aa08d6170df4a3cb1afd09795,f1e5fc58ea336e13c098308a2da00dee7de3dd3aa08d6170df4a3cb1afd09795,M9,M9.07,CHECK_OB7_REQUIRED_STATUS,CHECK_OB7_REQUIRED_STATUS,EXPECTED_DETECTOR_MATCH,DETECTED_AS_PREREGISTERED,PASS,FAIL,FAIL,FAIL:CHECK_OB7_REQUIRED_STATUS,,918
AEI_P3_FORMAL_20260826T034308Z_9b5f3c2bdfbe,2,M9.07:f583baa2dad1527b5f84f71805410ee51b78fce2b1be62de49f1636c06821c7b,f583baa2dad1527b5f84f71805410ee51b78fce2b1be62de49f1636c06821c7b,M9,M9.07,CHECK_OB7_REQUIRED_STATUS,CHECK_OB7_REQUIRED_STATUS,EXPECTED_DETECTOR_MATCH,DETECTED_AS_PREREGISTERED,PASS,FAIL,FAIL,FAIL:CHECK_OB7_REQUIRED_STATUS,,919
AEI_P3_FORMAL_20260826T034308Z_9b5f3c2bdfbe,2,M9.07:f64f55ad9277004ae441909cd6556d26eeaf73d3eb3c537384be703615149f96,f64f55ad9277004ae441909cd6556d26eeaf73d3eb3c537384be703615149f96,M9,M9.07,CHECK_OB7_REQUIRED_STATUS,CHECK_OB7_REQUIRED_STATUS,EXPECTED_DETECTOR_MATCH,DETECTED_AS_PREREGISTERED,PASS,FAIL,FAIL,FAIL:CHECK_OB7_REQUIRED_STATUS,,920
AEI_P3_FORMAL_20260826T034308Z_9b5f3c2bdfbe,2,M9.07:f80e8a50e0815fda9eef8635e52671f3888786c4daef5767b8da7b74e4311646,f80e8a50e0815fda9eef8635e52671f3888786c4daef5767b8da7b74e4311646,M9,M9.07,CHECK_OB7_REQUIRED_STATUS,CHECK_OB7_REQUIRED_STATUS,EXPECTED_DETECTOR_MATCH,DETECTED_AS_PREREGISTERED,PASS,FAIL,FAIL,FAIL:CHECK_OB7_REQUIRED_STATUS,,921
AEI_P3_FORMAL_20260826T034308Z_9b5f3c2bdfbe,2,M9.07:f9ade00b139ce33674b05d1766de3ec85779abfd83f893a7b2437817100901d9,f9ade00b139ce33674b05d1766de3ec85779abfd83f893a7b2437817100901d9,M9,M9.07,CHECK_OB7_REQUIRED_STATUS,CHECK_OB7_REQUIRED_STATUS,EXPECTED_DETECTOR_MATCH,DETECTED_AS_PREREGISTERED,PASS,FAIL,FAIL,FAIL:CHECK_OB7_REQUIRED_STATUS,,922
AEI_P3_FORMAL_20260826T034308Z_9b5f3c2bdfbe,2,M9.07:feb26c8ce25b99d6b090e07fca86c8e2dbf3ff2d6b891634c4c71b179329ab47,feb26c8ce25b99d6b090e07fca86c8e2dbf3ff2d6b891634c4c71b179329ab47,M9,M9.07,CHECK_OB7_REQUIRED_STATUS,CHECK_OB7_REQUIRED_STATUS,EXPECTED_DETECTOR_MATCH,DETECTED_AS_PREREGISTERED,PASS,FAIL,FAIL,FAIL:CHECK_OB7_REQUIRED_STATUS,,923
AEI_P3_FORMAL_20260826T034308Z_9b5f3c2bdfbe,2,M9.08:052b2dfeb855619b4e74c70e7155e5699a6aebc572c887f1432462ecf4afce6b,052b2dfeb855619b4e74c70e7155e5699a6aebc572c887f1432462ecf4afce6b,M9,M9.08,CHECK_OB7_REQUIRED_OBJECTIVE_ENCODED,CHECK_OB7_REQUIRED_OBJECTIVE_ENCODED,EXPECTED_DETECTOR_MATCH,DETECTED_AS_PREREGISTERED,PASS,FAIL,FAIL,FAIL:CHECK_OB7_REQUIRED_OBJECTIVE_ENCODED,,924
AEI_P3_FORMAL_20260826T034308Z_9b5f3c2bdfbe,2,M9.08:0edc936e36dbd00367c35ec096b127c69211776f53ead8d7b9619a78d9b3beb5,0edc936e36dbd00367c35ec096b127c69211776f53ead8d7b9619a78d9b3beb5,M9,M9.08,CHECK_OB7_REQUIRED_OBJECTIVE_ENCODED,CHECK_OB7_REQUIRED_OBJECTIVE_ENCODED,EXPECTED_DETECTOR_MATCH,DETECTED_AS_PREREGISTERED,PASS,FAIL,FAIL,FAIL:CHECK_OB7_REQUIRED_OBJECTIVE_ENCODED,,925
AEI_P3_FORMAL_20260826T034308Z_9b5f3c2bdfbe,2,M9.08:19993579c580ecb799e1ce158990340e547863ae75c4be153b97908cb5cd08a2,19993579c580ecb799e1ce158990340e547863ae75c4be153b97908cb5cd08a2,M9,M9.08,CHECK_OB7_REQUIRED_OBJECTIVE_ENCODED,CHECK_OB7_REQUIRED_OBJECTIVE_ENCODED,EXPECTED_DETECTOR_MATCH,DETECTED_AS_PREREGISTERED,PASS,FAIL,FAIL,FAIL:CHECK_OB7_REQUIRED_OBJECTIVE_ENCODED,,926
AEI_P3_FORMAL_20260826T034308Z_9b5f3c2bdfbe,2,M9.08:1bb3dc3f26212de23def1f2ca0d598d344fea56b8a73247e2f6390ebea07946d,1bb3dc3f26212de23def1f2ca0d598d344fea56b8a73247e2f6390ebea07946d,M9,M9.08,CHECK_OB7_REQUIRED_OBJECTIVE_ENCODED,CHECK_OB7_REQUIRED_OBJECTIVE_ENCODED,EXPECTED_DETECTOR_MATCH,DETECTED_AS_PREREGISTERED,PASS,FAIL,FAIL,FAIL:CHECK_OB7_REQUIRED_OBJECTIVE_ENCODED,,927
AEI_P3_FORMAL_20260826T034308Z_9b5f3c2bdfbe,2,M9.08:2443e5a3d32298289c0b98d2a7d3a03cbf4194a7adecf97293b0ac348944ba9e,2443e5a3d32298289c0b98d2a7d3a03cbf4194a7adecf97293b0ac348944ba9e,M9,M9.08,CHECK_OB7_REQUIRED_OBJECTIVE_ENCODED,CHECK_OB7_REQUIRED_OBJECTIVE_ENCODED,EXPECTED_DETECTOR_MATCH,DETECTED_AS_PREREGISTERED,PASS,FAIL,FAIL,FAIL:CHECK_OB7_REQUIRED_OBJECTIVE_ENCODED,,928
AEI_P3_FORMAL_20260826T034308Z_9b5f3c2bdfbe,2,M9.08:245cb7ed72fd0a10da80157bd648a7ae9e8bd9ef722909fe778d274715ad67b3,245cb7ed72fd0a10da80157bd648a7ae9e8bd9ef722909fe778d274715ad67b3,M9,M9.08,CHECK_OB7_REQUIRED_OBJECTIVE_ENCODED,CHECK_OB7_REQUIRED_OBJECTIVE_ENCODED,EXPECTED_DETECTOR_MATCH,DETECTED_AS_PREREGISTERED,PASS,FAIL,FAIL,FAIL:CHECK_OB7_REQUIRED_OBJECTIVE_ENCODED,,929
AEI_P3_FORMAL_20260826T034308Z_9b5f3c2bdfbe,2,M9.08:268469c82535bf1ba82a82324d755f40ad8bc7255c875b8e25c2d7943cff1ff3,268469c82535bf1ba82a82324d755f40ad8bc7255c875b8e25c2d7943cff1ff3,M9,M9.08,CHECK_OB7_REQUIRED_OBJECTIVE_ENCODED,CHECK_OB7_REQUIRED_OBJECTIVE_ENCODED,EXPECTED_DETECTOR_MATCH,DETECTED_AS_PREREGISTERED,PASS,FAIL,FAIL,FAIL:CHECK_OB7_REQUIRED_OBJECTIVE_ENCODED,,930
AEI_P3_FORMAL_20260826T034308Z_9b5f3c2bdfbe,2,M9.08:2908e9ba69598735be8757d9b153473f5bacec1feb89ecff91ce994824a10178,2908e9ba69598735be8757d9b153473f5bacec1feb89ecff91ce994824a10178,M9,M9.08,CHECK_OB7_REQUIRED_OBJECTIVE_ENCODED,CHECK_OB7_REQUIRED_OBJECTIVE_ENCODED,EXPECTED_DETECTOR_MATCH,DETECTED_AS_PREREGISTERED,PASS,FAIL,FAIL,FAIL:CHECK_OB7_REQUIRED_OBJECTIVE_ENCODED,,931
AEI_P3_FORMAL_20260826T034308Z_9b5f3c2bdfbe,2,M9.08:474b6ef7aac2feb7cb9195d7d3644f0d53d378eb4518ef87a9a2f7714d8ef3d5,474b6ef7aac2feb7cb9195d7d3644f0d53d378eb4518ef87a9a2f7714d8ef3d5,M9,M9.08,CHECK_OB7_REQUIRED_OBJECTIVE_ENCODED,CHECK_OB7_REQUIRED_OBJECTIVE_ENCODED,EXPECTED_DETECTOR_MATCH,DETECTED_AS_PREREGISTERED,PASS,FAIL,FAIL,FAIL:CHECK_OB7_REQUIRED_OBJECTIVE_ENCODED,,932
AEI_P3_FORMAL_20260826T034308Z_9b5f3c2bdfbe,2,M9.08:4fafb9a13ff5e2fda82a804bf609727b68a17926d69ae1574c4801604ec81359,4fafb9a13ff5e2fda82a804bf609727b68a17926d69ae1574c4801604ec81359,M9,M9.08,CHECK_OB7_REQUIRED_OBJECTIVE_ENCODED,CHECK_OB7_REQUIRED_OBJECTIVE_ENCODED,EXPECTED_DETECTOR_MATCH,DETECTED_AS_PREREGISTERED,PASS,FAIL,FAIL,FAIL:CHECK_OB7_REQUIRED_OBJECTIVE_ENCODED,,933
AEI_P3_FORMAL_20260826T034308Z_9b5f3c2bdfbe,2,M9.08:54349d927b9070c144f507868f9ef8b962c7c926426b33c3a7e0c88f715b246a,54349d927b9070c144f507868f9ef8b962c7c926426b33c3a7e0c88f715b246a,M9,M9.08,CHECK_OB7_REQUIRED_OBJECTIVE_ENCODED,CHECK_OB7_REQUIRED_OBJECTIVE_ENCODED,EXPECTED_DETECTOR_MATCH,DETECTED_AS_PREREGISTERED,PASS,FAIL,FAIL,FAIL:CHECK_OB7_REQUIRED_OBJECTIVE_ENCODED,,934
AEI_P3_FORMAL_20260826T034308Z_9b5f3c2bdfbe,2,M9.08:558b8365de15727bf495595ed539867872c185b280ea249712f3b1d5f8674cd5,558b8365de15727bf495595ed539867872c185b280ea249712f3b1d5f8674cd5,M9,M9.08,CHECK_OB7_REQUIRED_OBJECTIVE_ENCODED,CHECK_OB7_REQUIRED_OBJECTIVE_ENCODED,EXPECTED_DETECTOR_MATCH,DETECTED_AS_PREREGISTERED,PASS,FAIL,FAIL,FAIL:CHECK_OB7_REQUIRED_OBJECTIVE_ENCODED,,935
AEI_P3_FORMAL_20260826T034308Z_9b5f3c2bdfbe,2,M9.08:5ecccd77f46ab5549088b57686632a9eb5ccf1a5a977fbe35cfae6a50eca52bb,5ecccd77f46ab5549088b57686632a9eb5ccf1a5a977fbe35cfae6a50eca52bb,M9,M9.08,CHECK_OB7_REQUIRED_OBJECTIVE_ENCODED,CHECK_OB7_REQUIRED_OBJECTIVE_ENCODED,EXPECTED_DETECTOR_MATCH,DETECTED_AS_PREREGISTERED,PASS,FAIL,FAIL,FAIL:CHECK_OB7_REQUIRED_OBJECTIVE_ENCODED,,936
AEI_P3_FORMAL_20260826T034308Z_9b5f3c2bdfbe,2,M9.08:5f24b2bbe16d5c8f667064d5031553e1dd9c4d9dbb7e0757cb922d9ba47928d5,5f24b2bbe16d5c8f667064d5031553e1dd9c4d9dbb7e0757cb922d9ba47928d5,M9,M9.08,CHECK_OB7_REQUIRED_OBJECTIVE_ENCODED,CHECK_OB7_REQUIRED_OBJECTIVE_ENCODED,EXPECTED_DETECTOR_MATCH,DETECTED_AS_PREREGISTERED,PASS,FAIL,FAIL,FAIL:CHECK_OB7_REQUIRED_OBJECTIVE_ENCODED,,937
AEI_P3_FORMAL_20260826T034308Z_9b5f3c2bdfbe,2,M9.08:61f77c0251bcd2bbb51e6bff7e048bfcda7139b4e796314d32b47961ac3b5c1b,61f77c0251bcd2bbb51e6bff7e048bfcda7139b4e796314d32b47961ac3b5c1b,M9,M9.08,CHECK_OB7_REQUIRED_OBJECTIVE_ENCODED,CHECK_OB7_REQUIRED_OBJECTIVE_ENCODED,EXPECTED_DETECTOR_MATCH,DETECTED_AS_PREREGISTERED,PASS,FAIL,FAIL,FAIL:CHECK_OB7_REQUIRED_OBJECTIVE_ENCODED,,938
AEI_P3_FORMAL_20260826T034308Z_9b5f3c2bdfbe,2,M9.08:634f3d08fd93ba622176ea6c9ff7ff1fb9d57a9b14f936f27d1460655fc20d72,634f3d08fd93ba622176ea6c9ff7ff1fb9d57a9b14f936f27d1460655fc20d72,M9,M9.08,CHECK_OB7_REQUIRED_OBJECTIVE_ENCODED,CHECK_OB7_REQUIRED_OBJECTIVE_ENCODED,EXPECTED_DETECTOR_MATCH,DETECTED_AS_PREREGISTERED,PASS,FAIL,FAIL,FAIL:CHECK_OB7_REQUIRED_OBJECTIVE_ENCODED,,939
AEI_P3_FORMAL_20260826T034308Z_9b5f3c2bdfbe,2,M9.08:73cdcc11d1c23e47664696979a9b12b94deb5da000c18f37a8d7c0b641090788,73cdcc11d1c23e47664696979a9b12b94deb5da000c18f37a8d7c0b641090788,M9,M9.08,CHECK_OB7_REQUIRED_OBJECTIVE_ENCODED,CHECK_OB7_REQUIRED_OBJECTIVE_ENCODED,EXPECTED_DETECTOR_MATCH,DETECTED_AS_PREREGISTERED,PASS,FAIL,FAIL,FAIL:CHECK_OB7_REQUIRED_OBJECTIVE_ENCODED,,940
AEI_P3_FORMAL_20260826T034308Z_9b5f3c2bdfbe,2,M9.08:7dc2cc636acd7eeb3db7367222360894cac918d6adca467d2f7a79960bbe8b1c,7dc2cc636acd7eeb3db7367222360894cac918d6adca467d2f7a79960bbe8b1c,M9,M9.08,CHECK_OB7_REQUIRED_OBJECTIVE_ENCODED,CHECK_OB7_REQUIRED_OBJECTIVE_ENCODED,EXPECTED_DETECTOR_MATCH,DETECTED_AS_PREREGISTERED,PASS,FAIL,FAIL,FAIL:CHECK_OB7_REQUIRED_OBJECTIVE_ENCODED,,941
AEI_P3_FORMAL_20260826T034308Z_9b5f3c2bdfbe,2,M9.08:8c60197386a54af6d06cac0996c81cbca4971ac83984afcf2a52fa27a5bb1b42,8c60197386a54af6d06cac0996c81cbca4971ac83984afcf2a52fa27a5bb1b42,M9,M9.08,CHECK_OB7_REQUIRED_OBJECTIVE_ENCODED,CHECK_OB7_REQUIRED_OBJECTIVE_ENCODED,EXPECTED_DETECTOR_MATCH,DETECTED_AS_PREREGISTERED,PASS,FAIL,FAIL,FAIL:CHECK_OB7_REQUIRED_OBJECTIVE_ENCODED,,942
AEI_P3_FORMAL_20260826T034308Z_9b5f3c2bdfbe,2,M9.08:8e3a1df6f55a6d53d21fd63c9dcda45cee6d1576c4989d45b40828d31e6d7281,8e3a1df6f55a6d53d21fd63c9dcda45cee6d1576c4989d45b40828d31e6d7281,M9,M9.08,CHECK_OB7_REQUIRED_OBJECTIVE_ENCODED,CHECK_OB7_REQUIRED_OBJECTIVE_ENCODED,EXPECTED_DETECTOR_MATCH,DETECTED_AS_PREREGISTERED,PASS,FAIL,FAIL,FAIL:CHECK_OB7_REQUIRED_OBJECTIVE_ENCODED,,943
AEI_P3_FORMAL_20260826T034308Z_9b5f3c2bdfbe,2,M9.08:97eb8ea8dfec0a163a4b54e1179247553055627de3df3d7a40c8879cacc64800,97eb8ea8dfec0a163a4b54e1179247553055627de3df3d7a40c8879cacc64800,M9,M9.08,CHECK_OB7_REQUIRED_OBJECTIVE_ENCODED,CHECK_OB7_REQUIRED_OBJECTIVE_ENCODED,EXPECTED_DETECTOR_MATCH,DETECTED_AS_PREREGISTERED,PASS,FAIL,FAIL,FAIL:CHECK_OB7_REQUIRED_OBJECTIVE_ENCODED,,944
AEI_P3_FORMAL_20260826T034308Z_9b5f3c2bdfbe,2,M9.08:9827288498c6ff63f3f7ec6f3bb833b53ac1c3cbaf59021addc82b6a8c08bae2,9827288498c6ff63f3f7ec6f3bb833b53ac1c3cbaf59021addc82b6a8c08bae2,M9,M9.08,CHECK_OB7_REQUIRED_OBJECTIVE_ENCODED,CHECK_OB7_REQUIRED_OBJECTIVE_ENCODED,EXPECTED_DETECTOR_MATCH,DETECTED_AS_PREREGISTERED,PASS,FAIL,FAIL,FAIL:CHECK_OB7_REQUIRED_OBJECTIVE_ENCODED,,945
AEI_P3_FORMAL_20260826T034308Z_9b5f3c2bdfbe,2,M9.08:9f7906189c782cba7c3a4cc9cb8785764c8ad3fb1e637423a7a310d6c438feb5,9f7906189c782cba7c3a4cc9cb8785764c8ad3fb1e637423a7a310d6c438feb5,M9,M9.08,CHECK_OB7_REQUIRED_OBJECTIVE_ENCODED,CHECK_OB7_REQUIRED_OBJECTIVE_ENCODED,EXPECTED_DETECTOR_MATCH,DETECTED_AS_PREREGISTERED,PASS,FAIL,FAIL,FAIL:CHECK_OB7_REQUIRED_OBJECTIVE_ENCODED,,946
AEI_P3_FORMAL_20260826T034308Z_9b5f3c2bdfbe,2,M9.08:aa5b4ee1688c71f1a3932cd7d9b629a08e31ef09728f3280c98c7636eecfb8d3,aa5b4ee1688c71f1a3932cd7d9b629a08e31ef09728f3280c98c7636eecfb8d3,M9,M9.08,CHECK_OB7_REQUIRED_OBJECTIVE_ENCODED,CHECK_OB7_REQUIRED_OBJECTIVE_ENCODED,EXPECTED_DETECTOR_MATCH,DETECTED_AS_PREREGISTERED,PASS,FAIL,FAIL,FAIL:CHECK_OB7_REQUIRED_OBJECTIVE_ENCODED,,947
AEI_P3_FORMAL_20260826T034308Z_9b5f3c2bdfbe,2,M9.08:aad646b14392b632d658225dedb7d3953424ab9ab19ebafdc67bd9a7f02eb50b,aad646b14392b632d658225dedb7d3953424ab9ab19ebafdc67bd9a7f02eb50b,M9,M9.08,CHECK_OB7_REQUIRED_OBJECTIVE_ENCODED,CHECK_OB7_REQUIRED_OBJECTIVE_ENCODED,EXPECTED_DETECTOR_MATCH,DETECTED_AS_PREREGISTERED,PASS,FAIL,FAIL,FAIL:CHECK_OB7_REQUIRED_OBJECTIVE_ENCODED,,948
AEI_P3_FORMAL_20260826T034308Z_9b5f3c2bdfbe,2,M9.08:abc8d6ba26b9728a25ebd17f4066aa5421f54fde1c1ef630cc33cb308c0fb8e5,abc8d6ba26b9728a25ebd17f4066aa5421f54fde1c1ef630cc33cb308c0fb8e5,M9,M9.08,CHECK_OB7_REQUIRED_OBJECTIVE_ENCODED,CHECK_OB7_REQUIRED_OBJECTIVE_ENCODED,EXPECTED_DETECTOR_MATCH,DETECTED_AS_PREREGISTERED,PASS,FAIL,FAIL,FAIL:CHECK_OB7_REQUIRED_OBJECTIVE_ENCODED,,949
AEI_P3_FORMAL_20260826T034308Z_9b5f3c2bdfbe,2,M9.08:b0f01f4c7ca822555039b9267d8985edbeb149abc0a710d6583cea634584f862,b0f01f4c7ca822555039b9267d8985edbeb149abc0a710d6583cea634584f862,M9,M9.08,CHECK_OB7_REQUIRED_OBJECTIVE_ENCODED,CHECK_OB7_REQUIRED_OBJECTIVE_ENCODED,EXPECTED_DETECTOR_MATCH,DETECTED_AS_PREREGISTERED,PASS,FAIL,FAIL,FAIL:CHECK_OB7_REQUIRED_OBJECTIVE_ENCODED,,950
AEI_P3_FORMAL_20260826T034308Z_9b5f3c2bdfbe,2,M9.08:b31f9c5cbf923f188771558357941c1a7d6a71089f67793c620cf7034a070eb2,b31f9c5cbf923f188771558357941c1a7d6a71089f67793c620cf7034a070eb2,M9,M9.08,CHECK_OB7_REQUIRED_OBJECTIVE_ENCODED,CHECK_OB7_REQUIRED_OBJECTIVE_ENCODED,EXPECTED_DETECTOR_MATCH,DETECTED_AS_PREREGISTERED,PASS,FAIL,FAIL,FAIL:CHECK_OB7_REQUIRED_OBJECTIVE_ENCODED,,951
AEI_P3_FORMAL_20260826T034308Z_9b5f3c2bdfbe,2,M9.08:b5c400c27e6dbb1cc8466c5ce68e1530b6d984599f3c01c36496b49b586ff5e3,b5c400c27e6dbb1cc8466c5ce68e1530b6d984599f3c01c36496b49b586ff5e3,M9,M9.08,CHECK_OB7_REQUIRED_OBJECTIVE_ENCODED,CHECK_OB7_REQUIRED_OBJECTIVE_ENCODED,EXPECTED_DETECTOR_MATCH,DETECTED_AS_PREREGISTERED,PASS,FAIL,FAIL,FAIL:CHECK_OB7_REQUIRED_OBJECTIVE_ENCODED,,952
AEI_P3_FORMAL_20260826T034308Z_9b5f3c2bdfbe,2,M9.08:bb3f15222034bdf87b9be499b27f859fe778b781693fd54677f83bd7531f0680,bb3f15222034bdf87b9be499b27f859fe778b781693fd54677f83bd7531f0680,M9,M9.08,CHECK_OB7_REQUIRED_OBJECTIVE_ENCODED,CHECK_OB7_REQUIRED_OBJECTIVE_ENCODED,EXPECTED_DETECTOR_MATCH,DETECTED_AS_PREREGISTERED,PASS,FAIL,FAIL,FAIL:CHECK_OB7_REQUIRED_OBJECTIVE_ENCODED,,953
AEI_P3_FORMAL_20260826T034308Z_9b5f3c2bdfbe,2,M9.08:ce18361670bfbcde2f3ff22167187aecef9164dedbf1198bc7563c147804780e,ce18361670bfbcde2f3ff22167187aecef9164dedbf1198bc7563c147804780e,M9,M9.08,CHECK_OB7_REQUIRED_OBJECTIVE_ENCODED,CHECK_OB7_REQUIRED_OBJECTIVE_ENCODED,EXPECTED_DETECTOR_MATCH,DETECTED_AS_PREREGISTERED,PASS,FAIL,FAIL,FAIL:CHECK_OB7_REQUIRED_OBJECTIVE_ENCODED,,954
AEI_P3_FORMAL_20260826T034308Z_9b5f3c2bdfbe,2,M9.08:ceae66508816dc9f5458c925c89f155658e6c78710a8753d337ac385481cc1bf,ceae66508816dc9f5458c925c89f155658e6c78710a8753d337ac385481cc1bf,M9,M9.08,CHECK_OB7_REQUIRED_OBJECTIVE_ENCODED,CHECK_OB7_REQUIRED_OBJECTIVE_ENCODED,EXPECTED_DETECTOR_MATCH,DETECTED_AS_PREREGISTERED,PASS,FAIL,FAIL,FAIL:CHECK_OB7_REQUIRED_OBJECTIVE_ENCODED,,955
AEI_P3_FORMAL_20260826T034308Z_9b5f3c2bdfbe,2,M9.08:d093d52f24139c1b6fb09b775beedd000f1a7b3716df906d7d36e91e7e848265,d093d52f24139c1b6fb09b775beedd000f1a7b3716df906d7d36e91e7e848265,M9,M9.08,CHECK_OB7_REQUIRED_OBJECTIVE_ENCODED,CHECK_OB7_REQUIRED_OBJECTIVE_ENCODED,EXPECTED_DETECTOR_MATCH,DETECTED_AS_PREREGISTERED,PASS,FAIL,FAIL,FAIL:CHECK_OB7_REQUIRED_OBJECTIVE_ENCODED,,956
AEI_P3_FORMAL_20260826T034308Z_9b5f3c2bdfbe,2,M9.08:d4b957654a5efd71168d6f7e67936e6abf4666ceb41e7919635002157b125411,d4b957654a5efd71168d6f7e67936e6abf4666ceb41e7919635002157b125411,M9,M9.08,CHECK_OB7_REQUIRED_OBJECTIVE_ENCODED,CHECK_OB7_REQUIRED_OBJECTIVE_ENCODED,EXPECTED_DETECTOR_MATCH,DETECTED_AS_PREREGISTERED,PASS,FAIL,FAIL,FAIL:CHECK_OB7_REQUIRED_OBJECTIVE_ENCODED,,957
AEI_P3_FORMAL_20260826T034308Z_9b5f3c2bdfbe,2,M9.08:d598e89b357205c7b4bd47c5ebbe933f8be1f7c8dcdee85e66ec6829cafb91d3,d598e89b357205c7b4bd47c5ebbe933f8be1f7c8dcdee85e66ec6829cafb91d3,M9,M9.08,CHECK_OB7_REQUIRED_OBJECTIVE_ENCODED,CHECK_OB7_REQUIRED_OBJECTIVE_ENCODED,EXPECTED_DETECTOR_MATCH,DETECTED_AS_PREREGISTERED,PASS,FAIL,FAIL,FAIL:CHECK_OB7_REQUIRED_OBJECTIVE_ENCODED,,958
AEI_P3_FORMAL_20260826T034308Z_9b5f3c2bdfbe,2,M9.08:eb3670bbe434a59cc94347384a5d50fb526d26a00dbf6da73e54438c4bacc2a0,eb3670bbe434a59cc94347384a5d50fb526d26a00dbf6da73e54438c4bacc2a0,M9,M9.08,CHECK_OB7_REQUIRED_OBJECTIVE_ENCODED,CHECK_OB7_REQUIRED_OBJECTIVE_ENCODED,EXPECTED_DETECTOR_MATCH,DETECTED_AS_PREREGISTERED,PASS,FAIL,FAIL,FAIL:CHECK_OB7_REQUIRED_OBJECTIVE_ENCODED,,959
AEI_P3_FORMAL_20260826T034308Z_9b5f3c2bdfbe,2,M9.08:f1e5fc58ea336e13c098308a2da00dee7de3dd3aa08d6170df4a3cb1afd09795,f1e5fc58ea336e13c098308a2da00dee7de3dd3aa08d6170df4a3cb1afd09795,M9,M9.08,CHECK_OB7_REQUIRED_OBJECTIVE_ENCODED,CHECK_OB7_REQUIRED_OBJECTIVE_ENCODED,EXPECTED_DETECTOR_MATCH,DETECTED_AS_PREREGISTERED,PASS,FAIL,FAIL,FAIL:CHECK_OB7_REQUIRED_OBJECTIVE_ENCODED,,960
AEI_P3_FORMAL_20260826T034308Z_9b5f3c2bdfbe,2,M9.08:f583baa2dad1527b5f84f71805410ee51b78fce2b1be62de49f1636c06821c7b,f583baa2dad1527b5f84f71805410ee51b78fce2b1be62de49f1636c06821c7b,M9,M9.08,CHECK_OB7_REQUIRED_OBJECTIVE_ENCODED,CHECK_OB7_REQUIRED_OBJECTIVE_ENCODED,EXPECTED_DETECTOR_MATCH,DETECTED_AS_PREREGISTERED,PASS,FAIL,FAIL,FAIL:CHECK_OB7_REQUIRED_OBJECTIVE_ENCODED,,961
AEI_P3_FORMAL_20260826T034308Z_9b5f3c2bdfbe,2,M9.08:f64f55ad9277004ae441909cd6556d26eeaf73d3eb3c537384be703615149f96,f64f55ad9277004ae441909cd6556d26eeaf73d3eb3c537384be703615149f96,M9,M9.08,CHECK_OB7_REQUIRED_OBJECTIVE_ENCODED,CHECK_OB7_REQUIRED_OBJECTIVE_ENCODED,EXPECTED_DETECTOR_MATCH,DETECTED_AS_PREREGISTERED,PASS,FAIL,FAIL,FAIL:CHECK_OB7_REQUIRED_OBJECTIVE_ENCODED,,962
AEI_P3_FORMAL_20260826T034308Z_9b5f3c2bdfbe,2,M9.08:f80e8a50e0815fda9eef8635e52671f3888786c4daef5767b8da7b74e4311646,f80e8a50e0815fda9eef8635e52671f3888786c4daef5767b8da7b74e4311646,M9,M9.08,CHECK_OB7_REQUIRED_OBJECTIVE_ENCODED,CHECK_OB7_REQUIRED_OBJECTIVE_ENCODED,EXPECTED_DETECTOR_MATCH,DETECTED_AS_PREREGISTERED,PASS,FAIL,FAIL,FAIL:CHECK_OB7_REQUIRED_OBJECTIVE_ENCODED,,963
AEI_P3_FORMAL_20260826T034308Z_9b5f3c2bdfbe,2,M9.08:f9ade00b139ce33674b05d1766de3ec85779abfd83f893a7b2437817100901d9,f9ade00b139ce33674b05d1766de3ec85779abfd83f893a7b2437817100901d9,M9,M9.08,CHECK_OB7_REQUIRED_OBJECTIVE_ENCODED,CHECK_OB7_REQUIRED_OBJECTIVE_ENCODED,EXPECTED_DETECTOR_MATCH,DETECTED_AS_PREREGISTERED,PASS,FAIL,FAIL,FAIL:CHECK_OB7_REQUIRED_OBJECTIVE_ENCODED,,964
AEI_P3_FORMAL_20260826T034308Z_9b5f3c2bdfbe,2,M9.08:feb26c8ce25b99d6b090e07fca86c8e2dbf3ff2d6b891634c4c71b179329ab47,feb26c8ce25b99d6b090e07fca86c8e2dbf3ff2d6b891634c4c71b179329ab47,M9,M9.08,CHECK_OB7_REQUIRED_OBJECTIVE_ENCODED,CHECK_OB7_REQUIRED_OBJECTIVE_ENCODED,EXPECTED_DETECTOR_MATCH,DETECTED_AS_PREREGISTERED,PASS,FAIL,FAIL,FAIL:CHECK_OB7_REQUIRED_OBJECTIVE_ENCODED,,965
AEI_P3_FORMAL_20260826T034308Z_9b5f3c2bdfbe,2,M9.09:052b2dfeb855619b4e74c70e7155e5699a6aebc572c887f1432462ecf4afce6b,052b2dfeb855619b4e74c70e7155e5699a6aebc572c887f1432462ecf4afce6b,M9,M9.09,CHECK_OB7_REQUIRED_SOLVER_SCHEDULE_HASH,CHECK_OB7_REQUIRED_SOLVER_SCHEDULE_HASH,EXPECTED_DETECTOR_MATCH,DETECTED_AS_PREREGISTERED,PASS,FAIL,FAIL,FAIL:CHECK_OB7_REQUIRED_SOLVER_SCHEDULE_HASH,,966
AEI_P3_FORMAL_20260826T034308Z_9b5f3c2bdfbe,2,M9.09:0edc936e36dbd00367c35ec096b127c69211776f53ead8d7b9619a78d9b3beb5,0edc936e36dbd00367c35ec096b127c69211776f53ead8d7b9619a78d9b3beb5,M9,M9.09,CHECK_OB7_REQUIRED_SOLVER_SCHEDULE_HASH,CHECK_OB7_REQUIRED_SOLVER_SCHEDULE_HASH,EXPECTED_DETECTOR_MATCH,DETECTED_AS_PREREGISTERED,PASS,FAIL,FAIL,FAIL:CHECK_OB7_REQUIRED_SOLVER_SCHEDULE_HASH,,967
AEI_P3_FORMAL_20260826T034308Z_9b5f3c2bdfbe,2,M9.09:19993579c580ecb799e1ce158990340e547863ae75c4be153b97908cb5cd08a2,19993579c580ecb799e1ce158990340e547863ae75c4be153b97908cb5cd08a2,M9,M9.09,CHECK_OB7_REQUIRED_SOLVER_SCHEDULE_HASH,CHECK_OB7_REQUIRED_SOLVER_SCHEDULE_HASH,EXPECTED_DETECTOR_MATCH,DETECTED_AS_PREREGISTERED,PASS,FAIL,FAIL,FAIL:CHECK_OB7_REQUIRED_SOLVER_SCHEDULE_HASH,,968
AEI_P3_FORMAL_20260826T034308Z_9b5f3c2bdfbe,2,M9.09:1bb3dc3f26212de23def1f2ca0d598d344fea56b8a73247e2f6390ebea07946d,1bb3dc3f26212de23def1f2ca0d598d344fea56b8a73247e2f6390ebea07946d,M9,M9.09,CHECK_OB7_REQUIRED_SOLVER_SCHEDULE_HASH,CHECK_OB7_REQUIRED_SOLVER_SCHEDULE_HASH,EXPECTED_DETECTOR_MATCH,DETECTED_AS_PREREGISTERED,PASS,FAIL,FAIL,FAIL:CHECK_OB7_REQUIRED_SOLVER_SCHEDULE_HASH,,969
AEI_P3_FORMAL_20260826T034308Z_9b5f3c2bdfbe,2,M9.09:2443e5a3d32298289c0b98d2a7d3a03cbf4194a7adecf97293b0ac348944ba9e,2443e5a3d32298289c0b98d2a7d3a03cbf4194a7adecf97293b0ac348944ba9e,M9,M9.09,CHECK_OB7_REQUIRED_SOLVER_SCHEDULE_HASH,CHECK_OB7_REQUIRED_SOLVER_SCHEDULE_HASH,EXPECTED_DETECTOR_MATCH,DETECTED_AS_PREREGISTERED,PASS,FAIL,FAIL,FAIL:CHECK_OB7_REQUIRED_SOLVER_SCHEDULE_HASH,,970
AEI_P3_FORMAL_20260826T034308Z_9b5f3c2bdfbe,2,M9.09:245cb7ed72fd0a10da80157bd648a7ae9e8bd9ef722909fe778d274715ad67b3,245cb7ed72fd0a10da80157bd648a7ae9e8bd9ef722909fe778d274715ad67b3,M9,M9.09,CHECK_OB7_REQUIRED_SOLVER_SCHEDULE_HASH,CHECK_OB7_REQUIRED_SOLVER_SCHEDULE_HASH,EXPECTED_DETECTOR_MATCH,DETECTED_AS_PREREGISTERED,PASS,FAIL,FAIL,FAIL:CHECK_OB7_REQUIRED_SOLVER_SCHEDULE_HASH,,971
AEI_P3_FORMAL_20260826T034308Z_9b5f3c2bdfbe,2,M9.09:268469c82535bf1ba82a82324d755f40ad8bc7255c875b8e25c2d7943cff1ff3,268469c82535bf1ba82a82324d755f40ad8bc7255c875b8e25c2d7943cff1ff3,M9,M9.09,CHECK_OB7_REQUIRED_SOLVER_SCHEDULE_HASH,CHECK_OB7_REQUIRED_SOLVER_SCHEDULE_HASH,EXPECTED_DETECTOR_MATCH,DETECTED_AS_PREREGISTERED,PASS,FAIL,FAIL,FAIL:CHECK_OB7_REQUIRED_SOLVER_SCHEDULE_HASH,,972
AEI_P3_FORMAL_20260826T034308Z_9b5f3c2bdfbe,2,M9.09:2908e9ba69598735be8757d9b153473f5bacec1feb89ecff91ce994824a10178,2908e9ba69598735be8757d9b153473f5bacec1feb89ecff91ce994824a10178,M9,M9.09,CHECK_OB7_REQUIRED_SOLVER_SCHEDULE_HASH,CHECK_OB7_REQUIRED_SOLVER_SCHEDULE_HASH,EXPECTED_DETECTOR_MATCH,DETECTED_AS_PREREGISTERED,PASS,FAIL,FAIL,FAIL:CHECK_OB7_REQUIRED_SOLVER_SCHEDULE_HASH,,973
AEI_P3_FORMAL_20260826T034308Z_9b5f3c2bdfbe,2,M9.09:474b6ef7aac2feb7cb9195d7d3644f0d53d378eb4518ef87a9a2f7714d8ef3d5,474b6ef7aac2feb7cb9195d7d3644f0d53d378eb4518ef87a9a2f7714d8ef3d5,M9,M9.09,CHECK_OB7_REQUIRED_SOLVER_SCHEDULE_HASH,CHECK_OB7_REQUIRED_SOLVER_SCHEDULE_HASH,EXPECTED_DETECTOR_MATCH,DETECTED_AS_PREREGISTERED,PASS,FAIL,FAIL,FAIL:CHECK_OB7_REQUIRED_SOLVER_SCHEDULE_HASH,,974
AEI_P3_FORMAL_20260826T034308Z_9b5f3c2bdfbe,2,M9.09:4fafb9a13ff5e2fda82a804bf609727b68a17926d69ae1574c4801604ec81359,4fafb9a13ff5e2fda82a804bf609727b68a17926d69ae1574c4801604ec81359,M9,M9.09,CHECK_OB7_REQUIRED_SOLVER_SCHEDULE_HASH,CHECK_OB7_REQUIRED_SOLVER_SCHEDULE_HASH,EXPECTED_DETECTOR_MATCH,DETECTED_AS_PREREGISTERED,PASS,FAIL,FAIL,FAIL:CHECK_OB7_REQUIRED_SOLVER_SCHEDULE_HASH,,975
AEI_P3_FORMAL_20260826T034308Z_9b5f3c2bdfbe,2,M9.09:54349d927b9070c144f507868f9ef8b962c7c926426b33c3a7e0c88f715b246a,54349d927b9070c144f507868f9ef8b962c7c926426b33c3a7e0c88f715b246a,M9,M9.09,CHECK_OB7_REQUIRED_SOLVER_SCHEDULE_HASH,CHECK_OB7_REQUIRED_SOLVER_SCHEDULE_HASH,EXPECTED_DETECTOR_MATCH,DETECTED_AS_PREREGISTERED,PASS,FAIL,FAIL,FAIL:CHECK_OB7_REQUIRED_SOLVER_SCHEDULE_HASH,,976
AEI_P3_FORMAL_20260826T034308Z_9b5f3c2bdfbe,2,M9.09:558b8365de15727bf495595ed539867872c185b280ea249712f3b1d5f8674cd5,558b8365de15727bf495595ed539867872c185b280ea249712f3b1d5f8674cd5,M9,M9.09,CHECK_OB7_REQUIRED_SOLVER_SCHEDULE_HASH,CHECK_OB7_REQUIRED_SOLVER_SCHEDULE_HASH,EXPECTED_DETECTOR_MATCH,DETECTED_AS_PREREGISTERED,PASS,FAIL,FAIL,FAIL:CHECK_OB7_REQUIRED_SOLVER_SCHEDULE_HASH,,977
AEI_P3_FORMAL_20260826T034308Z_9b5f3c2bdfbe,2,M9.09:5ecccd77f46ab5549088b57686632a9eb5ccf1a5a977fbe35cfae6a50eca52bb,5ecccd77f46ab5549088b57686632a9eb5ccf1a5a977fbe35cfae6a50eca52bb,M9,M9.09,CHECK_OB7_REQUIRED_SOLVER_SCHEDULE_HASH,CHECK_OB7_REQUIRED_SOLVER_SCHEDULE_HASH,EXPECTED_DETECTOR_MATCH,DETECTED_AS_PREREGISTERED,PASS,FAIL,FAIL,FAIL:CHECK_OB7_REQUIRED_SOLVER_SCHEDULE_HASH,,978
AEI_P3_FORMAL_20260826T034308Z_9b5f3c2bdfbe,2,M9.09:5f24b2bbe16d5c8f667064d5031553e1dd9c4d9dbb7e0757cb922d9ba47928d5,5f24b2bbe16d5c8f667064d5031553e1dd9c4d9dbb7e0757cb922d9ba47928d5,M9,M9.09,CHECK_OB7_REQUIRED_SOLVER_SCHEDULE_HASH,CHECK_OB7_REQUIRED_SOLVER_SCHEDULE_HASH,EXPECTED_DETECTOR_MATCH,DETECTED_AS_PREREGISTERED,PASS,FAIL,FAIL,FAIL:CHECK_OB7_REQUIRED_SOLVER_SCHEDULE_HASH,,979
AEI_P3_FORMAL_20260826T034308Z_9b5f3c2bdfbe,2,M9.09:61f77c0251bcd2bbb51e6bff7e048bfcda7139b4e796314d32b47961ac3b5c1b,61f77c0251bcd2bbb51e6bff7e048bfcda7139b4e796314d32b47961ac3b5c1b,M9,M9.09,CHECK_OB7_REQUIRED_SOLVER_SCHEDULE_HASH,CHECK_OB7_REQUIRED_SOLVER_SCHEDULE_HASH,EXPECTED_DETECTOR_MATCH,DETECTED_AS_PREREGISTERED,PASS,FAIL,FAIL,FAIL:CHECK_OB7_REQUIRED_SOLVER_SCHEDULE_HASH,,980
AEI_P3_FORMAL_20260826T034308Z_9b5f3c2bdfbe,2,M9.09:634f3d08fd93ba622176ea6c9ff7ff1fb9d57a9b14f936f27d1460655fc20d72,634f3d08fd93ba622176ea6c9ff7ff1fb9d57a9b14f936f27d1460655fc20d72,M9,M9.09,CHECK_OB7_REQUIRED_SOLVER_SCHEDULE_HASH,CHECK_OB7_REQUIRED_SOLVER_SCHEDULE_HASH,EXPECTED_DETECTOR_MATCH,DETECTED_AS_PREREGISTERED,PASS,FAIL,FAIL,FAIL:CHECK_OB7_REQUIRED_SOLVER_SCHEDULE_HASH,,981
AEI_P3_FORMAL_20260826T034308Z_9b5f3c2bdfbe,2,M9.09:73cdcc11d1c23e47664696979a9b12b94deb5da000c18f37a8d7c0b641090788,73cdcc11d1c23e47664696979a9b12b94deb5da000c18f37a8d7c0b641090788,M9,M9.09,CHECK_OB7_REQUIRED_SOLVER_SCHEDULE_HASH,CHECK_OB7_REQUIRED_SOLVER_SCHEDULE_HASH,EXPECTED_DETECTOR_MATCH,DETECTED_AS_PREREGISTERED,PASS,FAIL,FAIL,FAIL:CHECK_OB7_REQUIRED_SOLVER_SCHEDULE_HASH,,982
AEI_P3_FORMAL_20260826T034308Z_9b5f3c2bdfbe,2,M9.09:7dc2cc636acd7eeb3db7367222360894cac918d6adca467d2f7a79960bbe8b1c,7dc2cc636acd7eeb3db7367222360894cac918d6adca467d2f7a79960bbe8b1c,M9,M9.09,CHECK_OB7_REQUIRED_SOLVER_SCHEDULE_HASH,CHECK_OB7_REQUIRED_SOLVER_SCHEDULE_HASH,EXPECTED_DETECTOR_MATCH,DETECTED_AS_PREREGISTERED,PASS,FAIL,FAIL,FAIL:CHECK_OB7_REQUIRED_SOLVER_SCHEDULE_HASH,,983
AEI_P3_FORMAL_20260826T034308Z_9b5f3c2bdfbe,2,M9.09:8c60197386a54af6d06cac0996c81cbca4971ac83984afcf2a52fa27a5bb1b42,8c60197386a54af6d06cac0996c81cbca4971ac83984afcf2a52fa27a5bb1b42,M9,M9.09,CHECK_OB7_REQUIRED_SOLVER_SCHEDULE_HASH,CHECK_OB7_REQUIRED_SOLVER_SCHEDULE_HASH,EXPECTED_DETECTOR_MATCH,DETECTED_AS_PREREGISTERED,PASS,FAIL,FAIL,FAIL:CHECK_OB7_REQUIRED_SOLVER_SCHEDULE_HASH,,984
AEI_P3_FORMAL_20260826T034308Z_9b5f3c2bdfbe,2,M9.09:8e3a1df6f55a6d53d21fd63c9dcda45cee6d1576c4989d45b40828d31e6d7281,8e3a1df6f55a6d53d21fd63c9dcda45cee6d1576c4989d45b40828d31e6d7281,M9,M9.09,CHECK_OB7_REQUIRED_SOLVER_SCHEDULE_HASH,CHECK_OB7_REQUIRED_SOLVER_SCHEDULE_HASH,EXPECTED_DETECTOR_MATCH,DETECTED_AS_PREREGISTERED,PASS,FAIL,FAIL,FAIL:CHECK_OB7_REQUIRED_SOLVER_SCHEDULE_HASH,,985
AEI_P3_FORMAL_20260826T034308Z_9b5f3c2bdfbe,2,M9.09:97eb8ea8dfec0a163a4b54e1179247553055627de3df3d7a40c8879cacc64800,97eb8ea8dfec0a163a4b54e1179247553055627de3df3d7a40c8879cacc64800,M9,M9.09,CHECK_OB7_REQUIRED_SOLVER_SCHEDULE_HASH,CHECK_OB7_REQUIRED_SOLVER_SCHEDULE_HASH,EXPECTED_DETECTOR_MATCH,DETECTED_AS_PREREGISTERED,PASS,FAIL,FAIL,FAIL:CHECK_OB7_REQUIRED_SOLVER_SCHEDULE_HASH,,986
AEI_P3_FORMAL_20260826T034308Z_9b5f3c2bdfbe,2,M9.09:9827288498c6ff63f3f7ec6f3bb833b53ac1c3cbaf59021addc82b6a8c08bae2,9827288498c6ff63f3f7ec6f3bb833b53ac1c3cbaf59021addc82b6a8c08bae2,M9,M9.09,CHECK_OB7_REQUIRED_SOLVER_SCHEDULE_HASH,CHECK_OB7_REQUIRED_SOLVER_SCHEDULE_HASH,EXPECTED_DETECTOR_MATCH,DETECTED_AS_PREREGISTERED,PASS,FAIL,FAIL,FAIL:CHECK_OB7_REQUIRED_SOLVER_SCHEDULE_HASH,,987
AEI_P3_FORMAL_20260826T034308Z_9b5f3c2bdfbe,2,M9.09:9f7906189c782cba7c3a4cc9cb8785764c8ad3fb1e637423a7a310d6c438feb5,9f7906189c782cba7c3a4cc9cb8785764c8ad3fb1e637423a7a310d6c438feb5,M9,M9.09,CHECK_OB7_REQUIRED_SOLVER_SCHEDULE_HASH,CHECK_OB7_REQUIRED_SOLVER_SCHEDULE_HASH,EXPECTED_DETECTOR_MATCH,DETECTED_AS_PREREGISTERED,PASS,FAIL,FAIL,FAIL:CHECK_OB7_REQUIRED_SOLVER_SCHEDULE_HASH,,988
AEI_P3_FORMAL_20260826T034308Z_9b5f3c2bdfbe,2,M9.09:aa5b4ee1688c71f1a3932cd7d9b629a08e31ef09728f3280c98c7636eecfb8d3,aa5b4ee1688c71f1a3932cd7d9b629a08e31ef09728f3280c98c7636eecfb8d3,M9,M9.09,CHECK_OB7_REQUIRED_SOLVER_SCHEDULE_HASH,CHECK_OB7_REQUIRED_SOLVER_SCHEDULE_HASH,EXPECTED_DETECTOR_MATCH,DETECTED_AS_PREREGISTERED,PASS,FAIL,FAIL,FAIL:CHECK_OB7_REQUIRED_SOLVER_SCHEDULE_HASH,,989
AEI_P3_FORMAL_20260826T034308Z_9b5f3c2bdfbe,2,M9.09:aad646b14392b632d658225dedb7d3953424ab9ab19ebafdc67bd9a7f02eb50b,aad646b14392b632d658225dedb7d3953424ab9ab19ebafdc67bd9a7f02eb50b,M9,M9.09,CHECK_OB7_REQUIRED_SOLVER_SCHEDULE_HASH,CHECK_OB7_REQUIRED_SOLVER_SCHEDULE_HASH,EXPECTED_DETECTOR_MATCH,DETECTED_AS_PREREGISTERED,PASS,FAIL,FAIL,FAIL:CHECK_OB7_REQUIRED_SOLVER_SCHEDULE_HASH,,990
AEI_P3_FORMAL_20260826T034308Z_9b5f3c2bdfbe,2,M9.09:abc8d6ba26b9728a25ebd17f4066aa5421f54fde1c1ef630cc33cb308c0fb8e5,abc8d6ba26b9728a25ebd17f4066aa5421f54fde1c1ef630cc33cb308c0fb8e5,M9,M9.09,CHECK_OB7_REQUIRED_SOLVER_SCHEDULE_HASH,CHECK_OB7_REQUIRED_SOLVER_SCHEDULE_HASH,EXPECTED_DETECTOR_MATCH,DETECTED_AS_PREREGISTERED,PASS,FAIL,FAIL,FAIL:CHECK_OB7_REQUIRED_SOLVER_SCHEDULE_HASH,,991
AEI_P3_FORMAL_20260826T034308Z_9b5f3c2bdfbe,2,M9.09:b0f01f4c7ca822555039b9267d8985edbeb149abc0a710d6583cea634584f862,b0f01f4c7ca822555039b9267d8985edbeb149abc0a710d6583cea634584f862,M9,M9.09,CHECK_OB7_REQUIRED_SOLVER_SCHEDULE_HASH,CHECK_OB7_REQUIRED_SOLVER_SCHEDULE_HASH,EXPECTED_DETECTOR_MATCH,DETECTED_AS_PREREGISTERED,PASS,FAIL,FAIL,FAIL:CHECK_OB7_REQUIRED_SOLVER_SCHEDULE_HASH,,992
AEI_P3_FORMAL_20260826T034308Z_9b5f3c2bdfbe,2,M9.09:b31f9c5cbf923f188771558357941c1a7d6a71089f67793c620cf7034a070eb2,b31f9c5cbf923f188771558357941c1a7d6a71089f67793c620cf7034a070eb2,M9,M9.09,CHECK_OB7_REQUIRED_SOLVER_SCHEDULE_HASH,CHECK_OB7_REQUIRED_SOLVER_SCHEDULE_HASH,EXPECTED_DETECTOR_MATCH,DETECTED_AS_PREREGISTERED,PASS,FAIL,FAIL,FAIL:CHECK_OB7_REQUIRED_SOLVER_SCHEDULE_HASH,,993
AEI_P3_FORMAL_20260826T034308Z_9b5f3c2bdfbe,2,M9.09:b5c400c27e6dbb1cc8466c5ce68e1530b6d984599f3c01c36496b49b586ff5e3,b5c400c27e6dbb1cc8466c5ce68e1530b6d984599f3c01c36496b49b586ff5e3,M9,M9.09,CHECK_OB7_REQUIRED_SOLVER_SCHEDULE_HASH,CHECK_OB7_REQUIRED_SOLVER_SCHEDULE_HASH,EXPECTED_DETECTOR_MATCH,DETECTED_AS_PREREGISTERED,PASS,FAIL,FAIL,FAIL:CHECK_OB7_REQUIRED_SOLVER_SCHEDULE_HASH,,994
AEI_P3_FORMAL_20260826T034308Z_9b5f3c2bdfbe,2,M9.09:bb3f15222034bdf87b9be499b27f859fe778b781693fd54677f83bd7531f0680,bb3f15222034bdf87b9be499b27f859fe778b781693fd54677f83bd7531f0680,M9,M9.09,CHECK_OB7_REQUIRED_SOLVER_SCHEDULE_HASH,CHECK_OB7_REQUIRED_SOLVER_SCHEDULE_HASH,EXPECTED_DETECTOR_MATCH,DETECTED_AS_PREREGISTERED,PASS,FAIL,FAIL,FAIL:CHECK_OB7_REQUIRED_SOLVER_SCHEDULE_HASH,,995
AEI_P3_FORMAL_20260826T034308Z_9b5f3c2bdfbe,2,M9.09:ce18361670bfbcde2f3ff22167187aecef9164dedbf1198bc7563c147804780e,ce18361670bfbcde2f3ff22167187aecef9164dedbf1198bc7563c147804780e,M9,M9.09,CHECK_OB7_REQUIRED_SOLVER_SCHEDULE_HASH,CHECK_OB7_REQUIRED_SOLVER_SCHEDULE_HASH,EXPECTED_DETECTOR_MATCH,DETECTED_AS_PREREGISTERED,PASS,FAIL,FAIL,FAIL:CHECK_OB7_REQUIRED_SOLVER_SCHEDULE_HASH,,996
AEI_P3_FORMAL_20260826T034308Z_9b5f3c2bdfbe,2,M9.09:ceae66508816dc9f5458c925c89f155658e6c78710a8753d337ac385481cc1bf,ceae66508816dc9f5458c925c89f155658e6c78710a8753d337ac385481cc1bf,M9,M9.09,CHECK_OB7_REQUIRED_SOLVER_SCHEDULE_HASH,CHECK_OB7_REQUIRED_SOLVER_SCHEDULE_HASH,EXPECTED_DETECTOR_MATCH,DETECTED_AS_PREREGISTERED,PASS,FAIL,FAIL,FAIL:CHECK_OB7_REQUIRED_SOLVER_SCHEDULE_HASH,,997
AEI_P3_FORMAL_20260826T034308Z_9b5f3c2bdfbe,2,M9.09:d093d52f24139c1b6fb09b775beedd000f1a7b3716df906d7d36e91e7e848265,d093d52f24139c1b6fb09b775beedd000f1a7b3716df906d7d36e91e7e848265,M9,M9.09,CHECK_OB7_REQUIRED_SOLVER_SCHEDULE_HASH,CHECK_OB7_REQUIRED_SOLVER_SCHEDULE_HASH,EXPECTED_DETECTOR_MATCH,DETECTED_AS_PREREGISTERED,PASS,FAIL,FAIL,FAIL:CHECK_OB7_REQUIRED_SOLVER_SCHEDULE_HASH,,998
AEI_P3_FORMAL_20260826T034308Z_9b5f3c2bdfbe,2,M9.09:d4b957654a5efd71168d6f7e67936e6abf4666ceb41e7919635002157b125411,d4b957654a5efd71168d6f7e67936e6abf4666ceb41e7919635002157b125411,M9,M9.09,CHECK_OB7_REQUIRED_SOLVER_SCHEDULE_HASH,CHECK_OB7_REQUIRED_SOLVER_SCHEDULE_HASH,EXPECTED_DETECTOR_MATCH,DETECTED_AS_PREREGISTERED,PASS,FAIL,FAIL,FAIL:CHECK_OB7_REQUIRED_SOLVER_SCHEDULE_HASH,,999
AEI_P3_FORMAL_20260826T034308Z_9b5f3c2bdfbe,2,M9.09:d598e89b357205c7b4bd47c5ebbe933f8be1f7c8dcdee85e66ec6829cafb91d3,d598e89b357205c7b4bd47c5ebbe933f8be1f7c8dcdee85e66ec6829cafb91d3,M9,M9.09,CHECK_OB7_REQUIRED_SOLVER_SCHEDULE_HASH,CHECK_OB7_REQUIRED_SOLVER_SCHEDULE_HASH,EXPECTED_DETECTOR_MATCH,DETECTED_AS_PREREGISTERED,PASS,FAIL,FAIL,FAIL:CHECK_OB7_REQUIRED_SOLVER_SCHEDULE_HASH,,1000
AEI_P3_FORMAL_20260826T034308Z_9b5f3c2bdfbe,2,M9.09:eb3670bbe434a59cc94347384a5d50fb526d26a00dbf6da73e54438c4bacc2a0,eb3670bbe434a59cc94347384a5d50fb526d26a00dbf6da73e54438c4bacc2a0,M9,M9.09,CHECK_OB7_REQUIRED_SOLVER_SCHEDULE_HASH,CHECK_OB7_REQUIRED_SOLVER_SCHEDULE_HASH,EXPECTED_DETECTOR_MATCH,DETECTED_AS_PREREGISTERED,PASS,FAIL,FAIL,FAIL:CHECK_OB7_REQUIRED_SOLVER_SCHEDULE_HASH,,1001
AEI_P3_FORMAL_20260826T034308Z_9b5f3c2bdfbe,2,M9.09:f1e5fc58ea336e13c098308a2da00dee7de3dd3aa08d6170df4a3cb1afd09795,f1e5fc58ea336e13c098308a2da00dee7de3dd3aa08d6170df4a3cb1afd09795,M9,M9.09,CHECK_OB7_REQUIRED_SOLVER_SCHEDULE_HASH,CHECK_OB7_REQUIRED_SOLVER_SCHEDULE_HASH,EXPECTED_DETECTOR_MATCH,DETECTED_AS_PREREGISTERED,PASS,FAIL,FAIL,FAIL:CHECK_OB7_REQUIRED_SOLVER_SCHEDULE_HASH,,1002
AEI_P3_FORMAL_20260826T034308Z_9b5f3c2bdfbe,2,M9.09:f583baa2dad1527b5f84f71805410ee51b78fce2b1be62de49f1636c06821c7b,f583baa2dad1527b5f84f71805410ee51b78fce2b1be62de49f1636c06821c7b,M9,M9.09,CHECK_OB7_REQUIRED_SOLVER_SCHEDULE_HASH,CHECK_OB7_REQUIRED_SOLVER_SCHEDULE_HASH,EXPECTED_DETECTOR_MATCH,DETECTED_AS_PREREGISTERED,PASS,FAIL,FAIL,FAIL:CHECK_OB7_REQUIRED_SOLVER_SCHEDULE_HASH,,1003
AEI_P3_FORMAL_20260826T034308Z_9b5f3c2bdfbe,2,M9.09:f64f55ad9277004ae441909cd6556d26eeaf73d3eb3c537384be703615149f96,f64f55ad9277004ae441909cd6556d26eeaf73d3eb3c537384be703615149f96,M9,M9.09,CHECK_OB7_REQUIRED_SOLVER_SCHEDULE_HASH,CHECK_OB7_REQUIRED_SOLVER_SCHEDULE_HASH,EXPECTED_DETECTOR_MATCH,DETECTED_AS_PREREGISTERED,PASS,FAIL,FAIL,FAIL:CHECK_OB7_REQUIRED_SOLVER_SCHEDULE_HASH,,1004
AEI_P3_FORMAL_20260826T034308Z_9b5f3c2bdfbe,2,M9.09:f80e8a50e0815fda9eef8635e52671f3888786c4daef5767b8da7b74e4311646,f80e8a50e0815fda9eef8635e52671f3888786c4daef5767b8da7b74e4311646,M9,M9.09,CHECK_OB7_REQUIRED_SOLVER_SCHEDULE_HASH,CHECK_OB7_REQUIRED_SOLVER_SCHEDULE_HASH,EXPECTED_DETECTOR_MATCH,DETECTED_AS_PREREGISTERED,PASS,FAIL,FAIL,FAIL:CHECK_OB7_REQUIRED_SOLVER_SCHEDULE_HASH,,1005
AEI_P3_FORMAL_20260826T034308Z_9b5f3c2bdfbe,2,M9.09:f9ade00b139ce33674b05d1766de3ec85779abfd83f893a7b2437817100901d9,f9ade00b139ce33674b05d1766de3ec85779abfd83f893a7b2437817100901d9,M9,M9.09,CHECK_OB7_REQUIRED_SOLVER_SCHEDULE_HASH,CHECK_OB7_REQUIRED_SOLVER_SCHEDULE_HASH,EXPECTED_DETECTOR_MATCH,DETECTED_AS_PREREGISTERED,PASS,FAIL,FAIL,FAIL:CHECK_OB7_REQUIRED_SOLVER_SCHEDULE_HASH,,1006
AEI_P3_FORMAL_20260826T034308Z_9b5f3c2bdfbe,2,M9.09:feb26c8ce25b99d6b090e07fca86c8e2dbf3ff2d6b891634c4c71b179329ab47,feb26c8ce25b99d6b090e07fca86c8e2dbf3ff2d6b891634c4c71b179329ab47,M9,M9.09,CHECK_OB7_REQUIRED_SOLVER_SCHEDULE_HASH,CHECK_OB7_REQUIRED_SOLVER_SCHEDULE_HASH,EXPECTED_DETECTOR_MATCH,DETECTED_AS_PREREGISTERED,PASS,FAIL,FAIL,FAIL:CHECK_OB7_REQUIRED_SOLVER_SCHEDULE_HASH,,1007
AEI_P3_FORMAL_20260826T034308Z_9b5f3c2bdfbe,2,M9.10:052b2dfeb855619b4e74c70e7155e5699a6aebc572c887f1432462ecf4afce6b,052b2dfeb855619b4e74c70e7155e5699a6aebc572c887f1432462ecf4afce6b,M9,M9.10,CHECK_OB7_REQUIRED_SCHEDULE_ARTIFACT,CHECK_OB7_REQUIRED_SCHEDULE_ARTIFACT,EXPECTED_DETECTOR_MATCH,DETECTED_AS_PREREGISTERED,PASS,FAIL,FAIL,FAIL:CHECK_OB7_REQUIRED_SCHEDULE_ARTIFACT,,1008
AEI_P3_FORMAL_20260826T034308Z_9b5f3c2bdfbe,2,M9.10:0edc936e36dbd00367c35ec096b127c69211776f53ead8d7b9619a78d9b3beb5,0edc936e36dbd00367c35ec096b127c69211776f53ead8d7b9619a78d9b3beb5,M9,M9.10,CHECK_OB7_REQUIRED_SCHEDULE_ARTIFACT,CHECK_OB7_REQUIRED_SCHEDULE_ARTIFACT,EXPECTED_DETECTOR_MATCH,DETECTED_AS_PREREGISTERED,PASS,FAIL,FAIL,FAIL:CHECK_OB7_REQUIRED_SCHEDULE_ARTIFACT,,1009
AEI_P3_FORMAL_20260826T034308Z_9b5f3c2bdfbe,2,M9.10:19993579c580ecb799e1ce158990340e547863ae75c4be153b97908cb5cd08a2,19993579c580ecb799e1ce158990340e547863ae75c4be153b97908cb5cd08a2,M9,M9.10,CHECK_OB7_REQUIRED_SCHEDULE_ARTIFACT,CHECK_OB7_REQUIRED_SCHEDULE_ARTIFACT,EXPECTED_DETECTOR_MATCH,DETECTED_AS_PREREGISTERED,PASS,FAIL,FAIL,FAIL:CHECK_OB7_REQUIRED_SCHEDULE_ARTIFACT,,1010
AEI_P3_FORMAL_20260826T034308Z_9b5f3c2bdfbe,2,M9.10:1bb3dc3f26212de23def1f2ca0d598d344fea56b8a73247e2f6390ebea07946d,1bb3dc3f26212de23def1f2ca0d598d344fea56b8a73247e2f6390ebea07946d,M9,M9.10,CHECK_OB7_REQUIRED_SCHEDULE_ARTIFACT,CHECK_OB7_REQUIRED_SCHEDULE_ARTIFACT,EXPECTED_DETECTOR_MATCH,DETECTED_AS_PREREGISTERED,PASS,FAIL,FAIL,FAIL:CHECK_OB7_REQUIRED_SCHEDULE_ARTIFACT,,1011
AEI_P3_FORMAL_20260826T034308Z_9b5f3c2bdfbe,2,M9.10:2443e5a3d32298289c0b98d2a7d3a03cbf4194a7adecf97293b0ac348944ba9e,2443e5a3d32298289c0b98d2a7d3a03cbf4194a7adecf97293b0ac348944ba9e,M9,M9.10,CHECK_OB7_REQUIRED_SCHEDULE_ARTIFACT,CHECK_OB7_REQUIRED_SCHEDULE_ARTIFACT,EXPECTED_DETECTOR_MATCH,DETECTED_AS_PREREGISTERED,PASS,FAIL,FAIL,FAIL:CHECK_OB7_REQUIRED_SCHEDULE_ARTIFACT,,1012
AEI_P3_FORMAL_20260826T034308Z_9b5f3c2bdfbe,2,M9.10:245cb7ed72fd0a10da80157bd648a7ae9e8bd9ef722909fe778d274715ad67b3,245cb7ed72fd0a10da80157bd648a7ae9e8bd9ef722909fe778d274715ad67b3,M9,M9.10,CHECK_OB7_REQUIRED_SCHEDULE_ARTIFACT,CHECK_OB7_REQUIRED_SCHEDULE_ARTIFACT,EXPECTED_DETECTOR_MATCH,DETECTED_AS_PREREGISTERED,PASS,FAIL,FAIL,FAIL:CHECK_OB7_REQUIRED_SCHEDULE_ARTIFACT,,1013
AEI_P3_FORMAL_20260826T034308Z_9b5f3c2bdfbe,2,M9.10:268469c82535bf1ba82a82324d755f40ad8bc7255c875b8e25c2d7943cff1ff3,268469c82535bf1ba82a82324d755f40ad8bc7255c875b8e25c2d7943cff1ff3,M9,M9.10,CHECK_OB7_REQUIRED_SCHEDULE_ARTIFACT,CHECK_OB7_REQUIRED_SCHEDULE_ARTIFACT,EXPECTED_DETECTOR_MATCH,DETECTED_AS_PREREGISTERED,PASS,FAIL,FAIL,FAIL:CHECK_OB7_REQUIRED_SCHEDULE_ARTIFACT,,1014
AEI_P3_FORMAL_20260826T034308Z_9b5f3c2bdfbe,2,M9.10:2908e9ba69598735be8757d9b153473f5bacec1feb89ecff91ce994824a10178,2908e9ba69598735be8757d9b153473f5bacec1feb89ecff91ce994824a10178,M9,M9.10,CHECK_OB7_REQUIRED_SCHEDULE_ARTIFACT,CHECK_OB7_REQUIRED_SCHEDULE_ARTIFACT,EXPECTED_DETECTOR_MATCH,DETECTED_AS_PREREGISTERED,PASS,FAIL,FAIL,FAIL:CHECK_OB7_REQUIRED_SCHEDULE_ARTIFACT,,1015
AEI_P3_FORMAL_20260826T034308Z_9b5f3c2bdfbe,2,M9.10:474b6ef7aac2feb7cb9195d7d3644f0d53d378eb4518ef87a9a2f7714d8ef3d5,474b6ef7aac2feb7cb9195d7d3644f0d53d378eb4518ef87a9a2f7714d8ef3d5,M9,M9.10,CHECK_OB7_REQUIRED_SCHEDULE_ARTIFACT,CHECK_OB7_REQUIRED_SCHEDULE_ARTIFACT,EXPECTED_DETECTOR_MATCH,DETECTED_AS_PREREGISTERED,PASS,FAIL,FAIL,FAIL:CHECK_OB7_REQUIRED_SCHEDULE_ARTIFACT,,1016
AEI_P3_FORMAL_20260826T034308Z_9b5f3c2bdfbe,2,M9.10:4fafb9a13ff5e2fda82a804bf609727b68a17926d69ae1574c4801604ec81359,4fafb9a13ff5e2fda82a804bf609727b68a17926d69ae1574c4801604ec81359,M9,M9.10,CHECK_OB7_REQUIRED_SCHEDULE_ARTIFACT,CHECK_OB7_REQUIRED_SCHEDULE_ARTIFACT,EXPECTED_DETECTOR_MATCH,DETECTED_AS_PREREGISTERED,PASS,FAIL,FAIL,FAIL:CHECK_OB7_REQUIRED_SCHEDULE_ARTIFACT,,1017
AEI_P3_FORMAL_20260826T034308Z_9b5f3c2bdfbe,2,M9.10:54349d927b9070c144f507868f9ef8b962c7c926426b33c3a7e0c88f715b246a,54349d927b9070c144f507868f9ef8b962c7c926426b33c3a7e0c88f715b246a,M9,M9.10,CHECK_OB7_REQUIRED_SCHEDULE_ARTIFACT,CHECK_OB7_REQUIRED_SCHEDULE_ARTIFACT,EXPECTED_DETECTOR_MATCH,DETECTED_AS_PREREGISTERED,PASS,FAIL,FAIL,FAIL:CHECK_OB7_REQUIRED_SCHEDULE_ARTIFACT,,1018
AEI_P3_FORMAL_20260826T034308Z_9b5f3c2bdfbe,2,M9.10:558b8365de15727bf495595ed539867872c185b280ea249712f3b1d5f8674cd5,558b8365de15727bf495595ed539867872c185b280ea249712f3b1d5f8674cd5,M9,M9.10,CHECK_OB7_REQUIRED_SCHEDULE_ARTIFACT,CHECK_OB7_REQUIRED_SCHEDULE_ARTIFACT,EXPECTED_DETECTOR_MATCH,DETECTED_AS_PREREGISTERED,PASS,FAIL,FAIL,FAIL:CHECK_OB7_REQUIRED_SCHEDULE_ARTIFACT,,1019
AEI_P3_FORMAL_20260826T034308Z_9b5f3c2bdfbe,2,M9.10:5ecccd77f46ab5549088b57686632a9eb5ccf1a5a977fbe35cfae6a50eca52bb,5ecccd77f46ab5549088b57686632a9eb5ccf1a5a977fbe35cfae6a50eca52bb,M9,M9.10,CHECK_OB7_REQUIRED_SCHEDULE_ARTIFACT,CHECK_OB7_REQUIRED_SCHEDULE_ARTIFACT,EXPECTED_DETECTOR_MATCH,DETECTED_AS_PREREGISTERED,PASS,FAIL,FAIL,FAIL:CHECK_OB7_REQUIRED_SCHEDULE_ARTIFACT,,1020
AEI_P3_FORMAL_20260826T034308Z_9b5f3c2bdfbe,2,M9.10:5f24b2bbe16d5c8f667064d5031553e1dd9c4d9dbb7e0757cb922d9ba47928d5,5f24b2bbe16d5c8f667064d5031553e1dd9c4d9dbb7e0757cb922d9ba47928d5,M9,M9.10,CHECK_OB7_REQUIRED_SCHEDULE_ARTIFACT,CHECK_OB7_REQUIRED_SCHEDULE_ARTIFACT,EXPECTED_DETECTOR_MATCH,DETECTED_AS_PREREGISTERED,PASS,FAIL,FAIL,FAIL:CHECK_OB7_REQUIRED_SCHEDULE_ARTIFACT,,1021
AEI_P3_FORMAL_20260826T034308Z_9b5f3c2bdfbe,2,M9.10:61f77c0251bcd2bbb51e6bff7e048bfcda7139b4e796314d32b47961ac3b5c1b,61f77c0251bcd2bbb51e6bff7e048bfcda7139b4e796314d32b47961ac3b5c1b,M9,M9.10,CHECK_OB7_REQUIRED_SCHEDULE_ARTIFACT,CHECK_OB7_REQUIRED_SCHEDULE_ARTIFACT,EXPECTED_DETECTOR_MATCH,DETECTED_AS_PREREGISTERED,PASS,FAIL,FAIL,FAIL:CHECK_OB7_REQUIRED_SCHEDULE_ARTIFACT,,1022
AEI_P3_FORMAL_20260826T034308Z_9b5f3c2bdfbe,2,M9.10:634f3d08fd93ba622176ea6c9ff7ff1fb9d57a9b14f936f27d1460655fc20d72,634f3d08fd93ba622176ea6c9ff7ff1fb9d57a9b14f936f27d1460655fc20d72,M9,M9.10,CHECK_OB7_REQUIRED_SCHEDULE_ARTIFACT,CHECK_OB7_REQUIRED_SCHEDULE_ARTIFACT,EXPECTED_DETECTOR_MATCH,DETECTED_AS_PREREGISTERED,PASS,FAIL,FAIL,FAIL:CHECK_OB7_REQUIRED_SCHEDULE_ARTIFACT,,1023
AEI_P3_FORMAL_20260826T034308Z_9b5f3c2bdfbe,2,M9.10:73cdcc11d1c23e47664696979a9b12b94deb5da000c18f37a8d7c0b641090788,73cdcc11d1c23e47664696979a9b12b94deb5da000c18f37a8d7c0b641090788,M9,M9.10,CHECK_OB7_REQUIRED_SCHEDULE_ARTIFACT,CHECK_OB7_REQUIRED_SCHEDULE_ARTIFACT,EXPECTED_DETECTOR_MATCH,DETECTED_AS_PREREGISTERED,PASS,FAIL,FAIL,FAIL:CHECK_OB7_REQUIRED_SCHEDULE_ARTIFACT,,1024
AEI_P3_FORMAL_20260826T034308Z_9b5f3c2bdfbe,2,M9.10:7dc2cc636acd7eeb3db7367222360894cac918d6adca467d2f7a79960bbe8b1c,7dc2cc636acd7eeb3db7367222360894cac918d6adca467d2f7a79960bbe8b1c,M9,M9.10,CHECK_OB7_REQUIRED_SCHEDULE_ARTIFACT,CHECK_OB7_REQUIRED_SCHEDULE_ARTIFACT,EXPECTED_DETECTOR_MATCH,DETECTED_AS_PREREGISTERED,PASS,FAIL,FAIL,FAIL:CHECK_OB7_REQUIRED_SCHEDULE_ARTIFACT,,1025
AEI_P3_FORMAL_20260826T034308Z_9b5f3c2bdfbe,2,M9.10:8c60197386a54af6d06cac0996c81cbca4971ac83984afcf2a52fa27a5bb1b42,8c60197386a54af6d06cac0996c81cbca4971ac83984afcf2a52fa27a5bb1b42,M9,M9.10,CHECK_OB7_REQUIRED_SCHEDULE_ARTIFACT,CHECK_OB7_REQUIRED_SCHEDULE_ARTIFACT,EXPECTED_DETECTOR_MATCH,DETECTED_AS_PREREGISTERED,PASS,FAIL,FAIL,FAIL:CHECK_OB7_REQUIRED_SCHEDULE_ARTIFACT,,1026
AEI_P3_FORMAL_20260826T034308Z_9b5f3c2bdfbe,2,M9.10:8e3a1df6f55a6d53d21fd63c9dcda45cee6d1576c4989d45b40828d31e6d7281,8e3a1df6f55a6d53d21fd63c9dcda45cee6d1576c4989d45b40828d31e6d7281,M9,M9.10,CHECK_OB7_REQUIRED_SCHEDULE_ARTIFACT,CHECK_OB7_REQUIRED_SCHEDULE_ARTIFACT,EXPECTED_DETECTOR_MATCH,DETECTED_AS_PREREGISTERED,PASS,FAIL,FAIL,FAIL:CHECK_OB7_REQUIRED_SCHEDULE_ARTIFACT,,1027
AEI_P3_FORMAL_20260826T034308Z_9b5f3c2bdfbe,2,M9.10:97eb8ea8dfec0a163a4b54e1179247553055627de3df3d7a40c8879cacc64800,97eb8ea8dfec0a163a4b54e1179247553055627de3df3d7a40c8879cacc64800,M9,M9.10,CHECK_OB7_REQUIRED_SCHEDULE_ARTIFACT,CHECK_OB7_REQUIRED_SCHEDULE_ARTIFACT,EXPECTED_DETECTOR_MATCH,DETECTED_AS_PREREGISTERED,PASS,FAIL,FAIL,FAIL:CHECK_OB7_REQUIRED_SCHEDULE_ARTIFACT,,1028
AEI_P3_FORMAL_20260826T034308Z_9b5f3c2bdfbe,2,M9.10:9827288498c6ff63f3f7ec6f3bb833b53ac1c3cbaf59021addc82b6a8c08bae2,9827288498c6ff63f3f7ec6f3bb833b53ac1c3cbaf59021addc82b6a8c08bae2,M9,M9.10,CHECK_OB7_REQUIRED_SCHEDULE_ARTIFACT,CHECK_OB7_REQUIRED_SCHEDULE_ARTIFACT,EXPECTED_DETECTOR_MATCH,DETECTED_AS_PREREGISTERED,PASS,FAIL,FAIL,FAIL:CHECK_OB7_REQUIRED_SCHEDULE_ARTIFACT,,1029
AEI_P3_FORMAL_20260826T034308Z_9b5f3c2bdfbe,2,M9.10:9f7906189c782cba7c3a4cc9cb8785764c8ad3fb1e637423a7a310d6c438feb5,9f7906189c782cba7c3a4cc9cb8785764c8ad3fb1e637423a7a310d6c438feb5,M9,M9.10,CHECK_OB7_REQUIRED_SCHEDULE_ARTIFACT,CHECK_OB7_REQUIRED_SCHEDULE_ARTIFACT,EXPECTED_DETECTOR_MATCH,DETECTED_AS_PREREGISTERED,PASS,FAIL,FAIL,FAIL:CHECK_OB7_REQUIRED_SCHEDULE_ARTIFACT,,1030
AEI_P3_FORMAL_20260826T034308Z_9b5f3c2bdfbe,2,M9.10:aa5b4ee1688c71f1a3932cd7d9b629a08e31ef09728f3280c98c7636eecfb8d3,aa5b4ee1688c71f1a3932cd7d9b629a08e31ef09728f3280c98c7636eecfb8d3,M9,M9.10,CHECK_OB7_REQUIRED_SCHEDULE_ARTIFACT,CHECK_OB7_REQUIRED_SCHEDULE_ARTIFACT,EXPECTED_DETECTOR_MATCH,DETECTED_AS_PREREGISTERED,PASS,FAIL,FAIL,FAIL:CHECK_OB7_REQUIRED_SCHEDULE_ARTIFACT,,1031
AEI_P3_FORMAL_20260826T034308Z_9b5f3c2bdfbe,2,M9.10:aad646b14392b632d658225dedb7d3953424ab9ab19ebafdc67bd9a7f02eb50b,aad646b14392b632d658225dedb7d3953424ab9ab19ebafdc67bd9a7f02eb50b,M9,M9.10,CHECK_OB7_REQUIRED_SCHEDULE_ARTIFACT,CHECK_OB7_REQUIRED_SCHEDULE_ARTIFACT,EXPECTED_DETECTOR_MATCH,DETECTED_AS_PREREGISTERED,PASS,FAIL,FAIL,FAIL:CHECK_OB7_REQUIRED_SCHEDULE_ARTIFACT,,1032
AEI_P3_FORMAL_20260826T034308Z_9b5f3c2bdfbe,2,M9.10:abc8d6ba26b9728a25ebd17f4066aa5421f54fde1c1ef630cc33cb308c0fb8e5,abc8d6ba26b9728a25ebd17f4066aa5421f54fde1c1ef630cc33cb308c0fb8e5,M9,M9.10,CHECK_OB7_REQUIRED_SCHEDULE_ARTIFACT,CHECK_OB7_REQUIRED_SCHEDULE_ARTIFACT,EXPECTED_DETECTOR_MATCH,DETECTED_AS_PREREGISTERED,PASS,FAIL,FAIL,FAIL:CHECK_OB7_REQUIRED_SCHEDULE_ARTIFACT,,1033
AEI_P3_FORMAL_20260826T034308Z_9b5f3c2bdfbe,2,M9.10:b0f01f4c7ca822555039b9267d8985edbeb149abc0a710d6583cea634584f862,b0f01f4c7ca822555039b9267d8985edbeb149abc0a710d6583cea634584f862,M9,M9.10,CHECK_OB7_REQUIRED_SCHEDULE_ARTIFACT,CHECK_OB7_REQUIRED_SCHEDULE_ARTIFACT,EXPECTED_DETECTOR_MATCH,DETECTED_AS_PREREGISTERED,PASS,FAIL,FAIL,FAIL:CHECK_OB7_REQUIRED_SCHEDULE_ARTIFACT,,1034
AEI_P3_FORMAL_20260826T034308Z_9b5f3c2bdfbe,2,M9.10:b31f9c5cbf923f188771558357941c1a7d6a71089f67793c620cf7034a070eb2,b31f9c5cbf923f188771558357941c1a7d6a71089f67793c620cf7034a070eb2,M9,M9.10,CHECK_OB7_REQUIRED_SCHEDULE_ARTIFACT,CHECK_OB7_REQUIRED_SCHEDULE_ARTIFACT,EXPECTED_DETECTOR_MATCH,DETECTED_AS_PREREGISTERED,PASS,FAIL,FAIL,FAIL:CHECK_OB7_REQUIRED_SCHEDULE_ARTIFACT,,1035
AEI_P3_FORMAL_20260826T034308Z_9b5f3c2bdfbe,2,M9.10:b5c400c27e6dbb1cc8466c5ce68e1530b6d984599f3c01c36496b49b586ff5e3,b5c400c27e6dbb1cc8466c5ce68e1530b6d984599f3c01c36496b49b586ff5e3,M9,M9.10,CHECK_OB7_REQUIRED_SCHEDULE_ARTIFACT,CHECK_OB7_REQUIRED_SCHEDULE_ARTIFACT,EXPECTED_DETECTOR_MATCH,DETECTED_AS_PREREGISTERED,PASS,FAIL,FAIL,FAIL:CHECK_OB7_REQUIRED_SCHEDULE_ARTIFACT,,1036
AEI_P3_FORMAL_20260826T034308Z_9b5f3c2bdfbe,2,M9.10:bb3f15222034bdf87b9be499b27f859fe778b781693fd54677f83bd7531f0680,bb3f15222034bdf87b9be499b27f859fe778b781693fd54677f83bd7531f0680,M9,M9.10,CHECK_OB7_REQUIRED_SCHEDULE_ARTIFACT,CHECK_OB7_REQUIRED_SCHEDULE_ARTIFACT,EXPECTED_DETECTOR_MATCH,DETECTED_AS_PREREGISTERED,PASS,FAIL,FAIL,FAIL:CHECK_OB7_REQUIRED_SCHEDULE_ARTIFACT,,1037
AEI_P3_FORMAL_20260826T034308Z_9b5f3c2bdfbe,2,M9.10:ce18361670bfbcde2f3ff22167187aecef9164dedbf1198bc7563c147804780e,ce18361670bfbcde2f3ff22167187aecef9164dedbf1198bc7563c147804780e,M9,M9.10,CHECK_OB7_REQUIRED_SCHEDULE_ARTIFACT,CHECK_OB7_REQUIRED_SCHEDULE_ARTIFACT,EXPECTED_DETECTOR_MATCH,DETECTED_AS_PREREGISTERED,PASS,FAIL,FAIL,FAIL:CHECK_OB7_REQUIRED_SCHEDULE_ARTIFACT,,1038
AEI_P3_FORMAL_20260826T034308Z_9b5f3c2bdfbe,2,M9.10:ceae66508816dc9f5458c925c89f155658e6c78710a8753d337ac385481cc1bf,ceae66508816dc9f5458c925c89f155658e6c78710a8753d337ac385481cc1bf,M9,M9.10,CHECK_OB7_REQUIRED_SCHEDULE_ARTIFACT,CHECK_OB7_REQUIRED_SCHEDULE_ARTIFACT,EXPECTED_DETECTOR_MATCH,DETECTED_AS_PREREGISTERED,PASS,FAIL,FAIL,FAIL:CHECK_OB7_REQUIRED_SCHEDULE_ARTIFACT,,1039
AEI_P3_FORMAL_20260826T034308Z_9b5f3c2bdfbe,2,M9.10:d093d52f24139c1b6fb09b775beedd000f1a7b3716df906d7d36e91e7e848265,d093d52f24139c1b6fb09b775beedd000f1a7b3716df906d7d36e91e7e848265,M9,M9.10,CHECK_OB7_REQUIRED_SCHEDULE_ARTIFACT,CHECK_OB7_REQUIRED_SCHEDULE_ARTIFACT,EXPECTED_DETECTOR_MATCH,DETECTED_AS_PREREGISTERED,PASS,FAIL,FAIL,FAIL:CHECK_OB7_REQUIRED_SCHEDULE_ARTIFACT,,1040
AEI_P3_FORMAL_20260826T034308Z_9b5f3c2bdfbe,2,M9.10:d4b957654a5efd71168d6f7e67936e6abf4666ceb41e7919635002157b125411,d4b957654a5efd71168d6f7e67936e6abf4666ceb41e7919635002157b125411,M9,M9.10,CHECK_OB7_REQUIRED_SCHEDULE_ARTIFACT,CHECK_OB7_REQUIRED_SCHEDULE_ARTIFACT,EXPECTED_DETECTOR_MATCH,DETECTED_AS_PREREGISTERED,PASS,FAIL,FAIL,FAIL:CHECK_OB7_REQUIRED_SCHEDULE_ARTIFACT,,1041
AEI_P3_FORMAL_20260826T034308Z_9b5f3c2bdfbe,2,M9.10:d598e89b357205c7b4bd47c5ebbe933f8be1f7c8dcdee85e66ec6829cafb91d3,d598e89b357205c7b4bd47c5ebbe933f8be1f7c8dcdee85e66ec6829cafb91d3,M9,M9.10,CHECK_OB7_REQUIRED_SCHEDULE_ARTIFACT,CHECK_OB7_REQUIRED_SCHEDULE_ARTIFACT,EXPECTED_DETECTOR_MATCH,DETECTED_AS_PREREGISTERED,PASS,FAIL,FAIL,FAIL:CHECK_OB7_REQUIRED_SCHEDULE_ARTIFACT,,1042
AEI_P3_FORMAL_20260826T034308Z_9b5f3c2bdfbe,2,M9.10:eb3670bbe434a59cc94347384a5d50fb526d26a00dbf6da73e54438c4bacc2a0,eb3670bbe434a59cc94347384a5d50fb526d26a00dbf6da73e54438c4bacc2a0,M9,M9.10,CHECK_OB7_REQUIRED_SCHEDULE_ARTIFACT,CHECK_OB7_REQUIRED_SCHEDULE_ARTIFACT,EXPECTED_DETECTOR_MATCH,DETECTED_AS_PREREGISTERED,PASS,FAIL,FAIL,FAIL:CHECK_OB7_REQUIRED_SCHEDULE_ARTIFACT,,1043
AEI_P3_FORMAL_20260826T034308Z_9b5f3c2bdfbe,2,M9.10:f1e5fc58ea336e13c098308a2da00dee7de3dd3aa08d6170df4a3cb1afd09795,f1e5fc58ea336e13c098308a2da00dee7de3dd3aa08d6170df4a3cb1afd09795,M9,M9.10,CHECK_OB7_REQUIRED_SCHEDULE_ARTIFACT,CHECK_OB7_REQUIRED_SCHEDULE_ARTIFACT,EXPECTED_DETECTOR_MATCH,DETECTED_AS_PREREGISTERED,PASS,FAIL,FAIL,FAIL:CHECK_OB7_REQUIRED_SCHEDULE_ARTIFACT,,1044
AEI_P3_FORMAL_20260826T034308Z_9b5f3c2bdfbe,2,M9.10:f583baa2dad1527b5f84f71805410ee51b78fce2b1be62de49f1636c06821c7b,f583baa2dad1527b5f84f71805410ee51b78fce2b1be62de49f1636c06821c7b,M9,M9.10,CHECK_OB7_REQUIRED_SCHEDULE_ARTIFACT,CHECK_OB7_REQUIRED_SCHEDULE_ARTIFACT,EXPECTED_DETECTOR_MATCH,DETECTED_AS_PREREGISTERED,PASS,FAIL,FAIL,FAIL:CHECK_OB7_REQUIRED_SCHEDULE_ARTIFACT,,1045
AEI_P3_FORMAL_20260826T034308Z_9b5f3c2bdfbe,2,M9.10:f64f55ad9277004ae441909cd6556d26eeaf73d3eb3c537384be703615149f96,f64f55ad9277004ae441909cd6556d26eeaf73d3eb3c537384be703615149f96,M9,M9.10,CHECK_OB7_REQUIRED_SCHEDULE_ARTIFACT,CHECK_OB7_REQUIRED_SCHEDULE_ARTIFACT,EXPECTED_DETECTOR_MATCH,DETECTED_AS_PREREGISTERED,PASS,FAIL,FAIL,FAIL:CHECK_OB7_REQUIRED_SCHEDULE_ARTIFACT,,1046
AEI_P3_FORMAL_20260826T034308Z_9b5f3c2bdfbe,2,M9.10:f80e8a50e0815fda9eef8635e52671f3888786c4daef5767b8da7b74e4311646,f80e8a50e0815fda9eef8635e52671f3888786c4daef5767b8da7b74e4311646,M9,M9.10,CHECK_OB7_REQUIRED_SCHEDULE_ARTIFACT,CHECK_OB7_REQUIRED_SCHEDULE_ARTIFACT,EXPECTED_DETECTOR_MATCH,DETECTED_AS_PREREGISTERED,PASS,FAIL,FAIL,FAIL:CHECK_OB7_REQUIRED_SCHEDULE_ARTIFACT,,1047
AEI_P3_FORMAL_20260826T034308Z_9b5f3c2bdfbe,2,M9.10:f9ade00b139ce33674b05d1766de3ec85779abfd83f893a7b2437817100901d9,f9ade00b139ce33674b05d1766de3ec85779abfd83f893a7b2437817100901d9,M9,M9.10,CHECK_OB7_REQUIRED_SCHEDULE_ARTIFACT,CHECK_OB7_REQUIRED_SCHEDULE_ARTIFACT,EXPECTED_DETECTOR_MATCH,DETECTED_AS_PREREGISTERED,PASS,FAIL,FAIL,FAIL:CHECK_OB7_REQUIRED_SCHEDULE_ARTIFACT,,1048
AEI_P3_FORMAL_20260826T034308Z_9b5f3c2bdfbe,2,M9.10:feb26c8ce25b99d6b090e07fca86c8e2dbf3ff2d6b891634c4c71b179329ab47,feb26c8ce25b99d6b090e07fca86c8e2dbf3ff2d6b891634c4c71b179329ab47,M9,M9.10,CHECK_OB7_REQUIRED_SCHEDULE_ARTIFACT,CHECK_OB7_REQUIRED_SCHEDULE_ARTIFACT,EXPECTED_DETECTOR_MATCH,DETECTED_AS_PREREGISTERED,PASS,FAIL,FAIL,FAIL:CHECK_OB7_REQUIRED_SCHEDULE_ARTIFACT,,1049
AEI_P3_FORMAL_20260826T034308Z_9b5f3c2bdfbe,2,M9.11:052b2dfeb855619b4e74c70e7155e5699a6aebc572c887f1432462ecf4afce6b,052b2dfeb855619b4e74c70e7155e5699a6aebc572c887f1432462ecf4afce6b,M9,M9.11,CHECK_OB7_REQUIRED_SCHEDULE_ARTIFACT_SHA256,CHECK_OB7_REQUIRED_SCHEDULE_ARTIFACT_SHA256,EXPECTED_DETECTOR_MATCH,DETECTED_AS_PREREGISTERED,PASS,FAIL,FAIL,FAIL:CHECK_OB7_REQUIRED_SCHEDULE_ARTIFACT_SHA256,,1050
AEI_P3_FORMAL_20260826T034308Z_9b5f3c2bdfbe,2,M9.11:0edc936e36dbd00367c35ec096b127c69211776f53ead8d7b9619a78d9b3beb5,0edc936e36dbd00367c35ec096b127c69211776f53ead8d7b9619a78d9b3beb5,M9,M9.11,CHECK_OB7_REQUIRED_SCHEDULE_ARTIFACT_SHA256,CHECK_OB7_REQUIRED_SCHEDULE_ARTIFACT_SHA256,EXPECTED_DETECTOR_MATCH,DETECTED_AS_PREREGISTERED,PASS,FAIL,FAIL,FAIL:CHECK_OB7_REQUIRED_SCHEDULE_ARTIFACT_SHA256,,1051
AEI_P3_FORMAL_20260826T034308Z_9b5f3c2bdfbe,2,M9.11:19993579c580ecb799e1ce158990340e547863ae75c4be153b97908cb5cd08a2,19993579c580ecb799e1ce158990340e547863ae75c4be153b97908cb5cd08a2,M9,M9.11,CHECK_OB7_REQUIRED_SCHEDULE_ARTIFACT_SHA256,CHECK_OB7_REQUIRED_SCHEDULE_ARTIFACT_SHA256,EXPECTED_DETECTOR_MATCH,DETECTED_AS_PREREGISTERED,PASS,FAIL,FAIL,FAIL:CHECK_OB7_REQUIRED_SCHEDULE_ARTIFACT_SHA256,,1052
AEI_P3_FORMAL_20260826T034308Z_9b5f3c2bdfbe,2,M9.11:1bb3dc3f26212de23def1f2ca0d598d344fea56b8a73247e2f6390ebea07946d,1bb3dc3f26212de23def1f2ca0d598d344fea56b8a73247e2f6390ebea07946d,M9,M9.11,CHECK_OB7_REQUIRED_SCHEDULE_ARTIFACT_SHA256,CHECK_OB7_REQUIRED_SCHEDULE_ARTIFACT_SHA256,EXPECTED_DETECTOR_MATCH,DETECTED_AS_PREREGISTERED,PASS,FAIL,FAIL,FAIL:CHECK_OB7_REQUIRED_SCHEDULE_ARTIFACT_SHA256,,1053
AEI_P3_FORMAL_20260826T034308Z_9b5f3c2bdfbe,2,M9.11:2443e5a3d32298289c0b98d2a7d3a03cbf4194a7adecf97293b0ac348944ba9e,2443e5a3d32298289c0b98d2a7d3a03cbf4194a7adecf97293b0ac348944ba9e,M9,M9.11,CHECK_OB7_REQUIRED_SCHEDULE_ARTIFACT_SHA256,CHECK_OB7_REQUIRED_SCHEDULE_ARTIFACT_SHA256,EXPECTED_DETECTOR_MATCH,DETECTED_AS_PREREGISTERED,PASS,FAIL,FAIL,FAIL:CHECK_OB7_REQUIRED_SCHEDULE_ARTIFACT_SHA256,,1054
AEI_P3_FORMAL_20260826T034308Z_9b5f3c2bdfbe,2,M9.11:245cb7ed72fd0a10da80157bd648a7ae9e8bd9ef722909fe778d274715ad67b3,245cb7ed72fd0a10da80157bd648a7ae9e8bd9ef722909fe778d274715ad67b3,M9,M9.11,CHECK_OB7_REQUIRED_SCHEDULE_ARTIFACT_SHA256,CHECK_OB7_REQUIRED_SCHEDULE_ARTIFACT_SHA256,EXPECTED_DETECTOR_MATCH,DETECTED_AS_PREREGISTERED,PASS,FAIL,FAIL,FAIL:CHECK_OB7_REQUIRED_SCHEDULE_ARTIFACT_SHA256,,1055
AEI_P3_FORMAL_20260826T034308Z_9b5f3c2bdfbe,2,M9.11:268469c82535bf1ba82a82324d755f40ad8bc7255c875b8e25c2d7943cff1ff3,268469c82535bf1ba82a82324d755f40ad8bc7255c875b8e25c2d7943cff1ff3,M9,M9.11,CHECK_OB7_REQUIRED_SCHEDULE_ARTIFACT_SHA256,CHECK_OB7_REQUIRED_SCHEDULE_ARTIFACT_SHA256,EXPECTED_DETECTOR_MATCH,DETECTED_AS_PREREGISTERED,PASS,FAIL,FAIL,FAIL:CHECK_OB7_REQUIRED_SCHEDULE_ARTIFACT_SHA256,,1056
AEI_P3_FORMAL_20260826T034308Z_9b5f3c2bdfbe,2,M9.11:2908e9ba69598735be8757d9b153473f5bacec1feb89ecff91ce994824a10178,2908e9ba69598735be8757d9b153473f5bacec1feb89ecff91ce994824a10178,M9,M9.11,CHECK_OB7_REQUIRED_SCHEDULE_ARTIFACT_SHA256,CHECK_OB7_REQUIRED_SCHEDULE_ARTIFACT_SHA256,EXPECTED_DETECTOR_MATCH,DETECTED_AS_PREREGISTERED,PASS,FAIL,FAIL,FAIL:CHECK_OB7_REQUIRED_SCHEDULE_ARTIFACT_SHA256,,1057
AEI_P3_FORMAL_20260826T034308Z_9b5f3c2bdfbe,2,M9.11:474b6ef7aac2feb7cb9195d7d3644f0d53d378eb4518ef87a9a2f7714d8ef3d5,474b6ef7aac2feb7cb9195d7d3644f0d53d378eb4518ef87a9a2f7714d8ef3d5,M9,M9.11,CHECK_OB7_REQUIRED_SCHEDULE_ARTIFACT_SHA256,CHECK_OB7_REQUIRED_SCHEDULE_ARTIFACT_SHA256,EXPECTED_DETECTOR_MATCH,DETECTED_AS_PREREGISTERED,PASS,FAIL,FAIL,FAIL:CHECK_OB7_REQUIRED_SCHEDULE_ARTIFACT_SHA256,,1058
AEI_P3_FORMAL_20260826T034308Z_9b5f3c2bdfbe,2,M9.11:4fafb9a13ff5e2fda82a804bf609727b68a17926d69ae1574c4801604ec81359,4fafb9a13ff5e2fda82a804bf609727b68a17926d69ae1574c4801604ec81359,M9,M9.11,CHECK_OB7_REQUIRED_SCHEDULE_ARTIFACT_SHA256,CHECK_OB7_REQUIRED_SCHEDULE_ARTIFACT_SHA256,EXPECTED_DETECTOR_MATCH,DETECTED_AS_PREREGISTERED,PASS,FAIL,FAIL,FAIL:CHECK_OB7_REQUIRED_SCHEDULE_ARTIFACT_SHA256,,1059
AEI_P3_FORMAL_20260826T034308Z_9b5f3c2bdfbe,2,M9.11:54349d927b9070c144f507868f9ef8b962c7c926426b33c3a7e0c88f715b246a,54349d927b9070c144f507868f9ef8b962c7c926426b33c3a7e0c88f715b246a,M9,M9.11,CHECK_OB7_REQUIRED_SCHEDULE_ARTIFACT_SHA256,CHECK_OB7_REQUIRED_SCHEDULE_ARTIFACT_SHA256,EXPECTED_DETECTOR_MATCH,DETECTED_AS_PREREGISTERED,PASS,FAIL,FAIL,FAIL:CHECK_OB7_REQUIRED_SCHEDULE_ARTIFACT_SHA256,,1060
AEI_P3_FORMAL_20260826T034308Z_9b5f3c2bdfbe,2,M9.11:558b8365de15727bf495595ed539867872c185b280ea249712f3b1d5f8674cd5,558b8365de15727bf495595ed539867872c185b280ea249712f3b1d5f8674cd5,M9,M9.11,CHECK_OB7_REQUIRED_SCHEDULE_ARTIFACT_SHA256,CHECK_OB7_REQUIRED_SCHEDULE_ARTIFACT_SHA256,EXPECTED_DETECTOR_MATCH,DETECTED_AS_PREREGISTERED,PASS,FAIL,FAIL,FAIL:CHECK_OB7_REQUIRED_SCHEDULE_ARTIFACT_SHA256,,1061
AEI_P3_FORMAL_20260826T034308Z_9b5f3c2bdfbe,2,M9.11:5ecccd77f46ab5549088b57686632a9eb5ccf1a5a977fbe35cfae6a50eca52bb,5ecccd77f46ab5549088b57686632a9eb5ccf1a5a977fbe35cfae6a50eca52bb,M9,M9.11,CHECK_OB7_REQUIRED_SCHEDULE_ARTIFACT_SHA256,CHECK_OB7_REQUIRED_SCHEDULE_ARTIFACT_SHA256,EXPECTED_DETECTOR_MATCH,DETECTED_AS_PREREGISTERED,PASS,FAIL,FAIL,FAIL:CHECK_OB7_REQUIRED_SCHEDULE_ARTIFACT_SHA256,,1062
AEI_P3_FORMAL_20260826T034308Z_9b5f3c2bdfbe,2,M9.11:5f24b2bbe16d5c8f667064d5031553e1dd9c4d9dbb7e0757cb922d9ba47928d5,5f24b2bbe16d5c8f667064d5031553e1dd9c4d9dbb7e0757cb922d9ba47928d5,M9,M9.11,CHECK_OB7_REQUIRED_SCHEDULE_ARTIFACT_SHA256,CHECK_OB7_REQUIRED_SCHEDULE_ARTIFACT_SHA256,EXPECTED_DETECTOR_MATCH,DETECTED_AS_PREREGISTERED,PASS,FAIL,FAIL,FAIL:CHECK_OB7_REQUIRED_SCHEDULE_ARTIFACT_SHA256,,1063
AEI_P3_FORMAL_20260826T034308Z_9b5f3c2bdfbe,2,M9.11:61f77c0251bcd2bbb51e6bff7e048bfcda7139b4e796314d32b47961ac3b5c1b,61f77c0251bcd2bbb51e6bff7e048bfcda7139b4e796314d32b47961ac3b5c1b,M9,M9.11,CHECK_OB7_REQUIRED_SCHEDULE_ARTIFACT_SHA256,CHECK_OB7_REQUIRED_SCHEDULE_ARTIFACT_SHA256,EXPECTED_DETECTOR_MATCH,DETECTED_AS_PREREGISTERED,PASS,FAIL,FAIL,FAIL:CHECK_OB7_REQUIRED_SCHEDULE_ARTIFACT_SHA256,,1064
AEI_P3_FORMAL_20260826T034308Z_9b5f3c2bdfbe,2,M9.11:634f3d08fd93ba622176ea6c9ff7ff1fb9d57a9b14f936f27d1460655fc20d72,634f3d08fd93ba622176ea6c9ff7ff1fb9d57a9b14f936f27d1460655fc20d72,M9,M9.11,CHECK_OB7_REQUIRED_SCHEDULE_ARTIFACT_SHA256,CHECK_OB7_REQUIRED_SCHEDULE_ARTIFACT_SHA256,EXPECTED_DETECTOR_MATCH,DETECTED_AS_PREREGISTERED,PASS,FAIL,FAIL,FAIL:CHECK_OB7_REQUIRED_SCHEDULE_ARTIFACT_SHA256,,1065
AEI_P3_FORMAL_20260826T034308Z_9b5f3c2bdfbe,2,M9.11:73cdcc11d1c23e47664696979a9b12b94deb5da000c18f37a8d7c0b641090788,73cdcc11d1c23e47664696979a9b12b94deb5da000c18f37a8d7c0b641090788,M9,M9.11,CHECK_OB7_REQUIRED_SCHEDULE_ARTIFACT_SHA256,CHECK_OB7_REQUIRED_SCHEDULE_ARTIFACT_SHA256,EXPECTED_DETECTOR_MATCH,DETECTED_AS_PREREGISTERED,PASS,FAIL,FAIL,FAIL:CHECK_OB7_REQUIRED_SCHEDULE_ARTIFACT_SHA256,,1066
AEI_P3_FORMAL_20260826T034308Z_9b5f3c2bdfbe,2,M9.11:7dc2cc636acd7eeb3db7367222360894cac918d6adca467d2f7a79960bbe8b1c,7dc2cc636acd7eeb3db7367222360894cac918d6adca467d2f7a79960bbe8b1c,M9,M9.11,CHECK_OB7_REQUIRED_SCHEDULE_ARTIFACT_SHA256,CHECK_OB7_REQUIRED_SCHEDULE_ARTIFACT_SHA256,EXPECTED_DETECTOR_MATCH,DETECTED_AS_PREREGISTERED,PASS,FAIL,FAIL,FAIL:CHECK_OB7_REQUIRED_SCHEDULE_ARTIFACT_SHA256,,1067
AEI_P3_FORMAL_20260826T034308Z_9b5f3c2bdfbe,2,M9.11:8c60197386a54af6d06cac0996c81cbca4971ac83984afcf2a52fa27a5bb1b42,8c60197386a54af6d06cac0996c81cbca4971ac83984afcf2a52fa27a5bb1b42,M9,M9.11,CHECK_OB7_REQUIRED_SCHEDULE_ARTIFACT_SHA256,CHECK_OB7_REQUIRED_SCHEDULE_ARTIFACT_SHA256,EXPECTED_DETECTOR_MATCH,DETECTED_AS_PREREGISTERED,PASS,FAIL,FAIL,FAIL:CHECK_OB7_REQUIRED_SCHEDULE_ARTIFACT_SHA256,,1068
AEI_P3_FORMAL_20260826T034308Z_9b5f3c2bdfbe,2,M9.11:8e3a1df6f55a6d53d21fd63c9dcda45cee6d1576c4989d45b40828d31e6d7281,8e3a1df6f55a6d53d21fd63c9dcda45cee6d1576c4989d45b40828d31e6d7281,M9,M9.11,CHECK_OB7_REQUIRED_SCHEDULE_ARTIFACT_SHA256,CHECK_OB7_REQUIRED_SCHEDULE_ARTIFACT_SHA256,EXPECTED_DETECTOR_MATCH,DETECTED_AS_PREREGISTERED,PASS,FAIL,FAIL,FAIL:CHECK_OB7_REQUIRED_SCHEDULE_ARTIFACT_SHA256,,1069
AEI_P3_FORMAL_20260826T034308Z_9b5f3c2bdfbe,2,M9.11:97eb8ea8dfec0a163a4b54e1179247553055627de3df3d7a40c8879cacc64800,97eb8ea8dfec0a163a4b54e1179247553055627de3df3d7a40c8879cacc64800,M9,M9.11,CHECK_OB7_REQUIRED_SCHEDULE_ARTIFACT_SHA256,CHECK_OB7_REQUIRED_SCHEDULE_ARTIFACT_SHA256,EXPECTED_DETECTOR_MATCH,DETECTED_AS_PREREGISTERED,PASS,FAIL,FAIL,FAIL:CHECK_OB7_REQUIRED_SCHEDULE_ARTIFACT_SHA256,,1070
AEI_P3_FORMAL_20260826T034308Z_9b5f3c2bdfbe,2,M9.11:9827288498c6ff63f3f7ec6f3bb833b53ac1c3cbaf59021addc82b6a8c08bae2,9827288498c6ff63f3f7ec6f3bb833b53ac1c3cbaf59021addc82b6a8c08bae2,M9,M9.11,CHECK_OB7_REQUIRED_SCHEDULE_ARTIFACT_SHA256,CHECK_OB7_REQUIRED_SCHEDULE_ARTIFACT_SHA256,EXPECTED_DETECTOR_MATCH,DETECTED_AS_PREREGISTERED,PASS,FAIL,FAIL,FAIL:CHECK_OB7_REQUIRED_SCHEDULE_ARTIFACT_SHA256,,1071
AEI_P3_FORMAL_20260826T034308Z_9b5f3c2bdfbe,2,M9.11:9f7906189c782cba7c3a4cc9cb8785764c8ad3fb1e637423a7a310d6c438feb5,9f7906189c782cba7c3a4cc9cb8785764c8ad3fb1e637423a7a310d6c438feb5,M9,M9.11,CHECK_OB7_REQUIRED_SCHEDULE_ARTIFACT_SHA256,CHECK_OB7_REQUIRED_SCHEDULE_ARTIFACT_SHA256,EXPECTED_DETECTOR_MATCH,DETECTED_AS_PREREGISTERED,PASS,FAIL,FAIL,FAIL:CHECK_OB7_REQUIRED_SCHEDULE_ARTIFACT_SHA256,,1072
AEI_P3_FORMAL_20260826T034308Z_9b5f3c2bdfbe,2,M9.11:aa5b4ee1688c71f1a3932cd7d9b629a08e31ef09728f3280c98c7636eecfb8d3,aa5b4ee1688c71f1a3932cd7d9b629a08e31ef09728f3280c98c7636eecfb8d3,M9,M9.11,CHECK_OB7_REQUIRED_SCHEDULE_ARTIFACT_SHA256,CHECK_OB7_REQUIRED_SCHEDULE_ARTIFACT_SHA256,EXPECTED_DETECTOR_MATCH,DETECTED_AS_PREREGISTERED,PASS,FAIL,FAIL,FAIL:CHECK_OB7_REQUIRED_SCHEDULE_ARTIFACT_SHA256,,1073
AEI_P3_FORMAL_20260826T034308Z_9b5f3c2bdfbe,2,M9.11:aad646b14392b632d658225dedb7d3953424ab9ab19ebafdc67bd9a7f02eb50b,aad646b14392b632d658225dedb7d3953424ab9ab19ebafdc67bd9a7f02eb50b,M9,M9.11,CHECK_OB7_REQUIRED_SCHEDULE_ARTIFACT_SHA256,CHECK_OB7_REQUIRED_SCHEDULE_ARTIFACT_SHA256,EXPECTED_DETECTOR_MATCH,DETECTED_AS_PREREGISTERED,PASS,FAIL,FAIL,FAIL:CHECK_OB7_REQUIRED_SCHEDULE_ARTIFACT_SHA256,,1074
AEI_P3_FORMAL_20260826T034308Z_9b5f3c2bdfbe,2,M9.11:abc8d6ba26b9728a25ebd17f4066aa5421f54fde1c1ef630cc33cb308c0fb8e5,abc8d6ba26b9728a25ebd17f4066aa5421f54fde1c1ef630cc33cb308c0fb8e5,M9,M9.11,CHECK_OB7_REQUIRED_SCHEDULE_ARTIFACT_SHA256,CHECK_OB7_REQUIRED_SCHEDULE_ARTIFACT_SHA256,EXPECTED_DETECTOR_MATCH,DETECTED_AS_PREREGISTERED,PASS,FAIL,FAIL,FAIL:CHECK_OB7_REQUIRED_SCHEDULE_ARTIFACT_SHA256,,1075
AEI_P3_FORMAL_20260826T034308Z_9b5f3c2bdfbe,2,M9.11:b0f01f4c7ca822555039b9267d8985edbeb149abc0a710d6583cea634584f862,b0f01f4c7ca822555039b9267d8985edbeb149abc0a710d6583cea634584f862,M9,M9.11,CHECK_OB7_REQUIRED_SCHEDULE_ARTIFACT_SHA256,CHECK_OB7_REQUIRED_SCHEDULE_ARTIFACT_SHA256,EXPECTED_DETECTOR_MATCH,DETECTED_AS_PREREGISTERED,PASS,FAIL,FAIL,FAIL:CHECK_OB7_REQUIRED_SCHEDULE_ARTIFACT_SHA256,,1076
AEI_P3_FORMAL_20260826T034308Z_9b5f3c2bdfbe,2,M9.11:b31f9c5cbf923f188771558357941c1a7d6a71089f67793c620cf7034a070eb2,b31f9c5cbf923f188771558357941c1a7d6a71089f67793c620cf7034a070eb2,M9,M9.11,CHECK_OB7_REQUIRED_SCHEDULE_ARTIFACT_SHA256,CHECK_OB7_REQUIRED_SCHEDULE_ARTIFACT_SHA256,EXPECTED_DETECTOR_MATCH,DETECTED_AS_PREREGISTERED,PASS,FAIL,FAIL,FAIL:CHECK_OB7_REQUIRED_SCHEDULE_ARTIFACT_SHA256,,1077
AEI_P3_FORMAL_20260826T034308Z_9b5f3c2bdfbe,2,M9.11:b5c400c27e6dbb1cc8466c5ce68e1530b6d984599f3c01c36496b49b586ff5e3,b5c400c27e6dbb1cc8466c5ce68e1530b6d984599f3c01c36496b49b586ff5e3,M9,M9.11,CHECK_OB7_REQUIRED_SCHEDULE_ARTIFACT_SHA256,CHECK_OB7_REQUIRED_SCHEDULE_ARTIFACT_SHA256,EXPECTED_DETECTOR_MATCH,DETECTED_AS_PREREGISTERED,PASS,FAIL,FAIL,FAIL:CHECK_OB7_REQUIRED_SCHEDULE_ARTIFACT_SHA256,,1078
AEI_P3_FORMAL_20260826T034308Z_9b5f3c2bdfbe,2,M9.11:bb3f15222034bdf87b9be499b27f859fe778b781693fd54677f83bd7531f0680,bb3f15222034bdf87b9be499b27f859fe778b781693fd54677f83bd7531f0680,M9,M9.11,CHECK_OB7_REQUIRED_SCHEDULE_ARTIFACT_SHA256,CHECK_OB7_REQUIRED_SCHEDULE_ARTIFACT_SHA256,EXPECTED_DETECTOR_MATCH,DETECTED_AS_PREREGISTERED,PASS,FAIL,FAIL,FAIL:CHECK_OB7_REQUIRED_SCHEDULE_ARTIFACT_SHA256,,1079
AEI_P3_FORMAL_20260826T034308Z_9b5f3c2bdfbe,2,M9.11:ce18361670bfbcde2f3ff22167187aecef9164dedbf1198bc7563c147804780e,ce18361670bfbcde2f3ff22167187aecef9164dedbf1198bc7563c147804780e,M9,M9.11,CHECK_OB7_REQUIRED_SCHEDULE_ARTIFACT_SHA256,CHECK_OB7_REQUIRED_SCHEDULE_ARTIFACT_SHA256,EXPECTED_DETECTOR_MATCH,DETECTED_AS_PREREGISTERED,PASS,FAIL,FAIL,FAIL:CHECK_OB7_REQUIRED_SCHEDULE_ARTIFACT_SHA256,,1080
AEI_P3_FORMAL_20260826T034308Z_9b5f3c2bdfbe,2,M9.11:ceae66508816dc9f5458c925c89f155658e6c78710a8753d337ac385481cc1bf,ceae66508816dc9f5458c925c89f155658e6c78710a8753d337ac385481cc1bf,M9,M9.11,CHECK_OB7_REQUIRED_SCHEDULE_ARTIFACT_SHA256,CHECK_OB7_REQUIRED_SCHEDULE_ARTIFACT_SHA256,EXPECTED_DETECTOR_MATCH,DETECTED_AS_PREREGISTERED,PASS,FAIL,FAIL,FAIL:CHECK_OB7_REQUIRED_SCHEDULE_ARTIFACT_SHA256,,1081
AEI_P3_FORMAL_20260826T034308Z_9b5f3c2bdfbe,2,M9.11:d093d52f24139c1b6fb09b775beedd000f1a7b3716df906d7d36e91e7e848265,d093d52f24139c1b6fb09b775beedd000f1a7b3716df906d7d36e91e7e848265,M9,M9.11,CHECK_OB7_REQUIRED_SCHEDULE_ARTIFACT_SHA256,CHECK_OB7_REQUIRED_SCHEDULE_ARTIFACT_SHA256,EXPECTED_DETECTOR_MATCH,DETECTED_AS_PREREGISTERED,PASS,FAIL,FAIL,FAIL:CHECK_OB7_REQUIRED_SCHEDULE_ARTIFACT_SHA256,,1082
AEI_P3_FORMAL_20260826T034308Z_9b5f3c2bdfbe,2,M9.11:d4b957654a5efd71168d6f7e67936e6abf4666ceb41e7919635002157b125411,d4b957654a5efd71168d6f7e67936e6abf4666ceb41e7919635002157b125411,M9,M9.11,CHECK_OB7_REQUIRED_SCHEDULE_ARTIFACT_SHA256,CHECK_OB7_REQUIRED_SCHEDULE_ARTIFACT_SHA256,EXPECTED_DETECTOR_MATCH,DETECTED_AS_PREREGISTERED,PASS,FAIL,FAIL,FAIL:CHECK_OB7_REQUIRED_SCHEDULE_ARTIFACT_SHA256,,1083
AEI_P3_FORMAL_20260826T034308Z_9b5f3c2bdfbe,2,M9.11:d598e89b357205c7b4bd47c5ebbe933f8be1f7c8dcdee85e66ec6829cafb91d3,d598e89b357205c7b4bd47c5ebbe933f8be1f7c8dcdee85e66ec6829cafb91d3,M9,M9.11,CHECK_OB7_REQUIRED_SCHEDULE_ARTIFACT_SHA256,CHECK_OB7_REQUIRED_SCHEDULE_ARTIFACT_SHA256,EXPECTED_DETECTOR_MATCH,DETECTED_AS_PREREGISTERED,PASS,FAIL,FAIL,FAIL:CHECK_OB7_REQUIRED_SCHEDULE_ARTIFACT_SHA256,,1084
AEI_P3_FORMAL_20260826T034308Z_9b5f3c2bdfbe,2,M9.11:eb3670bbe434a59cc94347384a5d50fb526d26a00dbf6da73e54438c4bacc2a0,eb3670bbe434a59cc94347384a5d50fb526d26a00dbf6da73e54438c4bacc2a0,M9,M9.11,CHECK_OB7_REQUIRED_SCHEDULE_ARTIFACT_SHA256,CHECK_OB7_REQUIRED_SCHEDULE_ARTIFACT_SHA256,EXPECTED_DETECTOR_MATCH,DETECTED_AS_PREREGISTERED,PASS,FAIL,FAIL,FAIL:CHECK_OB7_REQUIRED_SCHEDULE_ARTIFACT_SHA256,,1085
AEI_P3_FORMAL_20260826T034308Z_9b5f3c2bdfbe,2,M9.11:f1e5fc58ea336e13c098308a2da00dee7de3dd3aa08d6170df4a3cb1afd09795,f1e5fc58ea336e13c098308a2da00dee7de3dd3aa08d6170df4a3cb1afd09795,M9,M9.11,CHECK_OB7_REQUIRED_SCHEDULE_ARTIFACT_SHA256,CHECK_OB7_REQUIRED_SCHEDULE_ARTIFACT_SHA256,EXPECTED_DETECTOR_MATCH,DETECTED_AS_PREREGISTERED,PASS,FAIL,FAIL,FAIL:CHECK_OB7_REQUIRED_SCHEDULE_ARTIFACT_SHA256,,1086
AEI_P3_FORMAL_20260826T034308Z_9b5f3c2bdfbe,2,M9.11:f583baa2dad1527b5f84f71805410ee51b78fce2b1be62de49f1636c06821c7b,f583baa2dad1527b5f84f71805410ee51b78fce2b1be62de49f1636c06821c7b,M9,M9.11,CHECK_OB7_REQUIRED_SCHEDULE_ARTIFACT_SHA256,CHECK_OB7_REQUIRED_SCHEDULE_ARTIFACT_SHA256,EXPECTED_DETECTOR_MATCH,DETECTED_AS_PREREGISTERED,PASS,FAIL,FAIL,FAIL:CHECK_OB7_REQUIRED_SCHEDULE_ARTIFACT_SHA256,,1087
AEI_P3_FORMAL_20260826T034308Z_9b5f3c2bdfbe,2,M9.11:f64f55ad9277004ae441909cd6556d26eeaf73d3eb3c537384be703615149f96,f64f55ad9277004ae441909cd6556d26eeaf73d3eb3c537384be703615149f96,M9,M9.11,CHECK_OB7_REQUIRED_SCHEDULE_ARTIFACT_SHA256,CHECK_OB7_REQUIRED_SCHEDULE_ARTIFACT_SHA256,EXPECTED_DETECTOR_MATCH,DETECTED_AS_PREREGISTERED,PASS,FAIL,FAIL,FAIL:CHECK_OB7_REQUIRED_SCHEDULE_ARTIFACT_SHA256,,1088
AEI_P3_FORMAL_20260826T034308Z_9b5f3c2bdfbe,2,M9.11:f80e8a50e0815fda9eef8635e52671f3888786c4daef5767b8da7b74e4311646,f80e8a50e0815fda9eef8635e52671f3888786c4daef5767b8da7b74e4311646,M9,M9.11,CHECK_OB7_REQUIRED_SCHEDULE_ARTIFACT_SHA256,CHECK_OB7_REQUIRED_SCHEDULE_ARTIFACT_SHA256,EXPECTED_DETECTOR_MATCH,DETECTED_AS_PREREGISTERED,PASS,FAIL,FAIL,FAIL:CHECK_OB7_REQUIRED_SCHEDULE_ARTIFACT_SHA256,,1089
AEI_P3_FORMAL_20260826T034308Z_9b5f3c2bdfbe,2,M9.11:f9ade00b139ce33674b05d1766de3ec85779abfd83f893a7b2437817100901d9,f9ade00b139ce33674b05d1766de3ec85779abfd83f893a7b2437817100901d9,M9,M9.11,CHECK_OB7_REQUIRED_SCHEDULE_ARTIFACT_SHA256,CHECK_OB7_REQUIRED_SCHEDULE_ARTIFACT_SHA256,EXPECTED_DETECTOR_MATCH,DETECTED_AS_PREREGISTERED,PASS,FAIL,FAIL,FAIL:CHECK_OB7_REQUIRED_SCHEDULE_ARTIFACT_SHA256,,1090
AEI_P3_FORMAL_20260826T034308Z_9b5f3c2bdfbe,2,M9.11:feb26c8ce25b99d6b090e07fca86c8e2dbf3ff2d6b891634c4c71b179329ab47,feb26c8ce25b99d6b090e07fca86c8e2dbf3ff2d6b891634c4c71b179329ab47,M9,M9.11,CHECK_OB7_REQUIRED_SCHEDULE_ARTIFACT_SHA256,CHECK_OB7_REQUIRED_SCHEDULE_ARTIFACT_SHA256,EXPECTED_DETECTOR_MATCH,DETECTED_AS_PREREGISTERED,PASS,FAIL,FAIL,FAIL:CHECK_OB7_REQUIRED_SCHEDULE_ARTIFACT_SHA256,,1091
