component_id,artifact_id,source_population,stratum,attack_related,raw_component_median_latency_ns,paired_h0_median_latency_ns,composed_path_median_latency_ns,paired_component_minus_load_difference_median_ns,peak_traced_allocation_bytes,canonical_bytes,bundle_bytes,N_operations,N_modes,schedule_operation_count,recorded_repetitions
H1,052b2dfeb855619b4e74c70e7155e5699a6aebc572c887f1432462ecf4afce6b,A26_RETAINED_ACCEPTED_BUNDLES_V1,accepted,False,19741950.0,9796800.0,29618150.0,9884750.0,5129262,755121,755121,150,451,150,100
H1,0edc936e36dbd00367c35ec096b127c69211776f53ead8d7b9619a78d9b3beb5,A26_RETAINED_ACCEPTED_BUNDLES_V1,accepted,False,20584650.0,10031450.0,30690250.0,10337850.0,5149958,779480,779480,150,490,150,100
H1,19993579c580ecb799e1ce158990340e547863ae75c4be153b97908cb5cd08a2,A26_RETAINED_ACCEPTED_BUNDLES_V1,accepted,False,9708650.0,5199850.0,15031300.0,4404000.0,2680623,376417,376417,90,172,90,100
H1,1bb3dc3f26212de23def1f2ca0d598d344fea56b8a73247e2f6390ebea07946d,A26_RETAINED_ACCEPTED_BUNDLES_V1,accepted,False,9802950.0,4981150.0,14926250.0,4847750.0,2681553,376647,376647,90,172,90,100
H1,2443e5a3d32298289c0b98d2a7d3a03cbf4194a7adecf97293b0ac348944ba9e,A26_RETAINED_ACCEPTED_BUNDLES_V1,accepted,False,19715700.0,9754200.0,29639400.0,10057900.0,5117288,755111,755111,150,451,150,100
H1,245cb7ed72fd0a10da80157bd648a7ae9e8bd9ef722909fe778d274715ad67b3,A26_RETAINED_ACCEPTED_BUNDLES_V1,accepted,False,9353100.0,5111750.0,14518900.0,4191950.0,2610302,369530,369530,90,172,90,100
H1,268469c82535bf1ba82a82324d755f40ad8bc7255c875b8e25c2d7943cff1ff3,A26_RETAINED_ACCEPTED_BUNDLES_V1,accepted,False,20586250.0,9958750.0,30716250.0,10408600.0,5162580,779262,779262,150,490,150,100
H1,2908e9ba69598735be8757d9b153473f5bacec1feb89ecff91ce994824a10178,A26_RETAINED_ACCEPTED_BUNDLES_V1,accepted,False,20705950.0,10052200.0,31041250.0,10679800.0,5149489,778769,778769,150,490,150,100
H1,474b6ef7aac2feb7cb9195d7d3644f0d53d378eb4518ef87a9a2f7714d8ef3d5,A26_RETAINED_ACCEPTED_BUNDLES_V1,accepted,False,9604850.0,5139550.0,14824250.0,4464100.0,2640955,371559,371559,90,172,90,100
H1,4fafb9a13ff5e2fda82a804bf609727b68a17926d69ae1574c4801604ec81359,A26_RETAINED_ACCEPTED_BUNDLES_V1,accepted,False,9718300.0,5237050.0,14999050.0,4427350.0,2640925,371549,371549,90,172,90,100
H1,54349d927b9070c144f507868f9ef8b962c7c926426b33c3a7e0c88f715b246a,A26_RETAINED_ACCEPTED_BUNDLES_V1,accepted,False,9487100.0,5237800.0,14826050.0,4394400.0,2640702,371510,371510,90,172,90,100
H1,558b8365de15727bf495595ed539867872c185b280ea249712f3b1d5f8674cd5,A26_RETAINED_ACCEPTED_BUNDLES_V1,accepted,False,9642150.0,5283250.0,14999900.0,4268600.0,2640865,371529,371529,90,172,90,100
H1,5ecccd77f46ab5549088b57686632a9eb5ccf1a5a977fbe35cfae6a50eca52bb,A26_RETAINED_ACCEPTED_BUNDLES_V1,accepted,False,9523650.0,5097100.0,14643900.0,4607850.0,2596544,366528,366528,90,172,90,100
H1,5f24b2bbe16d5c8f667064d5031553e1dd9c4d9dbb7e0757cb922d9ba47928d5,A26_RETAINED_ACCEPTED_BUNDLES_V1,accepted,False,9547600.0,5259950.0,14923000.0,4241050.0,2641423,371715,371715,90,172,90,100
H1,61f77c0251bcd2bbb51e6bff7e048bfcda7139b4e796314d32b47961ac3b5c1b,A26_RETAINED_ACCEPTED_BUNDLES_V1,accepted,False,9609450.0,5262950.0,14989900.0,4402400.0,2648478,373222,373222,90,172,90,100
H1,634f3d08fd93ba622176ea6c9ff7ff1fb9d57a9b14f936f27d1460655fc20d72,A26_RETAINED_ACCEPTED_BUNDLES_V1,accepted,False,9448900.0,5167900.0,14732650.0,4322450.0,2608943,369189,369189,90,172,90,100
H1,73cdcc11d1c23e47664696979a9b12b94deb5da000c18f37a8d7c0b641090788,A26_RETAINED_ACCEPTED_BUNDLES_V1,accepted,False,19990250.0,9720550.0,29870850.0,10165850.0,5117669,755370,755370,150,451,150,100
H1,7dc2cc636acd7eeb3db7367222360894cac918d6adca467d2f7a79960bbe8b1c,A26_RETAINED_ACCEPTED_BUNDLES_V1,accepted,False,9680350.0,5213800.0,14912950.0,4435450.0,2643402,372138,372138,90,172,90,100
H1,8c60197386a54af6d06cac0996c81cbca4971ac83984afcf2a52fa27a5bb1b42,A26_RETAINED_ACCEPTED_BUNDLES_V1,accepted,False,9632000.0,5279300.0,15109250.0,4294600.0,2643723,372245,372245,90,172,90,100
H1,8e3a1df6f55a6d53d21fd63c9dcda45cee6d1576c4989d45b40828d31e6d7281,A26_RETAINED_ACCEPTED_BUNDLES_V1,accepted,False,9652600.0,5406550.0,15149350.0,4237400.0,2641089,371639,371639,90,172,90,100
H1,97eb8ea8dfec0a163a4b54e1179247553055627de3df3d7a40c8879cacc64800,A26_RETAINED_ACCEPTED_BUNDLES_V1,accepted,False,20114750.0,9744200.0,29975850.0,10118600.0,5116914,754947,754947,150,451,150,100
H1,9827288498c6ff63f3f7ec6f3bb833b53ac1c3cbaf59021addc82b6a8c08bae2,A26_RETAINED_ACCEPTED_BUNDLES_V1,accepted,False,19900950.0,9739700.0,29746550.0,9970200.0,5116938,754955,754955,150,451,150,100
H1,9f7906189c782cba7c3a4cc9cb8785764c8ad3fb1e637423a7a310d6c438feb5,A26_RETAINED_ACCEPTED_BUNDLES_V1,accepted,False,10164200.0,5420200.0,15614900.0,4610550.0,2680254,376294,376294,90,172,90,100
H1,A22_ATTACK_PURE_001,A22_RETAINED_SEMANTIC_CANDIDATES_V1,expected_reject,True,51450.0,151400.0,203700.0,-102050.0,10036,2292,2292,,,,100
H1,A22_ATTACK_PURE_002,A22_RETAINED_SEMANTIC_CANDIDATES_V1,expected_reject,True,47950.0,148800.0,197950.0,-105350.0,9157,1999,1999,,,,100
H1,A22_ATTACK_PURE_003,A22_RETAINED_SEMANTIC_CANDIDATES_V1,expected_reject,True,56000.0,151750.0,203400.0,-105400.0,9634,2158,2158,,,,100
H1,A22_ATTACK_PURE_004,A22_RETAINED_SEMANTIC_CANDIDATES_V1,expected_reject,True,50550.0,147700.0,196350.0,-102450.0,9214,2018,2018,,,,100
H1,A22_ATTACK_PURE_005,A22_RETAINED_SEMANTIC_CANDIDATES_V1,expected_reject,True,61250.0,153750.0,212700.0,-98250.0,11641,2827,2827,,,,100
H1,A22_ATTACK_PURE_006,A22_RETAINED_SEMANTIC_CANDIDATES_V1,expected_reject,True,50800.0,151150.0,199650.0,-107400.0,8974,1938,1938,,,,100
H1,A22_ATTACK_PURE_007,A22_RETAINED_SEMANTIC_CANDIDATES_V1,expected_reject,True,57750.0,152400.0,206400.0,-104600.0,10012,2284,2284,,,,100
H1,A22_ATTACK_PURE_008,A22_RETAINED_SEMANTIC_CANDIDATES_V1,expected_reject,True,52500.0,151150.0,203200.0,-102700.0,10072,2304,2304,,,,100
H1,A22_ATTACK_PURE_009,A22_RETAINED_SEMANTIC_CANDIDATES_V1,expected_reject,True,51400.0,149900.0,199050.0,-103150.0,9388,2076,2076,,,,100
H1,A22_ATTACK_PURE_010,A22_RETAINED_SEMANTIC_CANDIDATES_V1,expected_reject,True,49950.0,150450.0,200650.0,-104600.0,9538,2126,2126,,,,100
H1,A22_ATTACK_PURE_011,A22_RETAINED_SEMANTIC_CANDIDATES_V1,expected_reject,True,52700.0,151000.0,202550.0,-103350.0,9361,2067,2067,,,,100
H1,A22_ATTACK_PURE_012,A22_RETAINED_SEMANTIC_CANDIDATES_V1,expected_reject,True,48150.0,150650.0,199400.0,-105150.0,9259,2033,2033,,,,100
H1,A22_ATTACK_PURE_013,A22_RETAINED_SEMANTIC_CANDIDATES_V1,expected_reject,True,58600.0,154050.0,209500.0,-105650.0,10312,2384,2384,,,,100
H1,A22_ATTACK_PURE_014,A22_RETAINED_SEMANTIC_CANDIDATES_V1,expected_reject,True,52650.0,151550.0,203950.0,-103750.0,9811,2217,2217,,,,100
H1,A22_ATTACK_PURE_015,A22_RETAINED_SEMANTIC_CANDIDATES_V1,expected_reject,True,52900.0,149900.0,197350.0,-107050.0,8617,1819,1819,,,,100
H1,A22_ATTACK_PURE_016,A22_RETAINED_SEMANTIC_CANDIDATES_V1,expected_reject,True,57500.0,153200.0,208950.0,-103150.0,10630,2490,2490,,,,100
H1,A22_ATTACK_PURE_017,A22_RETAINED_SEMANTIC_CANDIDATES_V1,expected_reject,True,56750.0,154150.0,208750.0,-105000.0,10525,2455,2455,,,,100
H1,A22_ATTACK_PURE_018,A22_RETAINED_SEMANTIC_CANDIDATES_V1,expected_reject,True,54600.0,151800.0,202150.0,-106950.0,9457,2099,2099,,,,100
H1,A22_ATTACK_PURE_019,A22_RETAINED_SEMANTIC_CANDIDATES_V1,expected_reject,True,55400.0,151450.0,202300.0,-105950.0,9586,2142,2142,,,,100
H1,A22_ATTACK_PURE_020,A22_RETAINED_SEMANTIC_CANDIDATES_V1,expected_reject,True,51900.0,150850.0,201500.0,-105850.0,9172,2004,2004,,,,100
H1,A22_ATTACK_UNDERLYING_001,A22_RETAINED_SEMANTIC_CANDIDATES_V1,expected_accept,True,65900.0,157300.0,216850.0,-104050.0,11561,2465,2465,,,,100
H1,A22_ATTACK_UNDERLYING_002,A22_RETAINED_SEMANTIC_CANDIDATES_V1,expected_accept,True,129350.0,205200.0,328350.0,-87700.0,28142,7928,7928,,,,100
H1,A22_ATTACK_UNDERLYING_003,A22_RETAINED_SEMANTIC_CANDIDATES_V1,expected_accept,True,72600.0,161850.0,230000.0,-97700.0,13922,3252,3252,,,,100
H1,A22_ATTACK_UNDERLYING_004,A22_RETAINED_SEMANTIC_CANDIDATES_V1,expected_accept,True,94650.0,188400.0,278350.0,-99600.0,19634,5092,5092,,,,100
H1,A22_ATTACK_UNDERLYING_005,A22_RETAINED_SEMANTIC_CANDIDATES_V1,expected_accept,True,70600.0,162650.0,228000.0,-103500.0,13235,3023,3023,,,,100
H1,A22_ATTACK_UNDERLYING_006,A22_RETAINED_SEMANTIC_CANDIDATES_V1,expected_accept,True,81600.0,182450.0,260600.0,-111000.0,16169,3937,3937,,,,100
H1,A22_ATTACK_UNDERLYING_007,A22_RETAINED_SEMANTIC_CANDIDATES_V1,expected_accept,True,64300.0,160200.0,220350.0,-105850.0,11738,2524,2524,,,,100
H1,A22_ATTACK_UNDERLYING_008,A22_RETAINED_SEMANTIC_CANDIDATES_V1,expected_accept,True,70750.0,177150.0,247500.0,-113300.0,14090,3244,3244,,,,100
H1,A22_ATTACK_UNDERLYING_009,A22_RETAINED_SEMANTIC_CANDIDATES_V1,expected_accept,True,54750.0,153350.0,209300.0,-99400.0,10676,2170,2170,,,,100
H1,A22_ATTACK_UNDERLYING_010,A22_RETAINED_SEMANTIC_CANDIDATES_V1,expected_accept,True,116650.0,200250.0,313600.0,-92300.0,25817,7153,7153,,,,100
H1,A22_ATTACK_UNDERLYING_011,A22_RETAINED_SEMANTIC_CANDIDATES_V1,expected_accept,True,63200.0,156550.0,213650.0,-104950.0,11414,2416,2416,,,,100
H1,A22_ATTACK_UNDERLYING_012,A22_RETAINED_SEMANTIC_CANDIDATES_V1,expected_accept,True,177700.0,232700.0,404550.0,-68800.0,41393,12345,12345,,,,100
H1,A22_ATTACK_UNDERLYING_013,A22_RETAINED_SEMANTIC_CANDIDATES_V1,expected_accept,True,68750.0,162200.0,226950.0,-103900.0,13181,3005,3005,,,,100
H1,A22_ATTACK_UNDERLYING_014,A22_RETAINED_SEMANTIC_CANDIDATES_V1,expected_accept,True,73500.0,178700.0,247950.0,-110900.0,13544,3062,3062,,,,100
H1,A22_ATTACK_UNDERLYING_015,A22_RETAINED_SEMANTIC_CANDIDATES_V1,expected_accept,True,68150.0,162000.0,224300.0,-105300.0,12128,2654,2654,,,,100
H1,A22_ATTACK_UNDERLYING_016,A22_RETAINED_SEMANTIC_CANDIDATES_V1,expected_accept,True,76500.0,180800.0,253750.0,-113200.0,14615,3419,3419,,,,100
H1,A22_ATTACK_UNDERLYING_017,A22_RETAINED_SEMANTIC_CANDIDATES_V1,expected_accept,True,57750.0,157950.0,214600.0,-102500.0,10982,2272,2272,,,,100
H1,A22_ATTACK_UNDERLYING_018,A22_RETAINED_SEMANTIC_CANDIDATES_V1,expected_accept,True,147200.0,207700.0,350800.0,-73300.0,40403,12015,12015,,,,100
H1,A22_ATTACK_UNDERLYING_019,A22_RETAINED_SEMANTIC_CANDIDATES_V1,expected_accept,True,60650.0,159500.0,217650.0,-107350.0,11117,2317,2317,,,,100
H1,A22_ATTACK_UNDERLYING_020,A22_RETAINED_SEMANTIC_CANDIDATES_V1,expected_accept,True,149650.0,218300.0,364050.0,-73100.0,34607,10083,10083,,,,100
H1,A22_COMPOSITE_NEW_ORDER_001,A22_RETAINED_SEMANTIC_CANDIDATES_V1,expected_accept,False,73150.0,180000.0,252850.0,-114350.0,14157,3085,3085,,,,100
H1,A22_COMPOSITE_NEW_ORDER_002,A22_RETAINED_SEMANTIC_CANDIDATES_V1,expected_accept,False,89500.0,183650.0,267300.0,-95800.0,18459,4519,4519,,,,100
H1,A22_COMPOSITE_NEW_ORDER_003,A22_RETAINED_SEMANTIC_CANDIDATES_V1,expected_accept,False,61700.0,157250.0,215000.0,-103100.0,11034,2044,2044,,,,100
H1,A22_COMPOSITE_NEW_ORDER_004,A22_RETAINED_SEMANTIC_CANDIDATES_V1,expected_accept,False,73800.0,166150.0,234100.0,-101850.0,14196,3098,3098,,,,100
H1,A22_COMPOSITE_NEW_ORDER_005,A22_RETAINED_SEMANTIC_CANDIDATES_V1,expected_accept,False,68300.0,175950.0,241450.0,-111800.0,12498,2532,2532,,,,100
H1,A22_COMPOSITE_NEW_ORDER_006,A22_RETAINED_SEMANTIC_CANDIDATES_V1,expected_accept,False,61900.0,173950.0,235500.0,-118750.0,11292,2130,2130,,,,100
H1,A22_COMPOSITE_NEW_ORDER_007,A22_RETAINED_SEMANTIC_CANDIDATES_V1,expected_accept,False,113900.0,197800.0,304000.0,-99250.0,26577,7225,7225,,,,100
H1,A22_COMPOSITE_NEW_ORDER_008,A22_RETAINED_SEMANTIC_CANDIDATES_V1,expected_accept,False,68100.0,165200.0,225400.0,-109250.0,11625,2241,2241,,,,100
H1,A22_COMPOSITE_NEW_ORDER_009,A22_RETAINED_SEMANTIC_CANDIDATES_V1,expected_accept,False,60000.0,159300.0,219600.0,-103750.0,11862,2320,2320,,,,100
H1,A22_COMPOSITE_NEW_ORDER_010,A22_RETAINED_SEMANTIC_CANDIDATES_V1,expected_accept,False,68400.0,175750.0,239050.0,-119850.0,11460,2186,2186,,,,100
H1,A22_COMPOSITE_NEW_ORDER_011,A22_RETAINED_SEMANTIC_CANDIDATES_V1,expected_accept,False,62650.0,173900.0,237150.0,-112800.0,12207,2435,2435,,,,100
H1,A22_COMPOSITE_NEW_ORDER_012,A22_RETAINED_SEMANTIC_CANDIDATES_V1,expected_accept,False,75300.0,181150.0,249950.0,-115700.0,13092,2730,2730,,,,100
H1,A22_COMPOSITE_NEW_ORDER_013,A22_RETAINED_SEMANTIC_CANDIDATES_V1,expected_accept,False,68700.0,167450.0,231500.0,-110550.0,12135,2411,2411,,,,100
H1,A22_COMPOSITE_NEW_ORDER_014,A22_RETAINED_SEMANTIC_CANDIDATES_V1,expected_accept,False,59750.0,160300.0,221000.0,-106150.0,11928,2342,2342,,,,100
H1,A22_COMPOSITE_NEW_ORDER_015,A22_RETAINED_SEMANTIC_CANDIDATES_V1,expected_accept,False,64850.0,175400.0,238150.0,-119100.0,11457,2185,2185,,,,100
H1,A22_COMPOSITE_NEW_ORDER_016,A22_RETAINED_SEMANTIC_CANDIDATES_V1,expected_accept,False,67900.0,176500.0,241800.0,-116550.0,12609,2569,2569,,,,100
H1,A22_COMPOSITE_NEW_ORDER_017,A22_RETAINED_SEMANTIC_CANDIDATES_V1,expected_accept,False,84450.0,184150.0,263200.0,-112100.0,15990,3696,3696,,,,100
H1,A22_COMPOSITE_NEW_ORDER_018,A22_RETAINED_SEMANTIC_CANDIDATES_V1,expected_accept,False,61600.0,157650.0,215300.0,-105600.0,11289,2129,2129,,,,100
H1,A22_COMPOSITE_NEW_ORDER_019,A22_RETAINED_SEMANTIC_CANDIDATES_V1,expected_accept,False,67950.0,163150.0,228000.0,-94250.0,12771,2623,2623,,,,100
H1,A22_COMPOSITE_NEW_ORDER_020,A22_RETAINED_SEMANTIC_CANDIDATES_V1,expected_accept,False,69500.0,177500.0,241950.0,-120950.0,11805,2301,2301,,,,100
H1,A22_COMPOSITE_PRIORITY_DUE_001,A22_RETAINED_SEMANTIC_CANDIDATES_V1,expected_accept,False,62150.0,171250.0,231200.0,-118300.0,11525,2389,2389,,,,100
H1,A22_COMPOSITE_PRIORITY_DUE_002,A22_RETAINED_SEMANTIC_CANDIDATES_V1,expected_accept,False,64500.0,171650.0,230500.0,-117350.0,10997,2213,2213,,,,100
H1,A22_COMPOSITE_PRIORITY_DUE_003,A22_RETAINED_SEMANTIC_CANDIDATES_V1,expected_accept,False,64000.0,159700.0,217800.0,-106850.0,11033,2225,2225,,,,100
H1,A22_COMPOSITE_PRIORITY_DUE_004,A22_RETAINED_SEMANTIC_CANDIDATES_V1,expected_accept,False,65350.0,159650.0,222450.0,-99900.0,12419,2687,2687,,,,100
H1,A22_COMPOSITE_PRIORITY_DUE_005,A22_RETAINED_SEMANTIC_CANDIDATES_V1,expected_accept,False,74450.0,179500.0,249000.0,-117500.0,13559,3067,3067,,,,100
H1,A22_COMPOSITE_PRIORITY_DUE_006,A22_RETAINED_SEMANTIC_CANDIDATES_V1,expected_accept,False,59000.0,171900.0,230850.0,-119250.0,10658,2100,2100,,,,100
H1,A22_COMPOSITE_PRIORITY_DUE_007,A22_RETAINED_SEMANTIC_CANDIDATES_V1,expected_accept,False,65550.0,173750.0,235150.0,-118000.0,11594,2412,2412,,,,100
H1,A22_COMPOSITE_PRIORITY_DUE_008,A22_RETAINED_SEMANTIC_CANDIDATES_V1,expected_accept,False,80800.0,169300.0,243700.0,-98950.0,15899,3847,3847,,,,100
H1,A22_COMPOSITE_PRIORITY_DUE_009,A22_RETAINED_SEMANTIC_CANDIDATES_V1,expected_accept,False,71550.0,163750.0,232150.0,-102450.0,14051,3231,3231,,,,100
H1,A22_COMPOSITE_PRIORITY_DUE_010,A22_RETAINED_SEMANTIC_CANDIDATES_V1,expected_accept,False,84400.0,181600.0,260250.0,-110400.0,17450,4364,4364,,,,100
H1,A22_COMPOSITE_PRIORITY_DUE_011,A22_RETAINED_SEMANTIC_CANDIDATES_V1,expected_accept,False,67100.0,174950.0,239300.0,-112300.0,12314,2652,2652,,,,100
H1,A22_COMPOSITE_PRIORITY_DUE_012,A22_RETAINED_SEMANTIC_CANDIDATES_V1,expected_accept,False,87000.0,184900.0,265150.0,-111500.0,18233,4625,4625,,,,100
H1,A22_COMPOSITE_PRIORITY_DUE_013,A22_RETAINED_SEMANTIC_CANDIDATES_V1,expected_accept,False,68400.0,162450.0,226350.0,-104800.0,12656,2766,2766,,,,100
H1,A22_COMPOSITE_PRIORITY_DUE_014,A22_RETAINED_SEMANTIC_CANDIDATES_V1,expected_accept,False,76100.0,166100.0,236350.0,-101900.0,14459,3367,3367,,,,100
H1,A22_COMPOSITE_PRIORITY_DUE_015,A22_RETAINED_SEMANTIC_CANDIDATES_V1,expected_accept,False,68800.0,174650.0,240600.0,-111700.0,12446,2696,2696,,,,100
H1,A22_COMPOSITE_PRIORITY_DUE_016,A22_RETAINED_SEMANTIC_CANDIDATES_V1,expected_accept,False,63250.0,171050.0,228700.0,-120500.0,10628,2090,2090,,,,100
H1,A22_COMPOSITE_PRIORITY_DUE_017,A22_RETAINED_SEMANTIC_CANDIDATES_V1,expected_accept,False,66400.0,171800.0,233350.0,-117800.0,11324,2322,2322,,,,100
H1,A22_COMPOSITE_PRIORITY_DUE_018,A22_RETAINED_SEMANTIC_CANDIDATES_V1,expected_accept,False,64900.0,161700.0,224200.0,-100600.0,12335,2659,2659,,,,100
H1,A22_COMPOSITE_PRIORITY_DUE_019,A22_RETAINED_SEMANTIC_CANDIDATES_V1,expected_accept,False,83750.0,172250.0,256000.0,-91250.0,18998,4880,4880,,,,100
H1,A22_COMPOSITE_PRIORITY_DUE_020,A22_RETAINED_SEMANTIC_CANDIDATES_V1,expected_accept,False,81650.0,180600.0,260450.0,-108200.0,18584,4742,4742,,,,100
H1,A22_INVALID_INTERVAL_001,A22_RETAINED_SEMANTIC_CANDIDATES_V1,expected_reject,False,178300.0,228700.0,401350.0,-55950.0,42558,12962,12962,,,,100
H1,A22_INVALID_INTERVAL_002,A22_RETAINED_SEMANTIC_CANDIDATES_V1,expected_reject,False,82750.0,178650.0,256250.0,-106800.0,16491,4273,4273,,,,100
H1,A22_INVALID_INTERVAL_003,A22_RETAINED_SEMANTIC_CANDIDATES_V1,expected_reject,False,162100.0,220650.0,376850.0,-70850.0,37644,11324,11324,,,,100
H1,A22_INVALID_INTERVAL_004,A22_RETAINED_SEMANTIC_CANDIDATES_V1,expected_reject,False,113250.0,194250.0,304250.0,-90750.0,24315,6881,6881,,,,100
H1,A22_INVALID_INTERVAL_005,A22_RETAINED_SEMANTIC_CANDIDATES_V1,expected_reject,False,82500.0,177400.0,253300.0,-108650.0,17397,4575,4575,,,,100
H1,A22_INVALID_INTERVAL_006,A22_RETAINED_SEMANTIC_CANDIDATES_V1,expected_reject,False,186850.0,211850.0,392150.0,-38000.0,61593,19307,19307,,,,100
H1,A22_INVALID_INTERVAL_007,A22_RETAINED_SEMANTIC_CANDIDATES_V1,expected_reject,False,63150.0,169550.0,232500.0,-112650.0,12354,2894,2894,,,,100
H1,A22_INVALID_INTERVAL_008,A22_RETAINED_SEMANTIC_CANDIDATES_V1,expected_reject,False,95450.0,181700.0,273750.0,-94200.0,23688,6672,6672,,,,100
H1,A22_INVALID_MISSING_EFFECTIVE_001,A22_RETAINED_SEMANTIC_CANDIDATES_V1,expected_reject,False,207650.0,223750.0,426000.0,-22900.0,67256,20966,20966,,,,100
H1,A22_INVALID_MISSING_EFFECTIVE_002,A22_RETAINED_SEMANTIC_CANDIDATES_V1,expected_reject,False,95650.0,179900.0,270500.0,-93100.0,24499,7113,7113,,,,100
H1,A22_INVALID_MISSING_EFFECTIVE_003,A22_RETAINED_SEMANTIC_CANDIDATES_V1,expected_reject,False,175350.0,211750.0,383200.0,-43800.0,53596,16812,16812,,,,100
H1,A22_INVALID_MISSING_EFFECTIVE_004,A22_RETAINED_SEMANTIC_CANDIDATES_V1,expected_reject,False,76700.0,179500.0,253850.0,-110050.0,15449,3697,3697,,,,100
H1,A22_INVALID_MISSING_EFFECTIVE_005,A22_RETAINED_SEMANTIC_CANDIDATES_V1,expected_reject,False,163650.0,214700.0,373250.0,-64550.0,45404,13682,13682,,,,100
H1,A22_INVALID_MISSING_EFFECTIVE_006,A22_RETAINED_SEMANTIC_CANDIDATES_V1,expected_reject,False,90850.0,183850.0,269050.0,-103450.0,18334,5058,5058,,,,100
H1,A22_INVALID_MISSING_EFFECTIVE_007,A22_RETAINED_SEMANTIC_CANDIDATES_V1,expected_reject,False,106600.0,190750.0,294250.0,-94550.0,23608,6816,6816,,,,100
H1,A22_INVALID_MISSING_EFFECTIVE_008,A22_RETAINED_SEMANTIC_CANDIDATES_V1,expected_reject,False,79300.0,180350.0,258200.0,-108800.0,16097,3913,3913,,,,100
H1,A22_INVALID_UNKNOWN_MACHINE_001,A22_RETAINED_SEMANTIC_CANDIDATES_V1,expected_reject,False,75950.0,165850.0,242050.0,-95200.0,16418,4020,4020,,,,100
H1,A22_INVALID_UNKNOWN_MACHINE_002,A22_RETAINED_SEMANTIC_CANDIDATES_V1,expected_reject,False,62500.0,156600.0,213100.0,-105200.0,10952,2198,2198,,,,100
H1,A22_INVALID_UNKNOWN_MACHINE_003,A22_RETAINED_SEMANTIC_CANDIDATES_V1,expected_reject,False,67950.0,159500.0,224500.0,-100600.0,13190,2944,2944,,,,100
H1,A22_INVALID_UNKNOWN_MACHINE_004,A22_RETAINED_SEMANTIC_CANDIDATES_V1,expected_reject,False,60250.0,154700.0,212350.0,-102800.0,11024,2222,2222,,,,100
H1,A22_INVALID_UNKNOWN_MACHINE_005,A22_RETAINED_SEMANTIC_CANDIDATES_V1,expected_reject,False,65900.0,157650.0,218550.0,-102000.0,11921,2521,2521,,,,100
H1,A22_INVALID_UNKNOWN_MACHINE_006,A22_RETAINED_SEMANTIC_CANDIDATES_V1,expected_reject,False,64950.0,159400.0,217200.0,-106250.0,11249,2297,2297,,,,100
H1,A22_INVALID_UNKNOWN_MACHINE_007,A22_RETAINED_SEMANTIC_CANDIDATES_V1,expected_reject,False,63800.0,160000.0,220800.0,-104850.0,11735,2459,2459,,,,100
H1,A22_INVALID_UNKNOWN_MACHINE_008,A22_RETAINED_SEMANTIC_CANDIDATES_V1,expected_reject,False,80550.0,183200.0,256600.0,-115650.0,14249,3297,3297,,,,100
H1,A22_INVALID_UNKNOWN_ORDER_001,A22_RETAINED_SEMANTIC_CANDIDATES_V1,expected_reject,False,73600.0,175000.0,246550.0,-109350.0,16355,4063,4063,,,,100
H1,A22_INVALID_UNKNOWN_ORDER_002,A22_RETAINED_SEMANTIC_CANDIDATES_V1,expected_reject,False,68850.0,174950.0,244800.0,-108100.0,13613,3149,3149,,,,100
H1,A22_INVALID_UNKNOWN_ORDER_003,A22_RETAINED_SEMANTIC_CANDIDATES_V1,expected_reject,False,69600.0,176550.0,246200.0,-113650.0,13199,3011,3011,,,,100
H1,A22_INVALID_UNKNOWN_ORDER_004,A22_RETAINED_SEMANTIC_CANDIDATES_V1,expected_reject,False,64950.0,173500.0,239400.0,-114150.0,12698,2844,2844,,,,100
H1,A22_INVALID_UNKNOWN_ORDER_005,A22_RETAINED_SEMANTIC_CANDIDATES_V1,expected_reject,False,74900.0,178550.0,252550.0,-110350.0,14780,3538,3538,,,,100
H1,A22_INVALID_UNKNOWN_ORDER_006,A22_RETAINED_SEMANTIC_CANDIDATES_V1,expected_reject,False,75850.0,177050.0,248750.0,-111200.0,14090,3308,3308,,,,100
H1,A22_INVALID_UNKNOWN_ORDER_007,A22_RETAINED_SEMANTIC_CANDIDATES_V1,expected_reject,False,83150.0,181650.0,259750.0,-109700.0,15680,3838,3838,,,,100
H1,A22_INVALID_UNKNOWN_ORDER_008,A22_RETAINED_SEMANTIC_CANDIDATES_V1,expected_reject,False,71350.0,174150.0,240200.0,-114950.0,12452,2762,2762,,,,100
H1,A22_INVALID_UNSUPPORTED_001,A22_RETAINED_SEMANTIC_CANDIDATES_V1,expected_reject,False,65200.0,168400.0,228300.0,-114100.0,11410,2750,2750,,,,100
H1,A22_INVALID_UNSUPPORTED_002,A22_RETAINED_SEMANTIC_CANDIDATES_V1,expected_reject,False,59300.0,162150.0,218750.0,-110900.0,12115,2985,2985,,,,100
H1,A22_INVALID_UNSUPPORTED_003,A22_RETAINED_SEMANTIC_CANDIDATES_V1,expected_reject,False,60350.0,166750.0,227500.0,-111800.0,11326,2722,2722,,,,100
H1,A22_INVALID_UNSUPPORTED_004,A22_RETAINED_SEMANTIC_CANDIDATES_V1,expected_reject,False,70500.0,170750.0,236300.0,-111400.0,14572,3804,3804,,,,100
H1,A22_INVALID_UNSUPPORTED_005,A22_RETAINED_SEMANTIC_CANDIDATES_V1,expected_reject,False,65450.0,167150.0,227050.0,-112300.0,13033,3291,3291,,,,100
H1,A22_INVALID_UNSUPPORTED_006,A22_RETAINED_SEMANTIC_CANDIDATES_V1,expected_reject,False,77200.0,174750.0,246650.0,-106250.0,15013,3951,3951,,,,100
H1,A22_INVALID_UNSUPPORTED_007,A22_RETAINED_SEMANTIC_CANDIDATES_V1,expected_reject,False,63200.0,168100.0,231650.0,-109150.0,15154,3998,3998,,,,100
H1,A22_INVALID_UNSUPPORTED_008,A22_RETAINED_SEMANTIC_CANDIDATES_V1,expected_reject,False,62250.0,164800.0,225600.0,-111050.0,12871,3237,3237,,,,100
H1,A22_SINGLE_MF_001,A22_RETAINED_SEMANTIC_CANDIDATES_V1,expected_accept,False,76650.0,176850.0,247850.0,-113500.0,14342,3328,3328,,,,100
H1,A22_SINGLE_MF_002,A22_RETAINED_SEMANTIC_CANDIDATES_V1,expected_accept,False,129800.0,196050.0,320650.0,-68050.0,35459,10367,10367,,,,100
H1,A22_SINGLE_MF_003,A22_RETAINED_SEMANTIC_CANDIDATES_V1,expected_accept,False,125900.0,191450.0,318200.0,-69100.0,31502,9048,9048,,,,100
H1,A22_SINGLE_MF_004,A22_RETAINED_SEMANTIC_CANDIDATES_V1,expected_accept,False,77850.0,163700.0,235600.0,-98350.0,15515,3719,3719,,,,100
H1,A22_SINGLE_MF_005,A22_RETAINED_SEMANTIC_CANDIDATES_V1,expected_accept,False,156450.0,201650.0,355700.0,-54300.0,50785,15875,15875,,,,100
H1,A22_SINGLE_MF_006,A22_RETAINED_SEMANTIC_CANDIDATES_V1,expected_accept,False,68700.0,170050.0,233250.0,-104050.0,12812,2818,2818,,,,100
H1,A22_SINGLE_MF_007,A22_RETAINED_SEMANTIC_CANDIDATES_V1,expected_accept,False,73550.0,178100.0,247600.0,-113750.0,14018,3220,3220,,,,100
H1,A22_SINGLE_MF_008,A22_RETAINED_SEMANTIC_CANDIDATES_V1,expected_accept,False,55950.0,153800.0,209050.0,-100600.0,10568,2070,2070,,,,100
H1,A22_SINGLE_MF_009,A22_RETAINED_SEMANTIC_CANDIDATES_V1,expected_accept,False,136150.0,192400.0,323700.0,-60050.0,32612,9418,9418,,,,100
H1,A22_SINGLE_MF_010,A22_RETAINED_SEMANTIC_CANDIDATES_V1,expected_accept,False,93550.0,188500.0,277000.0,-107650.0,18518,4720,4720,,,,100
H1,A22_SINGLE_MF_011,A22_RETAINED_SEMANTIC_CANDIDATES_V1,expected_accept,False,201500.0,243750.0,438550.0,-55000.0,48443,14695,14695,,,,100
H1,A22_SINGLE_MF_012,A22_RETAINED_SEMANTIC_CANDIDATES_V1,expected_accept,False,313350.0,260100.0,568500.0,48100.0,112331,35991,35991,,,,100
H1,A22_SINGLE_MF_013,A22_RETAINED_SEMANTIC_CANDIDATES_V1,expected_accept,False,73050.0,162900.0,230200.0,-102000.0,13595,3079,3079,,,,100
H1,A22_SINGLE_MF_014,A22_RETAINED_SEMANTIC_CANDIDATES_V1,expected_accept,False,64850.0,159550.0,221650.0,-102150.0,12887,2843,2843,,,,100
H1,A22_SINGLE_MF_015,A22_RETAINED_SEMANTIC_CANDIDATES_V1,expected_accept,False,147350.0,198750.0,343100.0,-61300.0,46027,14289,14289,,,,100
H1,A22_SINGLE_MF_016,A22_RETAINED_SEMANTIC_CANDIDATES_V1,expected_accept,False,91450.0,186900.0,275600.0,-104300.0,18653,4765,4765,,,,100
H1,A22_SINGLE_MF_017,A22_RETAINED_SEMANTIC_CANDIDATES_V1,expected_accept,False,196150.0,222500.0,415050.0,-36800.0,62690,19444,19444,,,,100
H1,A22_SINGLE_MF_018,A22_RETAINED_SEMANTIC_CANDIDATES_V1,expected_accept,False,177750.0,209650.0,383450.0,-39550.0,45923,13855,13855,,,,100
H1,A22_SINGLE_MF_019,A22_RETAINED_SEMANTIC_CANDIDATES_V1,expected_accept,False,68600.0,162150.0,228400.0,-103250.0,13169,2937,2937,,,,100
H1,A22_SINGLE_MF_020,A22_RETAINED_SEMANTIC_CANDIDATES_V1,expected_accept,False,161150.0,207800.0,365100.0,-57150.0,50590,15810,15810,,,,100
H1,A22_SINGLE_PRIORITY_001,A22_RETAINED_SEMANTIC_CANDIDATES_V1,expected_accept,False,60500.0,168500.0,225600.0,-117300.0,10277,2037,2037,,,,100
H1,A22_SINGLE_PRIORITY_002,A22_RETAINED_SEMANTIC_CANDIDATES_V1,expected_accept,False,76200.0,178400.0,248700.0,-113950.0,13517,3117,3117,,,,100
H1,A22_SINGLE_PRIORITY_003,A22_RETAINED_SEMANTIC_CANDIDATES_V1,expected_accept,False,55000.0,153500.0,208700.0,-103200.0,10655,2163,2163,,,,100
H1,A22_SINGLE_PRIORITY_004,A22_RETAINED_SEMANTIC_CANDIDATES_V1,expected_accept,False,64350.0,158350.0,216850.0,-104750.0,11111,2315,2315,,,,100
H1,A22_SINGLE_PRIORITY_005,A22_RETAINED_SEMANTIC_CANDIDATES_V1,expected_accept,False,57300.0,168050.0,225600.0,-114700.0,10415,2083,2083,,,,100
H1,A22_SINGLE_PRIORITY_006,A22_RETAINED_SEMANTIC_CANDIDATES_V1,expected_accept,False,69000.0,171300.0,235050.0,-115500.0,11873,2569,2569,,,,100
H1,A22_SINGLE_PRIORITY_007,A22_RETAINED_SEMANTIC_CANDIDATES_V1,expected_accept,False,65150.0,170100.0,230800.0,-115450.0,11129,2321,2321,,,,100
H1,A22_SINGLE_PRIORITY_008,A22_RETAINED_SEMANTIC_CANDIDATES_V1,expected_accept,False,65150.0,156150.0,216650.0,-100750.0,11663,2499,2499,,,,100
H1,A22_SINGLE_PRIORITY_009,A22_RETAINED_SEMANTIC_CANDIDATES_V1,expected_accept,False,57500.0,154050.0,207450.0,-107050.0,9749,1861,1861,,,,100
H1,A22_SINGLE_PRIORITY_010,A22_RETAINED_SEMANTIC_CANDIDATES_V1,expected_accept,False,59700.0,170100.0,228950.0,-114800.0,11129,2321,2321,,,,100
H1,A22_SINGLE_PRIORITY_011,A22_RETAINED_SEMANTIC_CANDIDATES_V1,expected_accept,False,69950.0,177800.0,249050.0,-111900.0,14153,3329,3329,,,,100
H1,A22_SINGLE_PRIORITY_012,A22_RETAINED_SEMANTIC_CANDIDATES_V1,expected_accept,False,70050.0,173400.0,238950.0,-107000.0,12056,2630,2630,,,,100
H1,A22_SINGLE_PRIORITY_013,A22_RETAINED_SEMANTIC_CANDIDATES_V1,expected_accept,False,61000.0,156200.0,211100.0,-106800.0,10130,1988,1988,,,,100
H1,A22_SINGLE_PRIORITY_014,A22_RETAINED_SEMANTIC_CANDIDATES_V1,expected_accept,False,57600.0,154250.0,209700.0,-105100.0,10295,2043,2043,,,,100
H1,A22_SINGLE_PRIORITY_015,A22_RETAINED_SEMANTIC_CANDIDATES_V1,expected_accept,False,63800.0,171300.0,233300.0,-117200.0,11030,2288,2288,,,,100
H1,A22_SINGLE_PRIORITY_016,A22_RETAINED_SEMANTIC_CANDIDATES_V1,expected_accept,False,57850.0,167500.0,224300.0,-117150.0,10304,2046,2046,,,,100
H1,A22_SINGLE_PRIORITY_017,A22_RETAINED_SEMANTIC_CANDIDATES_V1,expected_accept,False,61050.0,171700.0,229750.0,-119950.0,10277,2037,2037,,,,100
H1,A22_SINGLE_PRIORITY_018,A22_RETAINED_SEMANTIC_CANDIDATES_V1,expected_accept,False,65700.0,158550.0,219100.0,-101550.0,11750,2528,2528,,,,100
H1,A22_SINGLE_PRIORITY_019,A22_RETAINED_SEMANTIC_CANDIDATES_V1,expected_accept,False,52700.0,155000.0,207900.0,-108150.0,9755,1863,1863,,,,100
H1,A22_SINGLE_PRIORITY_020,A22_RETAINED_SEMANTIC_CANDIDATES_V1,expected_accept,False,60750.0,167650.0,223600.0,-117000.0,9995,1943,1943,,,,100
H1,aa5b4ee1688c71f1a3932cd7d9b629a08e31ef09728f3280c98c7636eecfb8d3,A26_RETAINED_ACCEPTED_BUNDLES_V1,accepted,False,20658700.0,9737650.0,30488700.0,10608300.0,5117277,754924,754924,150,451,150,100
H1,aad646b14392b632d658225dedb7d3953424ab9ab19ebafdc67bd9a7f02eb50b,A26_RETAINED_ACCEPTED_BUNDLES_V1,accepted,False,20832050.0,9929300.0,30940800.0,10795900.0,5155015,782303,782303,150,490,150,100
H1,abc8d6ba26b9728a25ebd17f4066aa5421f54fde1c1ef630cc33cb308c0fb8e5,A26_RETAINED_ACCEPTED_BUNDLES_V1,accepted,False,9545050.0,5272000.0,14853950.0,4351000.0,2648877,373355,373355,90,172,90,100
H1,b0f01f4c7ca822555039b9267d8985edbeb149abc0a710d6583cea634584f862,A26_RETAINED_ACCEPTED_BUNDLES_V1,accepted,False,20171250.0,10102450.0,30572400.0,10046350.0,5149223,778599,778599,150,490,150,100
H1,b31f9c5cbf923f188771558357941c1a7d6a71089f67793c620cf7034a070eb2,A26_RETAINED_ACCEPTED_BUNDLES_V1,accepted,False,9910400.0,5342850.0,15258400.0,4436350.0,2685216,377436,377436,90,172,90,100
H1,b5c400c27e6dbb1cc8466c5ce68e1530b6d984599f3c01c36496b49b586ff5e3,A26_RETAINED_ACCEPTED_BUNDLES_V1,accepted,False,20025850.0,9832300.0,30036000.0,9842200.0,5117123,755038,755038,150,451,150,100
H1,bb3f15222034bdf87b9be499b27f859fe778b781693fd54677f83bd7531f0680,A26_RETAINED_ACCEPTED_BUNDLES_V1,accepted,False,9698950.0,5298300.0,15027200.0,4463600.0,2681253,376547,376547,90,172,90,100
H1,ce18361670bfbcde2f3ff22167187aecef9164dedbf1198bc7563c147804780e,A26_RETAINED_ACCEPTED_BUNDLES_V1,accepted,False,19541950.0,9716650.0,29418550.0,9834700.0,5129538,755123,755123,150,451,150,100
H1,ceae66508816dc9f5458c925c89f155658e6c78710a8753d337ac385481cc1bf,A26_RETAINED_ACCEPTED_BUNDLES_V1,accepted,False,19891950.0,9736100.0,29801000.0,10012350.0,5116914,754947,754947,150,451,150,100
H1,d093d52f24139c1b6fb09b775beedd000f1a7b3716df906d7d36e91e7e848265,A26_RETAINED_ACCEPTED_BUNDLES_V1,accepted,False,20104800.0,9693000.0,30013250.0,10166000.0,5123490,758647,758647,150,451,150,100
H1,d4b957654a5efd71168d6f7e67936e6abf4666ceb41e7919635002157b125411,A26_RETAINED_ACCEPTED_BUNDLES_V1,accepted,False,9717450.0,5181750.0,14828900.0,4619800.0,2610656,369648,369648,90,172,90,100
H1,d598e89b357205c7b4bd47c5ebbe933f8be1f7c8dcdee85e66ec6829cafb91d3,A26_RETAINED_ACCEPTED_BUNDLES_V1,accepted,False,9469800.0,5184050.0,14703950.0,4268600.0,2596940,366660,366660,90,172,90,100
H1,eb3670bbe434a59cc94347384a5d50fb526d26a00dbf6da73e54438c4bacc2a0,A26_RETAINED_ACCEPTED_BUNDLES_V1,accepted,False,9715850.0,5134900.0,14872300.0,4678650.0,2641414,371712,371712,90,172,90,100
H1,f1e5fc58ea336e13c098308a2da00dee7de3dd3aa08d6170df4a3cb1afd09795,A26_RETAINED_ACCEPTED_BUNDLES_V1,accepted,False,20031300.0,9936700.0,30152100.0,9904600.0,5118221,755658,755658,150,451,150,100
H1,f583baa2dad1527b5f84f71805410ee51b78fce2b1be62de49f1636c06821c7b,A26_RETAINED_ACCEPTED_BUNDLES_V1,accepted,False,20455000.0,9772100.0,30554200.0,10445350.0,5123695,758750,758750,150,451,150,100
H1,f64f55ad9277004ae441909cd6556d26eeaf73d3eb3c537384be703615149f96,A26_RETAINED_ACCEPTED_BUNDLES_V1,accepted,False,9661300.0,5344700.0,15081300.0,4330800.0,2641423,371715,371715,90,172,90,100
H1,f80e8a50e0815fda9eef8635e52671f3888786c4daef5767b8da7b74e4311646,A26_RETAINED_ACCEPTED_BUNDLES_V1,accepted,False,20955100.0,9979850.0,31451850.0,10901950.0,5151431,780287,780287,150,490,150,100
H1,f9ade00b139ce33674b05d1766de3ec85779abfd83f893a7b2437817100901d9,A26_RETAINED_ACCEPTED_BUNDLES_V1,accepted,False,9311350.0,5063250.0,14485250.0,4306600.0,2609258,369294,369294,90,172,90,100
H1,feb26c8ce25b99d6b090e07fca86c8e2dbf3ff2d6b891634c4c71b179329ab47,A26_RETAINED_ACCEPTED_BUNDLES_V1,accepted,False,9752650.0,5264750.0,15119650.0,4333350.0,2684814,377302,377302,90,172,90,100
H2,A22_ATTACK_PURE_001,A22_RETAINED_SEMANTIC_CANDIDATES_V1,expected_reject,True,5600.0,143900.0,148250.0,-139800.0,904,55,2292,,,,100
H2,A22_ATTACK_PURE_002,A22_RETAINED_SEMANTIC_CANDIDATES_V1,expected_reject,True,5400.0,137850.0,142800.0,-134500.0,904,55,1999,,,,100
H2,A22_ATTACK_PURE_003,A22_RETAINED_SEMANTIC_CANDIDATES_V1,expected_reject,True,5500.0,139300.0,143500.0,-135700.0,904,55,2158,,,,100
H2,A22_ATTACK_PURE_004,A22_RETAINED_SEMANTIC_CANDIDATES_V1,expected_reject,True,4800.0,139050.0,143600.0,-135050.0,904,55,2018,,,,100
H2,A22_ATTACK_PURE_005,A22_RETAINED_SEMANTIC_CANDIDATES_V1,expected_reject,True,5450.0,144450.0,148600.0,-140800.0,904,55,2827,,,,100
H2,A22_ATTACK_PURE_006,A22_RETAINED_SEMANTIC_CANDIDATES_V1,expected_reject,True,6150.0,211700.0,221600.0,-203000.0,904,55,1938,,,,100
H2,A22_ATTACK_PURE_007,A22_RETAINED_SEMANTIC_CANDIDATES_V1,expected_reject,True,5500.0,143250.0,148400.0,-138950.0,904,55,2284,,,,100
H2,A22_ATTACK_PURE_008,A22_RETAINED_SEMANTIC_CANDIDATES_V1,expected_reject,True,5150.0,141550.0,146100.0,-138300.0,904,55,2304,,,,100
H2,A22_ATTACK_PURE_009,A22_RETAINED_SEMANTIC_CANDIDATES_V1,expected_reject,True,5250.0,138450.0,142600.0,-134100.0,904,55,2076,,,,100
H2,A22_ATTACK_PURE_010,A22_RETAINED_SEMANTIC_CANDIDATES_V1,expected_reject,True,5500.0,141300.0,145950.0,-137250.0,904,55,2126,,,,100
H2,A22_ATTACK_PURE_011,A22_RETAINED_SEMANTIC_CANDIDATES_V1,expected_reject,True,5700.0,140650.0,144800.0,-136100.0,904,55,2067,,,,100
H2,A22_ATTACK_PURE_012,A22_RETAINED_SEMANTIC_CANDIDATES_V1,expected_reject,True,5200.0,140350.0,144650.0,-135800.0,904,55,2033,,,,100
H2,A22_ATTACK_PURE_013,A22_RETAINED_SEMANTIC_CANDIDATES_V1,expected_reject,True,4050.0,140250.0,145250.0,-136350.0,904,55,2384,,,,100
H2,A22_ATTACK_PURE_014,A22_RETAINED_SEMANTIC_CANDIDATES_V1,expected_reject,True,5450.0,140700.0,145200.0,-136900.0,904,55,2217,,,,100
H2,A22_ATTACK_PURE_015,A22_RETAINED_SEMANTIC_CANDIDATES_V1,expected_reject,True,5400.0,140650.0,145500.0,-136200.0,904,55,1819,,,,100
H2,A22_ATTACK_PURE_016,A22_RETAINED_SEMANTIC_CANDIDATES_V1,expected_reject,True,5650.0,142250.0,147050.0,-139000.0,904,55,2490,,,,100
H2,A22_ATTACK_PURE_017,A22_RETAINED_SEMANTIC_CANDIDATES_V1,expected_reject,True,5100.0,138600.0,143050.0,-135200.0,904,55,2455,,,,100
H2,A22_ATTACK_PURE_018,A22_RETAINED_SEMANTIC_CANDIDATES_V1,expected_reject,True,5650.0,141600.0,146050.0,-137950.0,904,55,2099,,,,100
H2,A22_ATTACK_PURE_019,A22_RETAINED_SEMANTIC_CANDIDATES_V1,expected_reject,True,4950.0,137000.0,141300.0,-133500.0,904,55,2142,,,,100
H2,A22_ATTACK_PURE_020,A22_RETAINED_SEMANTIC_CANDIDATES_V1,expected_reject,True,5600.0,139650.0,143900.0,-135800.0,904,55,2004,,,,100
H2,A22_ATTACK_UNDERLYING_001,A22_RETAINED_SEMANTIC_CANDIDATES_V1,expected_accept,True,11800.0,147550.0,158100.0,-139450.0,2598,94,2465,,,,100
H2,A22_ATTACK_UNDERLYING_002,A22_RETAINED_SEMANTIC_CANDIDATES_V1,expected_accept,True,13400.0,199600.0,209850.0,-191650.0,2598,131,7928,,,,100
H2,A22_ATTACK_UNDERLYING_003,A22_RETAINED_SEMANTIC_CANDIDATES_V1,expected_accept,True,11900.0,153950.0,164000.0,-144950.0,2598,94,3252,,,,100
H2,A22_ATTACK_UNDERLYING_004,A22_RETAINED_SEMANTIC_CANDIDATES_V1,expected_accept,True,9700.0,179250.0,189650.0,-170600.0,2598,132,5092,,,,100
H2,A22_ATTACK_UNDERLYING_005,A22_RETAINED_SEMANTIC_CANDIDATES_V1,expected_accept,True,11900.0,153100.0,164100.0,-143500.0,2598,94,3023,,,,100
H2,A22_ATTACK_UNDERLYING_006,A22_RETAINED_SEMANTIC_CANDIDATES_V1,expected_accept,True,9950.0,172850.0,183100.0,-163800.0,2598,134,3937,,,,100
H2,A22_ATTACK_UNDERLYING_007,A22_RETAINED_SEMANTIC_CANDIDATES_V1,expected_accept,True,11550.0,149800.0,158850.0,-141500.0,2598,94,2524,,,,100
H2,A22_ATTACK_UNDERLYING_008,A22_RETAINED_SEMANTIC_CANDIDATES_V1,expected_accept,True,12750.0,169000.0,180050.0,-160050.0,2598,131,3244,,,,100
H2,A22_ATTACK_UNDERLYING_009,A22_RETAINED_SEMANTIC_CANDIDATES_V1,expected_accept,True,12200.0,145200.0,155850.0,-138600.0,2598,94,2170,,,,100
H2,A22_ATTACK_UNDERLYING_010,A22_RETAINED_SEMANTIC_CANDIDATES_V1,expected_accept,True,10600.0,193150.0,203850.0,-183150.0,2598,132,7153,,,,100
H2,A22_ATTACK_UNDERLYING_011,A22_RETAINED_SEMANTIC_CANDIDATES_V1,expected_accept,True,12050.0,152850.0,162350.0,-145900.0,2598,94,2416,,,,100
H2,A22_ATTACK_UNDERLYING_012,A22_RETAINED_SEMANTIC_CANDIDATES_V1,expected_accept,True,13200.0,224200.0,235700.0,-214800.0,2598,134,12345,,,,100
H2,A22_ATTACK_UNDERLYING_013,A22_RETAINED_SEMANTIC_CANDIDATES_V1,expected_accept,True,9600.0,151600.0,161400.0,-142500.0,2598,94,3005,,,,100
H2,A22_ATTACK_UNDERLYING_014,A22_RETAINED_SEMANTIC_CANDIDATES_V1,expected_accept,True,10300.0,167600.0,177350.0,-158500.0,2598,131,3062,,,,100
H2,A22_ATTACK_UNDERLYING_015,A22_RETAINED_SEMANTIC_CANDIDATES_V1,expected_accept,True,12100.0,150750.0,160850.0,-141900.0,2598,94,2654,,,,100
H2,A22_ATTACK_UNDERLYING_016,A22_RETAINED_SEMANTIC_CANDIDATES_V1,expected_accept,True,10050.0,170900.0,180650.0,-161000.0,2598,132,3419,,,,100
H2,A22_ATTACK_UNDERLYING_017,A22_RETAINED_SEMANTIC_CANDIDATES_V1,expected_accept,True,12300.0,148850.0,158450.0,-140200.0,2598,94,2272,,,,100
H2,A22_ATTACK_UNDERLYING_018,A22_RETAINED_SEMANTIC_CANDIDATES_V1,expected_accept,True,12350.0,201400.0,211450.0,-193250.0,2598,134,12015,,,,100
H2,A22_ATTACK_UNDERLYING_019,A22_RETAINED_SEMANTIC_CANDIDATES_V1,expected_accept,True,12150.0,146700.0,157200.0,-139650.0,2598,94,2317,,,,100
H2,A22_ATTACK_UNDERLYING_020,A22_RETAINED_SEMANTIC_CANDIDATES_V1,expected_accept,True,12450.0,208300.0,219400.0,-199700.0,2598,131,10083,,,,100
H2,A22_COMPOSITE_NEW_ORDER_001,A22_RETAINED_SEMANTIC_CANDIDATES_V1,expected_accept,False,13900.0,173150.0,184000.0,-163350.0,2942,139,3085,,,,100
H2,A22_COMPOSITE_NEW_ORDER_002,A22_RETAINED_SEMANTIC_CANDIDATES_V1,expected_accept,False,14250.0,178250.0,190050.0,-169550.0,2942,139,4519,,,,100
H2,A22_COMPOSITE_NEW_ORDER_003,A22_RETAINED_SEMANTIC_CANDIDATES_V1,expected_accept,False,13300.0,149600.0,160250.0,-140950.0,2942,139,2044,,,,100
H2,A22_COMPOSITE_NEW_ORDER_004,A22_RETAINED_SEMANTIC_CANDIDATES_V1,expected_accept,False,10850.0,152200.0,163500.0,-143350.0,2942,139,3098,,,,100
H2,A22_COMPOSITE_NEW_ORDER_005,A22_RETAINED_SEMANTIC_CANDIDATES_V1,expected_accept,False,11050.0,165150.0,176300.0,-156300.0,2942,139,2532,,,,100
H2,A22_COMPOSITE_NEW_ORDER_006,A22_RETAINED_SEMANTIC_CANDIDATES_V1,expected_accept,False,11200.0,163150.0,175000.0,-154050.0,2942,139,2130,,,,100
H2,A22_COMPOSITE_NEW_ORDER_007,A22_RETAINED_SEMANTIC_CANDIDATES_V1,expected_accept,False,13100.0,187550.0,199300.0,-177850.0,2942,140,7225,,,,100
H2,A22_COMPOSITE_NEW_ORDER_008,A22_RETAINED_SEMANTIC_CANDIDATES_V1,expected_accept,False,12700.0,153800.0,164650.0,-144300.0,2942,139,2241,,,,100
H2,A22_COMPOSITE_NEW_ORDER_009,A22_RETAINED_SEMANTIC_CANDIDATES_V1,expected_accept,False,12700.0,150300.0,161050.0,-140800.0,2942,139,2320,,,,100
H2,A22_COMPOSITE_NEW_ORDER_010,A22_RETAINED_SEMANTIC_CANDIDATES_V1,expected_accept,False,13650.0,166700.0,178100.0,-157200.0,2942,139,2186,,,,100
H2,A22_COMPOSITE_NEW_ORDER_011,A22_RETAINED_SEMANTIC_CANDIDATES_V1,expected_accept,False,12300.0,165400.0,176050.0,-156100.0,2942,139,2435,,,,100
H2,A22_COMPOSITE_NEW_ORDER_012,A22_RETAINED_SEMANTIC_CANDIDATES_V1,expected_accept,False,13300.0,168700.0,179100.0,-160350.0,2942,139,2730,,,,100
H2,A22_COMPOSITE_NEW_ORDER_013,A22_RETAINED_SEMANTIC_CANDIDATES_V1,expected_accept,False,12900.0,152400.0,163650.0,-143200.0,2942,139,2411,,,,100
H2,A22_COMPOSITE_NEW_ORDER_014,A22_RETAINED_SEMANTIC_CANDIDATES_V1,expected_accept,False,12250.0,152400.0,163750.0,-143000.0,2942,140,2342,,,,100
H2,A22_COMPOSITE_NEW_ORDER_015,A22_RETAINED_SEMANTIC_CANDIDATES_V1,expected_accept,False,13100.0,167100.0,177800.0,-156600.0,2942,139,2185,,,,100
H2,A22_COMPOSITE_NEW_ORDER_016,A22_RETAINED_SEMANTIC_CANDIDATES_V1,expected_accept,False,12400.0,167600.0,178700.0,-158650.0,2942,139,2569,,,,100
H2,A22_COMPOSITE_NEW_ORDER_017,A22_RETAINED_SEMANTIC_CANDIDATES_V1,expected_accept,False,14300.0,179100.0,190000.0,-169050.0,2942,139,3696,,,,100
H2,A22_COMPOSITE_NEW_ORDER_018,A22_RETAINED_SEMANTIC_CANDIDATES_V1,expected_accept,False,11050.0,148050.0,159050.0,-138400.0,2942,139,2129,,,,100
H2,A22_COMPOSITE_NEW_ORDER_019,A22_RETAINED_SEMANTIC_CANDIDATES_V1,expected_accept,False,12400.0,153650.0,164050.0,-143950.0,2942,139,2623,,,,100
H2,A22_COMPOSITE_NEW_ORDER_020,A22_RETAINED_SEMANTIC_CANDIDATES_V1,expected_accept,False,12550.0,166300.0,177000.0,-157300.0,2942,139,2301,,,,100
H2,A22_COMPOSITE_PRIORITY_DUE_001,A22_RETAINED_SEMANTIC_CANDIDATES_V1,expected_accept,False,10250.0,160700.0,171700.0,-151800.0,2598,109,2389,,,,100
H2,A22_COMPOSITE_PRIORITY_DUE_002,A22_RETAINED_SEMANTIC_CANDIDATES_V1,expected_accept,False,11950.0,161750.0,172050.0,-153000.0,2598,109,2213,,,,100
H2,A22_COMPOSITE_PRIORITY_DUE_003,A22_RETAINED_SEMANTIC_CANDIDATES_V1,expected_accept,False,12800.0,150850.0,162000.0,-142350.0,2598,109,2225,,,,100
H2,A22_COMPOSITE_PRIORITY_DUE_004,A22_RETAINED_SEMANTIC_CANDIDATES_V1,expected_accept,False,12400.0,150500.0,160850.0,-141000.0,2598,109,2687,,,,100
H2,A22_COMPOSITE_PRIORITY_DUE_005,A22_RETAINED_SEMANTIC_CANDIDATES_V1,expected_accept,False,10650.0,166400.0,176400.0,-155600.0,2598,109,3067,,,,100
H2,A22_COMPOSITE_PRIORITY_DUE_006,A22_RETAINED_SEMANTIC_CANDIDATES_V1,expected_accept,False,12650.0,162400.0,172000.0,-152300.0,2598,110,2100,,,,100
H2,A22_COMPOSITE_PRIORITY_DUE_007,A22_RETAINED_SEMANTIC_CANDIDATES_V1,expected_accept,False,12950.0,164150.0,175000.0,-155950.0,2598,109,2412,,,,100
H2,A22_COMPOSITE_PRIORITY_DUE_008,A22_RETAINED_SEMANTIC_CANDIDATES_V1,expected_accept,False,10250.0,160100.0,170950.0,-151650.0,2598,109,3847,,,,100
H2,A22_COMPOSITE_PRIORITY_DUE_009,A22_RETAINED_SEMANTIC_CANDIDATES_V1,expected_accept,False,12800.0,157000.0,166950.0,-146800.0,2598,109,3231,,,,100
H2,A22_COMPOSITE_PRIORITY_DUE_010,A22_RETAINED_SEMANTIC_CANDIDATES_V1,expected_accept,False,13050.0,175500.0,186850.0,-165800.0,2598,109,4364,,,,100
H2,A22_COMPOSITE_PRIORITY_DUE_011,A22_RETAINED_SEMANTIC_CANDIDATES_V1,expected_accept,False,13200.0,163950.0,174750.0,-155900.0,2598,109,2652,,,,100
H2,A22_COMPOSITE_PRIORITY_DUE_012,A22_RETAINED_SEMANTIC_CANDIDATES_V1,expected_accept,False,13500.0,179950.0,191700.0,-167100.0,2598,110,4625,,,,100
H2,A22_COMPOSITE_PRIORITY_DUE_013,A22_RETAINED_SEMANTIC_CANDIDATES_V1,expected_accept,False,11950.0,156100.0,166300.0,-147800.0,2598,109,2766,,,,100
H2,A22_COMPOSITE_PRIORITY_DUE_014,A22_RETAINED_SEMANTIC_CANDIDATES_V1,expected_accept,False,12550.0,157350.0,167500.0,-147300.0,2598,109,3367,,,,100
H2,A22_COMPOSITE_PRIORITY_DUE_015,A22_RETAINED_SEMANTIC_CANDIDATES_V1,expected_accept,False,10800.0,165750.0,176500.0,-156950.0,2598,109,2696,,,,100
H2,A22_COMPOSITE_PRIORITY_DUE_016,A22_RETAINED_SEMANTIC_CANDIDATES_V1,expected_accept,False,11900.0,160650.0,171400.0,-152050.0,2598,109,2090,,,,100
H2,A22_COMPOSITE_PRIORITY_DUE_017,A22_RETAINED_SEMANTIC_CANDIDATES_V1,expected_accept,False,9800.0,161700.0,172350.0,-153050.0,2598,109,2322,,,,100
H2,A22_COMPOSITE_PRIORITY_DUE_018,A22_RETAINED_SEMANTIC_CANDIDATES_V1,expected_accept,False,11450.0,152200.0,163000.0,-144300.0,2598,110,2659,,,,100
H2,A22_COMPOSITE_PRIORITY_DUE_019,A22_RETAINED_SEMANTIC_CANDIDATES_V1,expected_accept,False,12500.0,162950.0,173600.0,-154850.0,2598,109,4880,,,,100
H2,A22_COMPOSITE_PRIORITY_DUE_020,A22_RETAINED_SEMANTIC_CANDIDATES_V1,expected_accept,False,13050.0,173000.0,184600.0,-164350.0,2598,109,4742,,,,100
H2,A22_INVALID_INTERVAL_001,A22_RETAINED_SEMANTIC_CANDIDATES_V1,expected_reject,False,15450.0,227350.0,239950.0,-217650.0,2598,131,12962,,,,100
H2,A22_INVALID_INTERVAL_002,A22_RETAINED_SEMANTIC_CANDIDATES_V1,expected_reject,False,14800.0,169900.0,181850.0,-160000.0,2598,131,4273,,,,100
H2,A22_INVALID_INTERVAL_003,A22_RETAINED_SEMANTIC_CANDIDATES_V1,expected_reject,False,15800.0,217650.0,229850.0,-205600.0,2598,132,11324,,,,100
H2,A22_INVALID_INTERVAL_004,A22_RETAINED_SEMANTIC_CANDIDATES_V1,expected_reject,False,15500.0,189900.0,202600.0,-180000.0,2598,132,6881,,,,100
H2,A22_INVALID_INTERVAL_005,A22_RETAINED_SEMANTIC_CANDIDATES_V1,expected_reject,False,14000.0,165050.0,177600.0,-155300.0,2598,132,4575,,,,100
H2,A22_INVALID_INTERVAL_006,A22_RETAINED_SEMANTIC_CANDIDATES_V1,expected_reject,False,13200.0,205450.0,218450.0,-194550.0,2598,134,19307,,,,100
H2,A22_INVALID_INTERVAL_007,A22_RETAINED_SEMANTIC_CANDIDATES_V1,expected_reject,False,12400.0,163350.0,174550.0,-151900.0,2598,131,2894,,,,100
H2,A22_INVALID_INTERVAL_008,A22_RETAINED_SEMANTIC_CANDIDATES_V1,expected_reject,False,12600.0,173300.0,184550.0,-163000.0,2598,131,6672,,,,100
H2,A22_INVALID_MISSING_EFFECTIVE_001,A22_RETAINED_SEMANTIC_CANDIDATES_V1,expected_reject,False,12650.0,217500.0,228150.0,-206750.0,2598,131,20966,,,,100
H2,A22_INVALID_MISSING_EFFECTIVE_002,A22_RETAINED_SEMANTIC_CANDIDATES_V1,expected_reject,False,6150.0,172600.0,178850.0,-167350.0,904,55,7113,,,,100
H2,A22_INVALID_MISSING_EFFECTIVE_003,A22_RETAINED_SEMANTIC_CANDIDATES_V1,expected_reject,False,5550.0,202100.0,207000.0,-197500.0,904,55,16812,,,,100
H2,A22_INVALID_MISSING_EFFECTIVE_004,A22_RETAINED_SEMANTIC_CANDIDATES_V1,expected_reject,False,12100.0,169600.0,180800.0,-160750.0,2598,132,3697,,,,100
H2,A22_INVALID_MISSING_EFFECTIVE_005,A22_RETAINED_SEMANTIC_CANDIDATES_V1,expected_reject,False,10100.0,205700.0,216250.0,-197100.0,2598,132,13682,,,,100
H2,A22_INVALID_MISSING_EFFECTIVE_006,A22_RETAINED_SEMANTIC_CANDIDATES_V1,expected_reject,False,5350.0,171900.0,176100.0,-167400.0,904,55,5058,,,,100
H2,A22_INVALID_MISSING_EFFECTIVE_007,A22_RETAINED_SEMANTIC_CANDIDATES_V1,expected_reject,False,4800.0,180600.0,185400.0,-176900.0,904,55,6816,,,,100
H2,A22_INVALID_MISSING_EFFECTIVE_008,A22_RETAINED_SEMANTIC_CANDIDATES_V1,expected_reject,False,12450.0,169100.0,179550.0,-160000.0,2598,131,3913,,,,100
H2,A22_INVALID_UNKNOWN_MACHINE_001,A22_RETAINED_SEMANTIC_CANDIDATES_V1,expected_reject,False,14300.0,160100.0,171750.0,-148900.0,2598,142,4020,,,,100
H2,A22_INVALID_UNKNOWN_MACHINE_002,A22_RETAINED_SEMANTIC_CANDIDATES_V1,expected_reject,False,14300.0,148400.0,160200.0,-138650.0,2598,142,2198,,,,100
H2,A22_INVALID_UNKNOWN_MACHINE_003,A22_RETAINED_SEMANTIC_CANDIDATES_V1,expected_reject,False,13050.0,154550.0,167450.0,-143350.0,2598,142,2944,,,,100
H2,A22_INVALID_UNKNOWN_MACHINE_004,A22_RETAINED_SEMANTIC_CANDIDATES_V1,expected_reject,False,13750.0,146650.0,159150.0,-137400.0,2598,142,2222,,,,100
H2,A22_INVALID_UNKNOWN_MACHINE_005,A22_RETAINED_SEMANTIC_CANDIDATES_V1,expected_reject,False,14500.0,150650.0,163950.0,-141050.0,2598,142,2521,,,,100
H2,A22_INVALID_UNKNOWN_MACHINE_006,A22_RETAINED_SEMANTIC_CANDIDATES_V1,expected_reject,False,14800.0,150800.0,162900.0,-140650.0,2598,142,2297,,,,100
H2,A22_INVALID_UNKNOWN_MACHINE_007,A22_RETAINED_SEMANTIC_CANDIDATES_V1,expected_reject,False,13850.0,149900.0,162200.0,-140500.0,2598,142,2459,,,,100
H2,A22_INVALID_UNKNOWN_MACHINE_008,A22_RETAINED_SEMANTIC_CANDIDATES_V1,expected_reject,False,14700.0,173800.0,187000.0,-162000.0,2598,142,3297,,,,100
H2,A22_INVALID_UNKNOWN_ORDER_001,A22_RETAINED_SEMANTIC_CANDIDATES_V1,expected_reject,False,15200.0,164800.0,177150.0,-155750.0,2598,101,4063,,,,100
H2,A22_INVALID_UNKNOWN_ORDER_002,A22_RETAINED_SEMANTIC_CANDIDATES_V1,expected_reject,False,14250.0,166300.0,178700.0,-156750.0,2598,101,3149,,,,100
H2,A22_INVALID_UNKNOWN_ORDER_003,A22_RETAINED_SEMANTIC_CANDIDATES_V1,expected_reject,False,15700.0,182650.0,195250.0,-169950.0,2598,101,3011,,,,100
H2,A22_INVALID_UNKNOWN_ORDER_004,A22_RETAINED_SEMANTIC_CANDIDATES_V1,expected_reject,False,12350.0,163050.0,175450.0,-153150.0,2598,101,2844,,,,100
H2,A22_INVALID_UNKNOWN_ORDER_005,A22_RETAINED_SEMANTIC_CANDIDATES_V1,expected_reject,False,14300.0,171700.0,183300.0,-161300.0,2598,101,3538,,,,100
H2,A22_INVALID_UNKNOWN_ORDER_006,A22_RETAINED_SEMANTIC_CANDIDATES_V1,expected_reject,False,13900.0,169500.0,181850.0,-158600.0,2598,101,3308,,,,100
H2,A22_INVALID_UNKNOWN_ORDER_007,A22_RETAINED_SEMANTIC_CANDIDATES_V1,expected_reject,False,13750.0,171500.0,184650.0,-162300.0,2598,101,3838,,,,100
H2,A22_INVALID_UNKNOWN_ORDER_008,A22_RETAINED_SEMANTIC_CANDIDATES_V1,expected_reject,False,15950.0,169600.0,182550.0,-159700.0,2598,101,2762,,,,100
H2,A22_INVALID_UNSUPPORTED_001,A22_RETAINED_SEMANTIC_CANDIDATES_V1,expected_reject,False,4400.0,158000.0,162200.0,-153200.0,904,55,2750,,,,100
H2,A22_INVALID_UNSUPPORTED_002,A22_RETAINED_SEMANTIC_CANDIDATES_V1,expected_reject,False,5650.0,155100.0,159700.0,-151250.0,904,55,2985,,,,100
H2,A22_INVALID_UNSUPPORTED_003,A22_RETAINED_SEMANTIC_CANDIDATES_V1,expected_reject,False,5600.0,156600.0,160600.0,-152700.0,904,55,2722,,,,100
H2,A22_INVALID_UNSUPPORTED_004,A22_RETAINED_SEMANTIC_CANDIDATES_V1,expected_reject,False,4200.0,158050.0,162200.0,-154150.0,904,55,3804,,,,100
H2,A22_INVALID_UNSUPPORTED_005,A22_RETAINED_SEMANTIC_CANDIDATES_V1,expected_reject,False,5600.0,155750.0,160850.0,-151550.0,904,55,3291,,,,100
H2,A22_INVALID_UNSUPPORTED_006,A22_RETAINED_SEMANTIC_CANDIDATES_V1,expected_reject,False,6050.0,184000.0,190950.0,-178950.0,904,55,3951,,,,100
H2,A22_INVALID_UNSUPPORTED_007,A22_RETAINED_SEMANTIC_CANDIDATES_V1,expected_reject,False,4350.0,157400.0,161700.0,-152800.0,904,55,3998,,,,100
H2,A22_INVALID_UNSUPPORTED_008,A22_RETAINED_SEMANTIC_CANDIDATES_V1,expected_reject,False,4150.0,154250.0,159100.0,-150500.0,904,55,3237,,,,100
H2,A22_SINGLE_MF_001,A22_RETAINED_SEMANTIC_CANDIDATES_V1,expected_accept,False,11750.0,166500.0,177250.0,-158800.0,2598,130,3328,,,,100
H2,A22_SINGLE_MF_002,A22_RETAINED_SEMANTIC_CANDIDATES_V1,expected_accept,False,12650.0,188850.0,200650.0,-179450.0,2598,130,10367,,,,100
H2,A22_SINGLE_MF_003,A22_RETAINED_SEMANTIC_CANDIDATES_V1,expected_accept,False,12700.0,181900.0,192700.0,-173200.0,2598,131,9048,,,,100
H2,A22_SINGLE_MF_004,A22_RETAINED_SEMANTIC_CANDIDATES_V1,expected_accept,False,11550.0,154300.0,164500.0,-145350.0,2598,132,3719,,,,100
H2,A22_SINGLE_MF_005,A22_RETAINED_SEMANTIC_CANDIDATES_V1,expected_accept,False,5150.0,194650.0,199400.0,-190250.0,904,55,15875,,,,100
H2,A22_SINGLE_MF_006,A22_RETAINED_SEMANTIC_CANDIDATES_V1,expected_accept,False,10700.0,161650.0,172150.0,-151950.0,2598,134,2818,,,,100
H2,A22_SINGLE_MF_007,A22_RETAINED_SEMANTIC_CANDIDATES_V1,expected_accept,False,13000.0,165950.0,175900.0,-157850.0,2598,131,3220,,,,100
H2,A22_SINGLE_MF_008,A22_RETAINED_SEMANTIC_CANDIDATES_V1,expected_accept,False,11050.0,144200.0,154450.0,-134750.0,2598,131,2070,,,,100
H2,A22_SINGLE_MF_009,A22_RETAINED_SEMANTIC_CANDIDATES_V1,expected_accept,False,13200.0,185600.0,197100.0,-177600.0,2598,132,9418,,,,100
H2,A22_SINGLE_MF_010,A22_RETAINED_SEMANTIC_CANDIDATES_V1,expected_accept,False,12050.0,178600.0,189150.0,-170050.0,2598,132,4720,,,,100
H2,A22_SINGLE_MF_011,A22_RETAINED_SEMANTIC_CANDIDATES_V1,expected_accept,False,11650.0,235100.0,246200.0,-225400.0,2598,132,14695,,,,100
H2,A22_SINGLE_MF_012,A22_RETAINED_SEMANTIC_CANDIDATES_V1,expected_accept,False,14000.0,255550.0,267400.0,-246350.0,2598,134,35991,,,,100
H2,A22_SINGLE_MF_013,A22_RETAINED_SEMANTIC_CANDIDATES_V1,expected_accept,False,9900.0,153500.0,163950.0,-144750.0,2598,131,3079,,,,100
H2,A22_SINGLE_MF_014,A22_RETAINED_SEMANTIC_CANDIDATES_V1,expected_accept,False,11800.0,148500.0,158800.0,-140900.0,2598,131,2843,,,,100
H2,A22_SINGLE_MF_015,A22_RETAINED_SEMANTIC_CANDIDATES_V1,expected_accept,False,5100.0,190350.0,195400.0,-186550.0,904,55,14289,,,,100
H2,A22_SINGLE_MF_016,A22_RETAINED_SEMANTIC_CANDIDATES_V1,expected_accept,False,12550.0,179350.0,189500.0,-169800.0,2598,132,4765,,,,100
H2,A22_SINGLE_MF_017,A22_RETAINED_SEMANTIC_CANDIDATES_V1,expected_accept,False,12400.0,217350.0,227000.0,-207350.0,2598,132,19444,,,,100
H2,A22_SINGLE_MF_018,A22_RETAINED_SEMANTIC_CANDIDATES_V1,expected_accept,False,13000.0,204800.0,215200.0,-196200.0,2598,134,13855,,,,100
H2,A22_SINGLE_MF_019,A22_RETAINED_SEMANTIC_CANDIDATES_V1,expected_accept,False,11600.0,151100.0,161100.0,-142550.0,2598,132,2937,,,,100
H2,A22_SINGLE_MF_020,A22_RETAINED_SEMANTIC_CANDIDATES_V1,expected_accept,False,4800.0,199650.0,204550.0,-195200.0,904,55,15810,,,,100
H2,A22_SINGLE_PRIORITY_001,A22_RETAINED_SEMANTIC_CANDIDATES_V1,expected_accept,False,11400.0,159450.0,168800.0,-150250.0,2598,93,2037,,,,100
H2,A22_SINGLE_PRIORITY_002,A22_RETAINED_SEMANTIC_CANDIDATES_V1,expected_accept,False,12000.0,167700.0,178200.0,-160200.0,2598,93,3117,,,,100
H2,A22_SINGLE_PRIORITY_003,A22_RETAINED_SEMANTIC_CANDIDATES_V1,expected_accept,False,9600.0,144650.0,154150.0,-136700.0,2598,93,2163,,,,100
H2,A22_SINGLE_PRIORITY_004,A22_RETAINED_SEMANTIC_CANDIDATES_V1,expected_accept,False,11950.0,147350.0,157500.0,-138800.0,2598,94,2315,,,,100
H2,A22_SINGLE_PRIORITY_005,A22_RETAINED_SEMANTIC_CANDIDATES_V1,expected_accept,False,10200.0,159100.0,169000.0,-151000.0,2598,95,2083,,,,100
H2,A22_SINGLE_PRIORITY_006,A22_RETAINED_SEMANTIC_CANDIDATES_V1,expected_accept,False,12500.0,161600.0,172450.0,-153900.0,2598,94,2569,,,,100
H2,A22_SINGLE_PRIORITY_007,A22_RETAINED_SEMANTIC_CANDIDATES_V1,expected_accept,False,9350.0,160350.0,170350.0,-152100.0,2598,94,2321,,,,100
H2,A22_SINGLE_PRIORITY_008,A22_RETAINED_SEMANTIC_CANDIDATES_V1,expected_accept,False,10250.0,146850.0,155650.0,-137400.0,2598,94,2499,,,,100
H2,A22_SINGLE_PRIORITY_009,A22_RETAINED_SEMANTIC_CANDIDATES_V1,expected_accept,False,12200.0,151150.0,163300.0,-143950.0,2598,94,1861,,,,100
H2,A22_SINGLE_PRIORITY_010,A22_RETAINED_SEMANTIC_CANDIDATES_V1,expected_accept,False,12250.0,161400.0,171650.0,-152950.0,2598,95,2321,,,,100
H2,A22_SINGLE_PRIORITY_011,A22_RETAINED_SEMANTIC_CANDIDATES_V1,expected_accept,False,13100.0,171800.0,183450.0,-162800.0,2598,94,3329,,,,100
H2,A22_SINGLE_PRIORITY_012,A22_RETAINED_SEMANTIC_CANDIDATES_V1,expected_accept,False,11700.0,165500.0,174850.0,-155050.0,2598,94,2630,,,,100
H2,A22_SINGLE_PRIORITY_013,A22_RETAINED_SEMANTIC_CANDIDATES_V1,expected_accept,False,12150.0,145400.0,155200.0,-137750.0,2598,94,1988,,,,100
H2,A22_SINGLE_PRIORITY_014,A22_RETAINED_SEMANTIC_CANDIDATES_V1,expected_accept,False,11550.0,144350.0,154400.0,-136650.0,2598,94,2043,,,,100
H2,A22_SINGLE_PRIORITY_015,A22_RETAINED_SEMANTIC_CANDIDATES_V1,expected_accept,False,11950.0,159850.0,169800.0,-152350.0,2598,95,2288,,,,100
H2,A22_SINGLE_PRIORITY_016,A22_RETAINED_SEMANTIC_CANDIDATES_V1,expected_accept,False,11750.0,157300.0,167400.0,-149300.0,2598,94,2046,,,,100
H2,A22_SINGLE_PRIORITY_017,A22_RETAINED_SEMANTIC_CANDIDATES_V1,expected_accept,False,12250.0,157700.0,167550.0,-149250.0,2598,94,2037,,,,100
H2,A22_SINGLE_PRIORITY_018,A22_RETAINED_SEMANTIC_CANDIDATES_V1,expected_accept,False,12200.0,147950.0,157300.0,-139950.0,2598,94,2528,,,,100
H2,A22_SINGLE_PRIORITY_019,A22_RETAINED_SEMANTIC_CANDIDATES_V1,expected_accept,False,11250.0,145000.0,154100.0,-136550.0,2598,94,1863,,,,100
H2,A22_SINGLE_PRIORITY_020,A22_RETAINED_SEMANTIC_CANDIDATES_V1,expected_accept,False,12500.0,162200.0,172800.0,-153950.0,2598,95,1943,,,,100
H3,052b2dfeb855619b4e74c70e7155e5699a6aebc572c887f1432462ecf4afce6b,A26_RETAINED_ACCEPTED_BUNDLES_V1,accepted,False,800050.0,10035000.0,10849900.0,-9255500.0,56944,404,755121,150,451,150,100
H3,0edc936e36dbd00367c35ec096b127c69211776f53ead8d7b9619a78d9b3beb5,A26_RETAINED_ACCEPTED_BUNDLES_V1,accepted,False,697900.0,10176950.0,10870200.0,-9506100.0,26224,388,779480,150,490,150,100
H3,19993579c580ecb799e1ce158990340e547863ae75c4be153b97908cb5cd08a2,A26_RETAINED_ACCEPTED_BUNDLES_V1,accepted,False,529650.0,5429150.0,5914350.0,-4883800.0,19880,386,376417,90,172,90,100
H3,1bb3dc3f26212de23def1f2ca0d598d344fea56b8a73247e2f6390ebea07946d,A26_RETAINED_ACCEPTED_BUNDLES_V1,accepted,False,526800.0,5371100.0,5902800.0,-4868900.0,19880,387,376647,90,172,90,100
H3,2443e5a3d32298289c0b98d2a7d3a03cbf4194a7adecf97293b0ac348944ba9e,A26_RETAINED_ACCEPTED_BUNDLES_V1,accepted,False,801200.0,9934750.0,10713900.0,-9148750.0,27560,404,755111,150,451,150,100
H3,245cb7ed72fd0a10da80157bd648a7ae9e8bd9ef722909fe778d274715ad67b3,A26_RETAINED_ACCEPTED_BUNDLES_V1,accepted,False,422700.0,5258750.0,5641650.0,-4846700.0,18784,386,369530,90,172,90,100
H3,268469c82535bf1ba82a82324d755f40ad8bc7255c875b8e25c2d7943cff1ff3,A26_RETAINED_ACCEPTED_BUNDLES_V1,accepted,False,702600.0,10126500.0,10936450.0,-9459050.0,26224,387,779262,150,490,150,100
H3,2908e9ba69598735be8757d9b153473f5bacec1feb89ecff91ce994824a10178,A26_RETAINED_ACCEPTED_BUNDLES_V1,accepted,False,678500.0,10140850.0,10865950.0,-9465950.0,26224,387,778769,150,490,150,100
H3,474b6ef7aac2feb7cb9195d7d3644f0d53d378eb4518ef87a9a2f7714d8ef3d5,A26_RETAINED_ACCEPTED_BUNDLES_V1,accepted,False,469950.0,5278750.0,5765200.0,-4811900.0,19880,392,371559,90,172,90,100
H3,4fafb9a13ff5e2fda82a804bf609727b68a17926d69ae1574c4801604ec81359,A26_RETAINED_ACCEPTED_BUNDLES_V1,accepted,False,476300.0,5533800.0,5998900.0,-5079800.0,19880,392,371549,90,172,90,100
H3,54349d927b9070c144f507868f9ef8b962c7c926426b33c3a7e0c88f715b246a,A26_RETAINED_ACCEPTED_BUNDLES_V1,accepted,False,471650.0,5374250.0,5878600.0,-4907250.0,19880,389,371510,90,172,90,100
H3,558b8365de15727bf495595ed539867872c185b280ea249712f3b1d5f8674cd5,A26_RETAINED_ACCEPTED_BUNDLES_V1,accepted,False,479500.0,5319750.0,5819450.0,-4829300.0,44176,392,371529,90,172,90,100
H3,5ecccd77f46ab5549088b57686632a9eb5ccf1a5a977fbe35cfae6a50eca52bb,A26_RETAINED_ACCEPTED_BUNDLES_V1,accepted,False,422500.0,5080950.0,5485500.0,-4702250.0,18784,387,366528,90,172,90,100
H3,5f24b2bbe16d5c8f667064d5031553e1dd9c4d9dbb7e0757cb922d9ba47928d5,A26_RETAINED_ACCEPTED_BUNDLES_V1,accepted,False,479700.0,5342950.0,5790250.0,-4885000.0,19880,401,371715,90,172,90,100
H3,61f77c0251bcd2bbb51e6bff7e048bfcda7139b4e796314d32b47961ac3b5c1b,A26_RETAINED_ACCEPTED_BUNDLES_V1,accepted,False,455500.0,5358550.0,5838550.0,-4887850.0,19880,388,373222,90,172,90,100
H3,634f3d08fd93ba622176ea6c9ff7ff1fb9d57a9b14f936f27d1460655fc20d72,A26_RETAINED_ACCEPTED_BUNDLES_V1,accepted,False,432050.0,5227350.0,5660200.0,-4832500.0,18784,388,369189,90,172,90,100
H3,73cdcc11d1c23e47664696979a9b12b94deb5da000c18f37a8d7c0b641090788,A26_RETAINED_ACCEPTED_BUNDLES_V1,accepted,False,819400.0,9914900.0,10723850.0,-9096250.0,42336,391,755370,150,451,150,100
H3,7dc2cc636acd7eeb3db7367222360894cac918d6adca467d2f7a79960bbe8b1c,A26_RETAINED_ACCEPTED_BUNDLES_V1,accepted,False,478850.0,5460250.0,5903550.0,-4995650.0,19880,387,372138,90,172,90,100
H3,8c60197386a54af6d06cac0996c81cbca4971ac83984afcf2a52fa27a5bb1b42,A26_RETAINED_ACCEPTED_BUNDLES_V1,accepted,False,459550.0,5267850.0,5727000.0,-4777200.0,19880,387,372245,90,172,90,100
H3,8e3a1df6f55a6d53d21fd63c9dcda45cee6d1576c4989d45b40828d31e6d7281,A26_RETAINED_ACCEPTED_BUNDLES_V1,accepted,False,470950.0,5369550.0,5828050.0,-4956100.0,19880,389,371639,90,172,90,100
H3,97eb8ea8dfec0a163a4b54e1179247553055627de3df3d7a40c8879cacc64800,A26_RETAINED_ACCEPTED_BUNDLES_V1,accepted,False,775150.0,9932550.0,10712000.0,-9117800.0,27560,395,754947,150,451,150,100
H3,9827288498c6ff63f3f7ec6f3bb833b53ac1c3cbaf59021addc82b6a8c08bae2,A26_RETAINED_ACCEPTED_BUNDLES_V1,accepted,False,780500.0,9999250.0,10782150.0,-9296550.0,27560,395,754955,150,451,150,100
H3,9f7906189c782cba7c3a4cc9cb8785764c8ad3fb1e637423a7a310d6c438feb5,A26_RETAINED_ACCEPTED_BUNDLES_V1,accepted,False,529050.0,5367900.0,5868400.0,-4842400.0,19880,386,376294,90,172,90,100
H3,aa5b4ee1688c71f1a3932cd7d9b629a08e31ef09728f3280c98c7636eecfb8d3,A26_RETAINED_ACCEPTED_BUNDLES_V1,accepted,False,776250.0,9843050.0,10645700.0,-9069350.0,27560,392,754924,150,451,150,100
H3,aad646b14392b632d658225dedb7d3953424ab9ab19ebafdc67bd9a7f02eb50b,A26_RETAINED_ACCEPTED_BUNDLES_V1,accepted,False,715350.0,10183550.0,10908750.0,-9485600.0,26224,389,782303,150,490,150,100
H3,abc8d6ba26b9728a25ebd17f4066aa5421f54fde1c1ef630cc33cb308c0fb8e5,A26_RETAINED_ACCEPTED_BUNDLES_V1,accepted,False,469650.0,5305350.0,5743350.0,-4820700.0,19880,388,373355,90,172,90,100
H3,b0f01f4c7ca822555039b9267d8985edbeb149abc0a710d6583cea634584f862,A26_RETAINED_ACCEPTED_BUNDLES_V1,accepted,False,702800.0,10260100.0,10971400.0,-9569000.0,26224,388,778599,150,490,150,100
H3,b31f9c5cbf923f188771558357941c1a7d6a71089f67793c620cf7034a070eb2,A26_RETAINED_ACCEPTED_BUNDLES_V1,accepted,False,527550.0,5341000.0,5875650.0,-4861800.0,19880,385,377436,90,172,90,100
H3,b5c400c27e6dbb1cc8466c5ce68e1530b6d984599f3c01c36496b49b586ff5e3,A26_RETAINED_ACCEPTED_BUNDLES_V1,accepted,False,813200.0,9959000.0,10797450.0,-9178050.0,27560,392,755038,150,451,150,100
H3,bb3f15222034bdf87b9be499b27f859fe778b781693fd54677f83bd7531f0680,A26_RETAINED_ACCEPTED_BUNDLES_V1,accepted,False,539950.0,5563450.0,6090950.0,-5060800.0,19880,387,376547,90,172,90,100
H3,ce18361670bfbcde2f3ff22167187aecef9164dedbf1198bc7563c147804780e,A26_RETAINED_ACCEPTED_BUNDLES_V1,accepted,False,794350.0,9907300.0,10755300.0,-9186650.0,27560,404,755123,150,451,150,100
H3,ceae66508816dc9f5458c925c89f155658e6c78710a8753d337ac385481cc1bf,A26_RETAINED_ACCEPTED_BUNDLES_V1,accepted,False,789700.0,9968100.0,10784400.0,-9153350.0,27560,395,754947,150,451,150,100
H3,d093d52f24139c1b6fb09b775beedd000f1a7b3716df906d7d36e91e7e848265,A26_RETAINED_ACCEPTED_BUNDLES_V1,accepted,False,803650.0,9934300.0,10745750.0,-9177400.0,27560,390,758647,150,451,150,100
H3,d4b957654a5efd71168d6f7e67936e6abf4666ceb41e7919635002157b125411,A26_RETAINED_ACCEPTED_BUNDLES_V1,accepted,False,418150.0,5372250.0,5754650.0,-5008200.0,18784,386,369648,90,172,90,100
H3,d598e89b357205c7b4bd47c5ebbe933f8be1f7c8dcdee85e66ec6829cafb91d3,A26_RETAINED_ACCEPTED_BUNDLES_V1,accepted,False,403650.0,5284650.0,5655300.0,-4886650.0,18784,387,366660,90,172,90,100
H3,eb3670bbe434a59cc94347384a5d50fb526d26a00dbf6da73e54438c4bacc2a0,A26_RETAINED_ACCEPTED_BUNDLES_V1,accepted,False,467200.0,5282350.0,5808750.0,-4804550.0,44176,401,371712,90,172,90,100
H3,f1e5fc58ea336e13c098308a2da00dee7de3dd3aa08d6170df4a3cb1afd09795,A26_RETAINED_ACCEPTED_BUNDLES_V1,accepted,False,813400.0,10058100.0,10863350.0,-9237500.0,42336,391,755658,150,451,150,100
H3,f583baa2dad1527b5f84f71805410ee51b78fce2b1be62de49f1636c06821c7b,A26_RETAINED_ACCEPTED_BUNDLES_V1,accepted,False,805850.0,10064450.0,10895600.0,-9259550.0,27560,390,758750,150,451,150,100
H3,f64f55ad9277004ae441909cd6556d26eeaf73d3eb3c537384be703615149f96,A26_RETAINED_ACCEPTED_BUNDLES_V1,accepted,False,472700.0,5525450.0,5993550.0,-5073800.0,19880,401,371715,90,172,90,100
H3,f80e8a50e0815fda9eef8635e52671f3888786c4daef5767b8da7b74e4311646,A26_RETAINED_ACCEPTED_BUNDLES_V1,accepted,False,681550.0,10077500.0,10781850.0,-9422500.0,26224,389,780287,150,490,150,100
H3,f9ade00b139ce33674b05d1766de3ec85779abfd83f893a7b2437817100901d9,A26_RETAINED_ACCEPTED_BUNDLES_V1,accepted,False,407850.0,5347250.0,5749300.0,-4927800.0,18784,388,369294,90,172,90,100
H3,feb26c8ce25b99d6b090e07fca86c8e2dbf3ff2d6b891634c4c71b179329ab47,A26_RETAINED_ACCEPTED_BUNDLES_V1,accepted,False,519150.0,5334500.0,5862300.0,-4835150.0,19880,385,377302,90,172,90,100
H4,052b2dfeb855619b4e74c70e7155e5699a6aebc572c887f1432462ecf4afce6b,A26_RETAINED_ACCEPTED_BUNDLES_V1,accepted,False,1149750.0,10067000.0,11196600.0,-8937550.0,221600,404,755121,150,451,150,100
H4,0edc936e36dbd00367c35ec096b127c69211776f53ead8d7b9619a78d9b3beb5,A26_RETAINED_ACCEPTED_BUNDLES_V1,accepted,False,1166700.0,10373250.0,11573550.0,-9181250.0,220385,388,779480,150,490,150,100
H4,19993579c580ecb799e1ce158990340e547863ae75c4be153b97908cb5cd08a2,A26_RETAINED_ACCEPTED_BUNDLES_V1,accepted,False,750450.0,5428300.0,6194400.0,-4645350.0,133522,386,376417,90,172,90,100
H4,1bb3dc3f26212de23def1f2ca0d598d344fea56b8a73247e2f6390ebea07946d,A26_RETAINED_ACCEPTED_BUNDLES_V1,accepted,False,773950.0,5246600.0,6019750.0,-4535900.0,133522,387,376647,90,172,90,100
H4,2443e5a3d32298289c0b98d2a7d3a03cbf4194a7adecf97293b0ac348944ba9e,A26_RETAINED_ACCEPTED_BUNDLES_V1,accepted,False,1171650.0,10082100.0,11249150.0,-8904500.0,221384,404,755111,150,451,150,100
H4,245cb7ed72fd0a10da80157bd648a7ae9e8bd9ef722909fe778d274715ad67b3,A26_RETAINED_ACCEPTED_BUNDLES_V1,accepted,False,761400.0,5226250.0,6007350.0,-4497850.0,133522,386,369530,90,172,90,100
H4,268469c82535bf1ba82a82324d755f40ad8bc7255c875b8e25c2d7943cff1ff3,A26_RETAINED_ACCEPTED_BUNDLES_V1,accepted,False,1155150.0,10278700.0,11420500.0,-9137950.0,220382,387,779262,150,490,150,100
H4,2908e9ba69598735be8757d9b153473f5bacec1feb89ecff91ce994824a10178,A26_RETAINED_ACCEPTED_BUNDLES_V1,accepted,False,1134800.0,10169900.0,11323250.0,-9023500.0,220388,387,778769,150,490,150,100
H4,474b6ef7aac2feb7cb9195d7d3644f0d53d378eb4518ef87a9a2f7714d8ef3d5,A26_RETAINED_ACCEPTED_BUNDLES_V1,accepted,False,739700.0,5247250.0,6011350.0,-4513500.0,133522,392,371559,90,172,90,100
H4,4fafb9a13ff5e2fda82a804bf609727b68a17926d69ae1574c4801604ec81359,A26_RETAINED_ACCEPTED_BUNDLES_V1,accepted,False,763950.0,5418000.0,6150400.0,-4666750.0,133522,392,371549,90,172,90,100
H4,54349d927b9070c144f507868f9ef8b962c7c926426b33c3a7e0c88f715b246a,A26_RETAINED_ACCEPTED_BUNDLES_V1,accepted,False,764200.0,5370400.0,6140050.0,-4642200.0,133522,389,371510,90,172,90,100
H4,558b8365de15727bf495595ed539867872c185b280ea249712f3b1d5f8674cd5,A26_RETAINED_ACCEPTED_BUNDLES_V1,accepted,False,751850.0,5365600.0,6072150.0,-4568250.0,133522,392,371529,90,172,90,100
H4,5ecccd77f46ab5549088b57686632a9eb5ccf1a5a977fbe35cfae6a50eca52bb,A26_RETAINED_ACCEPTED_BUNDLES_V1,accepted,False,763850.0,5199650.0,5953350.0,-4474100.0,133522,387,366528,90,172,90,100
H4,5f24b2bbe16d5c8f667064d5031553e1dd9c4d9dbb7e0757cb922d9ba47928d5,A26_RETAINED_ACCEPTED_BUNDLES_V1,accepted,False,758000.0,5425400.0,6169200.0,-4699550.0,133522,401,371715,90,172,90,100
H4,61f77c0251bcd2bbb51e6bff7e048bfcda7139b4e796314d32b47961ac3b5c1b,A26_RETAINED_ACCEPTED_BUNDLES_V1,accepted,False,730650.0,5342300.0,6058800.0,-4583250.0,133522,388,373222,90,172,90,100
H4,634f3d08fd93ba622176ea6c9ff7ff1fb9d57a9b14f936f27d1460655fc20d72,A26_RETAINED_ACCEPTED_BUNDLES_V1,accepted,False,758150.0,5202800.0,5959550.0,-4454200.0,133522,388,369189,90,172,90,100
H4,73cdcc11d1c23e47664696979a9b12b94deb5da000c18f37a8d7c0b641090788,A26_RETAINED_ACCEPTED_BUNDLES_V1,accepted,False,1166800.0,10117350.0,11279850.0,-8963100.0,221384,391,755370,150,451,150,100
H4,7dc2cc636acd7eeb3db7367222360894cac918d6adca467d2f7a79960bbe8b1c,A26_RETAINED_ACCEPTED_BUNDLES_V1,accepted,False,747250.0,5395700.0,6163600.0,-4652550.0,134146,387,372138,90,172,90,100
H4,8c60197386a54af6d06cac0996c81cbca4971ac83984afcf2a52fa27a5bb1b42,A26_RETAINED_ACCEPTED_BUNDLES_V1,accepted,False,784700.0,5256000.0,6001000.0,-4495100.0,133522,387,372245,90,172,90,100
H4,8e3a1df6f55a6d53d21fd63c9dcda45cee6d1576c4989d45b40828d31e6d7281,A26_RETAINED_ACCEPTED_BUNDLES_V1,accepted,False,773250.0,5405900.0,6144300.0,-4619550.0,133522,389,371639,90,172,90,100
H4,97eb8ea8dfec0a163a4b54e1179247553055627de3df3d7a40c8879cacc64800,A26_RETAINED_ACCEPTED_BUNDLES_V1,accepted,False,1171350.0,10002900.0,11282900.0,-8802200.0,221384,395,754947,150,451,150,100
H4,9827288498c6ff63f3f7ec6f3bb833b53ac1c3cbaf59021addc82b6a8c08bae2,A26_RETAINED_ACCEPTED_BUNDLES_V1,accepted,False,1151900.0,10022300.0,11205950.0,-8819500.0,221384,395,754955,150,451,150,100
H4,9f7906189c782cba7c3a4cc9cb8785764c8ad3fb1e637423a7a310d6c438feb5,A26_RETAINED_ACCEPTED_BUNDLES_V1,accepted,False,732150.0,5256200.0,5997850.0,-4535200.0,133522,386,376294,90,172,90,100
H4,aa5b4ee1688c71f1a3932cd7d9b629a08e31ef09728f3280c98c7636eecfb8d3,A26_RETAINED_ACCEPTED_BUNDLES_V1,accepted,False,1150200.0,10008800.0,11123950.0,-8792700.0,221384,392,754924,150,451,150,100
H4,aad646b14392b632d658225dedb7d3953424ab9ab19ebafdc67bd9a7f02eb50b,A26_RETAINED_ACCEPTED_BUNDLES_V1,accepted,False,1157300.0,10327800.0,11551000.0,-9199750.0,220391,389,782303,150,490,150,100
H4,abc8d6ba26b9728a25ebd17f4066aa5421f54fde1c1ef630cc33cb308c0fb8e5,A26_RETAINED_ACCEPTED_BUNDLES_V1,accepted,False,756000.0,5418100.0,6221350.0,-4676900.0,133522,388,373355,90,172,90,100
H4,b0f01f4c7ca822555039b9267d8985edbeb149abc0a710d6583cea634584f862,A26_RETAINED_ACCEPTED_BUNDLES_V1,accepted,False,1158900.0,10418800.0,11608250.0,-9223050.0,220382,388,778599,150,490,150,100
H4,b31f9c5cbf923f188771558357941c1a7d6a71089f67793c620cf7034a070eb2,A26_RETAINED_ACCEPTED_BUNDLES_V1,accepted,False,744150.0,5317800.0,6077000.0,-4588300.0,133522,385,377436,90,172,90,100
H4,b5c400c27e6dbb1cc8466c5ce68e1530b6d984599f3c01c36496b49b586ff5e3,A26_RETAINED_ACCEPTED_BUNDLES_V1,accepted,False,1166150.0,10073800.0,11297450.0,-8913250.0,221384,392,755038,150,451,150,100
H4,bb3f15222034bdf87b9be499b27f859fe778b781693fd54677f83bd7531f0680,A26_RETAINED_ACCEPTED_BUNDLES_V1,accepted,False,779900.0,5390750.0,6130100.0,-4670900.0,133522,387,376547,90,172,90,100
H4,ce18361670bfbcde2f3ff22167187aecef9164dedbf1198bc7563c147804780e,A26_RETAINED_ACCEPTED_BUNDLES_V1,accepted,False,1150500.0,10025300.0,11213600.0,-8807850.0,221384,404,755123,150,451,150,100
H4,ceae66508816dc9f5458c925c89f155658e6c78710a8753d337ac385481cc1bf,A26_RETAINED_ACCEPTED_BUNDLES_V1,accepted,False,1159750.0,10013350.0,11156800.0,-8851500.0,221384,395,754947,150,451,150,100
H4,d093d52f24139c1b6fb09b775beedd000f1a7b3716df906d7d36e91e7e848265,A26_RETAINED_ACCEPTED_BUNDLES_V1,accepted,False,1145700.0,9868150.0,11118300.0,-8686050.0,221384,390,758647,150,451,150,100
H4,d4b957654a5efd71168d6f7e67936e6abf4666ceb41e7919635002157b125411,A26_RETAINED_ACCEPTED_BUNDLES_V1,accepted,False,757650.0,5159100.0,5944450.0,-4399750.0,133522,386,369648,90,172,90,100
H4,d598e89b357205c7b4bd47c5ebbe933f8be1f7c8dcdee85e66ec6829cafb91d3,A26_RETAINED_ACCEPTED_BUNDLES_V1,accepted,False,761350.0,5312250.0,6095850.0,-4629650.0,133522,387,366660,90,172,90,100
H4,eb3670bbe434a59cc94347384a5d50fb526d26a00dbf6da73e54438c4bacc2a0,A26_RETAINED_ACCEPTED_BUNDLES_V1,accepted,False,771100.0,5424700.0,6218550.0,-4694900.0,133522,401,371712,90,172,90,100
H4,f1e5fc58ea336e13c098308a2da00dee7de3dd3aa08d6170df4a3cb1afd09795,A26_RETAINED_ACCEPTED_BUNDLES_V1,accepted,False,1150850.0,10019850.0,11216850.0,-8821200.0,221384,391,755658,150,451,150,100
H4,f583baa2dad1527b5f84f71805410ee51b78fce2b1be62de49f1636c06821c7b,A26_RETAINED_ACCEPTED_BUNDLES_V1,accepted,False,1149500.0,10107250.0,11294700.0,-8961900.0,221384,390,758750,150,451,150,100
H4,f64f55ad9277004ae441909cd6556d26eeaf73d3eb3c537384be703615149f96,A26_RETAINED_ACCEPTED_BUNDLES_V1,accepted,False,758400.0,5204400.0,5964400.0,-4468300.0,133522,401,371715,90,172,90,100
H4,f80e8a50e0815fda9eef8635e52671f3888786c4daef5767b8da7b74e4311646,A26_RETAINED_ACCEPTED_BUNDLES_V1,accepted,False,1138450.0,10140000.0,11272600.0,-9007700.0,221012,389,780287,150,490,150,100
H4,f9ade00b139ce33674b05d1766de3ec85779abfd83f893a7b2437817100901d9,A26_RETAINED_ACCEPTED_BUNDLES_V1,accepted,False,774500.0,5293450.0,6048200.0,-4522650.0,133522,388,369294,90,172,90,100
H4,feb26c8ce25b99d6b090e07fca86c8e2dbf3ff2d6b891634c4c71b179329ab47,A26_RETAINED_ACCEPTED_BUNDLES_V1,accepted,False,738550.0,5489950.0,6214550.0,-4731800.0,133522,385,377302,90,172,90,100
H5,052b2dfeb855619b4e74c70e7155e5699a6aebc572c887f1432462ecf4afce6b,A26_RETAINED_ACCEPTED_BUNDLES_V1,accepted,False,12800.0,9901800.0,9909700.0,-9890050.0,331,404,755121,150,451,150,100
H5,0edc936e36dbd00367c35ec096b127c69211776f53ead8d7b9619a78d9b3beb5,A26_RETAINED_ACCEPTED_BUNDLES_V1,accepted,False,11650.0,10200350.0,10206900.0,-10183550.0,331,388,779480,150,490,150,100
H5,19993579c580ecb799e1ce158990340e547863ae75c4be153b97908cb5cd08a2,A26_RETAINED_ACCEPTED_BUNDLES_V1,accepted,False,13050.0,5524400.0,5530100.0,-5515150.0,331,386,376417,90,172,90,100
H5,1bb3dc3f26212de23def1f2ca0d598d344fea56b8a73247e2f6390ebea07946d,A26_RETAINED_ACCEPTED_BUNDLES_V1,accepted,False,8400.0,5547850.0,5560950.0,-5537850.0,331,387,376647,90,172,90,100
H5,2443e5a3d32298289c0b98d2a7d3a03cbf4194a7adecf97293b0ac348944ba9e,A26_RETAINED_ACCEPTED_BUNDLES_V1,accepted,False,10750.0,9898850.0,9913750.0,-9883250.0,331,404,755111,150,451,150,100
H5,245cb7ed72fd0a10da80157bd648a7ae9e8bd9ef722909fe778d274715ad67b3,A26_RETAINED_ACCEPTED_BUNDLES_V1,accepted,False,12550.0,5377000.0,5381400.0,-5372600.0,331,386,369530,90,172,90,100
H5,268469c82535bf1ba82a82324d755f40ad8bc7255c875b8e25c2d7943cff1ff3,A26_RETAINED_ACCEPTED_BUNDLES_V1,accepted,False,11950.0,10229000.0,10247850.0,-10210150.0,331,387,779262,150,490,150,100
H5,2908e9ba69598735be8757d9b153473f5bacec1feb89ecff91ce994824a10178,A26_RETAINED_ACCEPTED_BUNDLES_V1,accepted,False,12150.0,10043000.0,10051750.0,-10038750.0,323,387,778769,150,490,150,100
H5,474b6ef7aac2feb7cb9195d7d3644f0d53d378eb4518ef87a9a2f7714d8ef3d5,A26_RETAINED_ACCEPTED_BUNDLES_V1,accepted,False,12300.0,5541350.0,5551950.0,-5537250.0,323,392,371559,90,172,90,100
H5,4fafb9a13ff5e2fda82a804bf609727b68a17926d69ae1574c4801604ec81359,A26_RETAINED_ACCEPTED_BUNDLES_V1,accepted,False,11500.0,5542450.0,5555250.0,-5527150.0,323,392,371549,90,172,90,100
H5,54349d927b9070c144f507868f9ef8b962c7c926426b33c3a7e0c88f715b246a,A26_RETAINED_ACCEPTED_BUNDLES_V1,accepted,False,11300.0,5587200.0,5593750.0,-5575300.0,323,389,371510,90,172,90,100
H5,558b8365de15727bf495595ed539867872c185b280ea249712f3b1d5f8674cd5,A26_RETAINED_ACCEPTED_BUNDLES_V1,accepted,False,9900.0,5575400.0,5591950.0,-5563900.0,323,392,371529,90,172,90,100
H5,5ecccd77f46ab5549088b57686632a9eb5ccf1a5a977fbe35cfae6a50eca52bb,A26_RETAINED_ACCEPTED_BUNDLES_V1,accepted,False,12700.0,5409550.0,5413800.0,-5405300.0,323,387,366528,90,172,90,100
H5,5f24b2bbe16d5c8f667064d5031553e1dd9c4d9dbb7e0757cb922d9ba47928d5,A26_RETAINED_ACCEPTED_BUNDLES_V1,accepted,False,12800.0,5407300.0,5413300.0,-5397450.0,323,401,371715,90,172,90,100
H5,61f77c0251bcd2bbb51e6bff7e048bfcda7139b4e796314d32b47961ac3b5c1b,A26_RETAINED_ACCEPTED_BUNDLES_V1,accepted,False,10150.0,5601450.0,5606600.0,-5592050.0,323,388,373222,90,172,90,100
H5,634f3d08fd93ba622176ea6c9ff7ff1fb9d57a9b14f936f27d1460655fc20d72,A26_RETAINED_ACCEPTED_BUNDLES_V1,accepted,False,11800.0,5421400.0,5431300.0,-5410150.0,323,388,369189,90,172,90,100
H5,73cdcc11d1c23e47664696979a9b12b94deb5da000c18f37a8d7c0b641090788,A26_RETAINED_ACCEPTED_BUNDLES_V1,accepted,False,16300.0,10091750.0,10103750.0,-10082700.0,323,391,755370,150,451,150,100
H5,7dc2cc636acd7eeb3db7367222360894cac918d6adca467d2f7a79960bbe8b1c,A26_RETAINED_ACCEPTED_BUNDLES_V1,accepted,False,8150.0,5318900.0,5333300.0,-5308250.0,323,387,372138,90,172,90,100
H5,8c60197386a54af6d06cac0996c81cbca4971ac83984afcf2a52fa27a5bb1b42,A26_RETAINED_ACCEPTED_BUNDLES_V1,accepted,False,11950.0,5357150.0,5361200.0,-5351950.0,323,387,372245,90,172,90,100
H5,8e3a1df6f55a6d53d21fd63c9dcda45cee6d1576c4989d45b40828d31e6d7281,A26_RETAINED_ACCEPTED_BUNDLES_V1,accepted,False,13450.0,5554950.0,5564800.0,-5540450.0,323,389,371639,90,172,90,100
H5,97eb8ea8dfec0a163a4b54e1179247553055627de3df3d7a40c8879cacc64800,A26_RETAINED_ACCEPTED_BUNDLES_V1,accepted,False,10600.0,9861000.0,9872250.0,-9849750.0,323,395,754947,150,451,150,100
H5,9827288498c6ff63f3f7ec6f3bb833b53ac1c3cbaf59021addc82b6a8c08bae2,A26_RETAINED_ACCEPTED_BUNDLES_V1,accepted,False,11600.0,9886950.0,9901200.0,-9875850.0,323,395,754955,150,451,150,100
H5,9f7906189c782cba7c3a4cc9cb8785764c8ad3fb1e637423a7a310d6c438feb5,A26_RETAINED_ACCEPTED_BUNDLES_V1,accepted,False,9350.0,5479250.0,5489100.0,-5469400.0,323,386,376294,90,172,90,100
H5,aa5b4ee1688c71f1a3932cd7d9b629a08e31ef09728f3280c98c7636eecfb8d3,A26_RETAINED_ACCEPTED_BUNDLES_V1,accepted,False,15800.0,10020750.0,10031900.0,-10009600.0,323,392,754924,150,451,150,100
H5,aad646b14392b632d658225dedb7d3953424ab9ab19ebafdc67bd9a7f02eb50b,A26_RETAINED_ACCEPTED_BUNDLES_V1,accepted,False,12450.0,10507050.0,10527300.0,-10486800.0,323,389,782303,150,490,150,100
H5,abc8d6ba26b9728a25ebd17f4066aa5421f54fde1c1ef630cc33cb308c0fb8e5,A26_RETAINED_ACCEPTED_BUNDLES_V1,accepted,False,12550.0,5438150.0,5447750.0,-5425650.0,323,388,373355,90,172,90,100
H5,b0f01f4c7ca822555039b9267d8985edbeb149abc0a710d6583cea634584f862,A26_RETAINED_ACCEPTED_BUNDLES_V1,accepted,False,13450.0,10164050.0,10176800.0,-10151500.0,323,388,778599,150,490,150,100
H5,b31f9c5cbf923f188771558357941c1a7d6a71089f67793c620cf7034a070eb2,A26_RETAINED_ACCEPTED_BUNDLES_V1,accepted,False,10150.0,5456100.0,5467950.0,-5440350.0,323,385,377436,90,172,90,100
H5,b5c400c27e6dbb1cc8466c5ce68e1530b6d984599f3c01c36496b49b586ff5e3,A26_RETAINED_ACCEPTED_BUNDLES_V1,accepted,False,11600.0,9931900.0,9942250.0,-9923950.0,323,392,755038,150,451,150,100
H5,bb3f15222034bdf87b9be499b27f859fe778b781693fd54677f83bd7531f0680,A26_RETAINED_ACCEPTED_BUNDLES_V1,accepted,False,12400.0,5665550.0,5680750.0,-5650350.0,323,387,376547,90,172,90,100
H5,ce18361670bfbcde2f3ff22167187aecef9164dedbf1198bc7563c147804780e,A26_RETAINED_ACCEPTED_BUNDLES_V1,accepted,False,15350.0,9896000.0,9912600.0,-9879400.0,323,404,755123,150,451,150,100
H5,ceae66508816dc9f5458c925c89f155658e6c78710a8753d337ac385481cc1bf,A26_RETAINED_ACCEPTED_BUNDLES_V1,accepted,False,12900.0,9917000.0,9923750.0,-9906150.0,323,395,754947,150,451,150,100
H5,d093d52f24139c1b6fb09b775beedd000f1a7b3716df906d7d36e91e7e848265,A26_RETAINED_ACCEPTED_BUNDLES_V1,accepted,False,16300.0,9865700.0,9876800.0,-9854600.0,323,390,758647,150,451,150,100
H5,d4b957654a5efd71168d6f7e67936e6abf4666ceb41e7919635002157b125411,A26_RETAINED_ACCEPTED_BUNDLES_V1,accepted,False,12900.0,5363000.0,5372100.0,-5352650.0,323,386,369648,90,172,90,100
H5,d598e89b357205c7b4bd47c5ebbe933f8be1f7c8dcdee85e66ec6829cafb91d3,A26_RETAINED_ACCEPTED_BUNDLES_V1,accepted,False,8850.0,5332500.0,5347550.0,-5322600.0,323,387,366660,90,172,90,100
H5,eb3670bbe434a59cc94347384a5d50fb526d26a00dbf6da73e54438c4bacc2a0,A26_RETAINED_ACCEPTED_BUNDLES_V1,accepted,False,11850.0,5483550.0,5487650.0,-5479450.0,323,401,371712,90,172,90,100
H5,f1e5fc58ea336e13c098308a2da00dee7de3dd3aa08d6170df4a3cb1afd09795,A26_RETAINED_ACCEPTED_BUNDLES_V1,accepted,False,13450.0,10240650.0,10244850.0,-10236450.0,323,391,755658,150,451,150,100
H5,f583baa2dad1527b5f84f71805410ee51b78fce2b1be62de49f1636c06821c7b,A26_RETAINED_ACCEPTED_BUNDLES_V1,accepted,False,11450.0,9969300.0,9980550.0,-9962000.0,323,390,758750,150,451,150,100
H5,f64f55ad9277004ae441909cd6556d26eeaf73d3eb3c537384be703615149f96,A26_RETAINED_ACCEPTED_BUNDLES_V1,accepted,False,9300.0,5474750.0,5483850.0,-5467950.0,323,401,371715,90,172,90,100
H5,f80e8a50e0815fda9eef8635e52671f3888786c4daef5767b8da7b74e4311646,A26_RETAINED_ACCEPTED_BUNDLES_V1,accepted,False,16450.0,10192300.0,10203650.0,-10174500.0,323,389,780287,150,490,150,100
H5,f9ade00b139ce33674b05d1766de3ec85779abfd83f893a7b2437817100901d9,A26_RETAINED_ACCEPTED_BUNDLES_V1,accepted,False,12300.0,5287500.0,5301500.0,-5277850.0,323,388,369294,90,172,90,100
H5,feb26c8ce25b99d6b090e07fca86c8e2dbf3ff2d6b891634c4c71b179329ab47,A26_RETAINED_ACCEPTED_BUNDLES_V1,accepted,False,10500.0,5665800.0,5676700.0,-5654900.0,323,385,377302,90,172,90,100
H5_IO,052b2dfeb855619b4e74c70e7155e5699a6aebc572c887f1432462ecf4afce6b,A26_RETAINED_ACCEPTED_BUNDLES_V1,accepted,False,21536950.0,25014500.0,47639100.0,-2672500.0,348444,404,755121,150,451,150,100
H5_IO,0edc936e36dbd00367c35ec096b127c69211776f53ead8d7b9619a78d9b3beb5,A26_RETAINED_ACCEPTED_BUNDLES_V1,accepted,False,24604500.0,25958150.0,51846900.0,-1086500.0,361228,388,779480,150,490,150,100
H5_IO,19993579c580ecb799e1ce158990340e547863ae75c4be153b97908cb5cd08a2,A26_RETAINED_ACCEPTED_BUNDLES_V1,accepted,False,20288250.0,15783800.0,36065050.0,4936900.0,202841,386,376417,90,172,90,100
H5_IO,1bb3dc3f26212de23def1f2ca0d598d344fea56b8a73247e2f6390ebea07946d,A26_RETAINED_ACCEPTED_BUNDLES_V1,accepted,False,14038300.0,9896750.0,24116700.0,3783650.0,202988,387,376647,90,172,90,100
H5_IO,2443e5a3d32298289c0b98d2a7d3a03cbf4194a7adecf97293b0ac348944ba9e,A26_RETAINED_ACCEPTED_BUNDLES_V1,accepted,False,21867850.0,23713700.0,46362800.0,-3023250.0,336940,404,755111,150,451,150,100
H5_IO,245cb7ed72fd0a10da80157bd648a7ae9e8bd9ef722909fe778d274715ad67b3,A26_RETAINED_ACCEPTED_BUNDLES_V1,accepted,False,21881050.0,15040800.0,37320350.0,6210200.0,217729,386,369530,90,172,90,100
H5_IO,268469c82535bf1ba82a82324d755f40ad8bc7255c875b8e25c2d7943cff1ff3,A26_RETAINED_ACCEPTED_BUNDLES_V1,accepted,False,19654500.0,24063050.0,44355750.0,-3825850.0,349452,387,779262,150,490,150,100
H5_IO,2908e9ba69598735be8757d9b153473f5bacec1feb89ecff91ce994824a10178,A26_RETAINED_ACCEPTED_BUNDLES_V1,accepted,False,24676100.0,28710800.0,55919550.0,-2877550.0,349196,387,778769,150,490,150,100
H5_IO,474b6ef7aac2feb7cb9195d7d3644f0d53d378eb4518ef87a9a2f7714d8ef3d5,A26_RETAINED_ACCEPTED_BUNDLES_V1,accepted,False,18135200.0,13274850.0,31326050.0,4200600.0,208146,392,371559,90,172,90,100
H5_IO,4fafb9a13ff5e2fda82a804bf609727b68a17926d69ae1574c4801604ec81359,A26_RETAINED_ACCEPTED_BUNDLES_V1,accepted,False,21021400.0,15183450.0,35797750.0,4548600.0,208146,392,371549,90,172,90,100
H5_IO,54349d927b9070c144f507868f9ef8b962c7c926426b33c3a7e0c88f715b246a,A26_RETAINED_ACCEPTED_BUNDLES_V1,accepted,False,20462650.0,15219750.0,34824900.0,5006700.0,208156,389,371510,90,172,90,100
H5_IO,558b8365de15727bf495595ed539867872c185b280ea249712f3b1d5f8674cd5,A26_RETAINED_ACCEPTED_BUNDLES_V1,accepted,False,17072100.0,12680600.0,31319150.0,4777350.0,208146,392,371529,90,172,90,100
H5_IO,5ecccd77f46ab5549088b57686632a9eb5ccf1a5a977fbe35cfae6a50eca52bb,A26_RETAINED_ACCEPTED_BUNDLES_V1,accepted,False,17649800.0,12559150.0,30810250.0,5242250.0,215370,387,366528,90,172,90,100
H5_IO,5f24b2bbe16d5c8f667064d5031553e1dd9c4d9dbb7e0757cb922d9ba47928d5,A26_RETAINED_ACCEPTED_BUNDLES_V1,accepted,False,19954200.0,13569250.0,33954500.0,5528750.0,208200,401,371715,90,172,90,100
H5_IO,61f77c0251bcd2bbb51e6bff7e048bfcda7139b4e796314d32b47961ac3b5c1b,A26_RETAINED_ACCEPTED_BUNDLES_V1,accepted,False,19945850.0,15326500.0,35433400.0,5239300.0,209525,388,373222,90,172,90,100
H5_IO,634f3d08fd93ba622176ea6c9ff7ff1fb9d57a9b14f936f27d1460655fc20d72,A26_RETAINED_ACCEPTED_BUNDLES_V1,accepted,False,23342100.0,15213150.0,38568700.0,6607450.0,217530,388,369189,90,172,90,100
H5_IO,73cdcc11d1c23e47664696979a9b12b94deb5da000c18f37a8d7c0b641090788,A26_RETAINED_ACCEPTED_BUNDLES_V1,accepted,False,21299800.0,25384800.0,44509950.0,-2635600.0,337266,391,755370,150,451,150,100
H5_IO,7dc2cc636acd7eeb3db7367222360894cac918d6adca467d2f7a79960bbe8b1c,A26_RETAINED_ACCEPTED_BUNDLES_V1,accepted,False,16326150.0,10871900.0,27316850.0,4195050.0,208571,387,372138,90,172,90,100
H5_IO,8c60197386a54af6d06cac0996c81cbca4971ac83984afcf2a52fa27a5bb1b42,A26_RETAINED_ACCEPTED_BUNDLES_V1,accepted,False,21148450.0,15174600.0,38301950.0,4616450.0,208607,387,372245,90,172,90,100
H5_IO,8e3a1df6f55a6d53d21fd63c9dcda45cee6d1576c4989d45b40828d31e6d7281,A26_RETAINED_ACCEPTED_BUNDLES_V1,accepted,False,19925100.0,13616550.0,35525800.0,4807600.0,208192,389,371639,90,172,90,100
H5_IO,97eb8ea8dfec0a163a4b54e1179247553055627de3df3d7a40c8879cacc64800,A26_RETAINED_ACCEPTED_BUNDLES_V1,accepted,False,19343200.0,22706100.0,41385100.0,-2465500.0,336886,395,754947,150,451,150,100
H5_IO,9827288498c6ff63f3f7ec6f3bb833b53ac1c3cbaf59021addc82b6a8c08bae2,A26_RETAINED_ACCEPTED_BUNDLES_V1,accepted,False,22786150.0,26913700.0,48521150.0,-1953300.0,336886,395,754955,150,451,150,100
H5_IO,9f7906189c782cba7c3a4cc9cb8785764c8ad3fb1e637423a7a310d6c438feb5,A26_RETAINED_ACCEPTED_BUNDLES_V1,accepted,False,22421650.0,16144600.0,40297750.0,5979650.0,202805,386,376294,90,172,90,100
H5_IO,aa5b4ee1688c71f1a3932cd7d9b629a08e31ef09728f3280c98c7636eecfb8d3,A26_RETAINED_ACCEPTED_BUNDLES_V1,accepted,False,24895500.0,26965300.0,52541100.0,-3216850.0,336896,392,754924,150,451,150,100
H5_IO,aad646b14392b632d658225dedb7d3953424ab9ab19ebafdc67bd9a7f02eb50b,A26_RETAINED_ACCEPTED_BUNDLES_V1,accepted,False,25927700.0,29981550.0,57126550.0,-3195550.0,351868,389,782303,150,490,150,100
H5_IO,abc8d6ba26b9728a25ebd17f4066aa5421f54fde1c1ef630cc33cb308c0fb8e5,A26_RETAINED_ACCEPTED_BUNDLES_V1,accepted,False,20839950.0,14551950.0,35188450.0,5253200.0,209561,388,373355,90,172,90,100
H5_IO,b0f01f4c7ca822555039b9267d8985edbeb149abc0a710d6583cea634584f862,A26_RETAINED_ACCEPTED_BUNDLES_V1,accepted,False,25700700.0,30367050.0,56978900.0,-3386400.0,360903,388,778599,150,490,150,100
H5_IO,b31f9c5cbf923f188771558357941c1a7d6a71089f67793c620cf7034a070eb2,A26_RETAINED_ACCEPTED_BUNDLES_V1,accepted,False,22802500.0,17869600.0,40018150.0,4927350.0,203587,385,377436,90,172,90,100
H5_IO,b5c400c27e6dbb1cc8466c5ce68e1530b6d984599f3c01c36496b49b586ff5e3,A26_RETAINED_ACCEPTED_BUNDLES_V1,accepted,False,19163950.0,23103450.0,43009800.0,-3433100.0,336932,392,755038,150,451,150,100
H5_IO,bb3f15222034bdf87b9be499b27f859fe778b781693fd54677f83bd7531f0680,A26_RETAINED_ACCEPTED_BUNDLES_V1,accepted,False,21543450.0,15261550.0,36538150.0,4859650.0,202952,387,376547,90,172,90,100
H5_IO,ce18361670bfbcde2f3ff22167187aecef9164dedbf1198bc7563c147804780e,A26_RETAINED_ACCEPTED_BUNDLES_V1,accepted,False,22825050.0,26953050.0,51415700.0,-3262850.0,336940,404,755123,150,451,150,100
H5_IO,ceae66508816dc9f5458c925c89f155658e6c78710a8753d337ac385481cc1bf,A26_RETAINED_ACCEPTED_BUNDLES_V1,accepted,False,20680650.0,23832950.0,45738350.0,-2758350.0,336886,395,754947,150,451,150,100
H5_IO,d093d52f24139c1b6fb09b775beedd000f1a7b3716df906d7d36e91e7e848265,A26_RETAINED_ACCEPTED_BUNDLES_V1,accepted,False,18499200.0,23246600.0,42624750.0,-4085000.0,339802,390,758647,150,451,150,100
H5_IO,d4b957654a5efd71168d6f7e67936e6abf4666ceb41e7919635002157b125411,A26_RETAINED_ACCEPTED_BUNDLES_V1,accepted,False,19723700.0,13798650.0,34647100.0,3713700.0,217765,386,369648,90,172,90,100
H5_IO,d598e89b357205c7b4bd47c5ebbe933f8be1f7c8dcdee85e66ec6829cafb91d3,A26_RETAINED_ACCEPTED_BUNDLES_V1,accepted,False,18649550.0,11835050.0,31176350.0,5774600.0,215406,387,366660,90,172,90,100
H5_IO,eb3670bbe434a59cc94347384a5d50fb526d26a00dbf6da73e54438c4bacc2a0,A26_RETAINED_ACCEPTED_BUNDLES_V1,accepted,False,25388600.0,17171300.0,42062600.0,7541750.0,208200,401,371712,90,172,90,100
H5_IO,f1e5fc58ea336e13c098308a2da00dee7de3dd3aa08d6170df4a3cb1afd09795,A26_RETAINED_ACCEPTED_BUNDLES_V1,accepted,False,26979350.0,29804150.0,56188650.0,-2891300.0,337314,391,755658,150,451,150,100
H5_IO,f583baa2dad1527b5f84f71805410ee51b78fce2b1be62de49f1636c06821c7b,A26_RETAINED_ACCEPTED_BUNDLES_V1,accepted,False,23886200.0,27618200.0,53529750.0,-2931500.0,339838,390,758750,150,451,150,100
H5_IO,f64f55ad9277004ae441909cd6556d26eeaf73d3eb3c537384be703615149f96,A26_RETAINED_ACCEPTED_BUNDLES_V1,accepted,False,22378850.0,15993550.0,39239400.0,5340800.0,208200,401,371715,90,172,90,100
H5_IO,f80e8a50e0815fda9eef8635e52671f3888786c4daef5767b8da7b74e4311646,A26_RETAINED_ACCEPTED_BUNDLES_V1,accepted,False,21813150.0,24374250.0,47580300.0,-2995450.0,350061,389,780287,150,490,150,100
H5_IO,f9ade00b139ce33674b05d1766de3ec85779abfd83f893a7b2437817100901d9,A26_RETAINED_ACCEPTED_BUNDLES_V1,accepted,False,20875250.0,14093650.0,33950200.0,5537850.0,217566,388,369294,90,172,90,100
H5_IO,feb26c8ce25b99d6b090e07fca86c8e2dbf3ff2d6b891634c4c71b179329ab47,A26_RETAINED_ACCEPTED_BUNDLES_V1,accepted,False,17050100.0,11578050.0,29492850.0,4577850.0,203551,385,377302,90,172,90,100
H6,052b2dfeb855619b4e74c70e7155e5699a6aebc572c887f1432462ecf4afce6b,A26_RETAINED_ACCEPTED_BUNDLES_V1,accepted,False,19509800.0,11742700.0,30910250.0,8666100.0,1655722,404,755121,150,451,150,100
H6,0edc936e36dbd00367c35ec096b127c69211776f53ead8d7b9619a78d9b3beb5,A26_RETAINED_ACCEPTED_BUNDLES_V1,accepted,False,24404750.0,13297850.0,38298000.0,10228400.0,1677263,388,779480,150,490,150,100
H6,19993579c580ecb799e1ce158990340e547863ae75c4be153b97908cb5cd08a2,A26_RETAINED_ACCEPTED_BUNDLES_V1,accepted,False,9479600.0,6138050.0,15339800.0,3667300.0,781899,386,376417,90,172,90,100
H6,1bb3dc3f26212de23def1f2ca0d598d344fea56b8a73247e2f6390ebea07946d,A26_RETAINED_ACCEPTED_BUNDLES_V1,accepted,False,9185650.0,5957550.0,15045450.0,3421950.0,781980,387,376647,90,172,90,100
H6,2443e5a3d32298289c0b98d2a7d3a03cbf4194a7adecf97293b0ac348944ba9e,A26_RETAINED_ACCEPTED_BUNDLES_V1,accepted,False,21010200.0,12023600.0,33060600.0,8851150.0,1645138,404,755111,150,451,150,100
H6,245cb7ed72fd0a10da80157bd648a7ae9e8bd9ef722909fe778d274715ad67b3,A26_RETAINED_ACCEPTED_BUNDLES_V1,accepted,False,8960000.0,5989150.0,15025550.0,3281650.0,710739,386,369530,90,172,90,100
H6,268469c82535bf1ba82a82324d755f40ad8bc7255c875b8e25c2d7943cff1ff3,A26_RETAINED_ACCEPTED_BUNDLES_V1,accepted,False,21707850.0,12305100.0,33371000.0,9978700.0,1697474,387,779262,150,490,150,100
H6,2908e9ba69598735be8757d9b153473f5bacec1feb89ecff91ce994824a10178,A26_RETAINED_ACCEPTED_BUNDLES_V1,accepted,False,19350500.0,11747850.0,31445350.0,8354300.0,1677352,387,778769,150,490,150,100
H6,474b6ef7aac2feb7cb9195d7d3644f0d53d378eb4518ef87a9a2f7714d8ef3d5,A26_RETAINED_ACCEPTED_BUNDLES_V1,accepted,False,9258950.0,6121800.0,15324650.0,3312950.0,739240,392,371559,90,172,90,100
H6,4fafb9a13ff5e2fda82a804bf609727b68a17926d69ae1574c4801604ec81359,A26_RETAINED_ACCEPTED_BUNDLES_V1,accepted,False,11263350.0,7308450.0,18189750.0,4313050.0,739240,392,371549,90,172,90,100
H6,54349d927b9070c144f507868f9ef8b962c7c926426b33c3a7e0c88f715b246a,A26_RETAINED_ACCEPTED_BUNDLES_V1,accepted,False,8834250.0,5575500.0,14484900.0,3328850.0,739240,389,371510,90,172,90,100
H6,558b8365de15727bf495595ed539867872c185b280ea249712f3b1d5f8674cd5,A26_RETAINED_ACCEPTED_BUNDLES_V1,accepted,False,11480900.0,6999750.0,18323150.0,4517750.0,739240,392,371529,90,172,90,100
H6,5ecccd77f46ab5549088b57686632a9eb5ccf1a5a977fbe35cfae6a50eca52bb,A26_RETAINED_ACCEPTED_BUNDLES_V1,accepted,False,10283500.0,6750900.0,17209550.0,3551250.0,708823,387,366528,90,172,90,100
H6,5f24b2bbe16d5c8f667064d5031553e1dd9c4d9dbb7e0757cb922d9ba47928d5,A26_RETAINED_ACCEPTED_BUNDLES_V1,accepted,False,9181550.0,6440300.0,15482800.0,3347900.0,739240,401,371715,90,172,90,100
H6,61f77c0251bcd2bbb51e6bff7e048bfcda7139b4e796314d32b47961ac3b5c1b,A26_RETAINED_ACCEPTED_BUNDLES_V1,accepted,False,9560700.0,6390950.0,15634050.0,3231100.0,740239,388,373222,90,172,90,100
H6,634f3d08fd93ba622176ea6c9ff7ff1fb9d57a9b14f936f27d1460655fc20d72,A26_RETAINED_ACCEPTED_BUNDLES_V1,accepted,False,9031500.0,6071950.0,14884400.0,3550050.0,710591,388,369189,90,172,90,100
H6,73cdcc11d1c23e47664696979a9b12b94deb5da000c18f37a8d7c0b641090788,A26_RETAINED_ACCEPTED_BUNDLES_V1,accepted,False,20414400.0,11884750.0,32133950.0,8947550.0,1647606,391,755370,150,451,150,100
H6,7dc2cc636acd7eeb3db7367222360894cac918d6adca467d2f7a79960bbe8b1c,A26_RETAINED_ACCEPTED_BUNDLES_V1,accepted,False,11386700.0,7007900.0,18134800.0,4328050.0,739688,387,372138,90,172,90,100
H6,8c60197386a54af6d06cac0996c81cbca4971ac83984afcf2a52fa27a5bb1b42,A26_RETAINED_ACCEPTED_BUNDLES_V1,accepted,False,9106950.0,5860400.0,14867450.0,3372450.0,739688,387,372245,90,172,90,100
H6,8e3a1df6f55a6d53d21fd63c9dcda45cee6d1576c4989d45b40828d31e6d7281,A26_RETAINED_ACCEPTED_BUNDLES_V1,accepted,False,11280350.0,7043450.0,18277400.0,4363500.0,739240,389,371639,90,172,90,100
H6,97eb8ea8dfec0a163a4b54e1179247553055627de3df3d7a40c8879cacc64800,A26_RETAINED_ACCEPTED_BUNDLES_V1,accepted,False,22447850.0,12541050.0,34840700.0,10187200.0,1645194,395,754947,150,451,150,100
H6,9827288498c6ff63f3f7ec6f3bb833b53ac1c3cbaf59021addc82b6a8c08bae2,A26_RETAINED_ACCEPTED_BUNDLES_V1,accepted,False,19759300.0,11621850.0,30911900.0,9046400.0,1645138,395,754955,150,451,150,100
H6,9f7906189c782cba7c3a4cc9cb8785764c8ad3fb1e637423a7a310d6c438feb5,A26_RETAINED_ACCEPTED_BUNDLES_V1,accepted,False,10929650.0,6844900.0,17879900.0,4232200.0,781899,386,376294,90,172,90,100
H6,aa5b4ee1688c71f1a3932cd7d9b629a08e31ef09728f3280c98c7636eecfb8d3,A26_RETAINED_ACCEPTED_BUNDLES_V1,accepted,False,19805100.0,11513400.0,31254450.0,8890750.0,1645138,392,754924,150,451,150,100
H6,aad646b14392b632d658225dedb7d3953424ab9ab19ebafdc67bd9a7f02eb50b,A26_RETAINED_ACCEPTED_BUNDLES_V1,accepted,False,19622300.0,12100050.0,31039100.0,8262550.0,1679249,389,782303,150,490,150,100
H6,abc8d6ba26b9728a25ebd17f4066aa5421f54fde1c1ef630cc33cb308c0fb8e5,A26_RETAINED_ACCEPTED_BUNDLES_V1,accepted,False,9069800.0,5863350.0,15126150.0,3412050.0,740239,388,373355,90,172,90,100
H6,b0f01f4c7ca822555039b9267d8985edbeb149abc0a710d6583cea634584f862,A26_RETAINED_ACCEPTED_BUNDLES_V1,accepted,False,22845350.0,13116650.0,35704900.0,10162350.0,1676944,388,778599,150,490,150,100
H6,b31f9c5cbf923f188771558357941c1a7d6a71089f67793c620cf7034a070eb2,A26_RETAINED_ACCEPTED_BUNDLES_V1,accepted,False,9169100.0,5956050.0,15006900.0,3329750.0,782532,385,377436,90,172,90,100
H6,b5c400c27e6dbb1cc8466c5ce68e1530b6d984599f3c01c36496b49b586ff5e3,A26_RETAINED_ACCEPTED_BUNDLES_V1,accepted,False,20224100.0,11030150.0,31672900.0,8997800.0,1645138,392,755038,150,451,150,100
H6,bb3f15222034bdf87b9be499b27f859fe778b781693fd54677f83bd7531f0680,A26_RETAINED_ACCEPTED_BUNDLES_V1,accepted,False,9060250.0,5773100.0,14946750.0,3404750.0,781980,387,376547,90,172,90,100
H6,ce18361670bfbcde2f3ff22167187aecef9164dedbf1198bc7563c147804780e,A26_RETAINED_ACCEPTED_BUNDLES_V1,accepted,False,18632850.0,10729150.0,29335150.0,7895450.0,1666994,404,755123,150,451,150,100
H6,ceae66508816dc9f5458c925c89f155658e6c78710a8753d337ac385481cc1bf,A26_RETAINED_ACCEPTED_BUNDLES_V1,accepted,False,18926750.0,10974950.0,29958950.0,8307250.0,1645138,395,754947,150,451,150,100
H6,d093d52f24139c1b6fb09b775beedd000f1a7b3716df906d7d36e91e7e848265,A26_RETAINED_ACCEPTED_BUNDLES_V1,accepted,False,18869800.0,10702100.0,29611150.0,8261450.0,1647366,390,758647,150,451,150,100
H6,d4b957654a5efd71168d6f7e67936e6abf4666ceb41e7919635002157b125411,A26_RETAINED_ACCEPTED_BUNDLES_V1,accepted,False,10972650.0,6904000.0,18120150.0,3695100.0,710739,386,369648,90,172,90,100
H6,d598e89b357205c7b4bd47c5ebbe933f8be1f7c8dcdee85e66ec6829cafb91d3,A26_RETAINED_ACCEPTED_BUNDLES_V1,accepted,False,8745050.0,6074750.0,14621800.0,2938050.0,708823,387,366660,90,172,90,100
H6,eb3670bbe434a59cc94347384a5d50fb526d26a00dbf6da73e54438c4bacc2a0,A26_RETAINED_ACCEPTED_BUNDLES_V1,accepted,False,12830300.0,8061200.0,22099350.0,4983650.0,739240,401,371712,90,172,90,100
H6,f1e5fc58ea336e13c098308a2da00dee7de3dd3aa08d6170df4a3cb1afd09795,A26_RETAINED_ACCEPTED_BUNDLES_V1,accepted,False,19559150.0,10955150.0,30656500.0,8529900.0,1645578,391,755658,150,451,150,100
H6,f583baa2dad1527b5f84f71805410ee51b78fce2b1be62de49f1636c06821c7b,A26_RETAINED_ACCEPTED_BUNDLES_V1,accepted,False,19104900.0,11052950.0,30272550.0,8261700.0,1647310,390,758750,150,451,150,100
H6,f64f55ad9277004ae441909cd6556d26eeaf73d3eb3c537384be703615149f96,A26_RETAINED_ACCEPTED_BUNDLES_V1,accepted,False,11756150.0,7355550.0,18764650.0,4496600.0,739240,401,371715,90,172,90,100
H6,f80e8a50e0815fda9eef8635e52671f3888786c4daef5767b8da7b74e4311646,A26_RETAINED_ACCEPTED_BUNDLES_V1,accepted,False,20968750.0,11370050.0,32161650.0,9748600.0,1678021,389,780287,150,490,150,100
H6,f9ade00b139ce33674b05d1766de3ec85779abfd83f893a7b2437817100901d9,A26_RETAINED_ACCEPTED_BUNDLES_V1,accepted,False,11967600.0,7453550.0,19427000.0,4128050.0,710591,388,369294,90,172,90,100
H6,feb26c8ce25b99d6b090e07fca86c8e2dbf3ff2d6b891634c4c71b179329ab47,A26_RETAINED_ACCEPTED_BUNDLES_V1,accepted,False,9347000.0,5908100.0,15277550.0,3557000.0,782532,385,377302,90,172,90,100
H7,052b2dfeb855619b4e74c70e7155e5699a6aebc572c887f1432462ecf4afce6b,A26_RETAINED_ACCEPTED_BUNDLES_V1,accepted,False,17250.0,10679500.0,10692350.0,-10666650.0,312,404,755121,150,451,150,100
H7,0edc936e36dbd00367c35ec096b127c69211776f53ead8d7b9619a78d9b3beb5,A26_RETAINED_ACCEPTED_BUNDLES_V1,accepted,False,17000.0,11656050.0,11669850.0,-11642250.0,312,388,779480,150,490,150,100
H7,19993579c580ecb799e1ce158990340e547863ae75c4be153b97908cb5cd08a2,A26_RETAINED_ACCEPTED_BUNDLES_V1,accepted,False,15350.0,6185400.0,6205150.0,-6166050.0,312,386,376417,90,172,90,100
H7,1bb3dc3f26212de23def1f2ca0d598d344fea56b8a73247e2f6390ebea07946d,A26_RETAINED_ACCEPTED_BUNDLES_V1,accepted,False,13700.0,5731550.0,5743800.0,-5719300.0,312,387,376647,90,172,90,100
H7,2443e5a3d32298289c0b98d2a7d3a03cbf4194a7adecf97293b0ac348944ba9e,A26_RETAINED_ACCEPTED_BUNDLES_V1,accepted,False,17450.0,10204950.0,10219100.0,-10184150.0,312,404,755111,150,451,150,100
H7,245cb7ed72fd0a10da80157bd648a7ae9e8bd9ef722909fe778d274715ad67b3,A26_RETAINED_ACCEPTED_BUNDLES_V1,accepted,False,12300.0,5267400.0,5284750.0,-5250050.0,312,386,369530,90,172,90,100
H7,268469c82535bf1ba82a82324d755f40ad8bc7255c875b8e25c2d7943cff1ff3,A26_RETAINED_ACCEPTED_BUNDLES_V1,accepted,False,13250.0,10530900.0,10543550.0,-10518250.0,312,387,779262,150,490,150,100
H7,2908e9ba69598735be8757d9b153473f5bacec1feb89ecff91ce994824a10178,A26_RETAINED_ACCEPTED_BUNDLES_V1,accepted,False,12950.0,10596900.0,10604350.0,-10591100.0,304,387,778769,150,490,150,100
H7,474b6ef7aac2feb7cb9195d7d3644f0d53d378eb4518ef87a9a2f7714d8ef3d5,A26_RETAINED_ACCEPTED_BUNDLES_V1,accepted,False,10850.0,5469400.0,5486700.0,-5452100.0,304,392,371559,90,172,90,100
H7,4fafb9a13ff5e2fda82a804bf609727b68a17926d69ae1574c4801604ec81359,A26_RETAINED_ACCEPTED_BUNDLES_V1,accepted,False,14900.0,5698500.0,5711150.0,-5689000.0,304,392,371549,90,172,90,100
H7,54349d927b9070c144f507868f9ef8b962c7c926426b33c3a7e0c88f715b246a,A26_RETAINED_ACCEPTED_BUNDLES_V1,accepted,False,14950.0,5636550.0,5647600.0,-5625500.0,304,389,371510,90,172,90,100
H7,558b8365de15727bf495595ed539867872c185b280ea249712f3b1d5f8674cd5,A26_RETAINED_ACCEPTED_BUNDLES_V1,accepted,False,15250.0,5867300.0,5878500.0,-5856100.0,304,392,371529,90,172,90,100
H7,5ecccd77f46ab5549088b57686632a9eb5ccf1a5a977fbe35cfae6a50eca52bb,A26_RETAINED_ACCEPTED_BUNDLES_V1,accepted,False,11400.0,5469200.0,5485400.0,-5453000.0,304,387,366528,90,172,90,100
H7,5f24b2bbe16d5c8f667064d5031553e1dd9c4d9dbb7e0757cb922d9ba47928d5,A26_RETAINED_ACCEPTED_BUNDLES_V1,accepted,False,11550.0,5729500.0,5741500.0,-5717500.0,304,401,371715,90,172,90,100
H7,61f77c0251bcd2bbb51e6bff7e048bfcda7139b4e796314d32b47961ac3b5c1b,A26_RETAINED_ACCEPTED_BUNDLES_V1,accepted,False,16150.0,5868350.0,5889450.0,-5847250.0,304,388,373222,90,172,90,100
H7,634f3d08fd93ba622176ea6c9ff7ff1fb9d57a9b14f936f27d1460655fc20d72,A26_RETAINED_ACCEPTED_BUNDLES_V1,accepted,False,10500.0,5489250.0,5497700.0,-5477400.0,304,388,369189,90,172,90,100
H7,73cdcc11d1c23e47664696979a9b12b94deb5da000c18f37a8d7c0b641090788,A26_RETAINED_ACCEPTED_BUNDLES_V1,accepted,False,13950.0,10530150.0,10535950.0,-10518150.0,304,391,755370,150,451,150,100
H7,7dc2cc636acd7eeb3db7367222360894cac918d6adca467d2f7a79960bbe8b1c,A26_RETAINED_ACCEPTED_BUNDLES_V1,accepted,False,14150.0,5854300.0,5871250.0,-5837350.0,304,387,372138,90,172,90,100
H7,8c60197386a54af6d06cac0996c81cbca4971ac83984afcf2a52fa27a5bb1b42,A26_RETAINED_ACCEPTED_BUNDLES_V1,accepted,False,11300.0,5674050.0,5685800.0,-5662600.0,304,387,372245,90,172,90,100
H7,8e3a1df6f55a6d53d21fd63c9dcda45cee6d1576c4989d45b40828d31e6d7281,A26_RETAINED_ACCEPTED_BUNDLES_V1,accepted,False,15050.0,5993350.0,6005300.0,-5981400.0,304,389,371639,90,172,90,100
H7,97eb8ea8dfec0a163a4b54e1179247553055627de3df3d7a40c8879cacc64800,A26_RETAINED_ACCEPTED_BUNDLES_V1,accepted,False,13450.0,10441800.0,10461000.0,-10422600.0,304,395,754947,150,451,150,100
H7,9827288498c6ff63f3f7ec6f3bb833b53ac1c3cbaf59021addc82b6a8c08bae2,A26_RETAINED_ACCEPTED_BUNDLES_V1,accepted,False,17500.0,10801350.0,10814050.0,-10788650.0,304,395,754955,150,451,150,100
H7,9f7906189c782cba7c3a4cc9cb8785764c8ad3fb1e637423a7a310d6c438feb5,A26_RETAINED_ACCEPTED_BUNDLES_V1,accepted,False,16000.0,6764500.0,6777200.0,-6751800.0,304,386,376294,90,172,90,100
H7,aa5b4ee1688c71f1a3932cd7d9b629a08e31ef09728f3280c98c7636eecfb8d3,A26_RETAINED_ACCEPTED_BUNDLES_V1,accepted,False,17750.0,10262600.0,10274900.0,-10247250.0,304,392,754924,150,451,150,100
H7,aad646b14392b632d658225dedb7d3953424ab9ab19ebafdc67bd9a7f02eb50b,A26_RETAINED_ACCEPTED_BUNDLES_V1,accepted,False,14750.0,10647850.0,10660500.0,-10631650.0,304,389,782303,150,490,150,100
H7,abc8d6ba26b9728a25ebd17f4066aa5421f54fde1c1ef630cc33cb308c0fb8e5,A26_RETAINED_ACCEPTED_BUNDLES_V1,accepted,False,12700.0,5555750.0,5561150.0,-5550400.0,304,388,373355,90,172,90,100
H7,b0f01f4c7ca822555039b9267d8985edbeb149abc0a710d6583cea634584f862,A26_RETAINED_ACCEPTED_BUNDLES_V1,accepted,False,14800.0,10439050.0,10458100.0,-10420000.0,304,388,778599,150,490,150,100
H7,b31f9c5cbf923f188771558357941c1a7d6a71089f67793c620cf7034a070eb2,A26_RETAINED_ACCEPTED_BUNDLES_V1,accepted,False,15100.0,5681000.0,5700550.0,-5665450.0,304,385,377436,90,172,90,100
H7,b5c400c27e6dbb1cc8466c5ce68e1530b6d984599f3c01c36496b49b586ff5e3,A26_RETAINED_ACCEPTED_BUNDLES_V1,accepted,False,17050.0,10581350.0,10600850.0,-10561850.0,304,392,755038,150,451,150,100
H7,bb3f15222034bdf87b9be499b27f859fe778b781693fd54677f83bd7531f0680,A26_RETAINED_ACCEPTED_BUNDLES_V1,accepted,False,14700.0,5632100.0,5644200.0,-5623300.0,304,387,376547,90,172,90,100
H7,ce18361670bfbcde2f3ff22167187aecef9164dedbf1198bc7563c147804780e,A26_RETAINED_ACCEPTED_BUNDLES_V1,accepted,False,17500.0,10466650.0,10486500.0,-10446800.0,304,404,755123,150,451,150,100
H7,ceae66508816dc9f5458c925c89f155658e6c78710a8753d337ac385481cc1bf,A26_RETAINED_ACCEPTED_BUNDLES_V1,accepted,False,15300.0,10187250.0,10192900.0,-10181600.0,304,395,754947,150,451,150,100
H7,d093d52f24139c1b6fb09b775beedd000f1a7b3716df906d7d36e91e7e848265,A26_RETAINED_ACCEPTED_BUNDLES_V1,accepted,False,12450.0,10484300.0,10496900.0,-10471700.0,304,390,758647,150,451,150,100
H7,d4b957654a5efd71168d6f7e67936e6abf4666ceb41e7919635002157b125411,A26_RETAINED_ACCEPTED_BUNDLES_V1,accepted,False,10300.0,5441650.0,5454650.0,-5424450.0,304,386,369648,90,172,90,100
H7,d598e89b357205c7b4bd47c5ebbe933f8be1f7c8dcdee85e66ec6829cafb91d3,A26_RETAINED_ACCEPTED_BUNDLES_V1,accepted,False,12750.0,5409000.0,5424150.0,-5398000.0,304,387,366660,90,172,90,100
H7,eb3670bbe434a59cc94347384a5d50fb526d26a00dbf6da73e54438c4bacc2a0,A26_RETAINED_ACCEPTED_BUNDLES_V1,accepted,False,14850.0,5549350.0,5561800.0,-5541000.0,304,401,371712,90,172,90,100
H7,f1e5fc58ea336e13c098308a2da00dee7de3dd3aa08d6170df4a3cb1afd09795,A26_RETAINED_ACCEPTED_BUNDLES_V1,accepted,False,16300.0,10473400.0,10479050.0,-10467750.0,304,391,755658,150,451,150,100
H7,f583baa2dad1527b5f84f71805410ee51b78fce2b1be62de49f1636c06821c7b,A26_RETAINED_ACCEPTED_BUNDLES_V1,accepted,False,13450.0,10081250.0,10093100.0,-10071800.0,304,390,758750,150,451,150,100
H7,f64f55ad9277004ae441909cd6556d26eeaf73d3eb3c537384be703615149f96,A26_RETAINED_ACCEPTED_BUNDLES_V1,accepted,False,14350.0,5909900.0,5928200.0,-5891600.0,304,401,371715,90,172,90,100
H7,f80e8a50e0815fda9eef8635e52671f3888786c4daef5767b8da7b74e4311646,A26_RETAINED_ACCEPTED_BUNDLES_V1,accepted,False,15300.0,10306150.0,10318950.0,-10293350.0,304,389,780287,150,490,150,100
H7,f9ade00b139ce33674b05d1766de3ec85779abfd83f893a7b2437817100901d9,A26_RETAINED_ACCEPTED_BUNDLES_V1,accepted,False,11750.0,5895400.0,5907800.0,-5884450.0,304,388,369294,90,172,90,100
H7,feb26c8ce25b99d6b090e07fca86c8e2dbf3ff2d6b891634c4c71b179329ab47,A26_RETAINED_ACCEPTED_BUNDLES_V1,accepted,False,13250.0,5899650.0,5911800.0,-5887500.0,304,385,377302,90,172,90,100
H8,052b2dfeb855619b4e74c70e7155e5699a6aebc572c887f1432462ecf4afce6b,A26_RETAINED_ACCEPTED_BUNDLES_V1,accepted,False,2094850.0,10797500.0,12974550.0,-8767200.0,265576,404,755121,150,451,150,100
H8,0edc936e36dbd00367c35ec096b127c69211776f53ead8d7b9619a78d9b3beb5,A26_RETAINED_ACCEPTED_BUNDLES_V1,accepted,False,2015850.0,11173500.0,13290650.0,-9161100.0,220441,388,779480,150,490,150,100
H8,19993579c580ecb799e1ce158990340e547863ae75c4be153b97908cb5cd08a2,A26_RETAINED_ACCEPTED_BUNDLES_V1,accepted,False,1376150.0,5752750.0,7112450.0,-4357150.0,133578,386,376417,90,172,90,100
H8,1bb3dc3f26212de23def1f2ca0d598d344fea56b8a73247e2f6390ebea07946d,A26_RETAINED_ACCEPTED_BUNDLES_V1,accepted,False,1370250.0,5535900.0,6877950.0,-4235450.0,133578,387,376647,90,172,90,100
H8,2443e5a3d32298289c0b98d2a7d3a03cbf4194a7adecf97293b0ac348944ba9e,A26_RETAINED_ACCEPTED_BUNDLES_V1,accepted,False,2072900.0,10552850.0,12634350.0,-8530550.0,221440,404,755111,150,451,150,100
H8,245cb7ed72fd0a10da80157bd648a7ae9e8bd9ef722909fe778d274715ad67b3,A26_RETAINED_ACCEPTED_BUNDLES_V1,accepted,False,1270750.0,5544950.0,6778250.0,-4380300.0,133578,386,369530,90,172,90,100
H8,268469c82535bf1ba82a82324d755f40ad8bc7255c875b8e25c2d7943cff1ff3,A26_RETAINED_ACCEPTED_BUNDLES_V1,accepted,False,1961650.0,10943200.0,12909800.0,-8927000.0,220438,387,779262,150,490,150,100
H8,2908e9ba69598735be8757d9b153473f5bacec1feb89ecff91ce994824a10178,A26_RETAINED_ACCEPTED_BUNDLES_V1,accepted,False,1959300.0,10827550.0,12703350.0,-8775950.0,220444,387,778769,150,490,150,100
H8,474b6ef7aac2feb7cb9195d7d3644f0d53d378eb4518ef87a9a2f7714d8ef3d5,A26_RETAINED_ACCEPTED_BUNDLES_V1,accepted,False,1328150.0,5532200.0,6844750.0,-4299700.0,133578,392,371559,90,172,90,100
H8,4fafb9a13ff5e2fda82a804bf609727b68a17926d69ae1574c4801604ec81359,A26_RETAINED_ACCEPTED_BUNDLES_V1,accepted,False,1379050.0,5860400.0,7128400.0,-4627100.0,133578,392,371549,90,172,90,100
H8,54349d927b9070c144f507868f9ef8b962c7c926426b33c3a7e0c88f715b246a,A26_RETAINED_ACCEPTED_BUNDLES_V1,accepted,False,1311950.0,5564550.0,6810100.0,-4263450.0,133578,389,371510,90,172,90,100
H8,558b8365de15727bf495595ed539867872c185b280ea249712f3b1d5f8674cd5,A26_RETAINED_ACCEPTED_BUNDLES_V1,accepted,False,1296550.0,5635600.0,6986950.0,-4272600.0,133578,392,371529,90,172,90,100
H8,5ecccd77f46ab5549088b57686632a9eb5ccf1a5a977fbe35cfae6a50eca52bb,A26_RETAINED_ACCEPTED_BUNDLES_V1,accepted,False,1321150.0,5695250.0,7025100.0,-4444950.0,133578,387,366528,90,172,90,100
H8,5f24b2bbe16d5c8f667064d5031553e1dd9c4d9dbb7e0757cb922d9ba47928d5,A26_RETAINED_ACCEPTED_BUNDLES_V1,accepted,False,1337550.0,5769700.0,7104150.0,-4471700.0,133578,401,371715,90,172,90,100
H8,61f77c0251bcd2bbb51e6bff7e048bfcda7139b4e796314d32b47961ac3b5c1b,A26_RETAINED_ACCEPTED_BUNDLES_V1,accepted,False,1263700.0,5551800.0,6819300.0,-4324900.0,133578,388,373222,90,172,90,100
H8,634f3d08fd93ba622176ea6c9ff7ff1fb9d57a9b14f936f27d1460655fc20d72,A26_RETAINED_ACCEPTED_BUNDLES_V1,accepted,False,1255050.0,5575950.0,6798050.0,-4382700.0,133578,388,369189,90,172,90,100
H8,73cdcc11d1c23e47664696979a9b12b94deb5da000c18f37a8d7c0b641090788,A26_RETAINED_ACCEPTED_BUNDLES_V1,accepted,False,2195100.0,10949450.0,13235050.0,-8760350.0,265712,391,755370,150,451,150,100
H8,7dc2cc636acd7eeb3db7367222360894cac918d6adca467d2f7a79960bbe8b1c,A26_RETAINED_ACCEPTED_BUNDLES_V1,accepted,False,1318000.0,5515700.0,6792650.0,-4288100.0,133578,387,372138,90,172,90,100
H8,8c60197386a54af6d06cac0996c81cbca4971ac83984afcf2a52fa27a5bb1b42,A26_RETAINED_ACCEPTED_BUNDLES_V1,accepted,False,1291700.0,5567250.0,6842750.0,-4258000.0,133578,387,372245,90,172,90,100
H8,8e3a1df6f55a6d53d21fd63c9dcda45cee6d1576c4989d45b40828d31e6d7281,A26_RETAINED_ACCEPTED_BUNDLES_V1,accepted,False,1289600.0,5577200.0,6892600.0,-4356300.0,133578,389,371639,90,172,90,100
H8,97eb8ea8dfec0a163a4b54e1179247553055627de3df3d7a40c8879cacc64800,A26_RETAINED_ACCEPTED_BUNDLES_V1,accepted,False,2144450.0,11116400.0,13294600.0,-8915250.0,221440,395,754947,150,451,150,100
H8,9827288498c6ff63f3f7ec6f3bb833b53ac1c3cbaf59021addc82b6a8c08bae2,A26_RETAINED_ACCEPTED_BUNDLES_V1,accepted,False,2065250.0,10640050.0,12716550.0,-8529150.0,221440,395,754955,150,451,150,100
H8,9f7906189c782cba7c3a4cc9cb8785764c8ad3fb1e637423a7a310d6c438feb5,A26_RETAINED_ACCEPTED_BUNDLES_V1,accepted,False,1383050.0,5834450.0,7185650.0,-4401900.0,133578,386,376294,90,172,90,100
H8,aa5b4ee1688c71f1a3932cd7d9b629a08e31ef09728f3280c98c7636eecfb8d3,A26_RETAINED_ACCEPTED_BUNDLES_V1,accepted,False,2068350.0,10762750.0,12929200.0,-8621950.0,221440,392,754924,150,451,150,100
H8,aad646b14392b632d658225dedb7d3953424ab9ab19ebafdc67bd9a7f02eb50b,A26_RETAINED_ACCEPTED_BUNDLES_V1,accepted,False,1968700.0,10980600.0,12935500.0,-9116500.0,220447,389,782303,150,490,150,100
H8,abc8d6ba26b9728a25ebd17f4066aa5421f54fde1c1ef630cc33cb308c0fb8e5,A26_RETAINED_ACCEPTED_BUNDLES_V1,accepted,False,1293300.0,5732250.0,7005000.0,-4452700.0,133578,388,373355,90,172,90,100
H8,b0f01f4c7ca822555039b9267d8985edbeb149abc0a710d6583cea634584f862,A26_RETAINED_ACCEPTED_BUNDLES_V1,accepted,False,1962150.0,10928550.0,12885450.0,-8935750.0,220438,388,778599,150,490,150,100
H8,b31f9c5cbf923f188771558357941c1a7d6a71089f67793c620cf7034a070eb2,A26_RETAINED_ACCEPTED_BUNDLES_V1,accepted,False,1402750.0,5872350.0,7251800.0,-4558050.0,133578,385,377436,90,172,90,100
H8,b5c400c27e6dbb1cc8466c5ce68e1530b6d984599f3c01c36496b49b586ff5e3,A26_RETAINED_ACCEPTED_BUNDLES_V1,accepted,False,2069850.0,10563550.0,12599200.0,-8488550.0,221440,392,755038,150,451,150,100
H8,bb3f15222034bdf87b9be499b27f859fe778b781693fd54677f83bd7531f0680,A26_RETAINED_ACCEPTED_BUNDLES_V1,accepted,False,1389500.0,5777050.0,7172050.0,-4380050.0,133578,387,376547,90,172,90,100
H8,ce18361670bfbcde2f3ff22167187aecef9164dedbf1198bc7563c147804780e,A26_RETAINED_ACCEPTED_BUNDLES_V1,accepted,False,2078200.0,10781150.0,12944400.0,-8616600.0,221440,404,755123,150,451,150,100
H8,ceae66508816dc9f5458c925c89f155658e6c78710a8753d337ac385481cc1bf,A26_RETAINED_ACCEPTED_BUNDLES_V1,accepted,False,2138500.0,10808350.0,13025200.0,-8699500.0,221440,395,754947,150,451,150,100
H8,d093d52f24139c1b6fb09b775beedd000f1a7b3716df906d7d36e91e7e848265,A26_RETAINED_ACCEPTED_BUNDLES_V1,accepted,False,2079250.0,10495150.0,12581100.0,-8333750.0,221440,390,758647,150,451,150,100
H8,d4b957654a5efd71168d6f7e67936e6abf4666ceb41e7919635002157b125411,A26_RETAINED_ACCEPTED_BUNDLES_V1,accepted,False,1304850.0,5492000.0,6743850.0,-4326650.0,133578,386,369648,90,172,90,100
H8,d598e89b357205c7b4bd47c5ebbe933f8be1f7c8dcdee85e66ec6829cafb91d3,A26_RETAINED_ACCEPTED_BUNDLES_V1,accepted,False,1252650.0,5694850.0,6895600.0,-4478600.0,133578,387,366660,90,172,90,100
H8,eb3670bbe434a59cc94347384a5d50fb526d26a00dbf6da73e54438c4bacc2a0,A26_RETAINED_ACCEPTED_BUNDLES_V1,accepted,False,1328350.0,5564650.0,6925900.0,-4343200.0,133578,401,371712,90,172,90,100
H8,f1e5fc58ea336e13c098308a2da00dee7de3dd3aa08d6170df4a3cb1afd09795,A26_RETAINED_ACCEPTED_BUNDLES_V1,accepted,False,2107000.0,10718000.0,12779450.0,-8665900.0,221440,391,755658,150,451,150,100
H8,f583baa2dad1527b5f84f71805410ee51b78fce2b1be62de49f1636c06821c7b,A26_RETAINED_ACCEPTED_BUNDLES_V1,accepted,False,2112750.0,10652200.0,12726400.0,-8683500.0,221440,390,758750,150,451,150,100
H8,f64f55ad9277004ae441909cd6556d26eeaf73d3eb3c537384be703615149f96,A26_RETAINED_ACCEPTED_BUNDLES_V1,accepted,False,1298550.0,5525200.0,6795500.0,-4240400.0,160346,401,371715,90,172,90,100
H8,f80e8a50e0815fda9eef8635e52671f3888786c4daef5767b8da7b74e4311646,A26_RETAINED_ACCEPTED_BUNDLES_V1,accepted,False,1980500.0,11114350.0,13020300.0,-9217000.0,232572,389,780287,150,490,150,100
H8,f9ade00b139ce33674b05d1766de3ec85779abfd83f893a7b2437817100901d9,A26_RETAINED_ACCEPTED_BUNDLES_V1,accepted,False,1265650.0,5350800.0,6609650.0,-4137050.0,133578,388,369294,90,172,90,100
H8,feb26c8ce25b99d6b090e07fca86c8e2dbf3ff2d6b891634c4c71b179329ab47,A26_RETAINED_ACCEPTED_BUNDLES_V1,accepted,False,1356800.0,5907350.0,7220150.0,-4508400.0,133578,385,377302,90,172,90,100
