component_id,reporting_group,artifact_id,descriptor,descriptor_value,artifact_median_component_latency_ns,observed_range_only
H1,H1_A26,052b2dfeb855619b4e74c70e7155e5699a6aebc572c887f1432462ecf4afce6b,canonical_bytes,755121,19741950.0,True
H1,H1_A26,052b2dfeb855619b4e74c70e7155e5699a6aebc572c887f1432462ecf4afce6b,bundle_bytes,755121,19741950.0,True
H1,H1_A26,052b2dfeb855619b4e74c70e7155e5699a6aebc572c887f1432462ecf4afce6b,N_operations,150,19741950.0,True
H1,H1_A26,052b2dfeb855619b4e74c70e7155e5699a6aebc572c887f1432462ecf4afce6b,N_modes,451,19741950.0,True
H1,H1_A26,052b2dfeb855619b4e74c70e7155e5699a6aebc572c887f1432462ecf4afce6b,schedule_operation_count,150,19741950.0,True
H1,H1_A26,0edc936e36dbd00367c35ec096b127c69211776f53ead8d7b9619a78d9b3beb5,canonical_bytes,779480,20584650.0,True
H1,H1_A26,0edc936e36dbd00367c35ec096b127c69211776f53ead8d7b9619a78d9b3beb5,bundle_bytes,779480,20584650.0,True
H1,H1_A26,0edc936e36dbd00367c35ec096b127c69211776f53ead8d7b9619a78d9b3beb5,N_operations,150,20584650.0,True
H1,H1_A26,0edc936e36dbd00367c35ec096b127c69211776f53ead8d7b9619a78d9b3beb5,N_modes,490,20584650.0,True
H1,H1_A26,0edc936e36dbd00367c35ec096b127c69211776f53ead8d7b9619a78d9b3beb5,schedule_operation_count,150,20584650.0,True
H1,H1_A26,19993579c580ecb799e1ce158990340e547863ae75c4be153b97908cb5cd08a2,canonical_bytes,376417,9708650.0,True
H1,H1_A26,19993579c580ecb799e1ce158990340e547863ae75c4be153b97908cb5cd08a2,bundle_bytes,376417,9708650.0,True
H1,H1_A26,19993579c580ecb799e1ce158990340e547863ae75c4be153b97908cb5cd08a2,N_operations,90,9708650.0,True
H1,H1_A26,19993579c580ecb799e1ce158990340e547863ae75c4be153b97908cb5cd08a2,N_modes,172,9708650.0,True
H1,H1_A26,19993579c580ecb799e1ce158990340e547863ae75c4be153b97908cb5cd08a2,schedule_operation_count,90,9708650.0,True
H1,H1_A26,1bb3dc3f26212de23def1f2ca0d598d344fea56b8a73247e2f6390ebea07946d,canonical_bytes,376647,9802950.0,True
H1,H1_A26,1bb3dc3f26212de23def1f2ca0d598d344fea56b8a73247e2f6390ebea07946d,bundle_bytes,376647,9802950.0,True
H1,H1_A26,1bb3dc3f26212de23def1f2ca0d598d344fea56b8a73247e2f6390ebea07946d,N_operations,90,9802950.0,True
H1,H1_A26,1bb3dc3f26212de23def1f2ca0d598d344fea56b8a73247e2f6390ebea07946d,N_modes,172,9802950.0,True
H1,H1_A26,1bb3dc3f26212de23def1f2ca0d598d344fea56b8a73247e2f6390ebea07946d,schedule_operation_count,90,9802950.0,True
H1,H1_A26,2443e5a3d32298289c0b98d2a7d3a03cbf4194a7adecf97293b0ac348944ba9e,canonical_bytes,755111,19715700.0,True
H1,H1_A26,2443e5a3d32298289c0b98d2a7d3a03cbf4194a7adecf97293b0ac348944ba9e,bundle_bytes,755111,19715700.0,True
H1,H1_A26,2443e5a3d32298289c0b98d2a7d3a03cbf4194a7adecf97293b0ac348944ba9e,N_operations,150,19715700.0,True
H1,H1_A26,2443e5a3d32298289c0b98d2a7d3a03cbf4194a7adecf97293b0ac348944ba9e,N_modes,451,19715700.0,True
H1,H1_A26,2443e5a3d32298289c0b98d2a7d3a03cbf4194a7adecf97293b0ac348944ba9e,schedule_operation_count,150,19715700.0,True
H1,H1_A26,245cb7ed72fd0a10da80157bd648a7ae9e8bd9ef722909fe778d274715ad67b3,canonical_bytes,369530,9353100.0,True
H1,H1_A26,245cb7ed72fd0a10da80157bd648a7ae9e8bd9ef722909fe778d274715ad67b3,bundle_bytes,369530,9353100.0,True
H1,H1_A26,245cb7ed72fd0a10da80157bd648a7ae9e8bd9ef722909fe778d274715ad67b3,N_operations,90,9353100.0,True
H1,H1_A26,245cb7ed72fd0a10da80157bd648a7ae9e8bd9ef722909fe778d274715ad67b3,N_modes,172,9353100.0,True
H1,H1_A26,245cb7ed72fd0a10da80157bd648a7ae9e8bd9ef722909fe778d274715ad67b3,schedule_operation_count,90,9353100.0,True
H1,H1_A26,268469c82535bf1ba82a82324d755f40ad8bc7255c875b8e25c2d7943cff1ff3,canonical_bytes,779262,20586250.0,True
H1,H1_A26,268469c82535bf1ba82a82324d755f40ad8bc7255c875b8e25c2d7943cff1ff3,bundle_bytes,779262,20586250.0,True
H1,H1_A26,268469c82535bf1ba82a82324d755f40ad8bc7255c875b8e25c2d7943cff1ff3,N_operations,150,20586250.0,True
H1,H1_A26,268469c82535bf1ba82a82324d755f40ad8bc7255c875b8e25c2d7943cff1ff3,N_modes,490,20586250.0,True
H1,H1_A26,268469c82535bf1ba82a82324d755f40ad8bc7255c875b8e25c2d7943cff1ff3,schedule_operation_count,150,20586250.0,True
H1,H1_A26,2908e9ba69598735be8757d9b153473f5bacec1feb89ecff91ce994824a10178,canonical_bytes,778769,20705950.0,True
H1,H1_A26,2908e9ba69598735be8757d9b153473f5bacec1feb89ecff91ce994824a10178,bundle_bytes,778769,20705950.0,True
H1,H1_A26,2908e9ba69598735be8757d9b153473f5bacec1feb89ecff91ce994824a10178,N_operations,150,20705950.0,True
H1,H1_A26,2908e9ba69598735be8757d9b153473f5bacec1feb89ecff91ce994824a10178,N_modes,490,20705950.0,True
H1,H1_A26,2908e9ba69598735be8757d9b153473f5bacec1feb89ecff91ce994824a10178,schedule_operation_count,150,20705950.0,True
H1,H1_A26,474b6ef7aac2feb7cb9195d7d3644f0d53d378eb4518ef87a9a2f7714d8ef3d5,canonical_bytes,371559,9604850.0,True
H1,H1_A26,474b6ef7aac2feb7cb9195d7d3644f0d53d378eb4518ef87a9a2f7714d8ef3d5,bundle_bytes,371559,9604850.0,True
H1,H1_A26,474b6ef7aac2feb7cb9195d7d3644f0d53d378eb4518ef87a9a2f7714d8ef3d5,N_operations,90,9604850.0,True
H1,H1_A26,474b6ef7aac2feb7cb9195d7d3644f0d53d378eb4518ef87a9a2f7714d8ef3d5,N_modes,172,9604850.0,True
H1,H1_A26,474b6ef7aac2feb7cb9195d7d3644f0d53d378eb4518ef87a9a2f7714d8ef3d5,schedule_operation_count,90,9604850.0,True
H1,H1_A26,4fafb9a13ff5e2fda82a804bf609727b68a17926d69ae1574c4801604ec81359,canonical_bytes,371549,9718300.0,True
H1,H1_A26,4fafb9a13ff5e2fda82a804bf609727b68a17926d69ae1574c4801604ec81359,bundle_bytes,371549,9718300.0,True
H1,H1_A26,4fafb9a13ff5e2fda82a804bf609727b68a17926d69ae1574c4801604ec81359,N_operations,90,9718300.0,True
H1,H1_A26,4fafb9a13ff5e2fda82a804bf609727b68a17926d69ae1574c4801604ec81359,N_modes,172,9718300.0,True
H1,H1_A26,4fafb9a13ff5e2fda82a804bf609727b68a17926d69ae1574c4801604ec81359,schedule_operation_count,90,9718300.0,True
H1,H1_A26,54349d927b9070c144f507868f9ef8b962c7c926426b33c3a7e0c88f715b246a,canonical_bytes,371510,9487100.0,True
H1,H1_A26,54349d927b9070c144f507868f9ef8b962c7c926426b33c3a7e0c88f715b246a,bundle_bytes,371510,9487100.0,True
H1,H1_A26,54349d927b9070c144f507868f9ef8b962c7c926426b33c3a7e0c88f715b246a,N_operations,90,9487100.0,True
H1,H1_A26,54349d927b9070c144f507868f9ef8b962c7c926426b33c3a7e0c88f715b246a,N_modes,172,9487100.0,True
H1,H1_A26,54349d927b9070c144f507868f9ef8b962c7c926426b33c3a7e0c88f715b246a,schedule_operation_count,90,9487100.0,True
H1,H1_A26,558b8365de15727bf495595ed539867872c185b280ea249712f3b1d5f8674cd5,canonical_bytes,371529,9642150.0,True
H1,H1_A26,558b8365de15727bf495595ed539867872c185b280ea249712f3b1d5f8674cd5,bundle_bytes,371529,9642150.0,True
H1,H1_A26,558b8365de15727bf495595ed539867872c185b280ea249712f3b1d5f8674cd5,N_operations,90,9642150.0,True
H1,H1_A26,558b8365de15727bf495595ed539867872c185b280ea249712f3b1d5f8674cd5,N_modes,172,9642150.0,True
H1,H1_A26,558b8365de15727bf495595ed539867872c185b280ea249712f3b1d5f8674cd5,schedule_operation_count,90,9642150.0,True
H1,H1_A26,5ecccd77f46ab5549088b57686632a9eb5ccf1a5a977fbe35cfae6a50eca52bb,canonical_bytes,366528,9523650.0,True
H1,H1_A26,5ecccd77f46ab5549088b57686632a9eb5ccf1a5a977fbe35cfae6a50eca52bb,bundle_bytes,366528,9523650.0,True
H1,H1_A26,5ecccd77f46ab5549088b57686632a9eb5ccf1a5a977fbe35cfae6a50eca52bb,N_operations,90,9523650.0,True
H1,H1_A26,5ecccd77f46ab5549088b57686632a9eb5ccf1a5a977fbe35cfae6a50eca52bb,N_modes,172,9523650.0,True
H1,H1_A26,5ecccd77f46ab5549088b57686632a9eb5ccf1a5a977fbe35cfae6a50eca52bb,schedule_operation_count,90,9523650.0,True
H1,H1_A26,5f24b2bbe16d5c8f667064d5031553e1dd9c4d9dbb7e0757cb922d9ba47928d5,canonical_bytes,371715,9547600.0,True
H1,H1_A26,5f24b2bbe16d5c8f667064d5031553e1dd9c4d9dbb7e0757cb922d9ba47928d5,bundle_bytes,371715,9547600.0,True
H1,H1_A26,5f24b2bbe16d5c8f667064d5031553e1dd9c4d9dbb7e0757cb922d9ba47928d5,N_operations,90,9547600.0,True
H1,H1_A26,5f24b2bbe16d5c8f667064d5031553e1dd9c4d9dbb7e0757cb922d9ba47928d5,N_modes,172,9547600.0,True
H1,H1_A26,5f24b2bbe16d5c8f667064d5031553e1dd9c4d9dbb7e0757cb922d9ba47928d5,schedule_operation_count,90,9547600.0,True
H1,H1_A26,61f77c0251bcd2bbb51e6bff7e048bfcda7139b4e796314d32b47961ac3b5c1b,canonical_bytes,373222,9609450.0,True
H1,H1_A26,61f77c0251bcd2bbb51e6bff7e048bfcda7139b4e796314d32b47961ac3b5c1b,bundle_bytes,373222,9609450.0,True
H1,H1_A26,61f77c0251bcd2bbb51e6bff7e048bfcda7139b4e796314d32b47961ac3b5c1b,N_operations,90,9609450.0,True
H1,H1_A26,61f77c0251bcd2bbb51e6bff7e048bfcda7139b4e796314d32b47961ac3b5c1b,N_modes,172,9609450.0,True
H1,H1_A26,61f77c0251bcd2bbb51e6bff7e048bfcda7139b4e796314d32b47961ac3b5c1b,schedule_operation_count,90,9609450.0,True
H1,H1_A26,634f3d08fd93ba622176ea6c9ff7ff1fb9d57a9b14f936f27d1460655fc20d72,canonical_bytes,369189,9448900.0,True
H1,H1_A26,634f3d08fd93ba622176ea6c9ff7ff1fb9d57a9b14f936f27d1460655fc20d72,bundle_bytes,369189,9448900.0,True
H1,H1_A26,634f3d08fd93ba622176ea6c9ff7ff1fb9d57a9b14f936f27d1460655fc20d72,N_operations,90,9448900.0,True
H1,H1_A26,634f3d08fd93ba622176ea6c9ff7ff1fb9d57a9b14f936f27d1460655fc20d72,N_modes,172,9448900.0,True
H1,H1_A26,634f3d08fd93ba622176ea6c9ff7ff1fb9d57a9b14f936f27d1460655fc20d72,schedule_operation_count,90,9448900.0,True
H1,H1_A26,73cdcc11d1c23e47664696979a9b12b94deb5da000c18f37a8d7c0b641090788,canonical_bytes,755370,19990250.0,True
H1,H1_A26,73cdcc11d1c23e47664696979a9b12b94deb5da000c18f37a8d7c0b641090788,bundle_bytes,755370,19990250.0,True
H1,H1_A26,73cdcc11d1c23e47664696979a9b12b94deb5da000c18f37a8d7c0b641090788,N_operations,150,19990250.0,True
H1,H1_A26,73cdcc11d1c23e47664696979a9b12b94deb5da000c18f37a8d7c0b641090788,N_modes,451,19990250.0,True
H1,H1_A26,73cdcc11d1c23e47664696979a9b12b94deb5da000c18f37a8d7c0b641090788,schedule_operation_count,150,19990250.0,True
H1,H1_A26,7dc2cc636acd7eeb3db7367222360894cac918d6adca467d2f7a79960bbe8b1c,canonical_bytes,372138,9680350.0,True
H1,H1_A26,7dc2cc636acd7eeb3db7367222360894cac918d6adca467d2f7a79960bbe8b1c,bundle_bytes,372138,9680350.0,True
H1,H1_A26,7dc2cc636acd7eeb3db7367222360894cac918d6adca467d2f7a79960bbe8b1c,N_operations,90,9680350.0,True
H1,H1_A26,7dc2cc636acd7eeb3db7367222360894cac918d6adca467d2f7a79960bbe8b1c,N_modes,172,9680350.0,True
H1,H1_A26,7dc2cc636acd7eeb3db7367222360894cac918d6adca467d2f7a79960bbe8b1c,schedule_operation_count,90,9680350.0,True
H1,H1_A26,8c60197386a54af6d06cac0996c81cbca4971ac83984afcf2a52fa27a5bb1b42,canonical_bytes,372245,9632000.0,True
H1,H1_A26,8c60197386a54af6d06cac0996c81cbca4971ac83984afcf2a52fa27a5bb1b42,bundle_bytes,372245,9632000.0,True
H1,H1_A26,8c60197386a54af6d06cac0996c81cbca4971ac83984afcf2a52fa27a5bb1b42,N_operations,90,9632000.0,True
H1,H1_A26,8c60197386a54af6d06cac0996c81cbca4971ac83984afcf2a52fa27a5bb1b42,N_modes,172,9632000.0,True
H1,H1_A26,8c60197386a54af6d06cac0996c81cbca4971ac83984afcf2a52fa27a5bb1b42,schedule_operation_count,90,9632000.0,True
H1,H1_A26,8e3a1df6f55a6d53d21fd63c9dcda45cee6d1576c4989d45b40828d31e6d7281,canonical_bytes,371639,9652600.0,True
H1,H1_A26,8e3a1df6f55a6d53d21fd63c9dcda45cee6d1576c4989d45b40828d31e6d7281,bundle_bytes,371639,9652600.0,True
H1,H1_A26,8e3a1df6f55a6d53d21fd63c9dcda45cee6d1576c4989d45b40828d31e6d7281,N_operations,90,9652600.0,True
H1,H1_A26,8e3a1df6f55a6d53d21fd63c9dcda45cee6d1576c4989d45b40828d31e6d7281,N_modes,172,9652600.0,True
H1,H1_A26,8e3a1df6f55a6d53d21fd63c9dcda45cee6d1576c4989d45b40828d31e6d7281,schedule_operation_count,90,9652600.0,True
H1,H1_A26,97eb8ea8dfec0a163a4b54e1179247553055627de3df3d7a40c8879cacc64800,canonical_bytes,754947,20114750.0,True
H1,H1_A26,97eb8ea8dfec0a163a4b54e1179247553055627de3df3d7a40c8879cacc64800,bundle_bytes,754947,20114750.0,True
H1,H1_A26,97eb8ea8dfec0a163a4b54e1179247553055627de3df3d7a40c8879cacc64800,N_operations,150,20114750.0,True
H1,H1_A26,97eb8ea8dfec0a163a4b54e1179247553055627de3df3d7a40c8879cacc64800,N_modes,451,20114750.0,True
H1,H1_A26,97eb8ea8dfec0a163a4b54e1179247553055627de3df3d7a40c8879cacc64800,schedule_operation_count,150,20114750.0,True
H1,H1_A26,9827288498c6ff63f3f7ec6f3bb833b53ac1c3cbaf59021addc82b6a8c08bae2,canonical_bytes,754955,19900950.0,True
H1,H1_A26,9827288498c6ff63f3f7ec6f3bb833b53ac1c3cbaf59021addc82b6a8c08bae2,bundle_bytes,754955,19900950.0,True
H1,H1_A26,9827288498c6ff63f3f7ec6f3bb833b53ac1c3cbaf59021addc82b6a8c08bae2,N_operations,150,19900950.0,True
H1,H1_A26,9827288498c6ff63f3f7ec6f3bb833b53ac1c3cbaf59021addc82b6a8c08bae2,N_modes,451,19900950.0,True
H1,H1_A26,9827288498c6ff63f3f7ec6f3bb833b53ac1c3cbaf59021addc82b6a8c08bae2,schedule_operation_count,150,19900950.0,True
H1,H1_A26,9f7906189c782cba7c3a4cc9cb8785764c8ad3fb1e637423a7a310d6c438feb5,canonical_bytes,376294,10164200.0,True
H1,H1_A26,9f7906189c782cba7c3a4cc9cb8785764c8ad3fb1e637423a7a310d6c438feb5,bundle_bytes,376294,10164200.0,True
H1,H1_A26,9f7906189c782cba7c3a4cc9cb8785764c8ad3fb1e637423a7a310d6c438feb5,N_operations,90,10164200.0,True
H1,H1_A26,9f7906189c782cba7c3a4cc9cb8785764c8ad3fb1e637423a7a310d6c438feb5,N_modes,172,10164200.0,True
H1,H1_A26,9f7906189c782cba7c3a4cc9cb8785764c8ad3fb1e637423a7a310d6c438feb5,schedule_operation_count,90,10164200.0,True
H1,H1_A22,A22_ATTACK_PURE_001,canonical_bytes,2292,51450.0,True
H1,H1_A22,A22_ATTACK_PURE_001,bundle_bytes,2292,51450.0,True
H1,H1_A22,A22_ATTACK_PURE_002,canonical_bytes,1999,47950.0,True
H1,H1_A22,A22_ATTACK_PURE_002,bundle_bytes,1999,47950.0,True
H1,H1_A22,A22_ATTACK_PURE_003,canonical_bytes,2158,56000.0,True
H1,H1_A22,A22_ATTACK_PURE_003,bundle_bytes,2158,56000.0,True
H1,H1_A22,A22_ATTACK_PURE_004,canonical_bytes,2018,50550.0,True
H1,H1_A22,A22_ATTACK_PURE_004,bundle_bytes,2018,50550.0,True
H1,H1_A22,A22_ATTACK_PURE_005,canonical_bytes,2827,61250.0,True
H1,H1_A22,A22_ATTACK_PURE_005,bundle_bytes,2827,61250.0,True
H1,H1_A22,A22_ATTACK_PURE_006,canonical_bytes,1938,50800.0,True
H1,H1_A22,A22_ATTACK_PURE_006,bundle_bytes,1938,50800.0,True
H1,H1_A22,A22_ATTACK_PURE_007,canonical_bytes,2284,57750.0,True
H1,H1_A22,A22_ATTACK_PURE_007,bundle_bytes,2284,57750.0,True
H1,H1_A22,A22_ATTACK_PURE_008,canonical_bytes,2304,52500.0,True
H1,H1_A22,A22_ATTACK_PURE_008,bundle_bytes,2304,52500.0,True
H1,H1_A22,A22_ATTACK_PURE_009,canonical_bytes,2076,51400.0,True
H1,H1_A22,A22_ATTACK_PURE_009,bundle_bytes,2076,51400.0,True
H1,H1_A22,A22_ATTACK_PURE_010,canonical_bytes,2126,49950.0,True
H1,H1_A22,A22_ATTACK_PURE_010,bundle_bytes,2126,49950.0,True
H1,H1_A22,A22_ATTACK_PURE_011,canonical_bytes,2067,52700.0,True
H1,H1_A22,A22_ATTACK_PURE_011,bundle_bytes,2067,52700.0,True
H1,H1_A22,A22_ATTACK_PURE_012,canonical_bytes,2033,48150.0,True
H1,H1_A22,A22_ATTACK_PURE_012,bundle_bytes,2033,48150.0,True
H1,H1_A22,A22_ATTACK_PURE_013,canonical_bytes,2384,58600.0,True
H1,H1_A22,A22_ATTACK_PURE_013,bundle_bytes,2384,58600.0,True
H1,H1_A22,A22_ATTACK_PURE_014,canonical_bytes,2217,52650.0,True
H1,H1_A22,A22_ATTACK_PURE_014,bundle_bytes,2217,52650.0,True
H1,H1_A22,A22_ATTACK_PURE_015,canonical_bytes,1819,52900.0,True
H1,H1_A22,A22_ATTACK_PURE_015,bundle_bytes,1819,52900.0,True
H1,H1_A22,A22_ATTACK_PURE_016,canonical_bytes,2490,57500.0,True
H1,H1_A22,A22_ATTACK_PURE_016,bundle_bytes,2490,57500.0,True
H1,H1_A22,A22_ATTACK_PURE_017,canonical_bytes,2455,56750.0,True
H1,H1_A22,A22_ATTACK_PURE_017,bundle_bytes,2455,56750.0,True
H1,H1_A22,A22_ATTACK_PURE_018,canonical_bytes,2099,54600.0,True
H1,H1_A22,A22_ATTACK_PURE_018,bundle_bytes,2099,54600.0,True
H1,H1_A22,A22_ATTACK_PURE_019,canonical_bytes,2142,55400.0,True
H1,H1_A22,A22_ATTACK_PURE_019,bundle_bytes,2142,55400.0,True
H1,H1_A22,A22_ATTACK_PURE_020,canonical_bytes,2004,51900.0,True
H1,H1_A22,A22_ATTACK_PURE_020,bundle_bytes,2004,51900.0,True
H1,H1_A22,A22_ATTACK_UNDERLYING_001,canonical_bytes,2465,65900.0,True
H1,H1_A22,A22_ATTACK_UNDERLYING_001,bundle_bytes,2465,65900.0,True
H1,H1_A22,A22_ATTACK_UNDERLYING_002,canonical_bytes,7928,129350.0,True
H1,H1_A22,A22_ATTACK_UNDERLYING_002,bundle_bytes,7928,129350.0,True
H1,H1_A22,A22_ATTACK_UNDERLYING_003,canonical_bytes,3252,72600.0,True
H1,H1_A22,A22_ATTACK_UNDERLYING_003,bundle_bytes,3252,72600.0,True
H1,H1_A22,A22_ATTACK_UNDERLYING_004,canonical_bytes,5092,94650.0,True
H1,H1_A22,A22_ATTACK_UNDERLYING_004,bundle_bytes,5092,94650.0,True
H1,H1_A22,A22_ATTACK_UNDERLYING_005,canonical_bytes,3023,70600.0,True
H1,H1_A22,A22_ATTACK_UNDERLYING_005,bundle_bytes,3023,70600.0,True
H1,H1_A22,A22_ATTACK_UNDERLYING_006,canonical_bytes,3937,81600.0,True
H1,H1_A22,A22_ATTACK_UNDERLYING_006,bundle_bytes,3937,81600.0,True
H1,H1_A22,A22_ATTACK_UNDERLYING_007,canonical_bytes,2524,64300.0,True
H1,H1_A22,A22_ATTACK_UNDERLYING_007,bundle_bytes,2524,64300.0,True
H1,H1_A22,A22_ATTACK_UNDERLYING_008,canonical_bytes,3244,70750.0,True
H1,H1_A22,A22_ATTACK_UNDERLYING_008,bundle_bytes,3244,70750.0,True
H1,H1_A22,A22_ATTACK_UNDERLYING_009,canonical_bytes,2170,54750.0,True
H1,H1_A22,A22_ATTACK_UNDERLYING_009,bundle_bytes,2170,54750.0,True
H1,H1_A22,A22_ATTACK_UNDERLYING_010,canonical_bytes,7153,116650.0,True
H1,H1_A22,A22_ATTACK_UNDERLYING_010,bundle_bytes,7153,116650.0,True
H1,H1_A22,A22_ATTACK_UNDERLYING_011,canonical_bytes,2416,63200.0,True
H1,H1_A22,A22_ATTACK_UNDERLYING_011,bundle_bytes,2416,63200.0,True
H1,H1_A22,A22_ATTACK_UNDERLYING_012,canonical_bytes,12345,177700.0,True
H1,H1_A22,A22_ATTACK_UNDERLYING_012,bundle_bytes,12345,177700.0,True
H1,H1_A22,A22_ATTACK_UNDERLYING_013,canonical_bytes,3005,68750.0,True
H1,H1_A22,A22_ATTACK_UNDERLYING_013,bundle_bytes,3005,68750.0,True
H1,H1_A22,A22_ATTACK_UNDERLYING_014,canonical_bytes,3062,73500.0,True
H1,H1_A22,A22_ATTACK_UNDERLYING_014,bundle_bytes,3062,73500.0,True
H1,H1_A22,A22_ATTACK_UNDERLYING_015,canonical_bytes,2654,68150.0,True
H1,H1_A22,A22_ATTACK_UNDERLYING_015,bundle_bytes,2654,68150.0,True
H1,H1_A22,A22_ATTACK_UNDERLYING_016,canonical_bytes,3419,76500.0,True
H1,H1_A22,A22_ATTACK_UNDERLYING_016,bundle_bytes,3419,76500.0,True
H1,H1_A22,A22_ATTACK_UNDERLYING_017,canonical_bytes,2272,57750.0,True
H1,H1_A22,A22_ATTACK_UNDERLYING_017,bundle_bytes,2272,57750.0,True
H1,H1_A22,A22_ATTACK_UNDERLYING_018,canonical_bytes,12015,147200.0,True
H1,H1_A22,A22_ATTACK_UNDERLYING_018,bundle_bytes,12015,147200.0,True
H1,H1_A22,A22_ATTACK_UNDERLYING_019,canonical_bytes,2317,60650.0,True
H1,H1_A22,A22_ATTACK_UNDERLYING_019,bundle_bytes,2317,60650.0,True
H1,H1_A22,A22_ATTACK_UNDERLYING_020,canonical_bytes,10083,149650.0,True
H1,H1_A22,A22_ATTACK_UNDERLYING_020,bundle_bytes,10083,149650.0,True
H1,H1_A22,A22_COMPOSITE_NEW_ORDER_001,canonical_bytes,3085,73150.0,True
H1,H1_A22,A22_COMPOSITE_NEW_ORDER_001,bundle_bytes,3085,73150.0,True
H1,H1_A22,A22_COMPOSITE_NEW_ORDER_002,canonical_bytes,4519,89500.0,True
H1,H1_A22,A22_COMPOSITE_NEW_ORDER_002,bundle_bytes,4519,89500.0,True
H1,H1_A22,A22_COMPOSITE_NEW_ORDER_003,canonical_bytes,2044,61700.0,True
H1,H1_A22,A22_COMPOSITE_NEW_ORDER_003,bundle_bytes,2044,61700.0,True
H1,H1_A22,A22_COMPOSITE_NEW_ORDER_004,canonical_bytes,3098,73800.0,True
H1,H1_A22,A22_COMPOSITE_NEW_ORDER_004,bundle_bytes,3098,73800.0,True
H1,H1_A22,A22_COMPOSITE_NEW_ORDER_005,canonical_bytes,2532,68300.0,True
H1,H1_A22,A22_COMPOSITE_NEW_ORDER_005,bundle_bytes,2532,68300.0,True
H1,H1_A22,A22_COMPOSITE_NEW_ORDER_006,canonical_bytes,2130,61900.0,True
H1,H1_A22,A22_COMPOSITE_NEW_ORDER_006,bundle_bytes,2130,61900.0,True
H1,H1_A22,A22_COMPOSITE_NEW_ORDER_007,canonical_bytes,7225,113900.0,True
H1,H1_A22,A22_COMPOSITE_NEW_ORDER_007,bundle_bytes,7225,113900.0,True
H1,H1_A22,A22_COMPOSITE_NEW_ORDER_008,canonical_bytes,2241,68100.0,True
H1,H1_A22,A22_COMPOSITE_NEW_ORDER_008,bundle_bytes,2241,68100.0,True
H1,H1_A22,A22_COMPOSITE_NEW_ORDER_009,canonical_bytes,2320,60000.0,True
H1,H1_A22,A22_COMPOSITE_NEW_ORDER_009,bundle_bytes,2320,60000.0,True
H1,H1_A22,A22_COMPOSITE_NEW_ORDER_010,canonical_bytes,2186,68400.0,True
H1,H1_A22,A22_COMPOSITE_NEW_ORDER_010,bundle_bytes,2186,68400.0,True
H1,H1_A22,A22_COMPOSITE_NEW_ORDER_011,canonical_bytes,2435,62650.0,True
H1,H1_A22,A22_COMPOSITE_NEW_ORDER_011,bundle_bytes,2435,62650.0,True
H1,H1_A22,A22_COMPOSITE_NEW_ORDER_012,canonical_bytes,2730,75300.0,True
H1,H1_A22,A22_COMPOSITE_NEW_ORDER_012,bundle_bytes,2730,75300.0,True
H1,H1_A22,A22_COMPOSITE_NEW_ORDER_013,canonical_bytes,2411,68700.0,True
H1,H1_A22,A22_COMPOSITE_NEW_ORDER_013,bundle_bytes,2411,68700.0,True
H1,H1_A22,A22_COMPOSITE_NEW_ORDER_014,canonical_bytes,2342,59750.0,True
H1,H1_A22,A22_COMPOSITE_NEW_ORDER_014,bundle_bytes,2342,59750.0,True
H1,H1_A22,A22_COMPOSITE_NEW_ORDER_015,canonical_bytes,2185,64850.0,True
H1,H1_A22,A22_COMPOSITE_NEW_ORDER_015,bundle_bytes,2185,64850.0,True
H1,H1_A22,A22_COMPOSITE_NEW_ORDER_016,canonical_bytes,2569,67900.0,True
H1,H1_A22,A22_COMPOSITE_NEW_ORDER_016,bundle_bytes,2569,67900.0,True
H1,H1_A22,A22_COMPOSITE_NEW_ORDER_017,canonical_bytes,3696,84450.0,True
H1,H1_A22,A22_COMPOSITE_NEW_ORDER_017,bundle_bytes,3696,84450.0,True
H1,H1_A22,A22_COMPOSITE_NEW_ORDER_018,canonical_bytes,2129,61600.0,True
H1,H1_A22,A22_COMPOSITE_NEW_ORDER_018,bundle_bytes,2129,61600.0,True
H1,H1_A22,A22_COMPOSITE_NEW_ORDER_019,canonical_bytes,2623,67950.0,True
H1,H1_A22,A22_COMPOSITE_NEW_ORDER_019,bundle_bytes,2623,67950.0,True
H1,H1_A22,A22_COMPOSITE_NEW_ORDER_020,canonical_bytes,2301,69500.0,True
H1,H1_A22,A22_COMPOSITE_NEW_ORDER_020,bundle_bytes,2301,69500.0,True
H1,H1_A22,A22_COMPOSITE_PRIORITY_DUE_001,canonical_bytes,2389,62150.0,True
H1,H1_A22,A22_COMPOSITE_PRIORITY_DUE_001,bundle_bytes,2389,62150.0,True
H1,H1_A22,A22_COMPOSITE_PRIORITY_DUE_002,canonical_bytes,2213,64500.0,True
H1,H1_A22,A22_COMPOSITE_PRIORITY_DUE_002,bundle_bytes,2213,64500.0,True
H1,H1_A22,A22_COMPOSITE_PRIORITY_DUE_003,canonical_bytes,2225,64000.0,True
H1,H1_A22,A22_COMPOSITE_PRIORITY_DUE_003,bundle_bytes,2225,64000.0,True
H1,H1_A22,A22_COMPOSITE_PRIORITY_DUE_004,canonical_bytes,2687,65350.0,True
H1,H1_A22,A22_COMPOSITE_PRIORITY_DUE_004,bundle_bytes,2687,65350.0,True
H1,H1_A22,A22_COMPOSITE_PRIORITY_DUE_005,canonical_bytes,3067,74450.0,True
H1,H1_A22,A22_COMPOSITE_PRIORITY_DUE_005,bundle_bytes,3067,74450.0,True
H1,H1_A22,A22_COMPOSITE_PRIORITY_DUE_006,canonical_bytes,2100,59000.0,True
H1,H1_A22,A22_COMPOSITE_PRIORITY_DUE_006,bundle_bytes,2100,59000.0,True
H1,H1_A22,A22_COMPOSITE_PRIORITY_DUE_007,canonical_bytes,2412,65550.0,True
H1,H1_A22,A22_COMPOSITE_PRIORITY_DUE_007,bundle_bytes,2412,65550.0,True
H1,H1_A22,A22_COMPOSITE_PRIORITY_DUE_008,canonical_bytes,3847,80800.0,True
H1,H1_A22,A22_COMPOSITE_PRIORITY_DUE_008,bundle_bytes,3847,80800.0,True
H1,H1_A22,A22_COMPOSITE_PRIORITY_DUE_009,canonical_bytes,3231,71550.0,True
H1,H1_A22,A22_COMPOSITE_PRIORITY_DUE_009,bundle_bytes,3231,71550.0,True
H1,H1_A22,A22_COMPOSITE_PRIORITY_DUE_010,canonical_bytes,4364,84400.0,True
H1,H1_A22,A22_COMPOSITE_PRIORITY_DUE_010,bundle_bytes,4364,84400.0,True
H1,H1_A22,A22_COMPOSITE_PRIORITY_DUE_011,canonical_bytes,2652,67100.0,True
H1,H1_A22,A22_COMPOSITE_PRIORITY_DUE_011,bundle_bytes,2652,67100.0,True
H1,H1_A22,A22_COMPOSITE_PRIORITY_DUE_012,canonical_bytes,4625,87000.0,True
H1,H1_A22,A22_COMPOSITE_PRIORITY_DUE_012,bundle_bytes,4625,87000.0,True
H1,H1_A22,A22_COMPOSITE_PRIORITY_DUE_013,canonical_bytes,2766,68400.0,True
H1,H1_A22,A22_COMPOSITE_PRIORITY_DUE_013,bundle_bytes,2766,68400.0,True
H1,H1_A22,A22_COMPOSITE_PRIORITY_DUE_014,canonical_bytes,3367,76100.0,True
H1,H1_A22,A22_COMPOSITE_PRIORITY_DUE_014,bundle_bytes,3367,76100.0,True
H1,H1_A22,A22_COMPOSITE_PRIORITY_DUE_015,canonical_bytes,2696,68800.0,True
H1,H1_A22,A22_COMPOSITE_PRIORITY_DUE_015,bundle_bytes,2696,68800.0,True
H1,H1_A22,A22_COMPOSITE_PRIORITY_DUE_016,canonical_bytes,2090,63250.0,True
H1,H1_A22,A22_COMPOSITE_PRIORITY_DUE_016,bundle_bytes,2090,63250.0,True
H1,H1_A22,A22_COMPOSITE_PRIORITY_DUE_017,canonical_bytes,2322,66400.0,True
H1,H1_A22,A22_COMPOSITE_PRIORITY_DUE_017,bundle_bytes,2322,66400.0,True
H1,H1_A22,A22_COMPOSITE_PRIORITY_DUE_018,canonical_bytes,2659,64900.0,True
H1,H1_A22,A22_COMPOSITE_PRIORITY_DUE_018,bundle_bytes,2659,64900.0,True
H1,H1_A22,A22_COMPOSITE_PRIORITY_DUE_019,canonical_bytes,4880,83750.0,True
H1,H1_A22,A22_COMPOSITE_PRIORITY_DUE_019,bundle_bytes,4880,83750.0,True
H1,H1_A22,A22_COMPOSITE_PRIORITY_DUE_020,canonical_bytes,4742,81650.0,True
H1,H1_A22,A22_COMPOSITE_PRIORITY_DUE_020,bundle_bytes,4742,81650.0,True
H1,H1_A22,A22_INVALID_INTERVAL_001,canonical_bytes,12962,178300.0,True
H1,H1_A22,A22_INVALID_INTERVAL_001,bundle_bytes,12962,178300.0,True
H1,H1_A22,A22_INVALID_INTERVAL_002,canonical_bytes,4273,82750.0,True
H1,H1_A22,A22_INVALID_INTERVAL_002,bundle_bytes,4273,82750.0,True
H1,H1_A22,A22_INVALID_INTERVAL_003,canonical_bytes,11324,162100.0,True
H1,H1_A22,A22_INVALID_INTERVAL_003,bundle_bytes,11324,162100.0,True
H1,H1_A22,A22_INVALID_INTERVAL_004,canonical_bytes,6881,113250.0,True
H1,H1_A22,A22_INVALID_INTERVAL_004,bundle_bytes,6881,113250.0,True
H1,H1_A22,A22_INVALID_INTERVAL_005,canonical_bytes,4575,82500.0,True
H1,H1_A22,A22_INVALID_INTERVAL_005,bundle_bytes,4575,82500.0,True
H1,H1_A22,A22_INVALID_INTERVAL_006,canonical_bytes,19307,186850.0,True
H1,H1_A22,A22_INVALID_INTERVAL_006,bundle_bytes,19307,186850.0,True
H1,H1_A22,A22_INVALID_INTERVAL_007,canonical_bytes,2894,63150.0,True
H1,H1_A22,A22_INVALID_INTERVAL_007,bundle_bytes,2894,63150.0,True
H1,H1_A22,A22_INVALID_INTERVAL_008,canonical_bytes,6672,95450.0,True
H1,H1_A22,A22_INVALID_INTERVAL_008,bundle_bytes,6672,95450.0,True
H1,H1_A22,A22_INVALID_MISSING_EFFECTIVE_001,canonical_bytes,20966,207650.0,True
H1,H1_A22,A22_INVALID_MISSING_EFFECTIVE_001,bundle_bytes,20966,207650.0,True
H1,H1_A22,A22_INVALID_MISSING_EFFECTIVE_002,canonical_bytes,7113,95650.0,True
H1,H1_A22,A22_INVALID_MISSING_EFFECTIVE_002,bundle_bytes,7113,95650.0,True
H1,H1_A22,A22_INVALID_MISSING_EFFECTIVE_003,canonical_bytes,16812,175350.0,True
H1,H1_A22,A22_INVALID_MISSING_EFFECTIVE_003,bundle_bytes,16812,175350.0,True
H1,H1_A22,A22_INVALID_MISSING_EFFECTIVE_004,canonical_bytes,3697,76700.0,True
H1,H1_A22,A22_INVALID_MISSING_EFFECTIVE_004,bundle_bytes,3697,76700.0,True
H1,H1_A22,A22_INVALID_MISSING_EFFECTIVE_005,canonical_bytes,13682,163650.0,True
H1,H1_A22,A22_INVALID_MISSING_EFFECTIVE_005,bundle_bytes,13682,163650.0,True
H1,H1_A22,A22_INVALID_MISSING_EFFECTIVE_006,canonical_bytes,5058,90850.0,True
H1,H1_A22,A22_INVALID_MISSING_EFFECTIVE_006,bundle_bytes,5058,90850.0,True
H1,H1_A22,A22_INVALID_MISSING_EFFECTIVE_007,canonical_bytes,6816,106600.0,True
H1,H1_A22,A22_INVALID_MISSING_EFFECTIVE_007,bundle_bytes,6816,106600.0,True
H1,H1_A22,A22_INVALID_MISSING_EFFECTIVE_008,canonical_bytes,3913,79300.0,True
H1,H1_A22,A22_INVALID_MISSING_EFFECTIVE_008,bundle_bytes,3913,79300.0,True
H1,H1_A22,A22_INVALID_UNKNOWN_MACHINE_001,canonical_bytes,4020,75950.0,True
H1,H1_A22,A22_INVALID_UNKNOWN_MACHINE_001,bundle_bytes,4020,75950.0,True
H1,H1_A22,A22_INVALID_UNKNOWN_MACHINE_002,canonical_bytes,2198,62500.0,True
H1,H1_A22,A22_INVALID_UNKNOWN_MACHINE_002,bundle_bytes,2198,62500.0,True
H1,H1_A22,A22_INVALID_UNKNOWN_MACHINE_003,canonical_bytes,2944,67950.0,True
H1,H1_A22,A22_INVALID_UNKNOWN_MACHINE_003,bundle_bytes,2944,67950.0,True
H1,H1_A22,A22_INVALID_UNKNOWN_MACHINE_004,canonical_bytes,2222,60250.0,True
H1,H1_A22,A22_INVALID_UNKNOWN_MACHINE_004,bundle_bytes,2222,60250.0,True
H1,H1_A22,A22_INVALID_UNKNOWN_MACHINE_005,canonical_bytes,2521,65900.0,True
H1,H1_A22,A22_INVALID_UNKNOWN_MACHINE_005,bundle_bytes,2521,65900.0,True
H1,H1_A22,A22_INVALID_UNKNOWN_MACHINE_006,canonical_bytes,2297,64950.0,True
H1,H1_A22,A22_INVALID_UNKNOWN_MACHINE_006,bundle_bytes,2297,64950.0,True
H1,H1_A22,A22_INVALID_UNKNOWN_MACHINE_007,canonical_bytes,2459,63800.0,True
H1,H1_A22,A22_INVALID_UNKNOWN_MACHINE_007,bundle_bytes,2459,63800.0,True
H1,H1_A22,A22_INVALID_UNKNOWN_MACHINE_008,canonical_bytes,3297,80550.0,True
H1,H1_A22,A22_INVALID_UNKNOWN_MACHINE_008,bundle_bytes,3297,80550.0,True
H1,H1_A22,A22_INVALID_UNKNOWN_ORDER_001,canonical_bytes,4063,73600.0,True
H1,H1_A22,A22_INVALID_UNKNOWN_ORDER_001,bundle_bytes,4063,73600.0,True
H1,H1_A22,A22_INVALID_UNKNOWN_ORDER_002,canonical_bytes,3149,68850.0,True
H1,H1_A22,A22_INVALID_UNKNOWN_ORDER_002,bundle_bytes,3149,68850.0,True
H1,H1_A22,A22_INVALID_UNKNOWN_ORDER_003,canonical_bytes,3011,69600.0,True
H1,H1_A22,A22_INVALID_UNKNOWN_ORDER_003,bundle_bytes,3011,69600.0,True
H1,H1_A22,A22_INVALID_UNKNOWN_ORDER_004,canonical_bytes,2844,64950.0,True
H1,H1_A22,A22_INVALID_UNKNOWN_ORDER_004,bundle_bytes,2844,64950.0,True
H1,H1_A22,A22_INVALID_UNKNOWN_ORDER_005,canonical_bytes,3538,74900.0,True
H1,H1_A22,A22_INVALID_UNKNOWN_ORDER_005,bundle_bytes,3538,74900.0,True
H1,H1_A22,A22_INVALID_UNKNOWN_ORDER_006,canonical_bytes,3308,75850.0,True
H1,H1_A22,A22_INVALID_UNKNOWN_ORDER_006,bundle_bytes,3308,75850.0,True
H1,H1_A22,A22_INVALID_UNKNOWN_ORDER_007,canonical_bytes,3838,83150.0,True
H1,H1_A22,A22_INVALID_UNKNOWN_ORDER_007,bundle_bytes,3838,83150.0,True
H1,H1_A22,A22_INVALID_UNKNOWN_ORDER_008,canonical_bytes,2762,71350.0,True
H1,H1_A22,A22_INVALID_UNKNOWN_ORDER_008,bundle_bytes,2762,71350.0,True
H1,H1_A22,A22_INVALID_UNSUPPORTED_001,canonical_bytes,2750,65200.0,True
H1,H1_A22,A22_INVALID_UNSUPPORTED_001,bundle_bytes,2750,65200.0,True
H1,H1_A22,A22_INVALID_UNSUPPORTED_002,canonical_bytes,2985,59300.0,True
H1,H1_A22,A22_INVALID_UNSUPPORTED_002,bundle_bytes,2985,59300.0,True
H1,H1_A22,A22_INVALID_UNSUPPORTED_003,canonical_bytes,2722,60350.0,True
H1,H1_A22,A22_INVALID_UNSUPPORTED_003,bundle_bytes,2722,60350.0,True
H1,H1_A22,A22_INVALID_UNSUPPORTED_004,canonical_bytes,3804,70500.0,True
H1,H1_A22,A22_INVALID_UNSUPPORTED_004,bundle_bytes,3804,70500.0,True
H1,H1_A22,A22_INVALID_UNSUPPORTED_005,canonical_bytes,3291,65450.0,True
H1,H1_A22,A22_INVALID_UNSUPPORTED_005,bundle_bytes,3291,65450.0,True
H1,H1_A22,A22_INVALID_UNSUPPORTED_006,canonical_bytes,3951,77200.0,True
H1,H1_A22,A22_INVALID_UNSUPPORTED_006,bundle_bytes,3951,77200.0,True
H1,H1_A22,A22_INVALID_UNSUPPORTED_007,canonical_bytes,3998,63200.0,True
H1,H1_A22,A22_INVALID_UNSUPPORTED_007,bundle_bytes,3998,63200.0,True
H1,H1_A22,A22_INVALID_UNSUPPORTED_008,canonical_bytes,3237,62250.0,True
H1,H1_A22,A22_INVALID_UNSUPPORTED_008,bundle_bytes,3237,62250.0,True
H1,H1_A22,A22_SINGLE_MF_001,canonical_bytes,3328,76650.0,True
H1,H1_A22,A22_SINGLE_MF_001,bundle_bytes,3328,76650.0,True
H1,H1_A22,A22_SINGLE_MF_002,canonical_bytes,10367,129800.0,True
H1,H1_A22,A22_SINGLE_MF_002,bundle_bytes,10367,129800.0,True
H1,H1_A22,A22_SINGLE_MF_003,canonical_bytes,9048,125900.0,True
H1,H1_A22,A22_SINGLE_MF_003,bundle_bytes,9048,125900.0,True
H1,H1_A22,A22_SINGLE_MF_004,canonical_bytes,3719,77850.0,True
H1,H1_A22,A22_SINGLE_MF_004,bundle_bytes,3719,77850.0,True
H1,H1_A22,A22_SINGLE_MF_005,canonical_bytes,15875,156450.0,True
H1,H1_A22,A22_SINGLE_MF_005,bundle_bytes,15875,156450.0,True
H1,H1_A22,A22_SINGLE_MF_006,canonical_bytes,2818,68700.0,True
H1,H1_A22,A22_SINGLE_MF_006,bundle_bytes,2818,68700.0,True
H1,H1_A22,A22_SINGLE_MF_007,canonical_bytes,3220,73550.0,True
H1,H1_A22,A22_SINGLE_MF_007,bundle_bytes,3220,73550.0,True
H1,H1_A22,A22_SINGLE_MF_008,canonical_bytes,2070,55950.0,True
H1,H1_A22,A22_SINGLE_MF_008,bundle_bytes,2070,55950.0,True
H1,H1_A22,A22_SINGLE_MF_009,canonical_bytes,9418,136150.0,True
H1,H1_A22,A22_SINGLE_MF_009,bundle_bytes,9418,136150.0,True
H1,H1_A22,A22_SINGLE_MF_010,canonical_bytes,4720,93550.0,True
H1,H1_A22,A22_SINGLE_MF_010,bundle_bytes,4720,93550.0,True
H1,H1_A22,A22_SINGLE_MF_011,canonical_bytes,14695,201500.0,True
H1,H1_A22,A22_SINGLE_MF_011,bundle_bytes,14695,201500.0,True
H1,H1_A22,A22_SINGLE_MF_012,canonical_bytes,35991,313350.0,True
H1,H1_A22,A22_SINGLE_MF_012,bundle_bytes,35991,313350.0,True
H1,H1_A22,A22_SINGLE_MF_013,canonical_bytes,3079,73050.0,True
H1,H1_A22,A22_SINGLE_MF_013,bundle_bytes,3079,73050.0,True
H1,H1_A22,A22_SINGLE_MF_014,canonical_bytes,2843,64850.0,True
H1,H1_A22,A22_SINGLE_MF_014,bundle_bytes,2843,64850.0,True
H1,H1_A22,A22_SINGLE_MF_015,canonical_bytes,14289,147350.0,True
H1,H1_A22,A22_SINGLE_MF_015,bundle_bytes,14289,147350.0,True
H1,H1_A22,A22_SINGLE_MF_016,canonical_bytes,4765,91450.0,True
H1,H1_A22,A22_SINGLE_MF_016,bundle_bytes,4765,91450.0,True
H1,H1_A22,A22_SINGLE_MF_017,canonical_bytes,19444,196150.0,True
H1,H1_A22,A22_SINGLE_MF_017,bundle_bytes,19444,196150.0,True
H1,H1_A22,A22_SINGLE_MF_018,canonical_bytes,13855,177750.0,True
H1,H1_A22,A22_SINGLE_MF_018,bundle_bytes,13855,177750.0,True
H1,H1_A22,A22_SINGLE_MF_019,canonical_bytes,2937,68600.0,True
H1,H1_A22,A22_SINGLE_MF_019,bundle_bytes,2937,68600.0,True
H1,H1_A22,A22_SINGLE_MF_020,canonical_bytes,15810,161150.0,True
H1,H1_A22,A22_SINGLE_MF_020,bundle_bytes,15810,161150.0,True
H1,H1_A22,A22_SINGLE_PRIORITY_001,canonical_bytes,2037,60500.0,True
H1,H1_A22,A22_SINGLE_PRIORITY_001,bundle_bytes,2037,60500.0,True
H1,H1_A22,A22_SINGLE_PRIORITY_002,canonical_bytes,3117,76200.0,True
H1,H1_A22,A22_SINGLE_PRIORITY_002,bundle_bytes,3117,76200.0,True
H1,H1_A22,A22_SINGLE_PRIORITY_003,canonical_bytes,2163,55000.0,True
H1,H1_A22,A22_SINGLE_PRIORITY_003,bundle_bytes,2163,55000.0,True
H1,H1_A22,A22_SINGLE_PRIORITY_004,canonical_bytes,2315,64350.0,True
H1,H1_A22,A22_SINGLE_PRIORITY_004,bundle_bytes,2315,64350.0,True
H1,H1_A22,A22_SINGLE_PRIORITY_005,canonical_bytes,2083,57300.0,True
H1,H1_A22,A22_SINGLE_PRIORITY_005,bundle_bytes,2083,57300.0,True
H1,H1_A22,A22_SINGLE_PRIORITY_006,canonical_bytes,2569,69000.0,True
H1,H1_A22,A22_SINGLE_PRIORITY_006,bundle_bytes,2569,69000.0,True
H1,H1_A22,A22_SINGLE_PRIORITY_007,canonical_bytes,2321,65150.0,True
H1,H1_A22,A22_SINGLE_PRIORITY_007,bundle_bytes,2321,65150.0,True
H1,H1_A22,A22_SINGLE_PRIORITY_008,canonical_bytes,2499,65150.0,True
H1,H1_A22,A22_SINGLE_PRIORITY_008,bundle_bytes,2499,65150.0,True
H1,H1_A22,A22_SINGLE_PRIORITY_009,canonical_bytes,1861,57500.0,True
H1,H1_A22,A22_SINGLE_PRIORITY_009,bundle_bytes,1861,57500.0,True
H1,H1_A22,A22_SINGLE_PRIORITY_010,canonical_bytes,2321,59700.0,True
H1,H1_A22,A22_SINGLE_PRIORITY_010,bundle_bytes,2321,59700.0,True
H1,H1_A22,A22_SINGLE_PRIORITY_011,canonical_bytes,3329,69950.0,True
H1,H1_A22,A22_SINGLE_PRIORITY_011,bundle_bytes,3329,69950.0,True
H1,H1_A22,A22_SINGLE_PRIORITY_012,canonical_bytes,2630,70050.0,True
H1,H1_A22,A22_SINGLE_PRIORITY_012,bundle_bytes,2630,70050.0,True
H1,H1_A22,A22_SINGLE_PRIORITY_013,canonical_bytes,1988,61000.0,True
H1,H1_A22,A22_SINGLE_PRIORITY_013,bundle_bytes,1988,61000.0,True
H1,H1_A22,A22_SINGLE_PRIORITY_014,canonical_bytes,2043,57600.0,True
H1,H1_A22,A22_SINGLE_PRIORITY_014,bundle_bytes,2043,57600.0,True
H1,H1_A22,A22_SINGLE_PRIORITY_015,canonical_bytes,2288,63800.0,True
H1,H1_A22,A22_SINGLE_PRIORITY_015,bundle_bytes,2288,63800.0,True
H1,H1_A22,A22_SINGLE_PRIORITY_016,canonical_bytes,2046,57850.0,True
H1,H1_A22,A22_SINGLE_PRIORITY_016,bundle_bytes,2046,57850.0,True
H1,H1_A22,A22_SINGLE_PRIORITY_017,canonical_bytes,2037,61050.0,True
H1,H1_A22,A22_SINGLE_PRIORITY_017,bundle_bytes,2037,61050.0,True
H1,H1_A22,A22_SINGLE_PRIORITY_018,canonical_bytes,2528,65700.0,True
H1,H1_A22,A22_SINGLE_PRIORITY_018,bundle_bytes,2528,65700.0,True
H1,H1_A22,A22_SINGLE_PRIORITY_019,canonical_bytes,1863,52700.0,True
H1,H1_A22,A22_SINGLE_PRIORITY_019,bundle_bytes,1863,52700.0,True
H1,H1_A22,A22_SINGLE_PRIORITY_020,canonical_bytes,1943,60750.0,True
H1,H1_A22,A22_SINGLE_PRIORITY_020,bundle_bytes,1943,60750.0,True
H1,H1_A26,aa5b4ee1688c71f1a3932cd7d9b629a08e31ef09728f3280c98c7636eecfb8d3,canonical_bytes,754924,20658700.0,True
H1,H1_A26,aa5b4ee1688c71f1a3932cd7d9b629a08e31ef09728f3280c98c7636eecfb8d3,bundle_bytes,754924,20658700.0,True
H1,H1_A26,aa5b4ee1688c71f1a3932cd7d9b629a08e31ef09728f3280c98c7636eecfb8d3,N_operations,150,20658700.0,True
H1,H1_A26,aa5b4ee1688c71f1a3932cd7d9b629a08e31ef09728f3280c98c7636eecfb8d3,N_modes,451,20658700.0,True
H1,H1_A26,aa5b4ee1688c71f1a3932cd7d9b629a08e31ef09728f3280c98c7636eecfb8d3,schedule_operation_count,150,20658700.0,True
H1,H1_A26,aad646b14392b632d658225dedb7d3953424ab9ab19ebafdc67bd9a7f02eb50b,canonical_bytes,782303,20832050.0,True
H1,H1_A26,aad646b14392b632d658225dedb7d3953424ab9ab19ebafdc67bd9a7f02eb50b,bundle_bytes,782303,20832050.0,True
H1,H1_A26,aad646b14392b632d658225dedb7d3953424ab9ab19ebafdc67bd9a7f02eb50b,N_operations,150,20832050.0,True
H1,H1_A26,aad646b14392b632d658225dedb7d3953424ab9ab19ebafdc67bd9a7f02eb50b,N_modes,490,20832050.0,True
H1,H1_A26,aad646b14392b632d658225dedb7d3953424ab9ab19ebafdc67bd9a7f02eb50b,schedule_operation_count,150,20832050.0,True
H1,H1_A26,abc8d6ba26b9728a25ebd17f4066aa5421f54fde1c1ef630cc33cb308c0fb8e5,canonical_bytes,373355,9545050.0,True
H1,H1_A26,abc8d6ba26b9728a25ebd17f4066aa5421f54fde1c1ef630cc33cb308c0fb8e5,bundle_bytes,373355,9545050.0,True
H1,H1_A26,abc8d6ba26b9728a25ebd17f4066aa5421f54fde1c1ef630cc33cb308c0fb8e5,N_operations,90,9545050.0,True
H1,H1_A26,abc8d6ba26b9728a25ebd17f4066aa5421f54fde1c1ef630cc33cb308c0fb8e5,N_modes,172,9545050.0,True
H1,H1_A26,abc8d6ba26b9728a25ebd17f4066aa5421f54fde1c1ef630cc33cb308c0fb8e5,schedule_operation_count,90,9545050.0,True
H1,H1_A26,b0f01f4c7ca822555039b9267d8985edbeb149abc0a710d6583cea634584f862,canonical_bytes,778599,20171250.0,True
H1,H1_A26,b0f01f4c7ca822555039b9267d8985edbeb149abc0a710d6583cea634584f862,bundle_bytes,778599,20171250.0,True
H1,H1_A26,b0f01f4c7ca822555039b9267d8985edbeb149abc0a710d6583cea634584f862,N_operations,150,20171250.0,True
H1,H1_A26,b0f01f4c7ca822555039b9267d8985edbeb149abc0a710d6583cea634584f862,N_modes,490,20171250.0,True
H1,H1_A26,b0f01f4c7ca822555039b9267d8985edbeb149abc0a710d6583cea634584f862,schedule_operation_count,150,20171250.0,True
H1,H1_A26,b31f9c5cbf923f188771558357941c1a7d6a71089f67793c620cf7034a070eb2,canonical_bytes,377436,9910400.0,True
H1,H1_A26,b31f9c5cbf923f188771558357941c1a7d6a71089f67793c620cf7034a070eb2,bundle_bytes,377436,9910400.0,True
H1,H1_A26,b31f9c5cbf923f188771558357941c1a7d6a71089f67793c620cf7034a070eb2,N_operations,90,9910400.0,True
H1,H1_A26,b31f9c5cbf923f188771558357941c1a7d6a71089f67793c620cf7034a070eb2,N_modes,172,9910400.0,True
H1,H1_A26,b31f9c5cbf923f188771558357941c1a7d6a71089f67793c620cf7034a070eb2,schedule_operation_count,90,9910400.0,True
H1,H1_A26,b5c400c27e6dbb1cc8466c5ce68e1530b6d984599f3c01c36496b49b586ff5e3,canonical_bytes,755038,20025850.0,True
H1,H1_A26,b5c400c27e6dbb1cc8466c5ce68e1530b6d984599f3c01c36496b49b586ff5e3,bundle_bytes,755038,20025850.0,True
H1,H1_A26,b5c400c27e6dbb1cc8466c5ce68e1530b6d984599f3c01c36496b49b586ff5e3,N_operations,150,20025850.0,True
H1,H1_A26,b5c400c27e6dbb1cc8466c5ce68e1530b6d984599f3c01c36496b49b586ff5e3,N_modes,451,20025850.0,True
H1,H1_A26,b5c400c27e6dbb1cc8466c5ce68e1530b6d984599f3c01c36496b49b586ff5e3,schedule_operation_count,150,20025850.0,True
H1,H1_A26,bb3f15222034bdf87b9be499b27f859fe778b781693fd54677f83bd7531f0680,canonical_bytes,376547,9698950.0,True
H1,H1_A26,bb3f15222034bdf87b9be499b27f859fe778b781693fd54677f83bd7531f0680,bundle_bytes,376547,9698950.0,True
H1,H1_A26,bb3f15222034bdf87b9be499b27f859fe778b781693fd54677f83bd7531f0680,N_operations,90,9698950.0,True
H1,H1_A26,bb3f15222034bdf87b9be499b27f859fe778b781693fd54677f83bd7531f0680,N_modes,172,9698950.0,True
H1,H1_A26,bb3f15222034bdf87b9be499b27f859fe778b781693fd54677f83bd7531f0680,schedule_operation_count,90,9698950.0,True
H1,H1_A26,ce18361670bfbcde2f3ff22167187aecef9164dedbf1198bc7563c147804780e,canonical_bytes,755123,19541950.0,True
H1,H1_A26,ce18361670bfbcde2f3ff22167187aecef9164dedbf1198bc7563c147804780e,bundle_bytes,755123,19541950.0,True
H1,H1_A26,ce18361670bfbcde2f3ff22167187aecef9164dedbf1198bc7563c147804780e,N_operations,150,19541950.0,True
H1,H1_A26,ce18361670bfbcde2f3ff22167187aecef9164dedbf1198bc7563c147804780e,N_modes,451,19541950.0,True
H1,H1_A26,ce18361670bfbcde2f3ff22167187aecef9164dedbf1198bc7563c147804780e,schedule_operation_count,150,19541950.0,True
H1,H1_A26,ceae66508816dc9f5458c925c89f155658e6c78710a8753d337ac385481cc1bf,canonical_bytes,754947,19891950.0,True
H1,H1_A26,ceae66508816dc9f5458c925c89f155658e6c78710a8753d337ac385481cc1bf,bundle_bytes,754947,19891950.0,True
H1,H1_A26,ceae66508816dc9f5458c925c89f155658e6c78710a8753d337ac385481cc1bf,N_operations,150,19891950.0,True
H1,H1_A26,ceae66508816dc9f5458c925c89f155658e6c78710a8753d337ac385481cc1bf,N_modes,451,19891950.0,True
H1,H1_A26,ceae66508816dc9f5458c925c89f155658e6c78710a8753d337ac385481cc1bf,schedule_operation_count,150,19891950.0,True
H1,H1_A26,d093d52f24139c1b6fb09b775beedd000f1a7b3716df906d7d36e91e7e848265,canonical_bytes,758647,20104800.0,True
H1,H1_A26,d093d52f24139c1b6fb09b775beedd000f1a7b3716df906d7d36e91e7e848265,bundle_bytes,758647,20104800.0,True
H1,H1_A26,d093d52f24139c1b6fb09b775beedd000f1a7b3716df906d7d36e91e7e848265,N_operations,150,20104800.0,True
H1,H1_A26,d093d52f24139c1b6fb09b775beedd000f1a7b3716df906d7d36e91e7e848265,N_modes,451,20104800.0,True
H1,H1_A26,d093d52f24139c1b6fb09b775beedd000f1a7b3716df906d7d36e91e7e848265,schedule_operation_count,150,20104800.0,True
H1,H1_A26,d4b957654a5efd71168d6f7e67936e6abf4666ceb41e7919635002157b125411,canonical_bytes,369648,9717450.0,True
H1,H1_A26,d4b957654a5efd71168d6f7e67936e6abf4666ceb41e7919635002157b125411,bundle_bytes,369648,9717450.0,True
H1,H1_A26,d4b957654a5efd71168d6f7e67936e6abf4666ceb41e7919635002157b125411,N_operations,90,9717450.0,True
H1,H1_A26,d4b957654a5efd71168d6f7e67936e6abf4666ceb41e7919635002157b125411,N_modes,172,9717450.0,True
H1,H1_A26,d4b957654a5efd71168d6f7e67936e6abf4666ceb41e7919635002157b125411,schedule_operation_count,90,9717450.0,True
H1,H1_A26,d598e89b357205c7b4bd47c5ebbe933f8be1f7c8dcdee85e66ec6829cafb91d3,canonical_bytes,366660,9469800.0,True
H1,H1_A26,d598e89b357205c7b4bd47c5ebbe933f8be1f7c8dcdee85e66ec6829cafb91d3,bundle_bytes,366660,9469800.0,True
H1,H1_A26,d598e89b357205c7b4bd47c5ebbe933f8be1f7c8dcdee85e66ec6829cafb91d3,N_operations,90,9469800.0,True
H1,H1_A26,d598e89b357205c7b4bd47c5ebbe933f8be1f7c8dcdee85e66ec6829cafb91d3,N_modes,172,9469800.0,True
H1,H1_A26,d598e89b357205c7b4bd47c5ebbe933f8be1f7c8dcdee85e66ec6829cafb91d3,schedule_operation_count,90,9469800.0,True
H1,H1_A26,eb3670bbe434a59cc94347384a5d50fb526d26a00dbf6da73e54438c4bacc2a0,canonical_bytes,371712,9715850.0,True
H1,H1_A26,eb3670bbe434a59cc94347384a5d50fb526d26a00dbf6da73e54438c4bacc2a0,bundle_bytes,371712,9715850.0,True
H1,H1_A26,eb3670bbe434a59cc94347384a5d50fb526d26a00dbf6da73e54438c4bacc2a0,N_operations,90,9715850.0,True
H1,H1_A26,eb3670bbe434a59cc94347384a5d50fb526d26a00dbf6da73e54438c4bacc2a0,N_modes,172,9715850.0,True
H1,H1_A26,eb3670bbe434a59cc94347384a5d50fb526d26a00dbf6da73e54438c4bacc2a0,schedule_operation_count,90,9715850.0,True
H1,H1_A26,f1e5fc58ea336e13c098308a2da00dee7de3dd3aa08d6170df4a3cb1afd09795,canonical_bytes,755658,20031300.0,True
H1,H1_A26,f1e5fc58ea336e13c098308a2da00dee7de3dd3aa08d6170df4a3cb1afd09795,bundle_bytes,755658,20031300.0,True
H1,H1_A26,f1e5fc58ea336e13c098308a2da00dee7de3dd3aa08d6170df4a3cb1afd09795,N_operations,150,20031300.0,True
H1,H1_A26,f1e5fc58ea336e13c098308a2da00dee7de3dd3aa08d6170df4a3cb1afd09795,N_modes,451,20031300.0,True
H1,H1_A26,f1e5fc58ea336e13c098308a2da00dee7de3dd3aa08d6170df4a3cb1afd09795,schedule_operation_count,150,20031300.0,True
H1,H1_A26,f583baa2dad1527b5f84f71805410ee51b78fce2b1be62de49f1636c06821c7b,canonical_bytes,758750,20455000.0,True
H1,H1_A26,f583baa2dad1527b5f84f71805410ee51b78fce2b1be62de49f1636c06821c7b,bundle_bytes,758750,20455000.0,True
H1,H1_A26,f583baa2dad1527b5f84f71805410ee51b78fce2b1be62de49f1636c06821c7b,N_operations,150,20455000.0,True
H1,H1_A26,f583baa2dad1527b5f84f71805410ee51b78fce2b1be62de49f1636c06821c7b,N_modes,451,20455000.0,True
H1,H1_A26,f583baa2dad1527b5f84f71805410ee51b78fce2b1be62de49f1636c06821c7b,schedule_operation_count,150,20455000.0,True
H1,H1_A26,f64f55ad9277004ae441909cd6556d26eeaf73d3eb3c537384be703615149f96,canonical_bytes,371715,9661300.0,True
H1,H1_A26,f64f55ad9277004ae441909cd6556d26eeaf73d3eb3c537384be703615149f96,bundle_bytes,371715,9661300.0,True
H1,H1_A26,f64f55ad9277004ae441909cd6556d26eeaf73d3eb3c537384be703615149f96,N_operations,90,9661300.0,True
H1,H1_A26,f64f55ad9277004ae441909cd6556d26eeaf73d3eb3c537384be703615149f96,N_modes,172,9661300.0,True
H1,H1_A26,f64f55ad9277004ae441909cd6556d26eeaf73d3eb3c537384be703615149f96,schedule_operation_count,90,9661300.0,True
H1,H1_A26,f80e8a50e0815fda9eef8635e52671f3888786c4daef5767b8da7b74e4311646,canonical_bytes,780287,20955100.0,True
H1,H1_A26,f80e8a50e0815fda9eef8635e52671f3888786c4daef5767b8da7b74e4311646,bundle_bytes,780287,20955100.0,True
H1,H1_A26,f80e8a50e0815fda9eef8635e52671f3888786c4daef5767b8da7b74e4311646,N_operations,150,20955100.0,True
H1,H1_A26,f80e8a50e0815fda9eef8635e52671f3888786c4daef5767b8da7b74e4311646,N_modes,490,20955100.0,True
H1,H1_A26,f80e8a50e0815fda9eef8635e52671f3888786c4daef5767b8da7b74e4311646,schedule_operation_count,150,20955100.0,True
H1,H1_A26,f9ade00b139ce33674b05d1766de3ec85779abfd83f893a7b2437817100901d9,canonical_bytes,369294,9311350.0,True
H1,H1_A26,f9ade00b139ce33674b05d1766de3ec85779abfd83f893a7b2437817100901d9,bundle_bytes,369294,9311350.0,True
H1,H1_A26,f9ade00b139ce33674b05d1766de3ec85779abfd83f893a7b2437817100901d9,N_operations,90,9311350.0,True
H1,H1_A26,f9ade00b139ce33674b05d1766de3ec85779abfd83f893a7b2437817100901d9,N_modes,172,9311350.0,True
H1,H1_A26,f9ade00b139ce33674b05d1766de3ec85779abfd83f893a7b2437817100901d9,schedule_operation_count,90,9311350.0,True
H1,H1_A26,feb26c8ce25b99d6b090e07fca86c8e2dbf3ff2d6b891634c4c71b179329ab47,canonical_bytes,377302,9752650.0,True
H1,H1_A26,feb26c8ce25b99d6b090e07fca86c8e2dbf3ff2d6b891634c4c71b179329ab47,bundle_bytes,377302,9752650.0,True
H1,H1_A26,feb26c8ce25b99d6b090e07fca86c8e2dbf3ff2d6b891634c4c71b179329ab47,N_operations,90,9752650.0,True
H1,H1_A26,feb26c8ce25b99d6b090e07fca86c8e2dbf3ff2d6b891634c4c71b179329ab47,N_modes,172,9752650.0,True
H1,H1_A26,feb26c8ce25b99d6b090e07fca86c8e2dbf3ff2d6b891634c4c71b179329ab47,schedule_operation_count,90,9752650.0,True
H2,H2_expected_reject,A22_ATTACK_PURE_001,canonical_bytes,55,5600.0,True
H2,H2_expected_reject,A22_ATTACK_PURE_001,bundle_bytes,2292,5600.0,True
H2,H2_expected_reject,A22_ATTACK_PURE_002,canonical_bytes,55,5400.0,True
H2,H2_expected_reject,A22_ATTACK_PURE_002,bundle_bytes,1999,5400.0,True
H2,H2_expected_reject,A22_ATTACK_PURE_003,canonical_bytes,55,5500.0,True
H2,H2_expected_reject,A22_ATTACK_PURE_003,bundle_bytes,2158,5500.0,True
H2,H2_expected_reject,A22_ATTACK_PURE_004,canonical_bytes,55,4800.0,True
H2,H2_expected_reject,A22_ATTACK_PURE_004,bundle_bytes,2018,4800.0,True
H2,H2_expected_reject,A22_ATTACK_PURE_005,canonical_bytes,55,5450.0,True
H2,H2_expected_reject,A22_ATTACK_PURE_005,bundle_bytes,2827,5450.0,True
H2,H2_expected_reject,A22_ATTACK_PURE_006,canonical_bytes,55,6150.0,True
H2,H2_expected_reject,A22_ATTACK_PURE_006,bundle_bytes,1938,6150.0,True
H2,H2_expected_reject,A22_ATTACK_PURE_007,canonical_bytes,55,5500.0,True
H2,H2_expected_reject,A22_ATTACK_PURE_007,bundle_bytes,2284,5500.0,True
H2,H2_expected_reject,A22_ATTACK_PURE_008,canonical_bytes,55,5150.0,True
H2,H2_expected_reject,A22_ATTACK_PURE_008,bundle_bytes,2304,5150.0,True
H2,H2_expected_reject,A22_ATTACK_PURE_009,canonical_bytes,55,5250.0,True
H2,H2_expected_reject,A22_ATTACK_PURE_009,bundle_bytes,2076,5250.0,True
H2,H2_expected_reject,A22_ATTACK_PURE_010,canonical_bytes,55,5500.0,True
H2,H2_expected_reject,A22_ATTACK_PURE_010,bundle_bytes,2126,5500.0,True
H2,H2_expected_reject,A22_ATTACK_PURE_011,canonical_bytes,55,5700.0,True
H2,H2_expected_reject,A22_ATTACK_PURE_011,bundle_bytes,2067,5700.0,True
H2,H2_expected_reject,A22_ATTACK_PURE_012,canonical_bytes,55,5200.0,True
H2,H2_expected_reject,A22_ATTACK_PURE_012,bundle_bytes,2033,5200.0,True
H2,H2_expected_reject,A22_ATTACK_PURE_013,canonical_bytes,55,4050.0,True
H2,H2_expected_reject,A22_ATTACK_PURE_013,bundle_bytes,2384,4050.0,True
H2,H2_expected_reject,A22_ATTACK_PURE_014,canonical_bytes,55,5450.0,True
H2,H2_expected_reject,A22_ATTACK_PURE_014,bundle_bytes,2217,5450.0,True
H2,H2_expected_reject,A22_ATTACK_PURE_015,canonical_bytes,55,5400.0,True
H2,H2_expected_reject,A22_ATTACK_PURE_015,bundle_bytes,1819,5400.0,True
H2,H2_expected_reject,A22_ATTACK_PURE_016,canonical_bytes,55,5650.0,True
H2,H2_expected_reject,A22_ATTACK_PURE_016,bundle_bytes,2490,5650.0,True
H2,H2_expected_reject,A22_ATTACK_PURE_017,canonical_bytes,55,5100.0,True
H2,H2_expected_reject,A22_ATTACK_PURE_017,bundle_bytes,2455,5100.0,True
H2,H2_expected_reject,A22_ATTACK_PURE_018,canonical_bytes,55,5650.0,True
H2,H2_expected_reject,A22_ATTACK_PURE_018,bundle_bytes,2099,5650.0,True
H2,H2_expected_reject,A22_ATTACK_PURE_019,canonical_bytes,55,4950.0,True
H2,H2_expected_reject,A22_ATTACK_PURE_019,bundle_bytes,2142,4950.0,True
H2,H2_expected_reject,A22_ATTACK_PURE_020,canonical_bytes,55,5600.0,True
H2,H2_expected_reject,A22_ATTACK_PURE_020,bundle_bytes,2004,5600.0,True
H2,H2_expected_accept,A22_ATTACK_UNDERLYING_001,canonical_bytes,94,11800.0,True
H2,H2_expected_accept,A22_ATTACK_UNDERLYING_001,bundle_bytes,2465,11800.0,True
H2,H2_expected_accept,A22_ATTACK_UNDERLYING_002,canonical_bytes,131,13400.0,True
H2,H2_expected_accept,A22_ATTACK_UNDERLYING_002,bundle_bytes,7928,13400.0,True
H2,H2_expected_accept,A22_ATTACK_UNDERLYING_003,canonical_bytes,94,11900.0,True
H2,H2_expected_accept,A22_ATTACK_UNDERLYING_003,bundle_bytes,3252,11900.0,True
H2,H2_expected_accept,A22_ATTACK_UNDERLYING_004,canonical_bytes,132,9700.0,True
H2,H2_expected_accept,A22_ATTACK_UNDERLYING_004,bundle_bytes,5092,9700.0,True
H2,H2_expected_accept,A22_ATTACK_UNDERLYING_005,canonical_bytes,94,11900.0,True
H2,H2_expected_accept,A22_ATTACK_UNDERLYING_005,bundle_bytes,3023,11900.0,True
H2,H2_expected_accept,A22_ATTACK_UNDERLYING_006,canonical_bytes,134,9950.0,True
H2,H2_expected_accept,A22_ATTACK_UNDERLYING_006,bundle_bytes,3937,9950.0,True
H2,H2_expected_accept,A22_ATTACK_UNDERLYING_007,canonical_bytes,94,11550.0,True
H2,H2_expected_accept,A22_ATTACK_UNDERLYING_007,bundle_bytes,2524,11550.0,True
H2,H2_expected_accept,A22_ATTACK_UNDERLYING_008,canonical_bytes,131,12750.0,True
H2,H2_expected_accept,A22_ATTACK_UNDERLYING_008,bundle_bytes,3244,12750.0,True
H2,H2_expected_accept,A22_ATTACK_UNDERLYING_009,canonical_bytes,94,12200.0,True
H2,H2_expected_accept,A22_ATTACK_UNDERLYING_009,bundle_bytes,2170,12200.0,True
H2,H2_expected_accept,A22_ATTACK_UNDERLYING_010,canonical_bytes,132,10600.0,True
H2,H2_expected_accept,A22_ATTACK_UNDERLYING_010,bundle_bytes,7153,10600.0,True
H2,H2_expected_accept,A22_ATTACK_UNDERLYING_011,canonical_bytes,94,12050.0,True
H2,H2_expected_accept,A22_ATTACK_UNDERLYING_011,bundle_bytes,2416,12050.0,True
H2,H2_expected_accept,A22_ATTACK_UNDERLYING_012,canonical_bytes,134,13200.0,True
H2,H2_expected_accept,A22_ATTACK_UNDERLYING_012,bundle_bytes,12345,13200.0,True
H2,H2_expected_accept,A22_ATTACK_UNDERLYING_013,canonical_bytes,94,9600.0,True
H2,H2_expected_accept,A22_ATTACK_UNDERLYING_013,bundle_bytes,3005,9600.0,True
H2,H2_expected_accept,A22_ATTACK_UNDERLYING_014,canonical_bytes,131,10300.0,True
H2,H2_expected_accept,A22_ATTACK_UNDERLYING_014,bundle_bytes,3062,10300.0,True
H2,H2_expected_accept,A22_ATTACK_UNDERLYING_015,canonical_bytes,94,12100.0,True
H2,H2_expected_accept,A22_ATTACK_UNDERLYING_015,bundle_bytes,2654,12100.0,True
H2,H2_expected_accept,A22_ATTACK_UNDERLYING_016,canonical_bytes,132,10050.0,True
H2,H2_expected_accept,A22_ATTACK_UNDERLYING_016,bundle_bytes,3419,10050.0,True
H2,H2_expected_accept,A22_ATTACK_UNDERLYING_017,canonical_bytes,94,12300.0,True
H2,H2_expected_accept,A22_ATTACK_UNDERLYING_017,bundle_bytes,2272,12300.0,True
H2,H2_expected_accept,A22_ATTACK_UNDERLYING_018,canonical_bytes,134,12350.0,True
H2,H2_expected_accept,A22_ATTACK_UNDERLYING_018,bundle_bytes,12015,12350.0,True
H2,H2_expected_accept,A22_ATTACK_UNDERLYING_019,canonical_bytes,94,12150.0,True
H2,H2_expected_accept,A22_ATTACK_UNDERLYING_019,bundle_bytes,2317,12150.0,True
H2,H2_expected_accept,A22_ATTACK_UNDERLYING_020,canonical_bytes,131,12450.0,True
H2,H2_expected_accept,A22_ATTACK_UNDERLYING_020,bundle_bytes,10083,12450.0,True
H2,H2_expected_accept,A22_COMPOSITE_NEW_ORDER_001,canonical_bytes,139,13900.0,True
H2,H2_expected_accept,A22_COMPOSITE_NEW_ORDER_001,bundle_bytes,3085,13900.0,True
H2,H2_expected_accept,A22_COMPOSITE_NEW_ORDER_002,canonical_bytes,139,14250.0,True
H2,H2_expected_accept,A22_COMPOSITE_NEW_ORDER_002,bundle_bytes,4519,14250.0,True
H2,H2_expected_accept,A22_COMPOSITE_NEW_ORDER_003,canonical_bytes,139,13300.0,True
H2,H2_expected_accept,A22_COMPOSITE_NEW_ORDER_003,bundle_bytes,2044,13300.0,True
H2,H2_expected_accept,A22_COMPOSITE_NEW_ORDER_004,canonical_bytes,139,10850.0,True
H2,H2_expected_accept,A22_COMPOSITE_NEW_ORDER_004,bundle_bytes,3098,10850.0,True
H2,H2_expected_accept,A22_COMPOSITE_NEW_ORDER_005,canonical_bytes,139,11050.0,True
H2,H2_expected_accept,A22_COMPOSITE_NEW_ORDER_005,bundle_bytes,2532,11050.0,True
H2,H2_expected_accept,A22_COMPOSITE_NEW_ORDER_006,canonical_bytes,139,11200.0,True
H2,H2_expected_accept,A22_COMPOSITE_NEW_ORDER_006,bundle_bytes,2130,11200.0,True
H2,H2_expected_accept,A22_COMPOSITE_NEW_ORDER_007,canonical_bytes,140,13100.0,True
H2,H2_expected_accept,A22_COMPOSITE_NEW_ORDER_007,bundle_bytes,7225,13100.0,True
H2,H2_expected_accept,A22_COMPOSITE_NEW_ORDER_008,canonical_bytes,139,12700.0,True
H2,H2_expected_accept,A22_COMPOSITE_NEW_ORDER_008,bundle_bytes,2241,12700.0,True
H2,H2_expected_accept,A22_COMPOSITE_NEW_ORDER_009,canonical_bytes,139,12700.0,True
H2,H2_expected_accept,A22_COMPOSITE_NEW_ORDER_009,bundle_bytes,2320,12700.0,True
H2,H2_expected_accept,A22_COMPOSITE_NEW_ORDER_010,canonical_bytes,139,13650.0,True
H2,H2_expected_accept,A22_COMPOSITE_NEW_ORDER_010,bundle_bytes,2186,13650.0,True
H2,H2_expected_accept,A22_COMPOSITE_NEW_ORDER_011,canonical_bytes,139,12300.0,True
H2,H2_expected_accept,A22_COMPOSITE_NEW_ORDER_011,bundle_bytes,2435,12300.0,True
H2,H2_expected_accept,A22_COMPOSITE_NEW_ORDER_012,canonical_bytes,139,13300.0,True
H2,H2_expected_accept,A22_COMPOSITE_NEW_ORDER_012,bundle_bytes,2730,13300.0,True
H2,H2_expected_accept,A22_COMPOSITE_NEW_ORDER_013,canonical_bytes,139,12900.0,True
H2,H2_expected_accept,A22_COMPOSITE_NEW_ORDER_013,bundle_bytes,2411,12900.0,True
H2,H2_expected_accept,A22_COMPOSITE_NEW_ORDER_014,canonical_bytes,140,12250.0,True
H2,H2_expected_accept,A22_COMPOSITE_NEW_ORDER_014,bundle_bytes,2342,12250.0,True
H2,H2_expected_accept,A22_COMPOSITE_NEW_ORDER_015,canonical_bytes,139,13100.0,True
H2,H2_expected_accept,A22_COMPOSITE_NEW_ORDER_015,bundle_bytes,2185,13100.0,True
H2,H2_expected_accept,A22_COMPOSITE_NEW_ORDER_016,canonical_bytes,139,12400.0,True
H2,H2_expected_accept,A22_COMPOSITE_NEW_ORDER_016,bundle_bytes,2569,12400.0,True
H2,H2_expected_accept,A22_COMPOSITE_NEW_ORDER_017,canonical_bytes,139,14300.0,True
H2,H2_expected_accept,A22_COMPOSITE_NEW_ORDER_017,bundle_bytes,3696,14300.0,True
H2,H2_expected_accept,A22_COMPOSITE_NEW_ORDER_018,canonical_bytes,139,11050.0,True
H2,H2_expected_accept,A22_COMPOSITE_NEW_ORDER_018,bundle_bytes,2129,11050.0,True
H2,H2_expected_accept,A22_COMPOSITE_NEW_ORDER_019,canonical_bytes,139,12400.0,True
H2,H2_expected_accept,A22_COMPOSITE_NEW_ORDER_019,bundle_bytes,2623,12400.0,True
H2,H2_expected_accept,A22_COMPOSITE_NEW_ORDER_020,canonical_bytes,139,12550.0,True
H2,H2_expected_accept,A22_COMPOSITE_NEW_ORDER_020,bundle_bytes,2301,12550.0,True
H2,H2_expected_accept,A22_COMPOSITE_PRIORITY_DUE_001,canonical_bytes,109,10250.0,True
H2,H2_expected_accept,A22_COMPOSITE_PRIORITY_DUE_001,bundle_bytes,2389,10250.0,True
H2,H2_expected_accept,A22_COMPOSITE_PRIORITY_DUE_002,canonical_bytes,109,11950.0,True
H2,H2_expected_accept,A22_COMPOSITE_PRIORITY_DUE_002,bundle_bytes,2213,11950.0,True
H2,H2_expected_accept,A22_COMPOSITE_PRIORITY_DUE_003,canonical_bytes,109,12800.0,True
H2,H2_expected_accept,A22_COMPOSITE_PRIORITY_DUE_003,bundle_bytes,2225,12800.0,True
H2,H2_expected_accept,A22_COMPOSITE_PRIORITY_DUE_004,canonical_bytes,109,12400.0,True
H2,H2_expected_accept,A22_COMPOSITE_PRIORITY_DUE_004,bundle_bytes,2687,12400.0,True
H2,H2_expected_accept,A22_COMPOSITE_PRIORITY_DUE_005,canonical_bytes,109,10650.0,True
H2,H2_expected_accept,A22_COMPOSITE_PRIORITY_DUE_005,bundle_bytes,3067,10650.0,True
H2,H2_expected_accept,A22_COMPOSITE_PRIORITY_DUE_006,canonical_bytes,110,12650.0,True
H2,H2_expected_accept,A22_COMPOSITE_PRIORITY_DUE_006,bundle_bytes,2100,12650.0,True
H2,H2_expected_accept,A22_COMPOSITE_PRIORITY_DUE_007,canonical_bytes,109,12950.0,True
H2,H2_expected_accept,A22_COMPOSITE_PRIORITY_DUE_007,bundle_bytes,2412,12950.0,True
H2,H2_expected_accept,A22_COMPOSITE_PRIORITY_DUE_008,canonical_bytes,109,10250.0,True
H2,H2_expected_accept,A22_COMPOSITE_PRIORITY_DUE_008,bundle_bytes,3847,10250.0,True
H2,H2_expected_accept,A22_COMPOSITE_PRIORITY_DUE_009,canonical_bytes,109,12800.0,True
H2,H2_expected_accept,A22_COMPOSITE_PRIORITY_DUE_009,bundle_bytes,3231,12800.0,True
H2,H2_expected_accept,A22_COMPOSITE_PRIORITY_DUE_010,canonical_bytes,109,13050.0,True
H2,H2_expected_accept,A22_COMPOSITE_PRIORITY_DUE_010,bundle_bytes,4364,13050.0,True
H2,H2_expected_accept,A22_COMPOSITE_PRIORITY_DUE_011,canonical_bytes,109,13200.0,True
H2,H2_expected_accept,A22_COMPOSITE_PRIORITY_DUE_011,bundle_bytes,2652,13200.0,True
H2,H2_expected_accept,A22_COMPOSITE_PRIORITY_DUE_012,canonical_bytes,110,13500.0,True
H2,H2_expected_accept,A22_COMPOSITE_PRIORITY_DUE_012,bundle_bytes,4625,13500.0,True
H2,H2_expected_accept,A22_COMPOSITE_PRIORITY_DUE_013,canonical_bytes,109,11950.0,True
H2,H2_expected_accept,A22_COMPOSITE_PRIORITY_DUE_013,bundle_bytes,2766,11950.0,True
H2,H2_expected_accept,A22_COMPOSITE_PRIORITY_DUE_014,canonical_bytes,109,12550.0,True
H2,H2_expected_accept,A22_COMPOSITE_PRIORITY_DUE_014,bundle_bytes,3367,12550.0,True
H2,H2_expected_accept,A22_COMPOSITE_PRIORITY_DUE_015,canonical_bytes,109,10800.0,True
H2,H2_expected_accept,A22_COMPOSITE_PRIORITY_DUE_015,bundle_bytes,2696,10800.0,True
H2,H2_expected_accept,A22_COMPOSITE_PRIORITY_DUE_016,canonical_bytes,109,11900.0,True
H2,H2_expected_accept,A22_COMPOSITE_PRIORITY_DUE_016,bundle_bytes,2090,11900.0,True
H2,H2_expected_accept,A22_COMPOSITE_PRIORITY_DUE_017,canonical_bytes,109,9800.0,True
H2,H2_expected_accept,A22_COMPOSITE_PRIORITY_DUE_017,bundle_bytes,2322,9800.0,True
H2,H2_expected_accept,A22_COMPOSITE_PRIORITY_DUE_018,canonical_bytes,110,11450.0,True
H2,H2_expected_accept,A22_COMPOSITE_PRIORITY_DUE_018,bundle_bytes,2659,11450.0,True
H2,H2_expected_accept,A22_COMPOSITE_PRIORITY_DUE_019,canonical_bytes,109,12500.0,True
H2,H2_expected_accept,A22_COMPOSITE_PRIORITY_DUE_019,bundle_bytes,4880,12500.0,True
H2,H2_expected_accept,A22_COMPOSITE_PRIORITY_DUE_020,canonical_bytes,109,13050.0,True
H2,H2_expected_accept,A22_COMPOSITE_PRIORITY_DUE_020,bundle_bytes,4742,13050.0,True
H2,H2_expected_reject,A22_INVALID_INTERVAL_001,canonical_bytes,131,15450.0,True
H2,H2_expected_reject,A22_INVALID_INTERVAL_001,bundle_bytes,12962,15450.0,True
H2,H2_expected_reject,A22_INVALID_INTERVAL_002,canonical_bytes,131,14800.0,True
H2,H2_expected_reject,A22_INVALID_INTERVAL_002,bundle_bytes,4273,14800.0,True
H2,H2_expected_reject,A22_INVALID_INTERVAL_003,canonical_bytes,132,15800.0,True
H2,H2_expected_reject,A22_INVALID_INTERVAL_003,bundle_bytes,11324,15800.0,True
H2,H2_expected_reject,A22_INVALID_INTERVAL_004,canonical_bytes,132,15500.0,True
H2,H2_expected_reject,A22_INVALID_INTERVAL_004,bundle_bytes,6881,15500.0,True
H2,H2_expected_reject,A22_INVALID_INTERVAL_005,canonical_bytes,132,14000.0,True
H2,H2_expected_reject,A22_INVALID_INTERVAL_005,bundle_bytes,4575,14000.0,True
H2,H2_expected_reject,A22_INVALID_INTERVAL_006,canonical_bytes,134,13200.0,True
H2,H2_expected_reject,A22_INVALID_INTERVAL_006,bundle_bytes,19307,13200.0,True
H2,H2_expected_reject,A22_INVALID_INTERVAL_007,canonical_bytes,131,12400.0,True
H2,H2_expected_reject,A22_INVALID_INTERVAL_007,bundle_bytes,2894,12400.0,True
H2,H2_expected_reject,A22_INVALID_INTERVAL_008,canonical_bytes,131,12600.0,True
H2,H2_expected_reject,A22_INVALID_INTERVAL_008,bundle_bytes,6672,12600.0,True
H2,H2_expected_reject,A22_INVALID_MISSING_EFFECTIVE_001,canonical_bytes,131,12650.0,True
H2,H2_expected_reject,A22_INVALID_MISSING_EFFECTIVE_001,bundle_bytes,20966,12650.0,True
H2,H2_expected_reject,A22_INVALID_MISSING_EFFECTIVE_002,canonical_bytes,55,6150.0,True
H2,H2_expected_reject,A22_INVALID_MISSING_EFFECTIVE_002,bundle_bytes,7113,6150.0,True
H2,H2_expected_reject,A22_INVALID_MISSING_EFFECTIVE_003,canonical_bytes,55,5550.0,True
H2,H2_expected_reject,A22_INVALID_MISSING_EFFECTIVE_003,bundle_bytes,16812,5550.0,True
H2,H2_expected_reject,A22_INVALID_MISSING_EFFECTIVE_004,canonical_bytes,132,12100.0,True
H2,H2_expected_reject,A22_INVALID_MISSING_EFFECTIVE_004,bundle_bytes,3697,12100.0,True
H2,H2_expected_reject,A22_INVALID_MISSING_EFFECTIVE_005,canonical_bytes,132,10100.0,True
H2,H2_expected_reject,A22_INVALID_MISSING_EFFECTIVE_005,bundle_bytes,13682,10100.0,True
H2,H2_expected_reject,A22_INVALID_MISSING_EFFECTIVE_006,canonical_bytes,55,5350.0,True
H2,H2_expected_reject,A22_INVALID_MISSING_EFFECTIVE_006,bundle_bytes,5058,5350.0,True
H2,H2_expected_reject,A22_INVALID_MISSING_EFFECTIVE_007,canonical_bytes,55,4800.0,True
H2,H2_expected_reject,A22_INVALID_MISSING_EFFECTIVE_007,bundle_bytes,6816,4800.0,True
H2,H2_expected_reject,A22_INVALID_MISSING_EFFECTIVE_008,canonical_bytes,131,12450.0,True
H2,H2_expected_reject,A22_INVALID_MISSING_EFFECTIVE_008,bundle_bytes,3913,12450.0,True
H2,H2_expected_reject,A22_INVALID_UNKNOWN_MACHINE_001,canonical_bytes,142,14300.0,True
H2,H2_expected_reject,A22_INVALID_UNKNOWN_MACHINE_001,bundle_bytes,4020,14300.0,True
H2,H2_expected_reject,A22_INVALID_UNKNOWN_MACHINE_002,canonical_bytes,142,14300.0,True
H2,H2_expected_reject,A22_INVALID_UNKNOWN_MACHINE_002,bundle_bytes,2198,14300.0,True
H2,H2_expected_reject,A22_INVALID_UNKNOWN_MACHINE_003,canonical_bytes,142,13050.0,True
H2,H2_expected_reject,A22_INVALID_UNKNOWN_MACHINE_003,bundle_bytes,2944,13050.0,True
H2,H2_expected_reject,A22_INVALID_UNKNOWN_MACHINE_004,canonical_bytes,142,13750.0,True
H2,H2_expected_reject,A22_INVALID_UNKNOWN_MACHINE_004,bundle_bytes,2222,13750.0,True
H2,H2_expected_reject,A22_INVALID_UNKNOWN_MACHINE_005,canonical_bytes,142,14500.0,True
H2,H2_expected_reject,A22_INVALID_UNKNOWN_MACHINE_005,bundle_bytes,2521,14500.0,True
H2,H2_expected_reject,A22_INVALID_UNKNOWN_MACHINE_006,canonical_bytes,142,14800.0,True
H2,H2_expected_reject,A22_INVALID_UNKNOWN_MACHINE_006,bundle_bytes,2297,14800.0,True
H2,H2_expected_reject,A22_INVALID_UNKNOWN_MACHINE_007,canonical_bytes,142,13850.0,True
H2,H2_expected_reject,A22_INVALID_UNKNOWN_MACHINE_007,bundle_bytes,2459,13850.0,True
H2,H2_expected_reject,A22_INVALID_UNKNOWN_MACHINE_008,canonical_bytes,142,14700.0,True
H2,H2_expected_reject,A22_INVALID_UNKNOWN_MACHINE_008,bundle_bytes,3297,14700.0,True
H2,H2_expected_reject,A22_INVALID_UNKNOWN_ORDER_001,canonical_bytes,101,15200.0,True
H2,H2_expected_reject,A22_INVALID_UNKNOWN_ORDER_001,bundle_bytes,4063,15200.0,True
H2,H2_expected_reject,A22_INVALID_UNKNOWN_ORDER_002,canonical_bytes,101,14250.0,True
H2,H2_expected_reject,A22_INVALID_UNKNOWN_ORDER_002,bundle_bytes,3149,14250.0,True
H2,H2_expected_reject,A22_INVALID_UNKNOWN_ORDER_003,canonical_bytes,101,15700.0,True
H2,H2_expected_reject,A22_INVALID_UNKNOWN_ORDER_003,bundle_bytes,3011,15700.0,True
H2,H2_expected_reject,A22_INVALID_UNKNOWN_ORDER_004,canonical_bytes,101,12350.0,True
H2,H2_expected_reject,A22_INVALID_UNKNOWN_ORDER_004,bundle_bytes,2844,12350.0,True
H2,H2_expected_reject,A22_INVALID_UNKNOWN_ORDER_005,canonical_bytes,101,14300.0,True
H2,H2_expected_reject,A22_INVALID_UNKNOWN_ORDER_005,bundle_bytes,3538,14300.0,True
H2,H2_expected_reject,A22_INVALID_UNKNOWN_ORDER_006,canonical_bytes,101,13900.0,True
H2,H2_expected_reject,A22_INVALID_UNKNOWN_ORDER_006,bundle_bytes,3308,13900.0,True
H2,H2_expected_reject,A22_INVALID_UNKNOWN_ORDER_007,canonical_bytes,101,13750.0,True
H2,H2_expected_reject,A22_INVALID_UNKNOWN_ORDER_007,bundle_bytes,3838,13750.0,True
H2,H2_expected_reject,A22_INVALID_UNKNOWN_ORDER_008,canonical_bytes,101,15950.0,True
H2,H2_expected_reject,A22_INVALID_UNKNOWN_ORDER_008,bundle_bytes,2762,15950.0,True
H2,H2_expected_reject,A22_INVALID_UNSUPPORTED_001,canonical_bytes,55,4400.0,True
H2,H2_expected_reject,A22_INVALID_UNSUPPORTED_001,bundle_bytes,2750,4400.0,True
H2,H2_expected_reject,A22_INVALID_UNSUPPORTED_002,canonical_bytes,55,5650.0,True
H2,H2_expected_reject,A22_INVALID_UNSUPPORTED_002,bundle_bytes,2985,5650.0,True
H2,H2_expected_reject,A22_INVALID_UNSUPPORTED_003,canonical_bytes,55,5600.0,True
H2,H2_expected_reject,A22_INVALID_UNSUPPORTED_003,bundle_bytes,2722,5600.0,True
H2,H2_expected_reject,A22_INVALID_UNSUPPORTED_004,canonical_bytes,55,4200.0,True
H2,H2_expected_reject,A22_INVALID_UNSUPPORTED_004,bundle_bytes,3804,4200.0,True
H2,H2_expected_reject,A22_INVALID_UNSUPPORTED_005,canonical_bytes,55,5600.0,True
H2,H2_expected_reject,A22_INVALID_UNSUPPORTED_005,bundle_bytes,3291,5600.0,True
H2,H2_expected_reject,A22_INVALID_UNSUPPORTED_006,canonical_bytes,55,6050.0,True
H2,H2_expected_reject,A22_INVALID_UNSUPPORTED_006,bundle_bytes,3951,6050.0,True
H2,H2_expected_reject,A22_INVALID_UNSUPPORTED_007,canonical_bytes,55,4350.0,True
H2,H2_expected_reject,A22_INVALID_UNSUPPORTED_007,bundle_bytes,3998,4350.0,True
H2,H2_expected_reject,A22_INVALID_UNSUPPORTED_008,canonical_bytes,55,4150.0,True
H2,H2_expected_reject,A22_INVALID_UNSUPPORTED_008,bundle_bytes,3237,4150.0,True
H2,H2_expected_accept,A22_SINGLE_MF_001,canonical_bytes,130,11750.0,True
H2,H2_expected_accept,A22_SINGLE_MF_001,bundle_bytes,3328,11750.0,True
H2,H2_expected_accept,A22_SINGLE_MF_002,canonical_bytes,130,12650.0,True
H2,H2_expected_accept,A22_SINGLE_MF_002,bundle_bytes,10367,12650.0,True
H2,H2_expected_accept,A22_SINGLE_MF_003,canonical_bytes,131,12700.0,True
H2,H2_expected_accept,A22_SINGLE_MF_003,bundle_bytes,9048,12700.0,True
H2,H2_expected_accept,A22_SINGLE_MF_004,canonical_bytes,132,11550.0,True
H2,H2_expected_accept,A22_SINGLE_MF_004,bundle_bytes,3719,11550.0,True
H2,H2_expected_accept,A22_SINGLE_MF_005,canonical_bytes,55,5150.0,True
H2,H2_expected_accept,A22_SINGLE_MF_005,bundle_bytes,15875,5150.0,True
H2,H2_expected_accept,A22_SINGLE_MF_006,canonical_bytes,134,10700.0,True
H2,H2_expected_accept,A22_SINGLE_MF_006,bundle_bytes,2818,10700.0,True
H2,H2_expected_accept,A22_SINGLE_MF_007,canonical_bytes,131,13000.0,True
H2,H2_expected_accept,A22_SINGLE_MF_007,bundle_bytes,3220,13000.0,True
H2,H2_expected_accept,A22_SINGLE_MF_008,canonical_bytes,131,11050.0,True
H2,H2_expected_accept,A22_SINGLE_MF_008,bundle_bytes,2070,11050.0,True
H2,H2_expected_accept,A22_SINGLE_MF_009,canonical_bytes,132,13200.0,True
H2,H2_expected_accept,A22_SINGLE_MF_009,bundle_bytes,9418,13200.0,True
H2,H2_expected_accept,A22_SINGLE_MF_010,canonical_bytes,132,12050.0,True
H2,H2_expected_accept,A22_SINGLE_MF_010,bundle_bytes,4720,12050.0,True
H2,H2_expected_accept,A22_SINGLE_MF_011,canonical_bytes,132,11650.0,True
H2,H2_expected_accept,A22_SINGLE_MF_011,bundle_bytes,14695,11650.0,True
H2,H2_expected_accept,A22_SINGLE_MF_012,canonical_bytes,134,14000.0,True
H2,H2_expected_accept,A22_SINGLE_MF_012,bundle_bytes,35991,14000.0,True
H2,H2_expected_accept,A22_SINGLE_MF_013,canonical_bytes,131,9900.0,True
H2,H2_expected_accept,A22_SINGLE_MF_013,bundle_bytes,3079,9900.0,True
H2,H2_expected_accept,A22_SINGLE_MF_014,canonical_bytes,131,11800.0,True
H2,H2_expected_accept,A22_SINGLE_MF_014,bundle_bytes,2843,11800.0,True
H2,H2_expected_accept,A22_SINGLE_MF_015,canonical_bytes,55,5100.0,True
H2,H2_expected_accept,A22_SINGLE_MF_015,bundle_bytes,14289,5100.0,True
H2,H2_expected_accept,A22_SINGLE_MF_016,canonical_bytes,132,12550.0,True
H2,H2_expected_accept,A22_SINGLE_MF_016,bundle_bytes,4765,12550.0,True
H2,H2_expected_accept,A22_SINGLE_MF_017,canonical_bytes,132,12400.0,True
H2,H2_expected_accept,A22_SINGLE_MF_017,bundle_bytes,19444,12400.0,True
H2,H2_expected_accept,A22_SINGLE_MF_018,canonical_bytes,134,13000.0,True
H2,H2_expected_accept,A22_SINGLE_MF_018,bundle_bytes,13855,13000.0,True
H2,H2_expected_accept,A22_SINGLE_MF_019,canonical_bytes,132,11600.0,True
H2,H2_expected_accept,A22_SINGLE_MF_019,bundle_bytes,2937,11600.0,True
H2,H2_expected_accept,A22_SINGLE_MF_020,canonical_bytes,55,4800.0,True
H2,H2_expected_accept,A22_SINGLE_MF_020,bundle_bytes,15810,4800.0,True
H2,H2_expected_accept,A22_SINGLE_PRIORITY_001,canonical_bytes,93,11400.0,True
H2,H2_expected_accept,A22_SINGLE_PRIORITY_001,bundle_bytes,2037,11400.0,True
H2,H2_expected_accept,A22_SINGLE_PRIORITY_002,canonical_bytes,93,12000.0,True
H2,H2_expected_accept,A22_SINGLE_PRIORITY_002,bundle_bytes,3117,12000.0,True
H2,H2_expected_accept,A22_SINGLE_PRIORITY_003,canonical_bytes,93,9600.0,True
H2,H2_expected_accept,A22_SINGLE_PRIORITY_003,bundle_bytes,2163,9600.0,True
H2,H2_expected_accept,A22_SINGLE_PRIORITY_004,canonical_bytes,94,11950.0,True
H2,H2_expected_accept,A22_SINGLE_PRIORITY_004,bundle_bytes,2315,11950.0,True
H2,H2_expected_accept,A22_SINGLE_PRIORITY_005,canonical_bytes,95,10200.0,True
H2,H2_expected_accept,A22_SINGLE_PRIORITY_005,bundle_bytes,2083,10200.0,True
H2,H2_expected_accept,A22_SINGLE_PRIORITY_006,canonical_bytes,94,12500.0,True
H2,H2_expected_accept,A22_SINGLE_PRIORITY_006,bundle_bytes,2569,12500.0,True
H2,H2_expected_accept,A22_SINGLE_PRIORITY_007,canonical_bytes,94,9350.0,True
H2,H2_expected_accept,A22_SINGLE_PRIORITY_007,bundle_bytes,2321,9350.0,True
H2,H2_expected_accept,A22_SINGLE_PRIORITY_008,canonical_bytes,94,10250.0,True
H2,H2_expected_accept,A22_SINGLE_PRIORITY_008,bundle_bytes,2499,10250.0,True
H2,H2_expected_accept,A22_SINGLE_PRIORITY_009,canonical_bytes,94,12200.0,True
H2,H2_expected_accept,A22_SINGLE_PRIORITY_009,bundle_bytes,1861,12200.0,True
H2,H2_expected_accept,A22_SINGLE_PRIORITY_010,canonical_bytes,95,12250.0,True
H2,H2_expected_accept,A22_SINGLE_PRIORITY_010,bundle_bytes,2321,12250.0,True
H2,H2_expected_accept,A22_SINGLE_PRIORITY_011,canonical_bytes,94,13100.0,True
H2,H2_expected_accept,A22_SINGLE_PRIORITY_011,bundle_bytes,3329,13100.0,True
H2,H2_expected_accept,A22_SINGLE_PRIORITY_012,canonical_bytes,94,11700.0,True
H2,H2_expected_accept,A22_SINGLE_PRIORITY_012,bundle_bytes,2630,11700.0,True
H2,H2_expected_accept,A22_SINGLE_PRIORITY_013,canonical_bytes,94,12150.0,True
H2,H2_expected_accept,A22_SINGLE_PRIORITY_013,bundle_bytes,1988,12150.0,True
H2,H2_expected_accept,A22_SINGLE_PRIORITY_014,canonical_bytes,94,11550.0,True
H2,H2_expected_accept,A22_SINGLE_PRIORITY_014,bundle_bytes,2043,11550.0,True
H2,H2_expected_accept,A22_SINGLE_PRIORITY_015,canonical_bytes,95,11950.0,True
H2,H2_expected_accept,A22_SINGLE_PRIORITY_015,bundle_bytes,2288,11950.0,True
H2,H2_expected_accept,A22_SINGLE_PRIORITY_016,canonical_bytes,94,11750.0,True
H2,H2_expected_accept,A22_SINGLE_PRIORITY_016,bundle_bytes,2046,11750.0,True
H2,H2_expected_accept,A22_SINGLE_PRIORITY_017,canonical_bytes,94,12250.0,True
H2,H2_expected_accept,A22_SINGLE_PRIORITY_017,bundle_bytes,2037,12250.0,True
H2,H2_expected_accept,A22_SINGLE_PRIORITY_018,canonical_bytes,94,12200.0,True
H2,H2_expected_accept,A22_SINGLE_PRIORITY_018,bundle_bytes,2528,12200.0,True
H2,H2_expected_accept,A22_SINGLE_PRIORITY_019,canonical_bytes,94,11250.0,True
H2,H2_expected_accept,A22_SINGLE_PRIORITY_019,bundle_bytes,1863,11250.0,True
H2,H2_expected_accept,A22_SINGLE_PRIORITY_020,canonical_bytes,95,12500.0,True
H2,H2_expected_accept,A22_SINGLE_PRIORITY_020,bundle_bytes,1943,12500.0,True
H3,H3,052b2dfeb855619b4e74c70e7155e5699a6aebc572c887f1432462ecf4afce6b,canonical_bytes,404,800050.0,True
H3,H3,052b2dfeb855619b4e74c70e7155e5699a6aebc572c887f1432462ecf4afce6b,bundle_bytes,755121,800050.0,True
H3,H3,052b2dfeb855619b4e74c70e7155e5699a6aebc572c887f1432462ecf4afce6b,N_operations,150,800050.0,True
H3,H3,052b2dfeb855619b4e74c70e7155e5699a6aebc572c887f1432462ecf4afce6b,N_modes,451,800050.0,True
H3,H3,052b2dfeb855619b4e74c70e7155e5699a6aebc572c887f1432462ecf4afce6b,schedule_operation_count,150,800050.0,True
H3,H3,0edc936e36dbd00367c35ec096b127c69211776f53ead8d7b9619a78d9b3beb5,canonical_bytes,388,697900.0,True
H3,H3,0edc936e36dbd00367c35ec096b127c69211776f53ead8d7b9619a78d9b3beb5,bundle_bytes,779480,697900.0,True
H3,H3,0edc936e36dbd00367c35ec096b127c69211776f53ead8d7b9619a78d9b3beb5,N_operations,150,697900.0,True
H3,H3,0edc936e36dbd00367c35ec096b127c69211776f53ead8d7b9619a78d9b3beb5,N_modes,490,697900.0,True
H3,H3,0edc936e36dbd00367c35ec096b127c69211776f53ead8d7b9619a78d9b3beb5,schedule_operation_count,150,697900.0,True
H3,H3,19993579c580ecb799e1ce158990340e547863ae75c4be153b97908cb5cd08a2,canonical_bytes,386,529650.0,True
H3,H3,19993579c580ecb799e1ce158990340e547863ae75c4be153b97908cb5cd08a2,bundle_bytes,376417,529650.0,True
H3,H3,19993579c580ecb799e1ce158990340e547863ae75c4be153b97908cb5cd08a2,N_operations,90,529650.0,True
H3,H3,19993579c580ecb799e1ce158990340e547863ae75c4be153b97908cb5cd08a2,N_modes,172,529650.0,True
H3,H3,19993579c580ecb799e1ce158990340e547863ae75c4be153b97908cb5cd08a2,schedule_operation_count,90,529650.0,True
H3,H3,1bb3dc3f26212de23def1f2ca0d598d344fea56b8a73247e2f6390ebea07946d,canonical_bytes,387,526800.0,True
H3,H3,1bb3dc3f26212de23def1f2ca0d598d344fea56b8a73247e2f6390ebea07946d,bundle_bytes,376647,526800.0,True
H3,H3,1bb3dc3f26212de23def1f2ca0d598d344fea56b8a73247e2f6390ebea07946d,N_operations,90,526800.0,True
H3,H3,1bb3dc3f26212de23def1f2ca0d598d344fea56b8a73247e2f6390ebea07946d,N_modes,172,526800.0,True
H3,H3,1bb3dc3f26212de23def1f2ca0d598d344fea56b8a73247e2f6390ebea07946d,schedule_operation_count,90,526800.0,True
H3,H3,2443e5a3d32298289c0b98d2a7d3a03cbf4194a7adecf97293b0ac348944ba9e,canonical_bytes,404,801200.0,True
H3,H3,2443e5a3d32298289c0b98d2a7d3a03cbf4194a7adecf97293b0ac348944ba9e,bundle_bytes,755111,801200.0,True
H3,H3,2443e5a3d32298289c0b98d2a7d3a03cbf4194a7adecf97293b0ac348944ba9e,N_operations,150,801200.0,True
H3,H3,2443e5a3d32298289c0b98d2a7d3a03cbf4194a7adecf97293b0ac348944ba9e,N_modes,451,801200.0,True
H3,H3,2443e5a3d32298289c0b98d2a7d3a03cbf4194a7adecf97293b0ac348944ba9e,schedule_operation_count,150,801200.0,True
H3,H3,245cb7ed72fd0a10da80157bd648a7ae9e8bd9ef722909fe778d274715ad67b3,canonical_bytes,386,422700.0,True
H3,H3,245cb7ed72fd0a10da80157bd648a7ae9e8bd9ef722909fe778d274715ad67b3,bundle_bytes,369530,422700.0,True
H3,H3,245cb7ed72fd0a10da80157bd648a7ae9e8bd9ef722909fe778d274715ad67b3,N_operations,90,422700.0,True
H3,H3,245cb7ed72fd0a10da80157bd648a7ae9e8bd9ef722909fe778d274715ad67b3,N_modes,172,422700.0,True
H3,H3,245cb7ed72fd0a10da80157bd648a7ae9e8bd9ef722909fe778d274715ad67b3,schedule_operation_count,90,422700.0,True
H3,H3,268469c82535bf1ba82a82324d755f40ad8bc7255c875b8e25c2d7943cff1ff3,canonical_bytes,387,702600.0,True
H3,H3,268469c82535bf1ba82a82324d755f40ad8bc7255c875b8e25c2d7943cff1ff3,bundle_bytes,779262,702600.0,True
H3,H3,268469c82535bf1ba82a82324d755f40ad8bc7255c875b8e25c2d7943cff1ff3,N_operations,150,702600.0,True
H3,H3,268469c82535bf1ba82a82324d755f40ad8bc7255c875b8e25c2d7943cff1ff3,N_modes,490,702600.0,True
H3,H3,268469c82535bf1ba82a82324d755f40ad8bc7255c875b8e25c2d7943cff1ff3,schedule_operation_count,150,702600.0,True
H3,H3,2908e9ba69598735be8757d9b153473f5bacec1feb89ecff91ce994824a10178,canonical_bytes,387,678500.0,True
H3,H3,2908e9ba69598735be8757d9b153473f5bacec1feb89ecff91ce994824a10178,bundle_bytes,778769,678500.0,True
H3,H3,2908e9ba69598735be8757d9b153473f5bacec1feb89ecff91ce994824a10178,N_operations,150,678500.0,True
H3,H3,2908e9ba69598735be8757d9b153473f5bacec1feb89ecff91ce994824a10178,N_modes,490,678500.0,True
H3,H3,2908e9ba69598735be8757d9b153473f5bacec1feb89ecff91ce994824a10178,schedule_operation_count,150,678500.0,True
H3,H3,474b6ef7aac2feb7cb9195d7d3644f0d53d378eb4518ef87a9a2f7714d8ef3d5,canonical_bytes,392,469950.0,True
H3,H3,474b6ef7aac2feb7cb9195d7d3644f0d53d378eb4518ef87a9a2f7714d8ef3d5,bundle_bytes,371559,469950.0,True
H3,H3,474b6ef7aac2feb7cb9195d7d3644f0d53d378eb4518ef87a9a2f7714d8ef3d5,N_operations,90,469950.0,True
H3,H3,474b6ef7aac2feb7cb9195d7d3644f0d53d378eb4518ef87a9a2f7714d8ef3d5,N_modes,172,469950.0,True
H3,H3,474b6ef7aac2feb7cb9195d7d3644f0d53d378eb4518ef87a9a2f7714d8ef3d5,schedule_operation_count,90,469950.0,True
H3,H3,4fafb9a13ff5e2fda82a804bf609727b68a17926d69ae1574c4801604ec81359,canonical_bytes,392,476300.0,True
H3,H3,4fafb9a13ff5e2fda82a804bf609727b68a17926d69ae1574c4801604ec81359,bundle_bytes,371549,476300.0,True
H3,H3,4fafb9a13ff5e2fda82a804bf609727b68a17926d69ae1574c4801604ec81359,N_operations,90,476300.0,True
H3,H3,4fafb9a13ff5e2fda82a804bf609727b68a17926d69ae1574c4801604ec81359,N_modes,172,476300.0,True
H3,H3,4fafb9a13ff5e2fda82a804bf609727b68a17926d69ae1574c4801604ec81359,schedule_operation_count,90,476300.0,True
H3,H3,54349d927b9070c144f507868f9ef8b962c7c926426b33c3a7e0c88f715b246a,canonical_bytes,389,471650.0,True
H3,H3,54349d927b9070c144f507868f9ef8b962c7c926426b33c3a7e0c88f715b246a,bundle_bytes,371510,471650.0,True
H3,H3,54349d927b9070c144f507868f9ef8b962c7c926426b33c3a7e0c88f715b246a,N_operations,90,471650.0,True
H3,H3,54349d927b9070c144f507868f9ef8b962c7c926426b33c3a7e0c88f715b246a,N_modes,172,471650.0,True
H3,H3,54349d927b9070c144f507868f9ef8b962c7c926426b33c3a7e0c88f715b246a,schedule_operation_count,90,471650.0,True
H3,H3,558b8365de15727bf495595ed539867872c185b280ea249712f3b1d5f8674cd5,canonical_bytes,392,479500.0,True
H3,H3,558b8365de15727bf495595ed539867872c185b280ea249712f3b1d5f8674cd5,bundle_bytes,371529,479500.0,True
H3,H3,558b8365de15727bf495595ed539867872c185b280ea249712f3b1d5f8674cd5,N_operations,90,479500.0,True
H3,H3,558b8365de15727bf495595ed539867872c185b280ea249712f3b1d5f8674cd5,N_modes,172,479500.0,True
H3,H3,558b8365de15727bf495595ed539867872c185b280ea249712f3b1d5f8674cd5,schedule_operation_count,90,479500.0,True
H3,H3,5ecccd77f46ab5549088b57686632a9eb5ccf1a5a977fbe35cfae6a50eca52bb,canonical_bytes,387,422500.0,True
H3,H3,5ecccd77f46ab5549088b57686632a9eb5ccf1a5a977fbe35cfae6a50eca52bb,bundle_bytes,366528,422500.0,True
H3,H3,5ecccd77f46ab5549088b57686632a9eb5ccf1a5a977fbe35cfae6a50eca52bb,N_operations,90,422500.0,True
H3,H3,5ecccd77f46ab5549088b57686632a9eb5ccf1a5a977fbe35cfae6a50eca52bb,N_modes,172,422500.0,True
H3,H3,5ecccd77f46ab5549088b57686632a9eb5ccf1a5a977fbe35cfae6a50eca52bb,schedule_operation_count,90,422500.0,True
H3,H3,5f24b2bbe16d5c8f667064d5031553e1dd9c4d9dbb7e0757cb922d9ba47928d5,canonical_bytes,401,479700.0,True
H3,H3,5f24b2bbe16d5c8f667064d5031553e1dd9c4d9dbb7e0757cb922d9ba47928d5,bundle_bytes,371715,479700.0,True
H3,H3,5f24b2bbe16d5c8f667064d5031553e1dd9c4d9dbb7e0757cb922d9ba47928d5,N_operations,90,479700.0,True
H3,H3,5f24b2bbe16d5c8f667064d5031553e1dd9c4d9dbb7e0757cb922d9ba47928d5,N_modes,172,479700.0,True
H3,H3,5f24b2bbe16d5c8f667064d5031553e1dd9c4d9dbb7e0757cb922d9ba47928d5,schedule_operation_count,90,479700.0,True
H3,H3,61f77c0251bcd2bbb51e6bff7e048bfcda7139b4e796314d32b47961ac3b5c1b,canonical_bytes,388,455500.0,True
H3,H3,61f77c0251bcd2bbb51e6bff7e048bfcda7139b4e796314d32b47961ac3b5c1b,bundle_bytes,373222,455500.0,True
H3,H3,61f77c0251bcd2bbb51e6bff7e048bfcda7139b4e796314d32b47961ac3b5c1b,N_operations,90,455500.0,True
H3,H3,61f77c0251bcd2bbb51e6bff7e048bfcda7139b4e796314d32b47961ac3b5c1b,N_modes,172,455500.0,True
H3,H3,61f77c0251bcd2bbb51e6bff7e048bfcda7139b4e796314d32b47961ac3b5c1b,schedule_operation_count,90,455500.0,True
H3,H3,634f3d08fd93ba622176ea6c9ff7ff1fb9d57a9b14f936f27d1460655fc20d72,canonical_bytes,388,432050.0,True
H3,H3,634f3d08fd93ba622176ea6c9ff7ff1fb9d57a9b14f936f27d1460655fc20d72,bundle_bytes,369189,432050.0,True
H3,H3,634f3d08fd93ba622176ea6c9ff7ff1fb9d57a9b14f936f27d1460655fc20d72,N_operations,90,432050.0,True
H3,H3,634f3d08fd93ba622176ea6c9ff7ff1fb9d57a9b14f936f27d1460655fc20d72,N_modes,172,432050.0,True
H3,H3,634f3d08fd93ba622176ea6c9ff7ff1fb9d57a9b14f936f27d1460655fc20d72,schedule_operation_count,90,432050.0,True
H3,H3,73cdcc11d1c23e47664696979a9b12b94deb5da000c18f37a8d7c0b641090788,canonical_bytes,391,819400.0,True
H3,H3,73cdcc11d1c23e47664696979a9b12b94deb5da000c18f37a8d7c0b641090788,bundle_bytes,755370,819400.0,True
H3,H3,73cdcc11d1c23e47664696979a9b12b94deb5da000c18f37a8d7c0b641090788,N_operations,150,819400.0,True
H3,H3,73cdcc11d1c23e47664696979a9b12b94deb5da000c18f37a8d7c0b641090788,N_modes,451,819400.0,True
H3,H3,73cdcc11d1c23e47664696979a9b12b94deb5da000c18f37a8d7c0b641090788,schedule_operation_count,150,819400.0,True
H3,H3,7dc2cc636acd7eeb3db7367222360894cac918d6adca467d2f7a79960bbe8b1c,canonical_bytes,387,478850.0,True
H3,H3,7dc2cc636acd7eeb3db7367222360894cac918d6adca467d2f7a79960bbe8b1c,bundle_bytes,372138,478850.0,True
H3,H3,7dc2cc636acd7eeb3db7367222360894cac918d6adca467d2f7a79960bbe8b1c,N_operations,90,478850.0,True
H3,H3,7dc2cc636acd7eeb3db7367222360894cac918d6adca467d2f7a79960bbe8b1c,N_modes,172,478850.0,True
H3,H3,7dc2cc636acd7eeb3db7367222360894cac918d6adca467d2f7a79960bbe8b1c,schedule_operation_count,90,478850.0,True
H3,H3,8c60197386a54af6d06cac0996c81cbca4971ac83984afcf2a52fa27a5bb1b42,canonical_bytes,387,459550.0,True
H3,H3,8c60197386a54af6d06cac0996c81cbca4971ac83984afcf2a52fa27a5bb1b42,bundle_bytes,372245,459550.0,True
H3,H3,8c60197386a54af6d06cac0996c81cbca4971ac83984afcf2a52fa27a5bb1b42,N_operations,90,459550.0,True
H3,H3,8c60197386a54af6d06cac0996c81cbca4971ac83984afcf2a52fa27a5bb1b42,N_modes,172,459550.0,True
H3,H3,8c60197386a54af6d06cac0996c81cbca4971ac83984afcf2a52fa27a5bb1b42,schedule_operation_count,90,459550.0,True
H3,H3,8e3a1df6f55a6d53d21fd63c9dcda45cee6d1576c4989d45b40828d31e6d7281,canonical_bytes,389,470950.0,True
H3,H3,8e3a1df6f55a6d53d21fd63c9dcda45cee6d1576c4989d45b40828d31e6d7281,bundle_bytes,371639,470950.0,True
H3,H3,8e3a1df6f55a6d53d21fd63c9dcda45cee6d1576c4989d45b40828d31e6d7281,N_operations,90,470950.0,True
H3,H3,8e3a1df6f55a6d53d21fd63c9dcda45cee6d1576c4989d45b40828d31e6d7281,N_modes,172,470950.0,True
H3,H3,8e3a1df6f55a6d53d21fd63c9dcda45cee6d1576c4989d45b40828d31e6d7281,schedule_operation_count,90,470950.0,True
H3,H3,97eb8ea8dfec0a163a4b54e1179247553055627de3df3d7a40c8879cacc64800,canonical_bytes,395,775150.0,True
H3,H3,97eb8ea8dfec0a163a4b54e1179247553055627de3df3d7a40c8879cacc64800,bundle_bytes,754947,775150.0,True
H3,H3,97eb8ea8dfec0a163a4b54e1179247553055627de3df3d7a40c8879cacc64800,N_operations,150,775150.0,True
H3,H3,97eb8ea8dfec0a163a4b54e1179247553055627de3df3d7a40c8879cacc64800,N_modes,451,775150.0,True
H3,H3,97eb8ea8dfec0a163a4b54e1179247553055627de3df3d7a40c8879cacc64800,schedule_operation_count,150,775150.0,True
H3,H3,9827288498c6ff63f3f7ec6f3bb833b53ac1c3cbaf59021addc82b6a8c08bae2,canonical_bytes,395,780500.0,True
H3,H3,9827288498c6ff63f3f7ec6f3bb833b53ac1c3cbaf59021addc82b6a8c08bae2,bundle_bytes,754955,780500.0,True
H3,H3,9827288498c6ff63f3f7ec6f3bb833b53ac1c3cbaf59021addc82b6a8c08bae2,N_operations,150,780500.0,True
H3,H3,9827288498c6ff63f3f7ec6f3bb833b53ac1c3cbaf59021addc82b6a8c08bae2,N_modes,451,780500.0,True
H3,H3,9827288498c6ff63f3f7ec6f3bb833b53ac1c3cbaf59021addc82b6a8c08bae2,schedule_operation_count,150,780500.0,True
H3,H3,9f7906189c782cba7c3a4cc9cb8785764c8ad3fb1e637423a7a310d6c438feb5,canonical_bytes,386,529050.0,True
H3,H3,9f7906189c782cba7c3a4cc9cb8785764c8ad3fb1e637423a7a310d6c438feb5,bundle_bytes,376294,529050.0,True
H3,H3,9f7906189c782cba7c3a4cc9cb8785764c8ad3fb1e637423a7a310d6c438feb5,N_operations,90,529050.0,True
H3,H3,9f7906189c782cba7c3a4cc9cb8785764c8ad3fb1e637423a7a310d6c438feb5,N_modes,172,529050.0,True
H3,H3,9f7906189c782cba7c3a4cc9cb8785764c8ad3fb1e637423a7a310d6c438feb5,schedule_operation_count,90,529050.0,True
H3,H3,aa5b4ee1688c71f1a3932cd7d9b629a08e31ef09728f3280c98c7636eecfb8d3,canonical_bytes,392,776250.0,True
H3,H3,aa5b4ee1688c71f1a3932cd7d9b629a08e31ef09728f3280c98c7636eecfb8d3,bundle_bytes,754924,776250.0,True
H3,H3,aa5b4ee1688c71f1a3932cd7d9b629a08e31ef09728f3280c98c7636eecfb8d3,N_operations,150,776250.0,True
H3,H3,aa5b4ee1688c71f1a3932cd7d9b629a08e31ef09728f3280c98c7636eecfb8d3,N_modes,451,776250.0,True
H3,H3,aa5b4ee1688c71f1a3932cd7d9b629a08e31ef09728f3280c98c7636eecfb8d3,schedule_operation_count,150,776250.0,True
H3,H3,aad646b14392b632d658225dedb7d3953424ab9ab19ebafdc67bd9a7f02eb50b,canonical_bytes,389,715350.0,True
H3,H3,aad646b14392b632d658225dedb7d3953424ab9ab19ebafdc67bd9a7f02eb50b,bundle_bytes,782303,715350.0,True
H3,H3,aad646b14392b632d658225dedb7d3953424ab9ab19ebafdc67bd9a7f02eb50b,N_operations,150,715350.0,True
H3,H3,aad646b14392b632d658225dedb7d3953424ab9ab19ebafdc67bd9a7f02eb50b,N_modes,490,715350.0,True
H3,H3,aad646b14392b632d658225dedb7d3953424ab9ab19ebafdc67bd9a7f02eb50b,schedule_operation_count,150,715350.0,True
H3,H3,abc8d6ba26b9728a25ebd17f4066aa5421f54fde1c1ef630cc33cb308c0fb8e5,canonical_bytes,388,469650.0,True
H3,H3,abc8d6ba26b9728a25ebd17f4066aa5421f54fde1c1ef630cc33cb308c0fb8e5,bundle_bytes,373355,469650.0,True
H3,H3,abc8d6ba26b9728a25ebd17f4066aa5421f54fde1c1ef630cc33cb308c0fb8e5,N_operations,90,469650.0,True
H3,H3,abc8d6ba26b9728a25ebd17f4066aa5421f54fde1c1ef630cc33cb308c0fb8e5,N_modes,172,469650.0,True
H3,H3,abc8d6ba26b9728a25ebd17f4066aa5421f54fde1c1ef630cc33cb308c0fb8e5,schedule_operation_count,90,469650.0,True
H3,H3,b0f01f4c7ca822555039b9267d8985edbeb149abc0a710d6583cea634584f862,canonical_bytes,388,702800.0,True
H3,H3,b0f01f4c7ca822555039b9267d8985edbeb149abc0a710d6583cea634584f862,bundle_bytes,778599,702800.0,True
H3,H3,b0f01f4c7ca822555039b9267d8985edbeb149abc0a710d6583cea634584f862,N_operations,150,702800.0,True
H3,H3,b0f01f4c7ca822555039b9267d8985edbeb149abc0a710d6583cea634584f862,N_modes,490,702800.0,True
H3,H3,b0f01f4c7ca822555039b9267d8985edbeb149abc0a710d6583cea634584f862,schedule_operation_count,150,702800.0,True
H3,H3,b31f9c5cbf923f188771558357941c1a7d6a71089f67793c620cf7034a070eb2,canonical_bytes,385,527550.0,True
H3,H3,b31f9c5cbf923f188771558357941c1a7d6a71089f67793c620cf7034a070eb2,bundle_bytes,377436,527550.0,True
H3,H3,b31f9c5cbf923f188771558357941c1a7d6a71089f67793c620cf7034a070eb2,N_operations,90,527550.0,True
H3,H3,b31f9c5cbf923f188771558357941c1a7d6a71089f67793c620cf7034a070eb2,N_modes,172,527550.0,True
H3,H3,b31f9c5cbf923f188771558357941c1a7d6a71089f67793c620cf7034a070eb2,schedule_operation_count,90,527550.0,True
H3,H3,b5c400c27e6dbb1cc8466c5ce68e1530b6d984599f3c01c36496b49b586ff5e3,canonical_bytes,392,813200.0,True
H3,H3,b5c400c27e6dbb1cc8466c5ce68e1530b6d984599f3c01c36496b49b586ff5e3,bundle_bytes,755038,813200.0,True
H3,H3,b5c400c27e6dbb1cc8466c5ce68e1530b6d984599f3c01c36496b49b586ff5e3,N_operations,150,813200.0,True
H3,H3,b5c400c27e6dbb1cc8466c5ce68e1530b6d984599f3c01c36496b49b586ff5e3,N_modes,451,813200.0,True
H3,H3,b5c400c27e6dbb1cc8466c5ce68e1530b6d984599f3c01c36496b49b586ff5e3,schedule_operation_count,150,813200.0,True
H3,H3,bb3f15222034bdf87b9be499b27f859fe778b781693fd54677f83bd7531f0680,canonical_bytes,387,539950.0,True
H3,H3,bb3f15222034bdf87b9be499b27f859fe778b781693fd54677f83bd7531f0680,bundle_bytes,376547,539950.0,True
H3,H3,bb3f15222034bdf87b9be499b27f859fe778b781693fd54677f83bd7531f0680,N_operations,90,539950.0,True
H3,H3,bb3f15222034bdf87b9be499b27f859fe778b781693fd54677f83bd7531f0680,N_modes,172,539950.0,True
H3,H3,bb3f15222034bdf87b9be499b27f859fe778b781693fd54677f83bd7531f0680,schedule_operation_count,90,539950.0,True
H3,H3,ce18361670bfbcde2f3ff22167187aecef9164dedbf1198bc7563c147804780e,canonical_bytes,404,794350.0,True
H3,H3,ce18361670bfbcde2f3ff22167187aecef9164dedbf1198bc7563c147804780e,bundle_bytes,755123,794350.0,True
H3,H3,ce18361670bfbcde2f3ff22167187aecef9164dedbf1198bc7563c147804780e,N_operations,150,794350.0,True
H3,H3,ce18361670bfbcde2f3ff22167187aecef9164dedbf1198bc7563c147804780e,N_modes,451,794350.0,True
H3,H3,ce18361670bfbcde2f3ff22167187aecef9164dedbf1198bc7563c147804780e,schedule_operation_count,150,794350.0,True
H3,H3,ceae66508816dc9f5458c925c89f155658e6c78710a8753d337ac385481cc1bf,canonical_bytes,395,789700.0,True
H3,H3,ceae66508816dc9f5458c925c89f155658e6c78710a8753d337ac385481cc1bf,bundle_bytes,754947,789700.0,True
H3,H3,ceae66508816dc9f5458c925c89f155658e6c78710a8753d337ac385481cc1bf,N_operations,150,789700.0,True
H3,H3,ceae66508816dc9f5458c925c89f155658e6c78710a8753d337ac385481cc1bf,N_modes,451,789700.0,True
H3,H3,ceae66508816dc9f5458c925c89f155658e6c78710a8753d337ac385481cc1bf,schedule_operation_count,150,789700.0,True
H3,H3,d093d52f24139c1b6fb09b775beedd000f1a7b3716df906d7d36e91e7e848265,canonical_bytes,390,803650.0,True
H3,H3,d093d52f24139c1b6fb09b775beedd000f1a7b3716df906d7d36e91e7e848265,bundle_bytes,758647,803650.0,True
H3,H3,d093d52f24139c1b6fb09b775beedd000f1a7b3716df906d7d36e91e7e848265,N_operations,150,803650.0,True
H3,H3,d093d52f24139c1b6fb09b775beedd000f1a7b3716df906d7d36e91e7e848265,N_modes,451,803650.0,True
H3,H3,d093d52f24139c1b6fb09b775beedd000f1a7b3716df906d7d36e91e7e848265,schedule_operation_count,150,803650.0,True
H3,H3,d4b957654a5efd71168d6f7e67936e6abf4666ceb41e7919635002157b125411,canonical_bytes,386,418150.0,True
H3,H3,d4b957654a5efd71168d6f7e67936e6abf4666ceb41e7919635002157b125411,bundle_bytes,369648,418150.0,True
H3,H3,d4b957654a5efd71168d6f7e67936e6abf4666ceb41e7919635002157b125411,N_operations,90,418150.0,True
H3,H3,d4b957654a5efd71168d6f7e67936e6abf4666ceb41e7919635002157b125411,N_modes,172,418150.0,True
H3,H3,d4b957654a5efd71168d6f7e67936e6abf4666ceb41e7919635002157b125411,schedule_operation_count,90,418150.0,True
H3,H3,d598e89b357205c7b4bd47c5ebbe933f8be1f7c8dcdee85e66ec6829cafb91d3,canonical_bytes,387,403650.0,True
H3,H3,d598e89b357205c7b4bd47c5ebbe933f8be1f7c8dcdee85e66ec6829cafb91d3,bundle_bytes,366660,403650.0,True
H3,H3,d598e89b357205c7b4bd47c5ebbe933f8be1f7c8dcdee85e66ec6829cafb91d3,N_operations,90,403650.0,True
H3,H3,d598e89b357205c7b4bd47c5ebbe933f8be1f7c8dcdee85e66ec6829cafb91d3,N_modes,172,403650.0,True
H3,H3,d598e89b357205c7b4bd47c5ebbe933f8be1f7c8dcdee85e66ec6829cafb91d3,schedule_operation_count,90,403650.0,True
H3,H3,eb3670bbe434a59cc94347384a5d50fb526d26a00dbf6da73e54438c4bacc2a0,canonical_bytes,401,467200.0,True
H3,H3,eb3670bbe434a59cc94347384a5d50fb526d26a00dbf6da73e54438c4bacc2a0,bundle_bytes,371712,467200.0,True
H3,H3,eb3670bbe434a59cc94347384a5d50fb526d26a00dbf6da73e54438c4bacc2a0,N_operations,90,467200.0,True
H3,H3,eb3670bbe434a59cc94347384a5d50fb526d26a00dbf6da73e54438c4bacc2a0,N_modes,172,467200.0,True
H3,H3,eb3670bbe434a59cc94347384a5d50fb526d26a00dbf6da73e54438c4bacc2a0,schedule_operation_count,90,467200.0,True
H3,H3,f1e5fc58ea336e13c098308a2da00dee7de3dd3aa08d6170df4a3cb1afd09795,canonical_bytes,391,813400.0,True
H3,H3,f1e5fc58ea336e13c098308a2da00dee7de3dd3aa08d6170df4a3cb1afd09795,bundle_bytes,755658,813400.0,True
H3,H3,f1e5fc58ea336e13c098308a2da00dee7de3dd3aa08d6170df4a3cb1afd09795,N_operations,150,813400.0,True
H3,H3,f1e5fc58ea336e13c098308a2da00dee7de3dd3aa08d6170df4a3cb1afd09795,N_modes,451,813400.0,True
H3,H3,f1e5fc58ea336e13c098308a2da00dee7de3dd3aa08d6170df4a3cb1afd09795,schedule_operation_count,150,813400.0,True
H3,H3,f583baa2dad1527b5f84f71805410ee51b78fce2b1be62de49f1636c06821c7b,canonical_bytes,390,805850.0,True
H3,H3,f583baa2dad1527b5f84f71805410ee51b78fce2b1be62de49f1636c06821c7b,bundle_bytes,758750,805850.0,True
H3,H3,f583baa2dad1527b5f84f71805410ee51b78fce2b1be62de49f1636c06821c7b,N_operations,150,805850.0,True
H3,H3,f583baa2dad1527b5f84f71805410ee51b78fce2b1be62de49f1636c06821c7b,N_modes,451,805850.0,True
H3,H3,f583baa2dad1527b5f84f71805410ee51b78fce2b1be62de49f1636c06821c7b,schedule_operation_count,150,805850.0,True
H3,H3,f64f55ad9277004ae441909cd6556d26eeaf73d3eb3c537384be703615149f96,canonical_bytes,401,472700.0,True
H3,H3,f64f55ad9277004ae441909cd6556d26eeaf73d3eb3c537384be703615149f96,bundle_bytes,371715,472700.0,True
H3,H3,f64f55ad9277004ae441909cd6556d26eeaf73d3eb3c537384be703615149f96,N_operations,90,472700.0,True
H3,H3,f64f55ad9277004ae441909cd6556d26eeaf73d3eb3c537384be703615149f96,N_modes,172,472700.0,True
H3,H3,f64f55ad9277004ae441909cd6556d26eeaf73d3eb3c537384be703615149f96,schedule_operation_count,90,472700.0,True
H3,H3,f80e8a50e0815fda9eef8635e52671f3888786c4daef5767b8da7b74e4311646,canonical_bytes,389,681550.0,True
H3,H3,f80e8a50e0815fda9eef8635e52671f3888786c4daef5767b8da7b74e4311646,bundle_bytes,780287,681550.0,True
H3,H3,f80e8a50e0815fda9eef8635e52671f3888786c4daef5767b8da7b74e4311646,N_operations,150,681550.0,True
H3,H3,f80e8a50e0815fda9eef8635e52671f3888786c4daef5767b8da7b74e4311646,N_modes,490,681550.0,True
H3,H3,f80e8a50e0815fda9eef8635e52671f3888786c4daef5767b8da7b74e4311646,schedule_operation_count,150,681550.0,True
H3,H3,f9ade00b139ce33674b05d1766de3ec85779abfd83f893a7b2437817100901d9,canonical_bytes,388,407850.0,True
H3,H3,f9ade00b139ce33674b05d1766de3ec85779abfd83f893a7b2437817100901d9,bundle_bytes,369294,407850.0,True
H3,H3,f9ade00b139ce33674b05d1766de3ec85779abfd83f893a7b2437817100901d9,N_operations,90,407850.0,True
H3,H3,f9ade00b139ce33674b05d1766de3ec85779abfd83f893a7b2437817100901d9,N_modes,172,407850.0,True
H3,H3,f9ade00b139ce33674b05d1766de3ec85779abfd83f893a7b2437817100901d9,schedule_operation_count,90,407850.0,True
H3,H3,feb26c8ce25b99d6b090e07fca86c8e2dbf3ff2d6b891634c4c71b179329ab47,canonical_bytes,385,519150.0,True
H3,H3,feb26c8ce25b99d6b090e07fca86c8e2dbf3ff2d6b891634c4c71b179329ab47,bundle_bytes,377302,519150.0,True
H3,H3,feb26c8ce25b99d6b090e07fca86c8e2dbf3ff2d6b891634c4c71b179329ab47,N_operations,90,519150.0,True
H3,H3,feb26c8ce25b99d6b090e07fca86c8e2dbf3ff2d6b891634c4c71b179329ab47,N_modes,172,519150.0,True
H3,H3,feb26c8ce25b99d6b090e07fca86c8e2dbf3ff2d6b891634c4c71b179329ab47,schedule_operation_count,90,519150.0,True
H4,H4,052b2dfeb855619b4e74c70e7155e5699a6aebc572c887f1432462ecf4afce6b,canonical_bytes,404,1149750.0,True
H4,H4,052b2dfeb855619b4e74c70e7155e5699a6aebc572c887f1432462ecf4afce6b,bundle_bytes,755121,1149750.0,True
H4,H4,052b2dfeb855619b4e74c70e7155e5699a6aebc572c887f1432462ecf4afce6b,N_operations,150,1149750.0,True
H4,H4,052b2dfeb855619b4e74c70e7155e5699a6aebc572c887f1432462ecf4afce6b,N_modes,451,1149750.0,True
H4,H4,052b2dfeb855619b4e74c70e7155e5699a6aebc572c887f1432462ecf4afce6b,schedule_operation_count,150,1149750.0,True
H4,H4,0edc936e36dbd00367c35ec096b127c69211776f53ead8d7b9619a78d9b3beb5,canonical_bytes,388,1166700.0,True
H4,H4,0edc936e36dbd00367c35ec096b127c69211776f53ead8d7b9619a78d9b3beb5,bundle_bytes,779480,1166700.0,True
H4,H4,0edc936e36dbd00367c35ec096b127c69211776f53ead8d7b9619a78d9b3beb5,N_operations,150,1166700.0,True
H4,H4,0edc936e36dbd00367c35ec096b127c69211776f53ead8d7b9619a78d9b3beb5,N_modes,490,1166700.0,True
H4,H4,0edc936e36dbd00367c35ec096b127c69211776f53ead8d7b9619a78d9b3beb5,schedule_operation_count,150,1166700.0,True
H4,H4,19993579c580ecb799e1ce158990340e547863ae75c4be153b97908cb5cd08a2,canonical_bytes,386,750450.0,True
H4,H4,19993579c580ecb799e1ce158990340e547863ae75c4be153b97908cb5cd08a2,bundle_bytes,376417,750450.0,True
H4,H4,19993579c580ecb799e1ce158990340e547863ae75c4be153b97908cb5cd08a2,N_operations,90,750450.0,True
H4,H4,19993579c580ecb799e1ce158990340e547863ae75c4be153b97908cb5cd08a2,N_modes,172,750450.0,True
H4,H4,19993579c580ecb799e1ce158990340e547863ae75c4be153b97908cb5cd08a2,schedule_operation_count,90,750450.0,True
H4,H4,1bb3dc3f26212de23def1f2ca0d598d344fea56b8a73247e2f6390ebea07946d,canonical_bytes,387,773950.0,True
H4,H4,1bb3dc3f26212de23def1f2ca0d598d344fea56b8a73247e2f6390ebea07946d,bundle_bytes,376647,773950.0,True
H4,H4,1bb3dc3f26212de23def1f2ca0d598d344fea56b8a73247e2f6390ebea07946d,N_operations,90,773950.0,True
H4,H4,1bb3dc3f26212de23def1f2ca0d598d344fea56b8a73247e2f6390ebea07946d,N_modes,172,773950.0,True
H4,H4,1bb3dc3f26212de23def1f2ca0d598d344fea56b8a73247e2f6390ebea07946d,schedule_operation_count,90,773950.0,True
H4,H4,2443e5a3d32298289c0b98d2a7d3a03cbf4194a7adecf97293b0ac348944ba9e,canonical_bytes,404,1171650.0,True
H4,H4,2443e5a3d32298289c0b98d2a7d3a03cbf4194a7adecf97293b0ac348944ba9e,bundle_bytes,755111,1171650.0,True
H4,H4,2443e5a3d32298289c0b98d2a7d3a03cbf4194a7adecf97293b0ac348944ba9e,N_operations,150,1171650.0,True
H4,H4,2443e5a3d32298289c0b98d2a7d3a03cbf4194a7adecf97293b0ac348944ba9e,N_modes,451,1171650.0,True
H4,H4,2443e5a3d32298289c0b98d2a7d3a03cbf4194a7adecf97293b0ac348944ba9e,schedule_operation_count,150,1171650.0,True
H4,H4,245cb7ed72fd0a10da80157bd648a7ae9e8bd9ef722909fe778d274715ad67b3,canonical_bytes,386,761400.0,True
H4,H4,245cb7ed72fd0a10da80157bd648a7ae9e8bd9ef722909fe778d274715ad67b3,bundle_bytes,369530,761400.0,True
H4,H4,245cb7ed72fd0a10da80157bd648a7ae9e8bd9ef722909fe778d274715ad67b3,N_operations,90,761400.0,True
H4,H4,245cb7ed72fd0a10da80157bd648a7ae9e8bd9ef722909fe778d274715ad67b3,N_modes,172,761400.0,True
H4,H4,245cb7ed72fd0a10da80157bd648a7ae9e8bd9ef722909fe778d274715ad67b3,schedule_operation_count,90,761400.0,True
H4,H4,268469c82535bf1ba82a82324d755f40ad8bc7255c875b8e25c2d7943cff1ff3,canonical_bytes,387,1155150.0,True
H4,H4,268469c82535bf1ba82a82324d755f40ad8bc7255c875b8e25c2d7943cff1ff3,bundle_bytes,779262,1155150.0,True
H4,H4,268469c82535bf1ba82a82324d755f40ad8bc7255c875b8e25c2d7943cff1ff3,N_operations,150,1155150.0,True
H4,H4,268469c82535bf1ba82a82324d755f40ad8bc7255c875b8e25c2d7943cff1ff3,N_modes,490,1155150.0,True
H4,H4,268469c82535bf1ba82a82324d755f40ad8bc7255c875b8e25c2d7943cff1ff3,schedule_operation_count,150,1155150.0,True
H4,H4,2908e9ba69598735be8757d9b153473f5bacec1feb89ecff91ce994824a10178,canonical_bytes,387,1134800.0,True
H4,H4,2908e9ba69598735be8757d9b153473f5bacec1feb89ecff91ce994824a10178,bundle_bytes,778769,1134800.0,True
H4,H4,2908e9ba69598735be8757d9b153473f5bacec1feb89ecff91ce994824a10178,N_operations,150,1134800.0,True
H4,H4,2908e9ba69598735be8757d9b153473f5bacec1feb89ecff91ce994824a10178,N_modes,490,1134800.0,True
H4,H4,2908e9ba69598735be8757d9b153473f5bacec1feb89ecff91ce994824a10178,schedule_operation_count,150,1134800.0,True
H4,H4,474b6ef7aac2feb7cb9195d7d3644f0d53d378eb4518ef87a9a2f7714d8ef3d5,canonical_bytes,392,739700.0,True
H4,H4,474b6ef7aac2feb7cb9195d7d3644f0d53d378eb4518ef87a9a2f7714d8ef3d5,bundle_bytes,371559,739700.0,True
H4,H4,474b6ef7aac2feb7cb9195d7d3644f0d53d378eb4518ef87a9a2f7714d8ef3d5,N_operations,90,739700.0,True
H4,H4,474b6ef7aac2feb7cb9195d7d3644f0d53d378eb4518ef87a9a2f7714d8ef3d5,N_modes,172,739700.0,True
H4,H4,474b6ef7aac2feb7cb9195d7d3644f0d53d378eb4518ef87a9a2f7714d8ef3d5,schedule_operation_count,90,739700.0,True
H4,H4,4fafb9a13ff5e2fda82a804bf609727b68a17926d69ae1574c4801604ec81359,canonical_bytes,392,763950.0,True
H4,H4,4fafb9a13ff5e2fda82a804bf609727b68a17926d69ae1574c4801604ec81359,bundle_bytes,371549,763950.0,True
H4,H4,4fafb9a13ff5e2fda82a804bf609727b68a17926d69ae1574c4801604ec81359,N_operations,90,763950.0,True
H4,H4,4fafb9a13ff5e2fda82a804bf609727b68a17926d69ae1574c4801604ec81359,N_modes,172,763950.0,True
H4,H4,4fafb9a13ff5e2fda82a804bf609727b68a17926d69ae1574c4801604ec81359,schedule_operation_count,90,763950.0,True
H4,H4,54349d927b9070c144f507868f9ef8b962c7c926426b33c3a7e0c88f715b246a,canonical_bytes,389,764200.0,True
H4,H4,54349d927b9070c144f507868f9ef8b962c7c926426b33c3a7e0c88f715b246a,bundle_bytes,371510,764200.0,True
H4,H4,54349d927b9070c144f507868f9ef8b962c7c926426b33c3a7e0c88f715b246a,N_operations,90,764200.0,True
H4,H4,54349d927b9070c144f507868f9ef8b962c7c926426b33c3a7e0c88f715b246a,N_modes,172,764200.0,True
H4,H4,54349d927b9070c144f507868f9ef8b962c7c926426b33c3a7e0c88f715b246a,schedule_operation_count,90,764200.0,True
H4,H4,558b8365de15727bf495595ed539867872c185b280ea249712f3b1d5f8674cd5,canonical_bytes,392,751850.0,True
H4,H4,558b8365de15727bf495595ed539867872c185b280ea249712f3b1d5f8674cd5,bundle_bytes,371529,751850.0,True
H4,H4,558b8365de15727bf495595ed539867872c185b280ea249712f3b1d5f8674cd5,N_operations,90,751850.0,True
H4,H4,558b8365de15727bf495595ed539867872c185b280ea249712f3b1d5f8674cd5,N_modes,172,751850.0,True
H4,H4,558b8365de15727bf495595ed539867872c185b280ea249712f3b1d5f8674cd5,schedule_operation_count,90,751850.0,True
H4,H4,5ecccd77f46ab5549088b57686632a9eb5ccf1a5a977fbe35cfae6a50eca52bb,canonical_bytes,387,763850.0,True
H4,H4,5ecccd77f46ab5549088b57686632a9eb5ccf1a5a977fbe35cfae6a50eca52bb,bundle_bytes,366528,763850.0,True
H4,H4,5ecccd77f46ab5549088b57686632a9eb5ccf1a5a977fbe35cfae6a50eca52bb,N_operations,90,763850.0,True
H4,H4,5ecccd77f46ab5549088b57686632a9eb5ccf1a5a977fbe35cfae6a50eca52bb,N_modes,172,763850.0,True
H4,H4,5ecccd77f46ab5549088b57686632a9eb5ccf1a5a977fbe35cfae6a50eca52bb,schedule_operation_count,90,763850.0,True
H4,H4,5f24b2bbe16d5c8f667064d5031553e1dd9c4d9dbb7e0757cb922d9ba47928d5,canonical_bytes,401,758000.0,True
H4,H4,5f24b2bbe16d5c8f667064d5031553e1dd9c4d9dbb7e0757cb922d9ba47928d5,bundle_bytes,371715,758000.0,True
H4,H4,5f24b2bbe16d5c8f667064d5031553e1dd9c4d9dbb7e0757cb922d9ba47928d5,N_operations,90,758000.0,True
H4,H4,5f24b2bbe16d5c8f667064d5031553e1dd9c4d9dbb7e0757cb922d9ba47928d5,N_modes,172,758000.0,True
H4,H4,5f24b2bbe16d5c8f667064d5031553e1dd9c4d9dbb7e0757cb922d9ba47928d5,schedule_operation_count,90,758000.0,True
H4,H4,61f77c0251bcd2bbb51e6bff7e048bfcda7139b4e796314d32b47961ac3b5c1b,canonical_bytes,388,730650.0,True
H4,H4,61f77c0251bcd2bbb51e6bff7e048bfcda7139b4e796314d32b47961ac3b5c1b,bundle_bytes,373222,730650.0,True
H4,H4,61f77c0251bcd2bbb51e6bff7e048bfcda7139b4e796314d32b47961ac3b5c1b,N_operations,90,730650.0,True
H4,H4,61f77c0251bcd2bbb51e6bff7e048bfcda7139b4e796314d32b47961ac3b5c1b,N_modes,172,730650.0,True
H4,H4,61f77c0251bcd2bbb51e6bff7e048bfcda7139b4e796314d32b47961ac3b5c1b,schedule_operation_count,90,730650.0,True
H4,H4,634f3d08fd93ba622176ea6c9ff7ff1fb9d57a9b14f936f27d1460655fc20d72,canonical_bytes,388,758150.0,True
H4,H4,634f3d08fd93ba622176ea6c9ff7ff1fb9d57a9b14f936f27d1460655fc20d72,bundle_bytes,369189,758150.0,True
H4,H4,634f3d08fd93ba622176ea6c9ff7ff1fb9d57a9b14f936f27d1460655fc20d72,N_operations,90,758150.0,True
H4,H4,634f3d08fd93ba622176ea6c9ff7ff1fb9d57a9b14f936f27d1460655fc20d72,N_modes,172,758150.0,True
H4,H4,634f3d08fd93ba622176ea6c9ff7ff1fb9d57a9b14f936f27d1460655fc20d72,schedule_operation_count,90,758150.0,True
H4,H4,73cdcc11d1c23e47664696979a9b12b94deb5da000c18f37a8d7c0b641090788,canonical_bytes,391,1166800.0,True
H4,H4,73cdcc11d1c23e47664696979a9b12b94deb5da000c18f37a8d7c0b641090788,bundle_bytes,755370,1166800.0,True
H4,H4,73cdcc11d1c23e47664696979a9b12b94deb5da000c18f37a8d7c0b641090788,N_operations,150,1166800.0,True
H4,H4,73cdcc11d1c23e47664696979a9b12b94deb5da000c18f37a8d7c0b641090788,N_modes,451,1166800.0,True
H4,H4,73cdcc11d1c23e47664696979a9b12b94deb5da000c18f37a8d7c0b641090788,schedule_operation_count,150,1166800.0,True
H4,H4,7dc2cc636acd7eeb3db7367222360894cac918d6adca467d2f7a79960bbe8b1c,canonical_bytes,387,747250.0,True
H4,H4,7dc2cc636acd7eeb3db7367222360894cac918d6adca467d2f7a79960bbe8b1c,bundle_bytes,372138,747250.0,True
H4,H4,7dc2cc636acd7eeb3db7367222360894cac918d6adca467d2f7a79960bbe8b1c,N_operations,90,747250.0,True
H4,H4,7dc2cc636acd7eeb3db7367222360894cac918d6adca467d2f7a79960bbe8b1c,N_modes,172,747250.0,True
H4,H4,7dc2cc636acd7eeb3db7367222360894cac918d6adca467d2f7a79960bbe8b1c,schedule_operation_count,90,747250.0,True
H4,H4,8c60197386a54af6d06cac0996c81cbca4971ac83984afcf2a52fa27a5bb1b42,canonical_bytes,387,784700.0,True
H4,H4,8c60197386a54af6d06cac0996c81cbca4971ac83984afcf2a52fa27a5bb1b42,bundle_bytes,372245,784700.0,True
H4,H4,8c60197386a54af6d06cac0996c81cbca4971ac83984afcf2a52fa27a5bb1b42,N_operations,90,784700.0,True
H4,H4,8c60197386a54af6d06cac0996c81cbca4971ac83984afcf2a52fa27a5bb1b42,N_modes,172,784700.0,True
H4,H4,8c60197386a54af6d06cac0996c81cbca4971ac83984afcf2a52fa27a5bb1b42,schedule_operation_count,90,784700.0,True
H4,H4,8e3a1df6f55a6d53d21fd63c9dcda45cee6d1576c4989d45b40828d31e6d7281,canonical_bytes,389,773250.0,True
H4,H4,8e3a1df6f55a6d53d21fd63c9dcda45cee6d1576c4989d45b40828d31e6d7281,bundle_bytes,371639,773250.0,True
H4,H4,8e3a1df6f55a6d53d21fd63c9dcda45cee6d1576c4989d45b40828d31e6d7281,N_operations,90,773250.0,True
H4,H4,8e3a1df6f55a6d53d21fd63c9dcda45cee6d1576c4989d45b40828d31e6d7281,N_modes,172,773250.0,True
H4,H4,8e3a1df6f55a6d53d21fd63c9dcda45cee6d1576c4989d45b40828d31e6d7281,schedule_operation_count,90,773250.0,True
H4,H4,97eb8ea8dfec0a163a4b54e1179247553055627de3df3d7a40c8879cacc64800,canonical_bytes,395,1171350.0,True
H4,H4,97eb8ea8dfec0a163a4b54e1179247553055627de3df3d7a40c8879cacc64800,bundle_bytes,754947,1171350.0,True
H4,H4,97eb8ea8dfec0a163a4b54e1179247553055627de3df3d7a40c8879cacc64800,N_operations,150,1171350.0,True
H4,H4,97eb8ea8dfec0a163a4b54e1179247553055627de3df3d7a40c8879cacc64800,N_modes,451,1171350.0,True
H4,H4,97eb8ea8dfec0a163a4b54e1179247553055627de3df3d7a40c8879cacc64800,schedule_operation_count,150,1171350.0,True
H4,H4,9827288498c6ff63f3f7ec6f3bb833b53ac1c3cbaf59021addc82b6a8c08bae2,canonical_bytes,395,1151900.0,True
H4,H4,9827288498c6ff63f3f7ec6f3bb833b53ac1c3cbaf59021addc82b6a8c08bae2,bundle_bytes,754955,1151900.0,True
H4,H4,9827288498c6ff63f3f7ec6f3bb833b53ac1c3cbaf59021addc82b6a8c08bae2,N_operations,150,1151900.0,True
H4,H4,9827288498c6ff63f3f7ec6f3bb833b53ac1c3cbaf59021addc82b6a8c08bae2,N_modes,451,1151900.0,True
H4,H4,9827288498c6ff63f3f7ec6f3bb833b53ac1c3cbaf59021addc82b6a8c08bae2,schedule_operation_count,150,1151900.0,True
H4,H4,9f7906189c782cba7c3a4cc9cb8785764c8ad3fb1e637423a7a310d6c438feb5,canonical_bytes,386,732150.0,True
H4,H4,9f7906189c782cba7c3a4cc9cb8785764c8ad3fb1e637423a7a310d6c438feb5,bundle_bytes,376294,732150.0,True
H4,H4,9f7906189c782cba7c3a4cc9cb8785764c8ad3fb1e637423a7a310d6c438feb5,N_operations,90,732150.0,True
H4,H4,9f7906189c782cba7c3a4cc9cb8785764c8ad3fb1e637423a7a310d6c438feb5,N_modes,172,732150.0,True
H4,H4,9f7906189c782cba7c3a4cc9cb8785764c8ad3fb1e637423a7a310d6c438feb5,schedule_operation_count,90,732150.0,True
H4,H4,aa5b4ee1688c71f1a3932cd7d9b629a08e31ef09728f3280c98c7636eecfb8d3,canonical_bytes,392,1150200.0,True
H4,H4,aa5b4ee1688c71f1a3932cd7d9b629a08e31ef09728f3280c98c7636eecfb8d3,bundle_bytes,754924,1150200.0,True
H4,H4,aa5b4ee1688c71f1a3932cd7d9b629a08e31ef09728f3280c98c7636eecfb8d3,N_operations,150,1150200.0,True
H4,H4,aa5b4ee1688c71f1a3932cd7d9b629a08e31ef09728f3280c98c7636eecfb8d3,N_modes,451,1150200.0,True
H4,H4,aa5b4ee1688c71f1a3932cd7d9b629a08e31ef09728f3280c98c7636eecfb8d3,schedule_operation_count,150,1150200.0,True
H4,H4,aad646b14392b632d658225dedb7d3953424ab9ab19ebafdc67bd9a7f02eb50b,canonical_bytes,389,1157300.0,True
H4,H4,aad646b14392b632d658225dedb7d3953424ab9ab19ebafdc67bd9a7f02eb50b,bundle_bytes,782303,1157300.0,True
H4,H4,aad646b14392b632d658225dedb7d3953424ab9ab19ebafdc67bd9a7f02eb50b,N_operations,150,1157300.0,True
H4,H4,aad646b14392b632d658225dedb7d3953424ab9ab19ebafdc67bd9a7f02eb50b,N_modes,490,1157300.0,True
H4,H4,aad646b14392b632d658225dedb7d3953424ab9ab19ebafdc67bd9a7f02eb50b,schedule_operation_count,150,1157300.0,True
H4,H4,abc8d6ba26b9728a25ebd17f4066aa5421f54fde1c1ef630cc33cb308c0fb8e5,canonical_bytes,388,756000.0,True
H4,H4,abc8d6ba26b9728a25ebd17f4066aa5421f54fde1c1ef630cc33cb308c0fb8e5,bundle_bytes,373355,756000.0,True
H4,H4,abc8d6ba26b9728a25ebd17f4066aa5421f54fde1c1ef630cc33cb308c0fb8e5,N_operations,90,756000.0,True
H4,H4,abc8d6ba26b9728a25ebd17f4066aa5421f54fde1c1ef630cc33cb308c0fb8e5,N_modes,172,756000.0,True
H4,H4,abc8d6ba26b9728a25ebd17f4066aa5421f54fde1c1ef630cc33cb308c0fb8e5,schedule_operation_count,90,756000.0,True
H4,H4,b0f01f4c7ca822555039b9267d8985edbeb149abc0a710d6583cea634584f862,canonical_bytes,388,1158900.0,True
H4,H4,b0f01f4c7ca822555039b9267d8985edbeb149abc0a710d6583cea634584f862,bundle_bytes,778599,1158900.0,True
H4,H4,b0f01f4c7ca822555039b9267d8985edbeb149abc0a710d6583cea634584f862,N_operations,150,1158900.0,True
H4,H4,b0f01f4c7ca822555039b9267d8985edbeb149abc0a710d6583cea634584f862,N_modes,490,1158900.0,True
H4,H4,b0f01f4c7ca822555039b9267d8985edbeb149abc0a710d6583cea634584f862,schedule_operation_count,150,1158900.0,True
H4,H4,b31f9c5cbf923f188771558357941c1a7d6a71089f67793c620cf7034a070eb2,canonical_bytes,385,744150.0,True
H4,H4,b31f9c5cbf923f188771558357941c1a7d6a71089f67793c620cf7034a070eb2,bundle_bytes,377436,744150.0,True
H4,H4,b31f9c5cbf923f188771558357941c1a7d6a71089f67793c620cf7034a070eb2,N_operations,90,744150.0,True
H4,H4,b31f9c5cbf923f188771558357941c1a7d6a71089f67793c620cf7034a070eb2,N_modes,172,744150.0,True
H4,H4,b31f9c5cbf923f188771558357941c1a7d6a71089f67793c620cf7034a070eb2,schedule_operation_count,90,744150.0,True
H4,H4,b5c400c27e6dbb1cc8466c5ce68e1530b6d984599f3c01c36496b49b586ff5e3,canonical_bytes,392,1166150.0,True
H4,H4,b5c400c27e6dbb1cc8466c5ce68e1530b6d984599f3c01c36496b49b586ff5e3,bundle_bytes,755038,1166150.0,True
H4,H4,b5c400c27e6dbb1cc8466c5ce68e1530b6d984599f3c01c36496b49b586ff5e3,N_operations,150,1166150.0,True
H4,H4,b5c400c27e6dbb1cc8466c5ce68e1530b6d984599f3c01c36496b49b586ff5e3,N_modes,451,1166150.0,True
H4,H4,b5c400c27e6dbb1cc8466c5ce68e1530b6d984599f3c01c36496b49b586ff5e3,schedule_operation_count,150,1166150.0,True
H4,H4,bb3f15222034bdf87b9be499b27f859fe778b781693fd54677f83bd7531f0680,canonical_bytes,387,779900.0,True
H4,H4,bb3f15222034bdf87b9be499b27f859fe778b781693fd54677f83bd7531f0680,bundle_bytes,376547,779900.0,True
H4,H4,bb3f15222034bdf87b9be499b27f859fe778b781693fd54677f83bd7531f0680,N_operations,90,779900.0,True
H4,H4,bb3f15222034bdf87b9be499b27f859fe778b781693fd54677f83bd7531f0680,N_modes,172,779900.0,True
H4,H4,bb3f15222034bdf87b9be499b27f859fe778b781693fd54677f83bd7531f0680,schedule_operation_count,90,779900.0,True
H4,H4,ce18361670bfbcde2f3ff22167187aecef9164dedbf1198bc7563c147804780e,canonical_bytes,404,1150500.0,True
H4,H4,ce18361670bfbcde2f3ff22167187aecef9164dedbf1198bc7563c147804780e,bundle_bytes,755123,1150500.0,True
H4,H4,ce18361670bfbcde2f3ff22167187aecef9164dedbf1198bc7563c147804780e,N_operations,150,1150500.0,True
H4,H4,ce18361670bfbcde2f3ff22167187aecef9164dedbf1198bc7563c147804780e,N_modes,451,1150500.0,True
H4,H4,ce18361670bfbcde2f3ff22167187aecef9164dedbf1198bc7563c147804780e,schedule_operation_count,150,1150500.0,True
H4,H4,ceae66508816dc9f5458c925c89f155658e6c78710a8753d337ac385481cc1bf,canonical_bytes,395,1159750.0,True
H4,H4,ceae66508816dc9f5458c925c89f155658e6c78710a8753d337ac385481cc1bf,bundle_bytes,754947,1159750.0,True
H4,H4,ceae66508816dc9f5458c925c89f155658e6c78710a8753d337ac385481cc1bf,N_operations,150,1159750.0,True
H4,H4,ceae66508816dc9f5458c925c89f155658e6c78710a8753d337ac385481cc1bf,N_modes,451,1159750.0,True
H4,H4,ceae66508816dc9f5458c925c89f155658e6c78710a8753d337ac385481cc1bf,schedule_operation_count,150,1159750.0,True
H4,H4,d093d52f24139c1b6fb09b775beedd000f1a7b3716df906d7d36e91e7e848265,canonical_bytes,390,1145700.0,True
H4,H4,d093d52f24139c1b6fb09b775beedd000f1a7b3716df906d7d36e91e7e848265,bundle_bytes,758647,1145700.0,True
H4,H4,d093d52f24139c1b6fb09b775beedd000f1a7b3716df906d7d36e91e7e848265,N_operations,150,1145700.0,True
H4,H4,d093d52f24139c1b6fb09b775beedd000f1a7b3716df906d7d36e91e7e848265,N_modes,451,1145700.0,True
H4,H4,d093d52f24139c1b6fb09b775beedd000f1a7b3716df906d7d36e91e7e848265,schedule_operation_count,150,1145700.0,True
H4,H4,d4b957654a5efd71168d6f7e67936e6abf4666ceb41e7919635002157b125411,canonical_bytes,386,757650.0,True
H4,H4,d4b957654a5efd71168d6f7e67936e6abf4666ceb41e7919635002157b125411,bundle_bytes,369648,757650.0,True
H4,H4,d4b957654a5efd71168d6f7e67936e6abf4666ceb41e7919635002157b125411,N_operations,90,757650.0,True
H4,H4,d4b957654a5efd71168d6f7e67936e6abf4666ceb41e7919635002157b125411,N_modes,172,757650.0,True
H4,H4,d4b957654a5efd71168d6f7e67936e6abf4666ceb41e7919635002157b125411,schedule_operation_count,90,757650.0,True
H4,H4,d598e89b357205c7b4bd47c5ebbe933f8be1f7c8dcdee85e66ec6829cafb91d3,canonical_bytes,387,761350.0,True
H4,H4,d598e89b357205c7b4bd47c5ebbe933f8be1f7c8dcdee85e66ec6829cafb91d3,bundle_bytes,366660,761350.0,True
H4,H4,d598e89b357205c7b4bd47c5ebbe933f8be1f7c8dcdee85e66ec6829cafb91d3,N_operations,90,761350.0,True
H4,H4,d598e89b357205c7b4bd47c5ebbe933f8be1f7c8dcdee85e66ec6829cafb91d3,N_modes,172,761350.0,True
H4,H4,d598e89b357205c7b4bd47c5ebbe933f8be1f7c8dcdee85e66ec6829cafb91d3,schedule_operation_count,90,761350.0,True
H4,H4,eb3670bbe434a59cc94347384a5d50fb526d26a00dbf6da73e54438c4bacc2a0,canonical_bytes,401,771100.0,True
H4,H4,eb3670bbe434a59cc94347384a5d50fb526d26a00dbf6da73e54438c4bacc2a0,bundle_bytes,371712,771100.0,True
H4,H4,eb3670bbe434a59cc94347384a5d50fb526d26a00dbf6da73e54438c4bacc2a0,N_operations,90,771100.0,True
H4,H4,eb3670bbe434a59cc94347384a5d50fb526d26a00dbf6da73e54438c4bacc2a0,N_modes,172,771100.0,True
H4,H4,eb3670bbe434a59cc94347384a5d50fb526d26a00dbf6da73e54438c4bacc2a0,schedule_operation_count,90,771100.0,True
H4,H4,f1e5fc58ea336e13c098308a2da00dee7de3dd3aa08d6170df4a3cb1afd09795,canonical_bytes,391,1150850.0,True
H4,H4,f1e5fc58ea336e13c098308a2da00dee7de3dd3aa08d6170df4a3cb1afd09795,bundle_bytes,755658,1150850.0,True
H4,H4,f1e5fc58ea336e13c098308a2da00dee7de3dd3aa08d6170df4a3cb1afd09795,N_operations,150,1150850.0,True
H4,H4,f1e5fc58ea336e13c098308a2da00dee7de3dd3aa08d6170df4a3cb1afd09795,N_modes,451,1150850.0,True
H4,H4,f1e5fc58ea336e13c098308a2da00dee7de3dd3aa08d6170df4a3cb1afd09795,schedule_operation_count,150,1150850.0,True
H4,H4,f583baa2dad1527b5f84f71805410ee51b78fce2b1be62de49f1636c06821c7b,canonical_bytes,390,1149500.0,True
H4,H4,f583baa2dad1527b5f84f71805410ee51b78fce2b1be62de49f1636c06821c7b,bundle_bytes,758750,1149500.0,True
H4,H4,f583baa2dad1527b5f84f71805410ee51b78fce2b1be62de49f1636c06821c7b,N_operations,150,1149500.0,True
H4,H4,f583baa2dad1527b5f84f71805410ee51b78fce2b1be62de49f1636c06821c7b,N_modes,451,1149500.0,True
H4,H4,f583baa2dad1527b5f84f71805410ee51b78fce2b1be62de49f1636c06821c7b,schedule_operation_count,150,1149500.0,True
H4,H4,f64f55ad9277004ae441909cd6556d26eeaf73d3eb3c537384be703615149f96,canonical_bytes,401,758400.0,True
H4,H4,f64f55ad9277004ae441909cd6556d26eeaf73d3eb3c537384be703615149f96,bundle_bytes,371715,758400.0,True
H4,H4,f64f55ad9277004ae441909cd6556d26eeaf73d3eb3c537384be703615149f96,N_operations,90,758400.0,True
H4,H4,f64f55ad9277004ae441909cd6556d26eeaf73d3eb3c537384be703615149f96,N_modes,172,758400.0,True
H4,H4,f64f55ad9277004ae441909cd6556d26eeaf73d3eb3c537384be703615149f96,schedule_operation_count,90,758400.0,True
H4,H4,f80e8a50e0815fda9eef8635e52671f3888786c4daef5767b8da7b74e4311646,canonical_bytes,389,1138450.0,True
H4,H4,f80e8a50e0815fda9eef8635e52671f3888786c4daef5767b8da7b74e4311646,bundle_bytes,780287,1138450.0,True
H4,H4,f80e8a50e0815fda9eef8635e52671f3888786c4daef5767b8da7b74e4311646,N_operations,150,1138450.0,True
H4,H4,f80e8a50e0815fda9eef8635e52671f3888786c4daef5767b8da7b74e4311646,N_modes,490,1138450.0,True
H4,H4,f80e8a50e0815fda9eef8635e52671f3888786c4daef5767b8da7b74e4311646,schedule_operation_count,150,1138450.0,True
H4,H4,f9ade00b139ce33674b05d1766de3ec85779abfd83f893a7b2437817100901d9,canonical_bytes,388,774500.0,True
H4,H4,f9ade00b139ce33674b05d1766de3ec85779abfd83f893a7b2437817100901d9,bundle_bytes,369294,774500.0,True
H4,H4,f9ade00b139ce33674b05d1766de3ec85779abfd83f893a7b2437817100901d9,N_operations,90,774500.0,True
H4,H4,f9ade00b139ce33674b05d1766de3ec85779abfd83f893a7b2437817100901d9,N_modes,172,774500.0,True
H4,H4,f9ade00b139ce33674b05d1766de3ec85779abfd83f893a7b2437817100901d9,schedule_operation_count,90,774500.0,True
H4,H4,feb26c8ce25b99d6b090e07fca86c8e2dbf3ff2d6b891634c4c71b179329ab47,canonical_bytes,385,738550.0,True
H4,H4,feb26c8ce25b99d6b090e07fca86c8e2dbf3ff2d6b891634c4c71b179329ab47,bundle_bytes,377302,738550.0,True
H4,H4,feb26c8ce25b99d6b090e07fca86c8e2dbf3ff2d6b891634c4c71b179329ab47,N_operations,90,738550.0,True
H4,H4,feb26c8ce25b99d6b090e07fca86c8e2dbf3ff2d6b891634c4c71b179329ab47,N_modes,172,738550.0,True
H4,H4,feb26c8ce25b99d6b090e07fca86c8e2dbf3ff2d6b891634c4c71b179329ab47,schedule_operation_count,90,738550.0,True
H5,H5,052b2dfeb855619b4e74c70e7155e5699a6aebc572c887f1432462ecf4afce6b,canonical_bytes,404,12800.0,True
H5,H5,052b2dfeb855619b4e74c70e7155e5699a6aebc572c887f1432462ecf4afce6b,bundle_bytes,755121,12800.0,True
H5,H5,052b2dfeb855619b4e74c70e7155e5699a6aebc572c887f1432462ecf4afce6b,N_operations,150,12800.0,True
H5,H5,052b2dfeb855619b4e74c70e7155e5699a6aebc572c887f1432462ecf4afce6b,N_modes,451,12800.0,True
H5,H5,052b2dfeb855619b4e74c70e7155e5699a6aebc572c887f1432462ecf4afce6b,schedule_operation_count,150,12800.0,True
H5,H5,0edc936e36dbd00367c35ec096b127c69211776f53ead8d7b9619a78d9b3beb5,canonical_bytes,388,11650.0,True
H5,H5,0edc936e36dbd00367c35ec096b127c69211776f53ead8d7b9619a78d9b3beb5,bundle_bytes,779480,11650.0,True
H5,H5,0edc936e36dbd00367c35ec096b127c69211776f53ead8d7b9619a78d9b3beb5,N_operations,150,11650.0,True
H5,H5,0edc936e36dbd00367c35ec096b127c69211776f53ead8d7b9619a78d9b3beb5,N_modes,490,11650.0,True
H5,H5,0edc936e36dbd00367c35ec096b127c69211776f53ead8d7b9619a78d9b3beb5,schedule_operation_count,150,11650.0,True
H5,H5,19993579c580ecb799e1ce158990340e547863ae75c4be153b97908cb5cd08a2,canonical_bytes,386,13050.0,True
H5,H5,19993579c580ecb799e1ce158990340e547863ae75c4be153b97908cb5cd08a2,bundle_bytes,376417,13050.0,True
H5,H5,19993579c580ecb799e1ce158990340e547863ae75c4be153b97908cb5cd08a2,N_operations,90,13050.0,True
H5,H5,19993579c580ecb799e1ce158990340e547863ae75c4be153b97908cb5cd08a2,N_modes,172,13050.0,True
H5,H5,19993579c580ecb799e1ce158990340e547863ae75c4be153b97908cb5cd08a2,schedule_operation_count,90,13050.0,True
H5,H5,1bb3dc3f26212de23def1f2ca0d598d344fea56b8a73247e2f6390ebea07946d,canonical_bytes,387,8400.0,True
H5,H5,1bb3dc3f26212de23def1f2ca0d598d344fea56b8a73247e2f6390ebea07946d,bundle_bytes,376647,8400.0,True
H5,H5,1bb3dc3f26212de23def1f2ca0d598d344fea56b8a73247e2f6390ebea07946d,N_operations,90,8400.0,True
H5,H5,1bb3dc3f26212de23def1f2ca0d598d344fea56b8a73247e2f6390ebea07946d,N_modes,172,8400.0,True
H5,H5,1bb3dc3f26212de23def1f2ca0d598d344fea56b8a73247e2f6390ebea07946d,schedule_operation_count,90,8400.0,True
H5,H5,2443e5a3d32298289c0b98d2a7d3a03cbf4194a7adecf97293b0ac348944ba9e,canonical_bytes,404,10750.0,True
H5,H5,2443e5a3d32298289c0b98d2a7d3a03cbf4194a7adecf97293b0ac348944ba9e,bundle_bytes,755111,10750.0,True
H5,H5,2443e5a3d32298289c0b98d2a7d3a03cbf4194a7adecf97293b0ac348944ba9e,N_operations,150,10750.0,True
H5,H5,2443e5a3d32298289c0b98d2a7d3a03cbf4194a7adecf97293b0ac348944ba9e,N_modes,451,10750.0,True
H5,H5,2443e5a3d32298289c0b98d2a7d3a03cbf4194a7adecf97293b0ac348944ba9e,schedule_operation_count,150,10750.0,True
H5,H5,245cb7ed72fd0a10da80157bd648a7ae9e8bd9ef722909fe778d274715ad67b3,canonical_bytes,386,12550.0,True
H5,H5,245cb7ed72fd0a10da80157bd648a7ae9e8bd9ef722909fe778d274715ad67b3,bundle_bytes,369530,12550.0,True
H5,H5,245cb7ed72fd0a10da80157bd648a7ae9e8bd9ef722909fe778d274715ad67b3,N_operations,90,12550.0,True
H5,H5,245cb7ed72fd0a10da80157bd648a7ae9e8bd9ef722909fe778d274715ad67b3,N_modes,172,12550.0,True
H5,H5,245cb7ed72fd0a10da80157bd648a7ae9e8bd9ef722909fe778d274715ad67b3,schedule_operation_count,90,12550.0,True
H5,H5,268469c82535bf1ba82a82324d755f40ad8bc7255c875b8e25c2d7943cff1ff3,canonical_bytes,387,11950.0,True
H5,H5,268469c82535bf1ba82a82324d755f40ad8bc7255c875b8e25c2d7943cff1ff3,bundle_bytes,779262,11950.0,True
H5,H5,268469c82535bf1ba82a82324d755f40ad8bc7255c875b8e25c2d7943cff1ff3,N_operations,150,11950.0,True
H5,H5,268469c82535bf1ba82a82324d755f40ad8bc7255c875b8e25c2d7943cff1ff3,N_modes,490,11950.0,True
H5,H5,268469c82535bf1ba82a82324d755f40ad8bc7255c875b8e25c2d7943cff1ff3,schedule_operation_count,150,11950.0,True
H5,H5,2908e9ba69598735be8757d9b153473f5bacec1feb89ecff91ce994824a10178,canonical_bytes,387,12150.0,True
H5,H5,2908e9ba69598735be8757d9b153473f5bacec1feb89ecff91ce994824a10178,bundle_bytes,778769,12150.0,True
H5,H5,2908e9ba69598735be8757d9b153473f5bacec1feb89ecff91ce994824a10178,N_operations,150,12150.0,True
H5,H5,2908e9ba69598735be8757d9b153473f5bacec1feb89ecff91ce994824a10178,N_modes,490,12150.0,True
H5,H5,2908e9ba69598735be8757d9b153473f5bacec1feb89ecff91ce994824a10178,schedule_operation_count,150,12150.0,True
H5,H5,474b6ef7aac2feb7cb9195d7d3644f0d53d378eb4518ef87a9a2f7714d8ef3d5,canonical_bytes,392,12300.0,True
H5,H5,474b6ef7aac2feb7cb9195d7d3644f0d53d378eb4518ef87a9a2f7714d8ef3d5,bundle_bytes,371559,12300.0,True
H5,H5,474b6ef7aac2feb7cb9195d7d3644f0d53d378eb4518ef87a9a2f7714d8ef3d5,N_operations,90,12300.0,True
H5,H5,474b6ef7aac2feb7cb9195d7d3644f0d53d378eb4518ef87a9a2f7714d8ef3d5,N_modes,172,12300.0,True
H5,H5,474b6ef7aac2feb7cb9195d7d3644f0d53d378eb4518ef87a9a2f7714d8ef3d5,schedule_operation_count,90,12300.0,True
H5,H5,4fafb9a13ff5e2fda82a804bf609727b68a17926d69ae1574c4801604ec81359,canonical_bytes,392,11500.0,True
H5,H5,4fafb9a13ff5e2fda82a804bf609727b68a17926d69ae1574c4801604ec81359,bundle_bytes,371549,11500.0,True
H5,H5,4fafb9a13ff5e2fda82a804bf609727b68a17926d69ae1574c4801604ec81359,N_operations,90,11500.0,True
H5,H5,4fafb9a13ff5e2fda82a804bf609727b68a17926d69ae1574c4801604ec81359,N_modes,172,11500.0,True
H5,H5,4fafb9a13ff5e2fda82a804bf609727b68a17926d69ae1574c4801604ec81359,schedule_operation_count,90,11500.0,True
H5,H5,54349d927b9070c144f507868f9ef8b962c7c926426b33c3a7e0c88f715b246a,canonical_bytes,389,11300.0,True
H5,H5,54349d927b9070c144f507868f9ef8b962c7c926426b33c3a7e0c88f715b246a,bundle_bytes,371510,11300.0,True
H5,H5,54349d927b9070c144f507868f9ef8b962c7c926426b33c3a7e0c88f715b246a,N_operations,90,11300.0,True
H5,H5,54349d927b9070c144f507868f9ef8b962c7c926426b33c3a7e0c88f715b246a,N_modes,172,11300.0,True
H5,H5,54349d927b9070c144f507868f9ef8b962c7c926426b33c3a7e0c88f715b246a,schedule_operation_count,90,11300.0,True
H5,H5,558b8365de15727bf495595ed539867872c185b280ea249712f3b1d5f8674cd5,canonical_bytes,392,9900.0,True
H5,H5,558b8365de15727bf495595ed539867872c185b280ea249712f3b1d5f8674cd5,bundle_bytes,371529,9900.0,True
H5,H5,558b8365de15727bf495595ed539867872c185b280ea249712f3b1d5f8674cd5,N_operations,90,9900.0,True
H5,H5,558b8365de15727bf495595ed539867872c185b280ea249712f3b1d5f8674cd5,N_modes,172,9900.0,True
H5,H5,558b8365de15727bf495595ed539867872c185b280ea249712f3b1d5f8674cd5,schedule_operation_count,90,9900.0,True
H5,H5,5ecccd77f46ab5549088b57686632a9eb5ccf1a5a977fbe35cfae6a50eca52bb,canonical_bytes,387,12700.0,True
H5,H5,5ecccd77f46ab5549088b57686632a9eb5ccf1a5a977fbe35cfae6a50eca52bb,bundle_bytes,366528,12700.0,True
H5,H5,5ecccd77f46ab5549088b57686632a9eb5ccf1a5a977fbe35cfae6a50eca52bb,N_operations,90,12700.0,True
H5,H5,5ecccd77f46ab5549088b57686632a9eb5ccf1a5a977fbe35cfae6a50eca52bb,N_modes,172,12700.0,True
H5,H5,5ecccd77f46ab5549088b57686632a9eb5ccf1a5a977fbe35cfae6a50eca52bb,schedule_operation_count,90,12700.0,True
H5,H5,5f24b2bbe16d5c8f667064d5031553e1dd9c4d9dbb7e0757cb922d9ba47928d5,canonical_bytes,401,12800.0,True
H5,H5,5f24b2bbe16d5c8f667064d5031553e1dd9c4d9dbb7e0757cb922d9ba47928d5,bundle_bytes,371715,12800.0,True
H5,H5,5f24b2bbe16d5c8f667064d5031553e1dd9c4d9dbb7e0757cb922d9ba47928d5,N_operations,90,12800.0,True
H5,H5,5f24b2bbe16d5c8f667064d5031553e1dd9c4d9dbb7e0757cb922d9ba47928d5,N_modes,172,12800.0,True
H5,H5,5f24b2bbe16d5c8f667064d5031553e1dd9c4d9dbb7e0757cb922d9ba47928d5,schedule_operation_count,90,12800.0,True
H5,H5,61f77c0251bcd2bbb51e6bff7e048bfcda7139b4e796314d32b47961ac3b5c1b,canonical_bytes,388,10150.0,True
H5,H5,61f77c0251bcd2bbb51e6bff7e048bfcda7139b4e796314d32b47961ac3b5c1b,bundle_bytes,373222,10150.0,True
H5,H5,61f77c0251bcd2bbb51e6bff7e048bfcda7139b4e796314d32b47961ac3b5c1b,N_operations,90,10150.0,True
H5,H5,61f77c0251bcd2bbb51e6bff7e048bfcda7139b4e796314d32b47961ac3b5c1b,N_modes,172,10150.0,True
H5,H5,61f77c0251bcd2bbb51e6bff7e048bfcda7139b4e796314d32b47961ac3b5c1b,schedule_operation_count,90,10150.0,True
H5,H5,634f3d08fd93ba622176ea6c9ff7ff1fb9d57a9b14f936f27d1460655fc20d72,canonical_bytes,388,11800.0,True
H5,H5,634f3d08fd93ba622176ea6c9ff7ff1fb9d57a9b14f936f27d1460655fc20d72,bundle_bytes,369189,11800.0,True
H5,H5,634f3d08fd93ba622176ea6c9ff7ff1fb9d57a9b14f936f27d1460655fc20d72,N_operations,90,11800.0,True
H5,H5,634f3d08fd93ba622176ea6c9ff7ff1fb9d57a9b14f936f27d1460655fc20d72,N_modes,172,11800.0,True
H5,H5,634f3d08fd93ba622176ea6c9ff7ff1fb9d57a9b14f936f27d1460655fc20d72,schedule_operation_count,90,11800.0,True
H5,H5,73cdcc11d1c23e47664696979a9b12b94deb5da000c18f37a8d7c0b641090788,canonical_bytes,391,16300.0,True
H5,H5,73cdcc11d1c23e47664696979a9b12b94deb5da000c18f37a8d7c0b641090788,bundle_bytes,755370,16300.0,True
H5,H5,73cdcc11d1c23e47664696979a9b12b94deb5da000c18f37a8d7c0b641090788,N_operations,150,16300.0,True
H5,H5,73cdcc11d1c23e47664696979a9b12b94deb5da000c18f37a8d7c0b641090788,N_modes,451,16300.0,True
H5,H5,73cdcc11d1c23e47664696979a9b12b94deb5da000c18f37a8d7c0b641090788,schedule_operation_count,150,16300.0,True
H5,H5,7dc2cc636acd7eeb3db7367222360894cac918d6adca467d2f7a79960bbe8b1c,canonical_bytes,387,8150.0,True
H5,H5,7dc2cc636acd7eeb3db7367222360894cac918d6adca467d2f7a79960bbe8b1c,bundle_bytes,372138,8150.0,True
H5,H5,7dc2cc636acd7eeb3db7367222360894cac918d6adca467d2f7a79960bbe8b1c,N_operations,90,8150.0,True
H5,H5,7dc2cc636acd7eeb3db7367222360894cac918d6adca467d2f7a79960bbe8b1c,N_modes,172,8150.0,True
H5,H5,7dc2cc636acd7eeb3db7367222360894cac918d6adca467d2f7a79960bbe8b1c,schedule_operation_count,90,8150.0,True
H5,H5,8c60197386a54af6d06cac0996c81cbca4971ac83984afcf2a52fa27a5bb1b42,canonical_bytes,387,11950.0,True
H5,H5,8c60197386a54af6d06cac0996c81cbca4971ac83984afcf2a52fa27a5bb1b42,bundle_bytes,372245,11950.0,True
H5,H5,8c60197386a54af6d06cac0996c81cbca4971ac83984afcf2a52fa27a5bb1b42,N_operations,90,11950.0,True
H5,H5,8c60197386a54af6d06cac0996c81cbca4971ac83984afcf2a52fa27a5bb1b42,N_modes,172,11950.0,True
H5,H5,8c60197386a54af6d06cac0996c81cbca4971ac83984afcf2a52fa27a5bb1b42,schedule_operation_count,90,11950.0,True
H5,H5,8e3a1df6f55a6d53d21fd63c9dcda45cee6d1576c4989d45b40828d31e6d7281,canonical_bytes,389,13450.0,True
H5,H5,8e3a1df6f55a6d53d21fd63c9dcda45cee6d1576c4989d45b40828d31e6d7281,bundle_bytes,371639,13450.0,True
H5,H5,8e3a1df6f55a6d53d21fd63c9dcda45cee6d1576c4989d45b40828d31e6d7281,N_operations,90,13450.0,True
H5,H5,8e3a1df6f55a6d53d21fd63c9dcda45cee6d1576c4989d45b40828d31e6d7281,N_modes,172,13450.0,True
H5,H5,8e3a1df6f55a6d53d21fd63c9dcda45cee6d1576c4989d45b40828d31e6d7281,schedule_operation_count,90,13450.0,True
H5,H5,97eb8ea8dfec0a163a4b54e1179247553055627de3df3d7a40c8879cacc64800,canonical_bytes,395,10600.0,True
H5,H5,97eb8ea8dfec0a163a4b54e1179247553055627de3df3d7a40c8879cacc64800,bundle_bytes,754947,10600.0,True
H5,H5,97eb8ea8dfec0a163a4b54e1179247553055627de3df3d7a40c8879cacc64800,N_operations,150,10600.0,True
H5,H5,97eb8ea8dfec0a163a4b54e1179247553055627de3df3d7a40c8879cacc64800,N_modes,451,10600.0,True
H5,H5,97eb8ea8dfec0a163a4b54e1179247553055627de3df3d7a40c8879cacc64800,schedule_operation_count,150,10600.0,True
H5,H5,9827288498c6ff63f3f7ec6f3bb833b53ac1c3cbaf59021addc82b6a8c08bae2,canonical_bytes,395,11600.0,True
H5,H5,9827288498c6ff63f3f7ec6f3bb833b53ac1c3cbaf59021addc82b6a8c08bae2,bundle_bytes,754955,11600.0,True
H5,H5,9827288498c6ff63f3f7ec6f3bb833b53ac1c3cbaf59021addc82b6a8c08bae2,N_operations,150,11600.0,True
H5,H5,9827288498c6ff63f3f7ec6f3bb833b53ac1c3cbaf59021addc82b6a8c08bae2,N_modes,451,11600.0,True
H5,H5,9827288498c6ff63f3f7ec6f3bb833b53ac1c3cbaf59021addc82b6a8c08bae2,schedule_operation_count,150,11600.0,True
H5,H5,9f7906189c782cba7c3a4cc9cb8785764c8ad3fb1e637423a7a310d6c438feb5,canonical_bytes,386,9350.0,True
H5,H5,9f7906189c782cba7c3a4cc9cb8785764c8ad3fb1e637423a7a310d6c438feb5,bundle_bytes,376294,9350.0,True
H5,H5,9f7906189c782cba7c3a4cc9cb8785764c8ad3fb1e637423a7a310d6c438feb5,N_operations,90,9350.0,True
H5,H5,9f7906189c782cba7c3a4cc9cb8785764c8ad3fb1e637423a7a310d6c438feb5,N_modes,172,9350.0,True
H5,H5,9f7906189c782cba7c3a4cc9cb8785764c8ad3fb1e637423a7a310d6c438feb5,schedule_operation_count,90,9350.0,True
H5,H5,aa5b4ee1688c71f1a3932cd7d9b629a08e31ef09728f3280c98c7636eecfb8d3,canonical_bytes,392,15800.0,True
H5,H5,aa5b4ee1688c71f1a3932cd7d9b629a08e31ef09728f3280c98c7636eecfb8d3,bundle_bytes,754924,15800.0,True
H5,H5,aa5b4ee1688c71f1a3932cd7d9b629a08e31ef09728f3280c98c7636eecfb8d3,N_operations,150,15800.0,True
H5,H5,aa5b4ee1688c71f1a3932cd7d9b629a08e31ef09728f3280c98c7636eecfb8d3,N_modes,451,15800.0,True
H5,H5,aa5b4ee1688c71f1a3932cd7d9b629a08e31ef09728f3280c98c7636eecfb8d3,schedule_operation_count,150,15800.0,True
H5,H5,aad646b14392b632d658225dedb7d3953424ab9ab19ebafdc67bd9a7f02eb50b,canonical_bytes,389,12450.0,True
H5,H5,aad646b14392b632d658225dedb7d3953424ab9ab19ebafdc67bd9a7f02eb50b,bundle_bytes,782303,12450.0,True
H5,H5,aad646b14392b632d658225dedb7d3953424ab9ab19ebafdc67bd9a7f02eb50b,N_operations,150,12450.0,True
H5,H5,aad646b14392b632d658225dedb7d3953424ab9ab19ebafdc67bd9a7f02eb50b,N_modes,490,12450.0,True
H5,H5,aad646b14392b632d658225dedb7d3953424ab9ab19ebafdc67bd9a7f02eb50b,schedule_operation_count,150,12450.0,True
H5,H5,abc8d6ba26b9728a25ebd17f4066aa5421f54fde1c1ef630cc33cb308c0fb8e5,canonical_bytes,388,12550.0,True
H5,H5,abc8d6ba26b9728a25ebd17f4066aa5421f54fde1c1ef630cc33cb308c0fb8e5,bundle_bytes,373355,12550.0,True
H5,H5,abc8d6ba26b9728a25ebd17f4066aa5421f54fde1c1ef630cc33cb308c0fb8e5,N_operations,90,12550.0,True
H5,H5,abc8d6ba26b9728a25ebd17f4066aa5421f54fde1c1ef630cc33cb308c0fb8e5,N_modes,172,12550.0,True
H5,H5,abc8d6ba26b9728a25ebd17f4066aa5421f54fde1c1ef630cc33cb308c0fb8e5,schedule_operation_count,90,12550.0,True
H5,H5,b0f01f4c7ca822555039b9267d8985edbeb149abc0a710d6583cea634584f862,canonical_bytes,388,13450.0,True
H5,H5,b0f01f4c7ca822555039b9267d8985edbeb149abc0a710d6583cea634584f862,bundle_bytes,778599,13450.0,True
H5,H5,b0f01f4c7ca822555039b9267d8985edbeb149abc0a710d6583cea634584f862,N_operations,150,13450.0,True
H5,H5,b0f01f4c7ca822555039b9267d8985edbeb149abc0a710d6583cea634584f862,N_modes,490,13450.0,True
H5,H5,b0f01f4c7ca822555039b9267d8985edbeb149abc0a710d6583cea634584f862,schedule_operation_count,150,13450.0,True
H5,H5,b31f9c5cbf923f188771558357941c1a7d6a71089f67793c620cf7034a070eb2,canonical_bytes,385,10150.0,True
H5,H5,b31f9c5cbf923f188771558357941c1a7d6a71089f67793c620cf7034a070eb2,bundle_bytes,377436,10150.0,True
H5,H5,b31f9c5cbf923f188771558357941c1a7d6a71089f67793c620cf7034a070eb2,N_operations,90,10150.0,True
H5,H5,b31f9c5cbf923f188771558357941c1a7d6a71089f67793c620cf7034a070eb2,N_modes,172,10150.0,True
H5,H5,b31f9c5cbf923f188771558357941c1a7d6a71089f67793c620cf7034a070eb2,schedule_operation_count,90,10150.0,True
H5,H5,b5c400c27e6dbb1cc8466c5ce68e1530b6d984599f3c01c36496b49b586ff5e3,canonical_bytes,392,11600.0,True
H5,H5,b5c400c27e6dbb1cc8466c5ce68e1530b6d984599f3c01c36496b49b586ff5e3,bundle_bytes,755038,11600.0,True
H5,H5,b5c400c27e6dbb1cc8466c5ce68e1530b6d984599f3c01c36496b49b586ff5e3,N_operations,150,11600.0,True
H5,H5,b5c400c27e6dbb1cc8466c5ce68e1530b6d984599f3c01c36496b49b586ff5e3,N_modes,451,11600.0,True
H5,H5,b5c400c27e6dbb1cc8466c5ce68e1530b6d984599f3c01c36496b49b586ff5e3,schedule_operation_count,150,11600.0,True
H5,H5,bb3f15222034bdf87b9be499b27f859fe778b781693fd54677f83bd7531f0680,canonical_bytes,387,12400.0,True
H5,H5,bb3f15222034bdf87b9be499b27f859fe778b781693fd54677f83bd7531f0680,bundle_bytes,376547,12400.0,True
H5,H5,bb3f15222034bdf87b9be499b27f859fe778b781693fd54677f83bd7531f0680,N_operations,90,12400.0,True
H5,H5,bb3f15222034bdf87b9be499b27f859fe778b781693fd54677f83bd7531f0680,N_modes,172,12400.0,True
H5,H5,bb3f15222034bdf87b9be499b27f859fe778b781693fd54677f83bd7531f0680,schedule_operation_count,90,12400.0,True
H5,H5,ce18361670bfbcde2f3ff22167187aecef9164dedbf1198bc7563c147804780e,canonical_bytes,404,15350.0,True
H5,H5,ce18361670bfbcde2f3ff22167187aecef9164dedbf1198bc7563c147804780e,bundle_bytes,755123,15350.0,True
H5,H5,ce18361670bfbcde2f3ff22167187aecef9164dedbf1198bc7563c147804780e,N_operations,150,15350.0,True
H5,H5,ce18361670bfbcde2f3ff22167187aecef9164dedbf1198bc7563c147804780e,N_modes,451,15350.0,True
H5,H5,ce18361670bfbcde2f3ff22167187aecef9164dedbf1198bc7563c147804780e,schedule_operation_count,150,15350.0,True
H5,H5,ceae66508816dc9f5458c925c89f155658e6c78710a8753d337ac385481cc1bf,canonical_bytes,395,12900.0,True
H5,H5,ceae66508816dc9f5458c925c89f155658e6c78710a8753d337ac385481cc1bf,bundle_bytes,754947,12900.0,True
H5,H5,ceae66508816dc9f5458c925c89f155658e6c78710a8753d337ac385481cc1bf,N_operations,150,12900.0,True
H5,H5,ceae66508816dc9f5458c925c89f155658e6c78710a8753d337ac385481cc1bf,N_modes,451,12900.0,True
H5,H5,ceae66508816dc9f5458c925c89f155658e6c78710a8753d337ac385481cc1bf,schedule_operation_count,150,12900.0,True
H5,H5,d093d52f24139c1b6fb09b775beedd000f1a7b3716df906d7d36e91e7e848265,canonical_bytes,390,16300.0,True
H5,H5,d093d52f24139c1b6fb09b775beedd000f1a7b3716df906d7d36e91e7e848265,bundle_bytes,758647,16300.0,True
H5,H5,d093d52f24139c1b6fb09b775beedd000f1a7b3716df906d7d36e91e7e848265,N_operations,150,16300.0,True
H5,H5,d093d52f24139c1b6fb09b775beedd000f1a7b3716df906d7d36e91e7e848265,N_modes,451,16300.0,True
H5,H5,d093d52f24139c1b6fb09b775beedd000f1a7b3716df906d7d36e91e7e848265,schedule_operation_count,150,16300.0,True
H5,H5,d4b957654a5efd71168d6f7e67936e6abf4666ceb41e7919635002157b125411,canonical_bytes,386,12900.0,True
H5,H5,d4b957654a5efd71168d6f7e67936e6abf4666ceb41e7919635002157b125411,bundle_bytes,369648,12900.0,True
H5,H5,d4b957654a5efd71168d6f7e67936e6abf4666ceb41e7919635002157b125411,N_operations,90,12900.0,True
H5,H5,d4b957654a5efd71168d6f7e67936e6abf4666ceb41e7919635002157b125411,N_modes,172,12900.0,True
H5,H5,d4b957654a5efd71168d6f7e67936e6abf4666ceb41e7919635002157b125411,schedule_operation_count,90,12900.0,True
H5,H5,d598e89b357205c7b4bd47c5ebbe933f8be1f7c8dcdee85e66ec6829cafb91d3,canonical_bytes,387,8850.0,True
H5,H5,d598e89b357205c7b4bd47c5ebbe933f8be1f7c8dcdee85e66ec6829cafb91d3,bundle_bytes,366660,8850.0,True
H5,H5,d598e89b357205c7b4bd47c5ebbe933f8be1f7c8dcdee85e66ec6829cafb91d3,N_operations,90,8850.0,True
H5,H5,d598e89b357205c7b4bd47c5ebbe933f8be1f7c8dcdee85e66ec6829cafb91d3,N_modes,172,8850.0,True
H5,H5,d598e89b357205c7b4bd47c5ebbe933f8be1f7c8dcdee85e66ec6829cafb91d3,schedule_operation_count,90,8850.0,True
H5,H5,eb3670bbe434a59cc94347384a5d50fb526d26a00dbf6da73e54438c4bacc2a0,canonical_bytes,401,11850.0,True
H5,H5,eb3670bbe434a59cc94347384a5d50fb526d26a00dbf6da73e54438c4bacc2a0,bundle_bytes,371712,11850.0,True
H5,H5,eb3670bbe434a59cc94347384a5d50fb526d26a00dbf6da73e54438c4bacc2a0,N_operations,90,11850.0,True
H5,H5,eb3670bbe434a59cc94347384a5d50fb526d26a00dbf6da73e54438c4bacc2a0,N_modes,172,11850.0,True
H5,H5,eb3670bbe434a59cc94347384a5d50fb526d26a00dbf6da73e54438c4bacc2a0,schedule_operation_count,90,11850.0,True
H5,H5,f1e5fc58ea336e13c098308a2da00dee7de3dd3aa08d6170df4a3cb1afd09795,canonical_bytes,391,13450.0,True
H5,H5,f1e5fc58ea336e13c098308a2da00dee7de3dd3aa08d6170df4a3cb1afd09795,bundle_bytes,755658,13450.0,True
H5,H5,f1e5fc58ea336e13c098308a2da00dee7de3dd3aa08d6170df4a3cb1afd09795,N_operations,150,13450.0,True
H5,H5,f1e5fc58ea336e13c098308a2da00dee7de3dd3aa08d6170df4a3cb1afd09795,N_modes,451,13450.0,True
H5,H5,f1e5fc58ea336e13c098308a2da00dee7de3dd3aa08d6170df4a3cb1afd09795,schedule_operation_count,150,13450.0,True
H5,H5,f583baa2dad1527b5f84f71805410ee51b78fce2b1be62de49f1636c06821c7b,canonical_bytes,390,11450.0,True
H5,H5,f583baa2dad1527b5f84f71805410ee51b78fce2b1be62de49f1636c06821c7b,bundle_bytes,758750,11450.0,True
H5,H5,f583baa2dad1527b5f84f71805410ee51b78fce2b1be62de49f1636c06821c7b,N_operations,150,11450.0,True
H5,H5,f583baa2dad1527b5f84f71805410ee51b78fce2b1be62de49f1636c06821c7b,N_modes,451,11450.0,True
H5,H5,f583baa2dad1527b5f84f71805410ee51b78fce2b1be62de49f1636c06821c7b,schedule_operation_count,150,11450.0,True
H5,H5,f64f55ad9277004ae441909cd6556d26eeaf73d3eb3c537384be703615149f96,canonical_bytes,401,9300.0,True
H5,H5,f64f55ad9277004ae441909cd6556d26eeaf73d3eb3c537384be703615149f96,bundle_bytes,371715,9300.0,True
H5,H5,f64f55ad9277004ae441909cd6556d26eeaf73d3eb3c537384be703615149f96,N_operations,90,9300.0,True
H5,H5,f64f55ad9277004ae441909cd6556d26eeaf73d3eb3c537384be703615149f96,N_modes,172,9300.0,True
H5,H5,f64f55ad9277004ae441909cd6556d26eeaf73d3eb3c537384be703615149f96,schedule_operation_count,90,9300.0,True
H5,H5,f80e8a50e0815fda9eef8635e52671f3888786c4daef5767b8da7b74e4311646,canonical_bytes,389,16450.0,True
H5,H5,f80e8a50e0815fda9eef8635e52671f3888786c4daef5767b8da7b74e4311646,bundle_bytes,780287,16450.0,True
H5,H5,f80e8a50e0815fda9eef8635e52671f3888786c4daef5767b8da7b74e4311646,N_operations,150,16450.0,True
H5,H5,f80e8a50e0815fda9eef8635e52671f3888786c4daef5767b8da7b74e4311646,N_modes,490,16450.0,True
H5,H5,f80e8a50e0815fda9eef8635e52671f3888786c4daef5767b8da7b74e4311646,schedule_operation_count,150,16450.0,True
H5,H5,f9ade00b139ce33674b05d1766de3ec85779abfd83f893a7b2437817100901d9,canonical_bytes,388,12300.0,True
H5,H5,f9ade00b139ce33674b05d1766de3ec85779abfd83f893a7b2437817100901d9,bundle_bytes,369294,12300.0,True
H5,H5,f9ade00b139ce33674b05d1766de3ec85779abfd83f893a7b2437817100901d9,N_operations,90,12300.0,True
H5,H5,f9ade00b139ce33674b05d1766de3ec85779abfd83f893a7b2437817100901d9,N_modes,172,12300.0,True
H5,H5,f9ade00b139ce33674b05d1766de3ec85779abfd83f893a7b2437817100901d9,schedule_operation_count,90,12300.0,True
H5,H5,feb26c8ce25b99d6b090e07fca86c8e2dbf3ff2d6b891634c4c71b179329ab47,canonical_bytes,385,10500.0,True
H5,H5,feb26c8ce25b99d6b090e07fca86c8e2dbf3ff2d6b891634c4c71b179329ab47,bundle_bytes,377302,10500.0,True
H5,H5,feb26c8ce25b99d6b090e07fca86c8e2dbf3ff2d6b891634c4c71b179329ab47,N_operations,90,10500.0,True
H5,H5,feb26c8ce25b99d6b090e07fca86c8e2dbf3ff2d6b891634c4c71b179329ab47,N_modes,172,10500.0,True
H5,H5,feb26c8ce25b99d6b090e07fca86c8e2dbf3ff2d6b891634c4c71b179329ab47,schedule_operation_count,90,10500.0,True
H5_IO,H5_IO,052b2dfeb855619b4e74c70e7155e5699a6aebc572c887f1432462ecf4afce6b,canonical_bytes,404,21536950.0,True
H5_IO,H5_IO,052b2dfeb855619b4e74c70e7155e5699a6aebc572c887f1432462ecf4afce6b,bundle_bytes,755121,21536950.0,True
H5_IO,H5_IO,052b2dfeb855619b4e74c70e7155e5699a6aebc572c887f1432462ecf4afce6b,N_operations,150,21536950.0,True
H5_IO,H5_IO,052b2dfeb855619b4e74c70e7155e5699a6aebc572c887f1432462ecf4afce6b,N_modes,451,21536950.0,True
H5_IO,H5_IO,052b2dfeb855619b4e74c70e7155e5699a6aebc572c887f1432462ecf4afce6b,schedule_operation_count,150,21536950.0,True
H5_IO,H5_IO,0edc936e36dbd00367c35ec096b127c69211776f53ead8d7b9619a78d9b3beb5,canonical_bytes,388,24604500.0,True
H5_IO,H5_IO,0edc936e36dbd00367c35ec096b127c69211776f53ead8d7b9619a78d9b3beb5,bundle_bytes,779480,24604500.0,True
H5_IO,H5_IO,0edc936e36dbd00367c35ec096b127c69211776f53ead8d7b9619a78d9b3beb5,N_operations,150,24604500.0,True
H5_IO,H5_IO,0edc936e36dbd00367c35ec096b127c69211776f53ead8d7b9619a78d9b3beb5,N_modes,490,24604500.0,True
H5_IO,H5_IO,0edc936e36dbd00367c35ec096b127c69211776f53ead8d7b9619a78d9b3beb5,schedule_operation_count,150,24604500.0,True
H5_IO,H5_IO,19993579c580ecb799e1ce158990340e547863ae75c4be153b97908cb5cd08a2,canonical_bytes,386,20288250.0,True
H5_IO,H5_IO,19993579c580ecb799e1ce158990340e547863ae75c4be153b97908cb5cd08a2,bundle_bytes,376417,20288250.0,True
H5_IO,H5_IO,19993579c580ecb799e1ce158990340e547863ae75c4be153b97908cb5cd08a2,N_operations,90,20288250.0,True
H5_IO,H5_IO,19993579c580ecb799e1ce158990340e547863ae75c4be153b97908cb5cd08a2,N_modes,172,20288250.0,True
H5_IO,H5_IO,19993579c580ecb799e1ce158990340e547863ae75c4be153b97908cb5cd08a2,schedule_operation_count,90,20288250.0,True
H5_IO,H5_IO,1bb3dc3f26212de23def1f2ca0d598d344fea56b8a73247e2f6390ebea07946d,canonical_bytes,387,14038300.0,True
H5_IO,H5_IO,1bb3dc3f26212de23def1f2ca0d598d344fea56b8a73247e2f6390ebea07946d,bundle_bytes,376647,14038300.0,True
H5_IO,H5_IO,1bb3dc3f26212de23def1f2ca0d598d344fea56b8a73247e2f6390ebea07946d,N_operations,90,14038300.0,True
H5_IO,H5_IO,1bb3dc3f26212de23def1f2ca0d598d344fea56b8a73247e2f6390ebea07946d,N_modes,172,14038300.0,True
H5_IO,H5_IO,1bb3dc3f26212de23def1f2ca0d598d344fea56b8a73247e2f6390ebea07946d,schedule_operation_count,90,14038300.0,True
H5_IO,H5_IO,2443e5a3d32298289c0b98d2a7d3a03cbf4194a7adecf97293b0ac348944ba9e,canonical_bytes,404,21867850.0,True
H5_IO,H5_IO,2443e5a3d32298289c0b98d2a7d3a03cbf4194a7adecf97293b0ac348944ba9e,bundle_bytes,755111,21867850.0,True
H5_IO,H5_IO,2443e5a3d32298289c0b98d2a7d3a03cbf4194a7adecf97293b0ac348944ba9e,N_operations,150,21867850.0,True
H5_IO,H5_IO,2443e5a3d32298289c0b98d2a7d3a03cbf4194a7adecf97293b0ac348944ba9e,N_modes,451,21867850.0,True
H5_IO,H5_IO,2443e5a3d32298289c0b98d2a7d3a03cbf4194a7adecf97293b0ac348944ba9e,schedule_operation_count,150,21867850.0,True
H5_IO,H5_IO,245cb7ed72fd0a10da80157bd648a7ae9e8bd9ef722909fe778d274715ad67b3,canonical_bytes,386,21881050.0,True
H5_IO,H5_IO,245cb7ed72fd0a10da80157bd648a7ae9e8bd9ef722909fe778d274715ad67b3,bundle_bytes,369530,21881050.0,True
H5_IO,H5_IO,245cb7ed72fd0a10da80157bd648a7ae9e8bd9ef722909fe778d274715ad67b3,N_operations,90,21881050.0,True
H5_IO,H5_IO,245cb7ed72fd0a10da80157bd648a7ae9e8bd9ef722909fe778d274715ad67b3,N_modes,172,21881050.0,True
H5_IO,H5_IO,245cb7ed72fd0a10da80157bd648a7ae9e8bd9ef722909fe778d274715ad67b3,schedule_operation_count,90,21881050.0,True
H5_IO,H5_IO,268469c82535bf1ba82a82324d755f40ad8bc7255c875b8e25c2d7943cff1ff3,canonical_bytes,387,19654500.0,True
H5_IO,H5_IO,268469c82535bf1ba82a82324d755f40ad8bc7255c875b8e25c2d7943cff1ff3,bundle_bytes,779262,19654500.0,True
H5_IO,H5_IO,268469c82535bf1ba82a82324d755f40ad8bc7255c875b8e25c2d7943cff1ff3,N_operations,150,19654500.0,True
H5_IO,H5_IO,268469c82535bf1ba82a82324d755f40ad8bc7255c875b8e25c2d7943cff1ff3,N_modes,490,19654500.0,True
H5_IO,H5_IO,268469c82535bf1ba82a82324d755f40ad8bc7255c875b8e25c2d7943cff1ff3,schedule_operation_count,150,19654500.0,True
H5_IO,H5_IO,2908e9ba69598735be8757d9b153473f5bacec1feb89ecff91ce994824a10178,canonical_bytes,387,24676100.0,True
H5_IO,H5_IO,2908e9ba69598735be8757d9b153473f5bacec1feb89ecff91ce994824a10178,bundle_bytes,778769,24676100.0,True
H5_IO,H5_IO,2908e9ba69598735be8757d9b153473f5bacec1feb89ecff91ce994824a10178,N_operations,150,24676100.0,True
H5_IO,H5_IO,2908e9ba69598735be8757d9b153473f5bacec1feb89ecff91ce994824a10178,N_modes,490,24676100.0,True
H5_IO,H5_IO,2908e9ba69598735be8757d9b153473f5bacec1feb89ecff91ce994824a10178,schedule_operation_count,150,24676100.0,True
H5_IO,H5_IO,474b6ef7aac2feb7cb9195d7d3644f0d53d378eb4518ef87a9a2f7714d8ef3d5,canonical_bytes,392,18135200.0,True
H5_IO,H5_IO,474b6ef7aac2feb7cb9195d7d3644f0d53d378eb4518ef87a9a2f7714d8ef3d5,bundle_bytes,371559,18135200.0,True
H5_IO,H5_IO,474b6ef7aac2feb7cb9195d7d3644f0d53d378eb4518ef87a9a2f7714d8ef3d5,N_operations,90,18135200.0,True
H5_IO,H5_IO,474b6ef7aac2feb7cb9195d7d3644f0d53d378eb4518ef87a9a2f7714d8ef3d5,N_modes,172,18135200.0,True
H5_IO,H5_IO,474b6ef7aac2feb7cb9195d7d3644f0d53d378eb4518ef87a9a2f7714d8ef3d5,schedule_operation_count,90,18135200.0,True
H5_IO,H5_IO,4fafb9a13ff5e2fda82a804bf609727b68a17926d69ae1574c4801604ec81359,canonical_bytes,392,21021400.0,True
H5_IO,H5_IO,4fafb9a13ff5e2fda82a804bf609727b68a17926d69ae1574c4801604ec81359,bundle_bytes,371549,21021400.0,True
H5_IO,H5_IO,4fafb9a13ff5e2fda82a804bf609727b68a17926d69ae1574c4801604ec81359,N_operations,90,21021400.0,True
H5_IO,H5_IO,4fafb9a13ff5e2fda82a804bf609727b68a17926d69ae1574c4801604ec81359,N_modes,172,21021400.0,True
H5_IO,H5_IO,4fafb9a13ff5e2fda82a804bf609727b68a17926d69ae1574c4801604ec81359,schedule_operation_count,90,21021400.0,True
H5_IO,H5_IO,54349d927b9070c144f507868f9ef8b962c7c926426b33c3a7e0c88f715b246a,canonical_bytes,389,20462650.0,True
H5_IO,H5_IO,54349d927b9070c144f507868f9ef8b962c7c926426b33c3a7e0c88f715b246a,bundle_bytes,371510,20462650.0,True
H5_IO,H5_IO,54349d927b9070c144f507868f9ef8b962c7c926426b33c3a7e0c88f715b246a,N_operations,90,20462650.0,True
H5_IO,H5_IO,54349d927b9070c144f507868f9ef8b962c7c926426b33c3a7e0c88f715b246a,N_modes,172,20462650.0,True
H5_IO,H5_IO,54349d927b9070c144f507868f9ef8b962c7c926426b33c3a7e0c88f715b246a,schedule_operation_count,90,20462650.0,True
H5_IO,H5_IO,558b8365de15727bf495595ed539867872c185b280ea249712f3b1d5f8674cd5,canonical_bytes,392,17072100.0,True
H5_IO,H5_IO,558b8365de15727bf495595ed539867872c185b280ea249712f3b1d5f8674cd5,bundle_bytes,371529,17072100.0,True
H5_IO,H5_IO,558b8365de15727bf495595ed539867872c185b280ea249712f3b1d5f8674cd5,N_operations,90,17072100.0,True
H5_IO,H5_IO,558b8365de15727bf495595ed539867872c185b280ea249712f3b1d5f8674cd5,N_modes,172,17072100.0,True
H5_IO,H5_IO,558b8365de15727bf495595ed539867872c185b280ea249712f3b1d5f8674cd5,schedule_operation_count,90,17072100.0,True
H5_IO,H5_IO,5ecccd77f46ab5549088b57686632a9eb5ccf1a5a977fbe35cfae6a50eca52bb,canonical_bytes,387,17649800.0,True
H5_IO,H5_IO,5ecccd77f46ab5549088b57686632a9eb5ccf1a5a977fbe35cfae6a50eca52bb,bundle_bytes,366528,17649800.0,True
H5_IO,H5_IO,5ecccd77f46ab5549088b57686632a9eb5ccf1a5a977fbe35cfae6a50eca52bb,N_operations,90,17649800.0,True
H5_IO,H5_IO,5ecccd77f46ab5549088b57686632a9eb5ccf1a5a977fbe35cfae6a50eca52bb,N_modes,172,17649800.0,True
H5_IO,H5_IO,5ecccd77f46ab5549088b57686632a9eb5ccf1a5a977fbe35cfae6a50eca52bb,schedule_operation_count,90,17649800.0,True
H5_IO,H5_IO,5f24b2bbe16d5c8f667064d5031553e1dd9c4d9dbb7e0757cb922d9ba47928d5,canonical_bytes,401,19954200.0,True
H5_IO,H5_IO,5f24b2bbe16d5c8f667064d5031553e1dd9c4d9dbb7e0757cb922d9ba47928d5,bundle_bytes,371715,19954200.0,True
H5_IO,H5_IO,5f24b2bbe16d5c8f667064d5031553e1dd9c4d9dbb7e0757cb922d9ba47928d5,N_operations,90,19954200.0,True
H5_IO,H5_IO,5f24b2bbe16d5c8f667064d5031553e1dd9c4d9dbb7e0757cb922d9ba47928d5,N_modes,172,19954200.0,True
H5_IO,H5_IO,5f24b2bbe16d5c8f667064d5031553e1dd9c4d9dbb7e0757cb922d9ba47928d5,schedule_operation_count,90,19954200.0,True
H5_IO,H5_IO,61f77c0251bcd2bbb51e6bff7e048bfcda7139b4e796314d32b47961ac3b5c1b,canonical_bytes,388,19945850.0,True
H5_IO,H5_IO,61f77c0251bcd2bbb51e6bff7e048bfcda7139b4e796314d32b47961ac3b5c1b,bundle_bytes,373222,19945850.0,True
H5_IO,H5_IO,61f77c0251bcd2bbb51e6bff7e048bfcda7139b4e796314d32b47961ac3b5c1b,N_operations,90,19945850.0,True
H5_IO,H5_IO,61f77c0251bcd2bbb51e6bff7e048bfcda7139b4e796314d32b47961ac3b5c1b,N_modes,172,19945850.0,True
H5_IO,H5_IO,61f77c0251bcd2bbb51e6bff7e048bfcda7139b4e796314d32b47961ac3b5c1b,schedule_operation_count,90,19945850.0,True
H5_IO,H5_IO,634f3d08fd93ba622176ea6c9ff7ff1fb9d57a9b14f936f27d1460655fc20d72,canonical_bytes,388,23342100.0,True
H5_IO,H5_IO,634f3d08fd93ba622176ea6c9ff7ff1fb9d57a9b14f936f27d1460655fc20d72,bundle_bytes,369189,23342100.0,True
H5_IO,H5_IO,634f3d08fd93ba622176ea6c9ff7ff1fb9d57a9b14f936f27d1460655fc20d72,N_operations,90,23342100.0,True
H5_IO,H5_IO,634f3d08fd93ba622176ea6c9ff7ff1fb9d57a9b14f936f27d1460655fc20d72,N_modes,172,23342100.0,True
H5_IO,H5_IO,634f3d08fd93ba622176ea6c9ff7ff1fb9d57a9b14f936f27d1460655fc20d72,schedule_operation_count,90,23342100.0,True
H5_IO,H5_IO,73cdcc11d1c23e47664696979a9b12b94deb5da000c18f37a8d7c0b641090788,canonical_bytes,391,21299800.0,True
H5_IO,H5_IO,73cdcc11d1c23e47664696979a9b12b94deb5da000c18f37a8d7c0b641090788,bundle_bytes,755370,21299800.0,True
H5_IO,H5_IO,73cdcc11d1c23e47664696979a9b12b94deb5da000c18f37a8d7c0b641090788,N_operations,150,21299800.0,True
H5_IO,H5_IO,73cdcc11d1c23e47664696979a9b12b94deb5da000c18f37a8d7c0b641090788,N_modes,451,21299800.0,True
H5_IO,H5_IO,73cdcc11d1c23e47664696979a9b12b94deb5da000c18f37a8d7c0b641090788,schedule_operation_count,150,21299800.0,True
H5_IO,H5_IO,7dc2cc636acd7eeb3db7367222360894cac918d6adca467d2f7a79960bbe8b1c,canonical_bytes,387,16326150.0,True
H5_IO,H5_IO,7dc2cc636acd7eeb3db7367222360894cac918d6adca467d2f7a79960bbe8b1c,bundle_bytes,372138,16326150.0,True
H5_IO,H5_IO,7dc2cc636acd7eeb3db7367222360894cac918d6adca467d2f7a79960bbe8b1c,N_operations,90,16326150.0,True
H5_IO,H5_IO,7dc2cc636acd7eeb3db7367222360894cac918d6adca467d2f7a79960bbe8b1c,N_modes,172,16326150.0,True
H5_IO,H5_IO,7dc2cc636acd7eeb3db7367222360894cac918d6adca467d2f7a79960bbe8b1c,schedule_operation_count,90,16326150.0,True
H5_IO,H5_IO,8c60197386a54af6d06cac0996c81cbca4971ac83984afcf2a52fa27a5bb1b42,canonical_bytes,387,21148450.0,True
H5_IO,H5_IO,8c60197386a54af6d06cac0996c81cbca4971ac83984afcf2a52fa27a5bb1b42,bundle_bytes,372245,21148450.0,True
H5_IO,H5_IO,8c60197386a54af6d06cac0996c81cbca4971ac83984afcf2a52fa27a5bb1b42,N_operations,90,21148450.0,True
H5_IO,H5_IO,8c60197386a54af6d06cac0996c81cbca4971ac83984afcf2a52fa27a5bb1b42,N_modes,172,21148450.0,True
H5_IO,H5_IO,8c60197386a54af6d06cac0996c81cbca4971ac83984afcf2a52fa27a5bb1b42,schedule_operation_count,90,21148450.0,True
H5_IO,H5_IO,8e3a1df6f55a6d53d21fd63c9dcda45cee6d1576c4989d45b40828d31e6d7281,canonical_bytes,389,19925100.0,True
H5_IO,H5_IO,8e3a1df6f55a6d53d21fd63c9dcda45cee6d1576c4989d45b40828d31e6d7281,bundle_bytes,371639,19925100.0,True
H5_IO,H5_IO,8e3a1df6f55a6d53d21fd63c9dcda45cee6d1576c4989d45b40828d31e6d7281,N_operations,90,19925100.0,True
H5_IO,H5_IO,8e3a1df6f55a6d53d21fd63c9dcda45cee6d1576c4989d45b40828d31e6d7281,N_modes,172,19925100.0,True
H5_IO,H5_IO,8e3a1df6f55a6d53d21fd63c9dcda45cee6d1576c4989d45b40828d31e6d7281,schedule_operation_count,90,19925100.0,True
H5_IO,H5_IO,97eb8ea8dfec0a163a4b54e1179247553055627de3df3d7a40c8879cacc64800,canonical_bytes,395,19343200.0,True
H5_IO,H5_IO,97eb8ea8dfec0a163a4b54e1179247553055627de3df3d7a40c8879cacc64800,bundle_bytes,754947,19343200.0,True
H5_IO,H5_IO,97eb8ea8dfec0a163a4b54e1179247553055627de3df3d7a40c8879cacc64800,N_operations,150,19343200.0,True
H5_IO,H5_IO,97eb8ea8dfec0a163a4b54e1179247553055627de3df3d7a40c8879cacc64800,N_modes,451,19343200.0,True
H5_IO,H5_IO,97eb8ea8dfec0a163a4b54e1179247553055627de3df3d7a40c8879cacc64800,schedule_operation_count,150,19343200.0,True
H5_IO,H5_IO,9827288498c6ff63f3f7ec6f3bb833b53ac1c3cbaf59021addc82b6a8c08bae2,canonical_bytes,395,22786150.0,True
H5_IO,H5_IO,9827288498c6ff63f3f7ec6f3bb833b53ac1c3cbaf59021addc82b6a8c08bae2,bundle_bytes,754955,22786150.0,True
H5_IO,H5_IO,9827288498c6ff63f3f7ec6f3bb833b53ac1c3cbaf59021addc82b6a8c08bae2,N_operations,150,22786150.0,True
H5_IO,H5_IO,9827288498c6ff63f3f7ec6f3bb833b53ac1c3cbaf59021addc82b6a8c08bae2,N_modes,451,22786150.0,True
H5_IO,H5_IO,9827288498c6ff63f3f7ec6f3bb833b53ac1c3cbaf59021addc82b6a8c08bae2,schedule_operation_count,150,22786150.0,True
H5_IO,H5_IO,9f7906189c782cba7c3a4cc9cb8785764c8ad3fb1e637423a7a310d6c438feb5,canonical_bytes,386,22421650.0,True
H5_IO,H5_IO,9f7906189c782cba7c3a4cc9cb8785764c8ad3fb1e637423a7a310d6c438feb5,bundle_bytes,376294,22421650.0,True
H5_IO,H5_IO,9f7906189c782cba7c3a4cc9cb8785764c8ad3fb1e637423a7a310d6c438feb5,N_operations,90,22421650.0,True
H5_IO,H5_IO,9f7906189c782cba7c3a4cc9cb8785764c8ad3fb1e637423a7a310d6c438feb5,N_modes,172,22421650.0,True
H5_IO,H5_IO,9f7906189c782cba7c3a4cc9cb8785764c8ad3fb1e637423a7a310d6c438feb5,schedule_operation_count,90,22421650.0,True
H5_IO,H5_IO,aa5b4ee1688c71f1a3932cd7d9b629a08e31ef09728f3280c98c7636eecfb8d3,canonical_bytes,392,24895500.0,True
H5_IO,H5_IO,aa5b4ee1688c71f1a3932cd7d9b629a08e31ef09728f3280c98c7636eecfb8d3,bundle_bytes,754924,24895500.0,True
H5_IO,H5_IO,aa5b4ee1688c71f1a3932cd7d9b629a08e31ef09728f3280c98c7636eecfb8d3,N_operations,150,24895500.0,True
H5_IO,H5_IO,aa5b4ee1688c71f1a3932cd7d9b629a08e31ef09728f3280c98c7636eecfb8d3,N_modes,451,24895500.0,True
H5_IO,H5_IO,aa5b4ee1688c71f1a3932cd7d9b629a08e31ef09728f3280c98c7636eecfb8d3,schedule_operation_count,150,24895500.0,True
H5_IO,H5_IO,aad646b14392b632d658225dedb7d3953424ab9ab19ebafdc67bd9a7f02eb50b,canonical_bytes,389,25927700.0,True
H5_IO,H5_IO,aad646b14392b632d658225dedb7d3953424ab9ab19ebafdc67bd9a7f02eb50b,bundle_bytes,782303,25927700.0,True
H5_IO,H5_IO,aad646b14392b632d658225dedb7d3953424ab9ab19ebafdc67bd9a7f02eb50b,N_operations,150,25927700.0,True
H5_IO,H5_IO,aad646b14392b632d658225dedb7d3953424ab9ab19ebafdc67bd9a7f02eb50b,N_modes,490,25927700.0,True
H5_IO,H5_IO,aad646b14392b632d658225dedb7d3953424ab9ab19ebafdc67bd9a7f02eb50b,schedule_operation_count,150,25927700.0,True
H5_IO,H5_IO,abc8d6ba26b9728a25ebd17f4066aa5421f54fde1c1ef630cc33cb308c0fb8e5,canonical_bytes,388,20839950.0,True
H5_IO,H5_IO,abc8d6ba26b9728a25ebd17f4066aa5421f54fde1c1ef630cc33cb308c0fb8e5,bundle_bytes,373355,20839950.0,True
H5_IO,H5_IO,abc8d6ba26b9728a25ebd17f4066aa5421f54fde1c1ef630cc33cb308c0fb8e5,N_operations,90,20839950.0,True
H5_IO,H5_IO,abc8d6ba26b9728a25ebd17f4066aa5421f54fde1c1ef630cc33cb308c0fb8e5,N_modes,172,20839950.0,True
H5_IO,H5_IO,abc8d6ba26b9728a25ebd17f4066aa5421f54fde1c1ef630cc33cb308c0fb8e5,schedule_operation_count,90,20839950.0,True
H5_IO,H5_IO,b0f01f4c7ca822555039b9267d8985edbeb149abc0a710d6583cea634584f862,canonical_bytes,388,25700700.0,True
H5_IO,H5_IO,b0f01f4c7ca822555039b9267d8985edbeb149abc0a710d6583cea634584f862,bundle_bytes,778599,25700700.0,True
H5_IO,H5_IO,b0f01f4c7ca822555039b9267d8985edbeb149abc0a710d6583cea634584f862,N_operations,150,25700700.0,True
H5_IO,H5_IO,b0f01f4c7ca822555039b9267d8985edbeb149abc0a710d6583cea634584f862,N_modes,490,25700700.0,True
H5_IO,H5_IO,b0f01f4c7ca822555039b9267d8985edbeb149abc0a710d6583cea634584f862,schedule_operation_count,150,25700700.0,True
H5_IO,H5_IO,b31f9c5cbf923f188771558357941c1a7d6a71089f67793c620cf7034a070eb2,canonical_bytes,385,22802500.0,True
H5_IO,H5_IO,b31f9c5cbf923f188771558357941c1a7d6a71089f67793c620cf7034a070eb2,bundle_bytes,377436,22802500.0,True
H5_IO,H5_IO,b31f9c5cbf923f188771558357941c1a7d6a71089f67793c620cf7034a070eb2,N_operations,90,22802500.0,True
H5_IO,H5_IO,b31f9c5cbf923f188771558357941c1a7d6a71089f67793c620cf7034a070eb2,N_modes,172,22802500.0,True
H5_IO,H5_IO,b31f9c5cbf923f188771558357941c1a7d6a71089f67793c620cf7034a070eb2,schedule_operation_count,90,22802500.0,True
H5_IO,H5_IO,b5c400c27e6dbb1cc8466c5ce68e1530b6d984599f3c01c36496b49b586ff5e3,canonical_bytes,392,19163950.0,True
H5_IO,H5_IO,b5c400c27e6dbb1cc8466c5ce68e1530b6d984599f3c01c36496b49b586ff5e3,bundle_bytes,755038,19163950.0,True
H5_IO,H5_IO,b5c400c27e6dbb1cc8466c5ce68e1530b6d984599f3c01c36496b49b586ff5e3,N_operations,150,19163950.0,True
H5_IO,H5_IO,b5c400c27e6dbb1cc8466c5ce68e1530b6d984599f3c01c36496b49b586ff5e3,N_modes,451,19163950.0,True
H5_IO,H5_IO,b5c400c27e6dbb1cc8466c5ce68e1530b6d984599f3c01c36496b49b586ff5e3,schedule_operation_count,150,19163950.0,True
H5_IO,H5_IO,bb3f15222034bdf87b9be499b27f859fe778b781693fd54677f83bd7531f0680,canonical_bytes,387,21543450.0,True
H5_IO,H5_IO,bb3f15222034bdf87b9be499b27f859fe778b781693fd54677f83bd7531f0680,bundle_bytes,376547,21543450.0,True
H5_IO,H5_IO,bb3f15222034bdf87b9be499b27f859fe778b781693fd54677f83bd7531f0680,N_operations,90,21543450.0,True
H5_IO,H5_IO,bb3f15222034bdf87b9be499b27f859fe778b781693fd54677f83bd7531f0680,N_modes,172,21543450.0,True
H5_IO,H5_IO,bb3f15222034bdf87b9be499b27f859fe778b781693fd54677f83bd7531f0680,schedule_operation_count,90,21543450.0,True
H5_IO,H5_IO,ce18361670bfbcde2f3ff22167187aecef9164dedbf1198bc7563c147804780e,canonical_bytes,404,22825050.0,True
H5_IO,H5_IO,ce18361670bfbcde2f3ff22167187aecef9164dedbf1198bc7563c147804780e,bundle_bytes,755123,22825050.0,True
H5_IO,H5_IO,ce18361670bfbcde2f3ff22167187aecef9164dedbf1198bc7563c147804780e,N_operations,150,22825050.0,True
H5_IO,H5_IO,ce18361670bfbcde2f3ff22167187aecef9164dedbf1198bc7563c147804780e,N_modes,451,22825050.0,True
H5_IO,H5_IO,ce18361670bfbcde2f3ff22167187aecef9164dedbf1198bc7563c147804780e,schedule_operation_count,150,22825050.0,True
H5_IO,H5_IO,ceae66508816dc9f5458c925c89f155658e6c78710a8753d337ac385481cc1bf,canonical_bytes,395,20680650.0,True
H5_IO,H5_IO,ceae66508816dc9f5458c925c89f155658e6c78710a8753d337ac385481cc1bf,bundle_bytes,754947,20680650.0,True
H5_IO,H5_IO,ceae66508816dc9f5458c925c89f155658e6c78710a8753d337ac385481cc1bf,N_operations,150,20680650.0,True
H5_IO,H5_IO,ceae66508816dc9f5458c925c89f155658e6c78710a8753d337ac385481cc1bf,N_modes,451,20680650.0,True
H5_IO,H5_IO,ceae66508816dc9f5458c925c89f155658e6c78710a8753d337ac385481cc1bf,schedule_operation_count,150,20680650.0,True
H5_IO,H5_IO,d093d52f24139c1b6fb09b775beedd000f1a7b3716df906d7d36e91e7e848265,canonical_bytes,390,18499200.0,True
H5_IO,H5_IO,d093d52f24139c1b6fb09b775beedd000f1a7b3716df906d7d36e91e7e848265,bundle_bytes,758647,18499200.0,True
H5_IO,H5_IO,d093d52f24139c1b6fb09b775beedd000f1a7b3716df906d7d36e91e7e848265,N_operations,150,18499200.0,True
H5_IO,H5_IO,d093d52f24139c1b6fb09b775beedd000f1a7b3716df906d7d36e91e7e848265,N_modes,451,18499200.0,True
H5_IO,H5_IO,d093d52f24139c1b6fb09b775beedd000f1a7b3716df906d7d36e91e7e848265,schedule_operation_count,150,18499200.0,True
H5_IO,H5_IO,d4b957654a5efd71168d6f7e67936e6abf4666ceb41e7919635002157b125411,canonical_bytes,386,19723700.0,True
H5_IO,H5_IO,d4b957654a5efd71168d6f7e67936e6abf4666ceb41e7919635002157b125411,bundle_bytes,369648,19723700.0,True
H5_IO,H5_IO,d4b957654a5efd71168d6f7e67936e6abf4666ceb41e7919635002157b125411,N_operations,90,19723700.0,True
H5_IO,H5_IO,d4b957654a5efd71168d6f7e67936e6abf4666ceb41e7919635002157b125411,N_modes,172,19723700.0,True
H5_IO,H5_IO,d4b957654a5efd71168d6f7e67936e6abf4666ceb41e7919635002157b125411,schedule_operation_count,90,19723700.0,True
H5_IO,H5_IO,d598e89b357205c7b4bd47c5ebbe933f8be1f7c8dcdee85e66ec6829cafb91d3,canonical_bytes,387,18649550.0,True
H5_IO,H5_IO,d598e89b357205c7b4bd47c5ebbe933f8be1f7c8dcdee85e66ec6829cafb91d3,bundle_bytes,366660,18649550.0,True
H5_IO,H5_IO,d598e89b357205c7b4bd47c5ebbe933f8be1f7c8dcdee85e66ec6829cafb91d3,N_operations,90,18649550.0,True
H5_IO,H5_IO,d598e89b357205c7b4bd47c5ebbe933f8be1f7c8dcdee85e66ec6829cafb91d3,N_modes,172,18649550.0,True
H5_IO,H5_IO,d598e89b357205c7b4bd47c5ebbe933f8be1f7c8dcdee85e66ec6829cafb91d3,schedule_operation_count,90,18649550.0,True
H5_IO,H5_IO,eb3670bbe434a59cc94347384a5d50fb526d26a00dbf6da73e54438c4bacc2a0,canonical_bytes,401,25388600.0,True
H5_IO,H5_IO,eb3670bbe434a59cc94347384a5d50fb526d26a00dbf6da73e54438c4bacc2a0,bundle_bytes,371712,25388600.0,True
H5_IO,H5_IO,eb3670bbe434a59cc94347384a5d50fb526d26a00dbf6da73e54438c4bacc2a0,N_operations,90,25388600.0,True
H5_IO,H5_IO,eb3670bbe434a59cc94347384a5d50fb526d26a00dbf6da73e54438c4bacc2a0,N_modes,172,25388600.0,True
H5_IO,H5_IO,eb3670bbe434a59cc94347384a5d50fb526d26a00dbf6da73e54438c4bacc2a0,schedule_operation_count,90,25388600.0,True
H5_IO,H5_IO,f1e5fc58ea336e13c098308a2da00dee7de3dd3aa08d6170df4a3cb1afd09795,canonical_bytes,391,26979350.0,True
H5_IO,H5_IO,f1e5fc58ea336e13c098308a2da00dee7de3dd3aa08d6170df4a3cb1afd09795,bundle_bytes,755658,26979350.0,True
H5_IO,H5_IO,f1e5fc58ea336e13c098308a2da00dee7de3dd3aa08d6170df4a3cb1afd09795,N_operations,150,26979350.0,True
H5_IO,H5_IO,f1e5fc58ea336e13c098308a2da00dee7de3dd3aa08d6170df4a3cb1afd09795,N_modes,451,26979350.0,True
H5_IO,H5_IO,f1e5fc58ea336e13c098308a2da00dee7de3dd3aa08d6170df4a3cb1afd09795,schedule_operation_count,150,26979350.0,True
H5_IO,H5_IO,f583baa2dad1527b5f84f71805410ee51b78fce2b1be62de49f1636c06821c7b,canonical_bytes,390,23886200.0,True
H5_IO,H5_IO,f583baa2dad1527b5f84f71805410ee51b78fce2b1be62de49f1636c06821c7b,bundle_bytes,758750,23886200.0,True
H5_IO,H5_IO,f583baa2dad1527b5f84f71805410ee51b78fce2b1be62de49f1636c06821c7b,N_operations,150,23886200.0,True
H5_IO,H5_IO,f583baa2dad1527b5f84f71805410ee51b78fce2b1be62de49f1636c06821c7b,N_modes,451,23886200.0,True
H5_IO,H5_IO,f583baa2dad1527b5f84f71805410ee51b78fce2b1be62de49f1636c06821c7b,schedule_operation_count,150,23886200.0,True
H5_IO,H5_IO,f64f55ad9277004ae441909cd6556d26eeaf73d3eb3c537384be703615149f96,canonical_bytes,401,22378850.0,True
H5_IO,H5_IO,f64f55ad9277004ae441909cd6556d26eeaf73d3eb3c537384be703615149f96,bundle_bytes,371715,22378850.0,True
H5_IO,H5_IO,f64f55ad9277004ae441909cd6556d26eeaf73d3eb3c537384be703615149f96,N_operations,90,22378850.0,True
H5_IO,H5_IO,f64f55ad9277004ae441909cd6556d26eeaf73d3eb3c537384be703615149f96,N_modes,172,22378850.0,True
H5_IO,H5_IO,f64f55ad9277004ae441909cd6556d26eeaf73d3eb3c537384be703615149f96,schedule_operation_count,90,22378850.0,True
H5_IO,H5_IO,f80e8a50e0815fda9eef8635e52671f3888786c4daef5767b8da7b74e4311646,canonical_bytes,389,21813150.0,True
H5_IO,H5_IO,f80e8a50e0815fda9eef8635e52671f3888786c4daef5767b8da7b74e4311646,bundle_bytes,780287,21813150.0,True
H5_IO,H5_IO,f80e8a50e0815fda9eef8635e52671f3888786c4daef5767b8da7b74e4311646,N_operations,150,21813150.0,True
H5_IO,H5_IO,f80e8a50e0815fda9eef8635e52671f3888786c4daef5767b8da7b74e4311646,N_modes,490,21813150.0,True
H5_IO,H5_IO,f80e8a50e0815fda9eef8635e52671f3888786c4daef5767b8da7b74e4311646,schedule_operation_count,150,21813150.0,True
H5_IO,H5_IO,f9ade00b139ce33674b05d1766de3ec85779abfd83f893a7b2437817100901d9,canonical_bytes,388,20875250.0,True
H5_IO,H5_IO,f9ade00b139ce33674b05d1766de3ec85779abfd83f893a7b2437817100901d9,bundle_bytes,369294,20875250.0,True
H5_IO,H5_IO,f9ade00b139ce33674b05d1766de3ec85779abfd83f893a7b2437817100901d9,N_operations,90,20875250.0,True
H5_IO,H5_IO,f9ade00b139ce33674b05d1766de3ec85779abfd83f893a7b2437817100901d9,N_modes,172,20875250.0,True
H5_IO,H5_IO,f9ade00b139ce33674b05d1766de3ec85779abfd83f893a7b2437817100901d9,schedule_operation_count,90,20875250.0,True
H5_IO,H5_IO,feb26c8ce25b99d6b090e07fca86c8e2dbf3ff2d6b891634c4c71b179329ab47,canonical_bytes,385,17050100.0,True
H5_IO,H5_IO,feb26c8ce25b99d6b090e07fca86c8e2dbf3ff2d6b891634c4c71b179329ab47,bundle_bytes,377302,17050100.0,True
H5_IO,H5_IO,feb26c8ce25b99d6b090e07fca86c8e2dbf3ff2d6b891634c4c71b179329ab47,N_operations,90,17050100.0,True
H5_IO,H5_IO,feb26c8ce25b99d6b090e07fca86c8e2dbf3ff2d6b891634c4c71b179329ab47,N_modes,172,17050100.0,True
H5_IO,H5_IO,feb26c8ce25b99d6b090e07fca86c8e2dbf3ff2d6b891634c4c71b179329ab47,schedule_operation_count,90,17050100.0,True
H6,H6,052b2dfeb855619b4e74c70e7155e5699a6aebc572c887f1432462ecf4afce6b,canonical_bytes,404,19509800.0,True
H6,H6,052b2dfeb855619b4e74c70e7155e5699a6aebc572c887f1432462ecf4afce6b,bundle_bytes,755121,19509800.0,True
H6,H6,052b2dfeb855619b4e74c70e7155e5699a6aebc572c887f1432462ecf4afce6b,N_operations,150,19509800.0,True
H6,H6,052b2dfeb855619b4e74c70e7155e5699a6aebc572c887f1432462ecf4afce6b,N_modes,451,19509800.0,True
H6,H6,052b2dfeb855619b4e74c70e7155e5699a6aebc572c887f1432462ecf4afce6b,schedule_operation_count,150,19509800.0,True
H6,H6,0edc936e36dbd00367c35ec096b127c69211776f53ead8d7b9619a78d9b3beb5,canonical_bytes,388,24404750.0,True
H6,H6,0edc936e36dbd00367c35ec096b127c69211776f53ead8d7b9619a78d9b3beb5,bundle_bytes,779480,24404750.0,True
H6,H6,0edc936e36dbd00367c35ec096b127c69211776f53ead8d7b9619a78d9b3beb5,N_operations,150,24404750.0,True
H6,H6,0edc936e36dbd00367c35ec096b127c69211776f53ead8d7b9619a78d9b3beb5,N_modes,490,24404750.0,True
H6,H6,0edc936e36dbd00367c35ec096b127c69211776f53ead8d7b9619a78d9b3beb5,schedule_operation_count,150,24404750.0,True
H6,H6,19993579c580ecb799e1ce158990340e547863ae75c4be153b97908cb5cd08a2,canonical_bytes,386,9479600.0,True
H6,H6,19993579c580ecb799e1ce158990340e547863ae75c4be153b97908cb5cd08a2,bundle_bytes,376417,9479600.0,True
H6,H6,19993579c580ecb799e1ce158990340e547863ae75c4be153b97908cb5cd08a2,N_operations,90,9479600.0,True
H6,H6,19993579c580ecb799e1ce158990340e547863ae75c4be153b97908cb5cd08a2,N_modes,172,9479600.0,True
H6,H6,19993579c580ecb799e1ce158990340e547863ae75c4be153b97908cb5cd08a2,schedule_operation_count,90,9479600.0,True
H6,H6,1bb3dc3f26212de23def1f2ca0d598d344fea56b8a73247e2f6390ebea07946d,canonical_bytes,387,9185650.0,True
H6,H6,1bb3dc3f26212de23def1f2ca0d598d344fea56b8a73247e2f6390ebea07946d,bundle_bytes,376647,9185650.0,True
H6,H6,1bb3dc3f26212de23def1f2ca0d598d344fea56b8a73247e2f6390ebea07946d,N_operations,90,9185650.0,True
H6,H6,1bb3dc3f26212de23def1f2ca0d598d344fea56b8a73247e2f6390ebea07946d,N_modes,172,9185650.0,True
H6,H6,1bb3dc3f26212de23def1f2ca0d598d344fea56b8a73247e2f6390ebea07946d,schedule_operation_count,90,9185650.0,True
H6,H6,2443e5a3d32298289c0b98d2a7d3a03cbf4194a7adecf97293b0ac348944ba9e,canonical_bytes,404,21010200.0,True
H6,H6,2443e5a3d32298289c0b98d2a7d3a03cbf4194a7adecf97293b0ac348944ba9e,bundle_bytes,755111,21010200.0,True
H6,H6,2443e5a3d32298289c0b98d2a7d3a03cbf4194a7adecf97293b0ac348944ba9e,N_operations,150,21010200.0,True
H6,H6,2443e5a3d32298289c0b98d2a7d3a03cbf4194a7adecf97293b0ac348944ba9e,N_modes,451,21010200.0,True
H6,H6,2443e5a3d32298289c0b98d2a7d3a03cbf4194a7adecf97293b0ac348944ba9e,schedule_operation_count,150,21010200.0,True
H6,H6,245cb7ed72fd0a10da80157bd648a7ae9e8bd9ef722909fe778d274715ad67b3,canonical_bytes,386,8960000.0,True
H6,H6,245cb7ed72fd0a10da80157bd648a7ae9e8bd9ef722909fe778d274715ad67b3,bundle_bytes,369530,8960000.0,True
H6,H6,245cb7ed72fd0a10da80157bd648a7ae9e8bd9ef722909fe778d274715ad67b3,N_operations,90,8960000.0,True
H6,H6,245cb7ed72fd0a10da80157bd648a7ae9e8bd9ef722909fe778d274715ad67b3,N_modes,172,8960000.0,True
H6,H6,245cb7ed72fd0a10da80157bd648a7ae9e8bd9ef722909fe778d274715ad67b3,schedule_operation_count,90,8960000.0,True
H6,H6,268469c82535bf1ba82a82324d755f40ad8bc7255c875b8e25c2d7943cff1ff3,canonical_bytes,387,21707850.0,True
H6,H6,268469c82535bf1ba82a82324d755f40ad8bc7255c875b8e25c2d7943cff1ff3,bundle_bytes,779262,21707850.0,True
H6,H6,268469c82535bf1ba82a82324d755f40ad8bc7255c875b8e25c2d7943cff1ff3,N_operations,150,21707850.0,True
H6,H6,268469c82535bf1ba82a82324d755f40ad8bc7255c875b8e25c2d7943cff1ff3,N_modes,490,21707850.0,True
H6,H6,268469c82535bf1ba82a82324d755f40ad8bc7255c875b8e25c2d7943cff1ff3,schedule_operation_count,150,21707850.0,True
H6,H6,2908e9ba69598735be8757d9b153473f5bacec1feb89ecff91ce994824a10178,canonical_bytes,387,19350500.0,True
H6,H6,2908e9ba69598735be8757d9b153473f5bacec1feb89ecff91ce994824a10178,bundle_bytes,778769,19350500.0,True
H6,H6,2908e9ba69598735be8757d9b153473f5bacec1feb89ecff91ce994824a10178,N_operations,150,19350500.0,True
H6,H6,2908e9ba69598735be8757d9b153473f5bacec1feb89ecff91ce994824a10178,N_modes,490,19350500.0,True
H6,H6,2908e9ba69598735be8757d9b153473f5bacec1feb89ecff91ce994824a10178,schedule_operation_count,150,19350500.0,True
H6,H6,474b6ef7aac2feb7cb9195d7d3644f0d53d378eb4518ef87a9a2f7714d8ef3d5,canonical_bytes,392,9258950.0,True
H6,H6,474b6ef7aac2feb7cb9195d7d3644f0d53d378eb4518ef87a9a2f7714d8ef3d5,bundle_bytes,371559,9258950.0,True
H6,H6,474b6ef7aac2feb7cb9195d7d3644f0d53d378eb4518ef87a9a2f7714d8ef3d5,N_operations,90,9258950.0,True
H6,H6,474b6ef7aac2feb7cb9195d7d3644f0d53d378eb4518ef87a9a2f7714d8ef3d5,N_modes,172,9258950.0,True
H6,H6,474b6ef7aac2feb7cb9195d7d3644f0d53d378eb4518ef87a9a2f7714d8ef3d5,schedule_operation_count,90,9258950.0,True
H6,H6,4fafb9a13ff5e2fda82a804bf609727b68a17926d69ae1574c4801604ec81359,canonical_bytes,392,11263350.0,True
H6,H6,4fafb9a13ff5e2fda82a804bf609727b68a17926d69ae1574c4801604ec81359,bundle_bytes,371549,11263350.0,True
H6,H6,4fafb9a13ff5e2fda82a804bf609727b68a17926d69ae1574c4801604ec81359,N_operations,90,11263350.0,True
H6,H6,4fafb9a13ff5e2fda82a804bf609727b68a17926d69ae1574c4801604ec81359,N_modes,172,11263350.0,True
H6,H6,4fafb9a13ff5e2fda82a804bf609727b68a17926d69ae1574c4801604ec81359,schedule_operation_count,90,11263350.0,True
H6,H6,54349d927b9070c144f507868f9ef8b962c7c926426b33c3a7e0c88f715b246a,canonical_bytes,389,8834250.0,True
H6,H6,54349d927b9070c144f507868f9ef8b962c7c926426b33c3a7e0c88f715b246a,bundle_bytes,371510,8834250.0,True
H6,H6,54349d927b9070c144f507868f9ef8b962c7c926426b33c3a7e0c88f715b246a,N_operations,90,8834250.0,True
H6,H6,54349d927b9070c144f507868f9ef8b962c7c926426b33c3a7e0c88f715b246a,N_modes,172,8834250.0,True
H6,H6,54349d927b9070c144f507868f9ef8b962c7c926426b33c3a7e0c88f715b246a,schedule_operation_count,90,8834250.0,True
H6,H6,558b8365de15727bf495595ed539867872c185b280ea249712f3b1d5f8674cd5,canonical_bytes,392,11480900.0,True
H6,H6,558b8365de15727bf495595ed539867872c185b280ea249712f3b1d5f8674cd5,bundle_bytes,371529,11480900.0,True
H6,H6,558b8365de15727bf495595ed539867872c185b280ea249712f3b1d5f8674cd5,N_operations,90,11480900.0,True
H6,H6,558b8365de15727bf495595ed539867872c185b280ea249712f3b1d5f8674cd5,N_modes,172,11480900.0,True
H6,H6,558b8365de15727bf495595ed539867872c185b280ea249712f3b1d5f8674cd5,schedule_operation_count,90,11480900.0,True
H6,H6,5ecccd77f46ab5549088b57686632a9eb5ccf1a5a977fbe35cfae6a50eca52bb,canonical_bytes,387,10283500.0,True
H6,H6,5ecccd77f46ab5549088b57686632a9eb5ccf1a5a977fbe35cfae6a50eca52bb,bundle_bytes,366528,10283500.0,True
H6,H6,5ecccd77f46ab5549088b57686632a9eb5ccf1a5a977fbe35cfae6a50eca52bb,N_operations,90,10283500.0,True
H6,H6,5ecccd77f46ab5549088b57686632a9eb5ccf1a5a977fbe35cfae6a50eca52bb,N_modes,172,10283500.0,True
H6,H6,5ecccd77f46ab5549088b57686632a9eb5ccf1a5a977fbe35cfae6a50eca52bb,schedule_operation_count,90,10283500.0,True
H6,H6,5f24b2bbe16d5c8f667064d5031553e1dd9c4d9dbb7e0757cb922d9ba47928d5,canonical_bytes,401,9181550.0,True
H6,H6,5f24b2bbe16d5c8f667064d5031553e1dd9c4d9dbb7e0757cb922d9ba47928d5,bundle_bytes,371715,9181550.0,True
H6,H6,5f24b2bbe16d5c8f667064d5031553e1dd9c4d9dbb7e0757cb922d9ba47928d5,N_operations,90,9181550.0,True
H6,H6,5f24b2bbe16d5c8f667064d5031553e1dd9c4d9dbb7e0757cb922d9ba47928d5,N_modes,172,9181550.0,True
H6,H6,5f24b2bbe16d5c8f667064d5031553e1dd9c4d9dbb7e0757cb922d9ba47928d5,schedule_operation_count,90,9181550.0,True
H6,H6,61f77c0251bcd2bbb51e6bff7e048bfcda7139b4e796314d32b47961ac3b5c1b,canonical_bytes,388,9560700.0,True
H6,H6,61f77c0251bcd2bbb51e6bff7e048bfcda7139b4e796314d32b47961ac3b5c1b,bundle_bytes,373222,9560700.0,True
H6,H6,61f77c0251bcd2bbb51e6bff7e048bfcda7139b4e796314d32b47961ac3b5c1b,N_operations,90,9560700.0,True
H6,H6,61f77c0251bcd2bbb51e6bff7e048bfcda7139b4e796314d32b47961ac3b5c1b,N_modes,172,9560700.0,True
H6,H6,61f77c0251bcd2bbb51e6bff7e048bfcda7139b4e796314d32b47961ac3b5c1b,schedule_operation_count,90,9560700.0,True
H6,H6,634f3d08fd93ba622176ea6c9ff7ff1fb9d57a9b14f936f27d1460655fc20d72,canonical_bytes,388,9031500.0,True
H6,H6,634f3d08fd93ba622176ea6c9ff7ff1fb9d57a9b14f936f27d1460655fc20d72,bundle_bytes,369189,9031500.0,True
H6,H6,634f3d08fd93ba622176ea6c9ff7ff1fb9d57a9b14f936f27d1460655fc20d72,N_operations,90,9031500.0,True
H6,H6,634f3d08fd93ba622176ea6c9ff7ff1fb9d57a9b14f936f27d1460655fc20d72,N_modes,172,9031500.0,True
H6,H6,634f3d08fd93ba622176ea6c9ff7ff1fb9d57a9b14f936f27d1460655fc20d72,schedule_operation_count,90,9031500.0,True
H6,H6,73cdcc11d1c23e47664696979a9b12b94deb5da000c18f37a8d7c0b641090788,canonical_bytes,391,20414400.0,True
H6,H6,73cdcc11d1c23e47664696979a9b12b94deb5da000c18f37a8d7c0b641090788,bundle_bytes,755370,20414400.0,True
H6,H6,73cdcc11d1c23e47664696979a9b12b94deb5da000c18f37a8d7c0b641090788,N_operations,150,20414400.0,True
H6,H6,73cdcc11d1c23e47664696979a9b12b94deb5da000c18f37a8d7c0b641090788,N_modes,451,20414400.0,True
H6,H6,73cdcc11d1c23e47664696979a9b12b94deb5da000c18f37a8d7c0b641090788,schedule_operation_count,150,20414400.0,True
H6,H6,7dc2cc636acd7eeb3db7367222360894cac918d6adca467d2f7a79960bbe8b1c,canonical_bytes,387,11386700.0,True
H6,H6,7dc2cc636acd7eeb3db7367222360894cac918d6adca467d2f7a79960bbe8b1c,bundle_bytes,372138,11386700.0,True
H6,H6,7dc2cc636acd7eeb3db7367222360894cac918d6adca467d2f7a79960bbe8b1c,N_operations,90,11386700.0,True
H6,H6,7dc2cc636acd7eeb3db7367222360894cac918d6adca467d2f7a79960bbe8b1c,N_modes,172,11386700.0,True
H6,H6,7dc2cc636acd7eeb3db7367222360894cac918d6adca467d2f7a79960bbe8b1c,schedule_operation_count,90,11386700.0,True
H6,H6,8c60197386a54af6d06cac0996c81cbca4971ac83984afcf2a52fa27a5bb1b42,canonical_bytes,387,9106950.0,True
H6,H6,8c60197386a54af6d06cac0996c81cbca4971ac83984afcf2a52fa27a5bb1b42,bundle_bytes,372245,9106950.0,True
H6,H6,8c60197386a54af6d06cac0996c81cbca4971ac83984afcf2a52fa27a5bb1b42,N_operations,90,9106950.0,True
H6,H6,8c60197386a54af6d06cac0996c81cbca4971ac83984afcf2a52fa27a5bb1b42,N_modes,172,9106950.0,True
H6,H6,8c60197386a54af6d06cac0996c81cbca4971ac83984afcf2a52fa27a5bb1b42,schedule_operation_count,90,9106950.0,True
H6,H6,8e3a1df6f55a6d53d21fd63c9dcda45cee6d1576c4989d45b40828d31e6d7281,canonical_bytes,389,11280350.0,True
H6,H6,8e3a1df6f55a6d53d21fd63c9dcda45cee6d1576c4989d45b40828d31e6d7281,bundle_bytes,371639,11280350.0,True
H6,H6,8e3a1df6f55a6d53d21fd63c9dcda45cee6d1576c4989d45b40828d31e6d7281,N_operations,90,11280350.0,True
H6,H6,8e3a1df6f55a6d53d21fd63c9dcda45cee6d1576c4989d45b40828d31e6d7281,N_modes,172,11280350.0,True
H6,H6,8e3a1df6f55a6d53d21fd63c9dcda45cee6d1576c4989d45b40828d31e6d7281,schedule_operation_count,90,11280350.0,True
H6,H6,97eb8ea8dfec0a163a4b54e1179247553055627de3df3d7a40c8879cacc64800,canonical_bytes,395,22447850.0,True
H6,H6,97eb8ea8dfec0a163a4b54e1179247553055627de3df3d7a40c8879cacc64800,bundle_bytes,754947,22447850.0,True
H6,H6,97eb8ea8dfec0a163a4b54e1179247553055627de3df3d7a40c8879cacc64800,N_operations,150,22447850.0,True
H6,H6,97eb8ea8dfec0a163a4b54e1179247553055627de3df3d7a40c8879cacc64800,N_modes,451,22447850.0,True
H6,H6,97eb8ea8dfec0a163a4b54e1179247553055627de3df3d7a40c8879cacc64800,schedule_operation_count,150,22447850.0,True
H6,H6,9827288498c6ff63f3f7ec6f3bb833b53ac1c3cbaf59021addc82b6a8c08bae2,canonical_bytes,395,19759300.0,True
H6,H6,9827288498c6ff63f3f7ec6f3bb833b53ac1c3cbaf59021addc82b6a8c08bae2,bundle_bytes,754955,19759300.0,True
H6,H6,9827288498c6ff63f3f7ec6f3bb833b53ac1c3cbaf59021addc82b6a8c08bae2,N_operations,150,19759300.0,True
H6,H6,9827288498c6ff63f3f7ec6f3bb833b53ac1c3cbaf59021addc82b6a8c08bae2,N_modes,451,19759300.0,True
H6,H6,9827288498c6ff63f3f7ec6f3bb833b53ac1c3cbaf59021addc82b6a8c08bae2,schedule_operation_count,150,19759300.0,True
H6,H6,9f7906189c782cba7c3a4cc9cb8785764c8ad3fb1e637423a7a310d6c438feb5,canonical_bytes,386,10929650.0,True
H6,H6,9f7906189c782cba7c3a4cc9cb8785764c8ad3fb1e637423a7a310d6c438feb5,bundle_bytes,376294,10929650.0,True
H6,H6,9f7906189c782cba7c3a4cc9cb8785764c8ad3fb1e637423a7a310d6c438feb5,N_operations,90,10929650.0,True
H6,H6,9f7906189c782cba7c3a4cc9cb8785764c8ad3fb1e637423a7a310d6c438feb5,N_modes,172,10929650.0,True
H6,H6,9f7906189c782cba7c3a4cc9cb8785764c8ad3fb1e637423a7a310d6c438feb5,schedule_operation_count,90,10929650.0,True
H6,H6,aa5b4ee1688c71f1a3932cd7d9b629a08e31ef09728f3280c98c7636eecfb8d3,canonical_bytes,392,19805100.0,True
H6,H6,aa5b4ee1688c71f1a3932cd7d9b629a08e31ef09728f3280c98c7636eecfb8d3,bundle_bytes,754924,19805100.0,True
H6,H6,aa5b4ee1688c71f1a3932cd7d9b629a08e31ef09728f3280c98c7636eecfb8d3,N_operations,150,19805100.0,True
H6,H6,aa5b4ee1688c71f1a3932cd7d9b629a08e31ef09728f3280c98c7636eecfb8d3,N_modes,451,19805100.0,True
H6,H6,aa5b4ee1688c71f1a3932cd7d9b629a08e31ef09728f3280c98c7636eecfb8d3,schedule_operation_count,150,19805100.0,True
H6,H6,aad646b14392b632d658225dedb7d3953424ab9ab19ebafdc67bd9a7f02eb50b,canonical_bytes,389,19622300.0,True
H6,H6,aad646b14392b632d658225dedb7d3953424ab9ab19ebafdc67bd9a7f02eb50b,bundle_bytes,782303,19622300.0,True
H6,H6,aad646b14392b632d658225dedb7d3953424ab9ab19ebafdc67bd9a7f02eb50b,N_operations,150,19622300.0,True
H6,H6,aad646b14392b632d658225dedb7d3953424ab9ab19ebafdc67bd9a7f02eb50b,N_modes,490,19622300.0,True
H6,H6,aad646b14392b632d658225dedb7d3953424ab9ab19ebafdc67bd9a7f02eb50b,schedule_operation_count,150,19622300.0,True
H6,H6,abc8d6ba26b9728a25ebd17f4066aa5421f54fde1c1ef630cc33cb308c0fb8e5,canonical_bytes,388,9069800.0,True
H6,H6,abc8d6ba26b9728a25ebd17f4066aa5421f54fde1c1ef630cc33cb308c0fb8e5,bundle_bytes,373355,9069800.0,True
H6,H6,abc8d6ba26b9728a25ebd17f4066aa5421f54fde1c1ef630cc33cb308c0fb8e5,N_operations,90,9069800.0,True
H6,H6,abc8d6ba26b9728a25ebd17f4066aa5421f54fde1c1ef630cc33cb308c0fb8e5,N_modes,172,9069800.0,True
H6,H6,abc8d6ba26b9728a25ebd17f4066aa5421f54fde1c1ef630cc33cb308c0fb8e5,schedule_operation_count,90,9069800.0,True
H6,H6,b0f01f4c7ca822555039b9267d8985edbeb149abc0a710d6583cea634584f862,canonical_bytes,388,22845350.0,True
H6,H6,b0f01f4c7ca822555039b9267d8985edbeb149abc0a710d6583cea634584f862,bundle_bytes,778599,22845350.0,True
H6,H6,b0f01f4c7ca822555039b9267d8985edbeb149abc0a710d6583cea634584f862,N_operations,150,22845350.0,True
H6,H6,b0f01f4c7ca822555039b9267d8985edbeb149abc0a710d6583cea634584f862,N_modes,490,22845350.0,True
H6,H6,b0f01f4c7ca822555039b9267d8985edbeb149abc0a710d6583cea634584f862,schedule_operation_count,150,22845350.0,True
H6,H6,b31f9c5cbf923f188771558357941c1a7d6a71089f67793c620cf7034a070eb2,canonical_bytes,385,9169100.0,True
H6,H6,b31f9c5cbf923f188771558357941c1a7d6a71089f67793c620cf7034a070eb2,bundle_bytes,377436,9169100.0,True
H6,H6,b31f9c5cbf923f188771558357941c1a7d6a71089f67793c620cf7034a070eb2,N_operations,90,9169100.0,True
H6,H6,b31f9c5cbf923f188771558357941c1a7d6a71089f67793c620cf7034a070eb2,N_modes,172,9169100.0,True
H6,H6,b31f9c5cbf923f188771558357941c1a7d6a71089f67793c620cf7034a070eb2,schedule_operation_count,90,9169100.0,True
H6,H6,b5c400c27e6dbb1cc8466c5ce68e1530b6d984599f3c01c36496b49b586ff5e3,canonical_bytes,392,20224100.0,True
H6,H6,b5c400c27e6dbb1cc8466c5ce68e1530b6d984599f3c01c36496b49b586ff5e3,bundle_bytes,755038,20224100.0,True
H6,H6,b5c400c27e6dbb1cc8466c5ce68e1530b6d984599f3c01c36496b49b586ff5e3,N_operations,150,20224100.0,True
H6,H6,b5c400c27e6dbb1cc8466c5ce68e1530b6d984599f3c01c36496b49b586ff5e3,N_modes,451,20224100.0,True
H6,H6,b5c400c27e6dbb1cc8466c5ce68e1530b6d984599f3c01c36496b49b586ff5e3,schedule_operation_count,150,20224100.0,True
H6,H6,bb3f15222034bdf87b9be499b27f859fe778b781693fd54677f83bd7531f0680,canonical_bytes,387,9060250.0,True
H6,H6,bb3f15222034bdf87b9be499b27f859fe778b781693fd54677f83bd7531f0680,bundle_bytes,376547,9060250.0,True
H6,H6,bb3f15222034bdf87b9be499b27f859fe778b781693fd54677f83bd7531f0680,N_operations,90,9060250.0,True
H6,H6,bb3f15222034bdf87b9be499b27f859fe778b781693fd54677f83bd7531f0680,N_modes,172,9060250.0,True
H6,H6,bb3f15222034bdf87b9be499b27f859fe778b781693fd54677f83bd7531f0680,schedule_operation_count,90,9060250.0,True
H6,H6,ce18361670bfbcde2f3ff22167187aecef9164dedbf1198bc7563c147804780e,canonical_bytes,404,18632850.0,True
H6,H6,ce18361670bfbcde2f3ff22167187aecef9164dedbf1198bc7563c147804780e,bundle_bytes,755123,18632850.0,True
H6,H6,ce18361670bfbcde2f3ff22167187aecef9164dedbf1198bc7563c147804780e,N_operations,150,18632850.0,True
H6,H6,ce18361670bfbcde2f3ff22167187aecef9164dedbf1198bc7563c147804780e,N_modes,451,18632850.0,True
H6,H6,ce18361670bfbcde2f3ff22167187aecef9164dedbf1198bc7563c147804780e,schedule_operation_count,150,18632850.0,True
H6,H6,ceae66508816dc9f5458c925c89f155658e6c78710a8753d337ac385481cc1bf,canonical_bytes,395,18926750.0,True
H6,H6,ceae66508816dc9f5458c925c89f155658e6c78710a8753d337ac385481cc1bf,bundle_bytes,754947,18926750.0,True
H6,H6,ceae66508816dc9f5458c925c89f155658e6c78710a8753d337ac385481cc1bf,N_operations,150,18926750.0,True
H6,H6,ceae66508816dc9f5458c925c89f155658e6c78710a8753d337ac385481cc1bf,N_modes,451,18926750.0,True
H6,H6,ceae66508816dc9f5458c925c89f155658e6c78710a8753d337ac385481cc1bf,schedule_operation_count,150,18926750.0,True
H6,H6,d093d52f24139c1b6fb09b775beedd000f1a7b3716df906d7d36e91e7e848265,canonical_bytes,390,18869800.0,True
H6,H6,d093d52f24139c1b6fb09b775beedd000f1a7b3716df906d7d36e91e7e848265,bundle_bytes,758647,18869800.0,True
H6,H6,d093d52f24139c1b6fb09b775beedd000f1a7b3716df906d7d36e91e7e848265,N_operations,150,18869800.0,True
H6,H6,d093d52f24139c1b6fb09b775beedd000f1a7b3716df906d7d36e91e7e848265,N_modes,451,18869800.0,True
H6,H6,d093d52f24139c1b6fb09b775beedd000f1a7b3716df906d7d36e91e7e848265,schedule_operation_count,150,18869800.0,True
H6,H6,d4b957654a5efd71168d6f7e67936e6abf4666ceb41e7919635002157b125411,canonical_bytes,386,10972650.0,True
H6,H6,d4b957654a5efd71168d6f7e67936e6abf4666ceb41e7919635002157b125411,bundle_bytes,369648,10972650.0,True
H6,H6,d4b957654a5efd71168d6f7e67936e6abf4666ceb41e7919635002157b125411,N_operations,90,10972650.0,True
H6,H6,d4b957654a5efd71168d6f7e67936e6abf4666ceb41e7919635002157b125411,N_modes,172,10972650.0,True
H6,H6,d4b957654a5efd71168d6f7e67936e6abf4666ceb41e7919635002157b125411,schedule_operation_count,90,10972650.0,True
H6,H6,d598e89b357205c7b4bd47c5ebbe933f8be1f7c8dcdee85e66ec6829cafb91d3,canonical_bytes,387,8745050.0,True
H6,H6,d598e89b357205c7b4bd47c5ebbe933f8be1f7c8dcdee85e66ec6829cafb91d3,bundle_bytes,366660,8745050.0,True
H6,H6,d598e89b357205c7b4bd47c5ebbe933f8be1f7c8dcdee85e66ec6829cafb91d3,N_operations,90,8745050.0,True
H6,H6,d598e89b357205c7b4bd47c5ebbe933f8be1f7c8dcdee85e66ec6829cafb91d3,N_modes,172,8745050.0,True
H6,H6,d598e89b357205c7b4bd47c5ebbe933f8be1f7c8dcdee85e66ec6829cafb91d3,schedule_operation_count,90,8745050.0,True
H6,H6,eb3670bbe434a59cc94347384a5d50fb526d26a00dbf6da73e54438c4bacc2a0,canonical_bytes,401,12830300.0,True
H6,H6,eb3670bbe434a59cc94347384a5d50fb526d26a00dbf6da73e54438c4bacc2a0,bundle_bytes,371712,12830300.0,True
H6,H6,eb3670bbe434a59cc94347384a5d50fb526d26a00dbf6da73e54438c4bacc2a0,N_operations,90,12830300.0,True
H6,H6,eb3670bbe434a59cc94347384a5d50fb526d26a00dbf6da73e54438c4bacc2a0,N_modes,172,12830300.0,True
H6,H6,eb3670bbe434a59cc94347384a5d50fb526d26a00dbf6da73e54438c4bacc2a0,schedule_operation_count,90,12830300.0,True
H6,H6,f1e5fc58ea336e13c098308a2da00dee7de3dd3aa08d6170df4a3cb1afd09795,canonical_bytes,391,19559150.0,True
H6,H6,f1e5fc58ea336e13c098308a2da00dee7de3dd3aa08d6170df4a3cb1afd09795,bundle_bytes,755658,19559150.0,True
H6,H6,f1e5fc58ea336e13c098308a2da00dee7de3dd3aa08d6170df4a3cb1afd09795,N_operations,150,19559150.0,True
H6,H6,f1e5fc58ea336e13c098308a2da00dee7de3dd3aa08d6170df4a3cb1afd09795,N_modes,451,19559150.0,True
H6,H6,f1e5fc58ea336e13c098308a2da00dee7de3dd3aa08d6170df4a3cb1afd09795,schedule_operation_count,150,19559150.0,True
H6,H6,f583baa2dad1527b5f84f71805410ee51b78fce2b1be62de49f1636c06821c7b,canonical_bytes,390,19104900.0,True
H6,H6,f583baa2dad1527b5f84f71805410ee51b78fce2b1be62de49f1636c06821c7b,bundle_bytes,758750,19104900.0,True
H6,H6,f583baa2dad1527b5f84f71805410ee51b78fce2b1be62de49f1636c06821c7b,N_operations,150,19104900.0,True
H6,H6,f583baa2dad1527b5f84f71805410ee51b78fce2b1be62de49f1636c06821c7b,N_modes,451,19104900.0,True
H6,H6,f583baa2dad1527b5f84f71805410ee51b78fce2b1be62de49f1636c06821c7b,schedule_operation_count,150,19104900.0,True
H6,H6,f64f55ad9277004ae441909cd6556d26eeaf73d3eb3c537384be703615149f96,canonical_bytes,401,11756150.0,True
H6,H6,f64f55ad9277004ae441909cd6556d26eeaf73d3eb3c537384be703615149f96,bundle_bytes,371715,11756150.0,True
H6,H6,f64f55ad9277004ae441909cd6556d26eeaf73d3eb3c537384be703615149f96,N_operations,90,11756150.0,True
H6,H6,f64f55ad9277004ae441909cd6556d26eeaf73d3eb3c537384be703615149f96,N_modes,172,11756150.0,True
H6,H6,f64f55ad9277004ae441909cd6556d26eeaf73d3eb3c537384be703615149f96,schedule_operation_count,90,11756150.0,True
H6,H6,f80e8a50e0815fda9eef8635e52671f3888786c4daef5767b8da7b74e4311646,canonical_bytes,389,20968750.0,True
H6,H6,f80e8a50e0815fda9eef8635e52671f3888786c4daef5767b8da7b74e4311646,bundle_bytes,780287,20968750.0,True
H6,H6,f80e8a50e0815fda9eef8635e52671f3888786c4daef5767b8da7b74e4311646,N_operations,150,20968750.0,True
H6,H6,f80e8a50e0815fda9eef8635e52671f3888786c4daef5767b8da7b74e4311646,N_modes,490,20968750.0,True
H6,H6,f80e8a50e0815fda9eef8635e52671f3888786c4daef5767b8da7b74e4311646,schedule_operation_count,150,20968750.0,True
H6,H6,f9ade00b139ce33674b05d1766de3ec85779abfd83f893a7b2437817100901d9,canonical_bytes,388,11967600.0,True
H6,H6,f9ade00b139ce33674b05d1766de3ec85779abfd83f893a7b2437817100901d9,bundle_bytes,369294,11967600.0,True
H6,H6,f9ade00b139ce33674b05d1766de3ec85779abfd83f893a7b2437817100901d9,N_operations,90,11967600.0,True
H6,H6,f9ade00b139ce33674b05d1766de3ec85779abfd83f893a7b2437817100901d9,N_modes,172,11967600.0,True
H6,H6,f9ade00b139ce33674b05d1766de3ec85779abfd83f893a7b2437817100901d9,schedule_operation_count,90,11967600.0,True
H6,H6,feb26c8ce25b99d6b090e07fca86c8e2dbf3ff2d6b891634c4c71b179329ab47,canonical_bytes,385,9347000.0,True
H6,H6,feb26c8ce25b99d6b090e07fca86c8e2dbf3ff2d6b891634c4c71b179329ab47,bundle_bytes,377302,9347000.0,True
H6,H6,feb26c8ce25b99d6b090e07fca86c8e2dbf3ff2d6b891634c4c71b179329ab47,N_operations,90,9347000.0,True
H6,H6,feb26c8ce25b99d6b090e07fca86c8e2dbf3ff2d6b891634c4c71b179329ab47,N_modes,172,9347000.0,True
H6,H6,feb26c8ce25b99d6b090e07fca86c8e2dbf3ff2d6b891634c4c71b179329ab47,schedule_operation_count,90,9347000.0,True
H7,H7,052b2dfeb855619b4e74c70e7155e5699a6aebc572c887f1432462ecf4afce6b,canonical_bytes,404,17250.0,True
H7,H7,052b2dfeb855619b4e74c70e7155e5699a6aebc572c887f1432462ecf4afce6b,bundle_bytes,755121,17250.0,True
H7,H7,052b2dfeb855619b4e74c70e7155e5699a6aebc572c887f1432462ecf4afce6b,N_operations,150,17250.0,True
H7,H7,052b2dfeb855619b4e74c70e7155e5699a6aebc572c887f1432462ecf4afce6b,N_modes,451,17250.0,True
H7,H7,052b2dfeb855619b4e74c70e7155e5699a6aebc572c887f1432462ecf4afce6b,schedule_operation_count,150,17250.0,True
H7,H7,0edc936e36dbd00367c35ec096b127c69211776f53ead8d7b9619a78d9b3beb5,canonical_bytes,388,17000.0,True
H7,H7,0edc936e36dbd00367c35ec096b127c69211776f53ead8d7b9619a78d9b3beb5,bundle_bytes,779480,17000.0,True
H7,H7,0edc936e36dbd00367c35ec096b127c69211776f53ead8d7b9619a78d9b3beb5,N_operations,150,17000.0,True
H7,H7,0edc936e36dbd00367c35ec096b127c69211776f53ead8d7b9619a78d9b3beb5,N_modes,490,17000.0,True
H7,H7,0edc936e36dbd00367c35ec096b127c69211776f53ead8d7b9619a78d9b3beb5,schedule_operation_count,150,17000.0,True
H7,H7,19993579c580ecb799e1ce158990340e547863ae75c4be153b97908cb5cd08a2,canonical_bytes,386,15350.0,True
H7,H7,19993579c580ecb799e1ce158990340e547863ae75c4be153b97908cb5cd08a2,bundle_bytes,376417,15350.0,True
H7,H7,19993579c580ecb799e1ce158990340e547863ae75c4be153b97908cb5cd08a2,N_operations,90,15350.0,True
H7,H7,19993579c580ecb799e1ce158990340e547863ae75c4be153b97908cb5cd08a2,N_modes,172,15350.0,True
H7,H7,19993579c580ecb799e1ce158990340e547863ae75c4be153b97908cb5cd08a2,schedule_operation_count,90,15350.0,True
H7,H7,1bb3dc3f26212de23def1f2ca0d598d344fea56b8a73247e2f6390ebea07946d,canonical_bytes,387,13700.0,True
H7,H7,1bb3dc3f26212de23def1f2ca0d598d344fea56b8a73247e2f6390ebea07946d,bundle_bytes,376647,13700.0,True
H7,H7,1bb3dc3f26212de23def1f2ca0d598d344fea56b8a73247e2f6390ebea07946d,N_operations,90,13700.0,True
H7,H7,1bb3dc3f26212de23def1f2ca0d598d344fea56b8a73247e2f6390ebea07946d,N_modes,172,13700.0,True
H7,H7,1bb3dc3f26212de23def1f2ca0d598d344fea56b8a73247e2f6390ebea07946d,schedule_operation_count,90,13700.0,True
H7,H7,2443e5a3d32298289c0b98d2a7d3a03cbf4194a7adecf97293b0ac348944ba9e,canonical_bytes,404,17450.0,True
H7,H7,2443e5a3d32298289c0b98d2a7d3a03cbf4194a7adecf97293b0ac348944ba9e,bundle_bytes,755111,17450.0,True
H7,H7,2443e5a3d32298289c0b98d2a7d3a03cbf4194a7adecf97293b0ac348944ba9e,N_operations,150,17450.0,True
H7,H7,2443e5a3d32298289c0b98d2a7d3a03cbf4194a7adecf97293b0ac348944ba9e,N_modes,451,17450.0,True
H7,H7,2443e5a3d32298289c0b98d2a7d3a03cbf4194a7adecf97293b0ac348944ba9e,schedule_operation_count,150,17450.0,True
H7,H7,245cb7ed72fd0a10da80157bd648a7ae9e8bd9ef722909fe778d274715ad67b3,canonical_bytes,386,12300.0,True
H7,H7,245cb7ed72fd0a10da80157bd648a7ae9e8bd9ef722909fe778d274715ad67b3,bundle_bytes,369530,12300.0,True
H7,H7,245cb7ed72fd0a10da80157bd648a7ae9e8bd9ef722909fe778d274715ad67b3,N_operations,90,12300.0,True
H7,H7,245cb7ed72fd0a10da80157bd648a7ae9e8bd9ef722909fe778d274715ad67b3,N_modes,172,12300.0,True
H7,H7,245cb7ed72fd0a10da80157bd648a7ae9e8bd9ef722909fe778d274715ad67b3,schedule_operation_count,90,12300.0,True
H7,H7,268469c82535bf1ba82a82324d755f40ad8bc7255c875b8e25c2d7943cff1ff3,canonical_bytes,387,13250.0,True
H7,H7,268469c82535bf1ba82a82324d755f40ad8bc7255c875b8e25c2d7943cff1ff3,bundle_bytes,779262,13250.0,True
H7,H7,268469c82535bf1ba82a82324d755f40ad8bc7255c875b8e25c2d7943cff1ff3,N_operations,150,13250.0,True
H7,H7,268469c82535bf1ba82a82324d755f40ad8bc7255c875b8e25c2d7943cff1ff3,N_modes,490,13250.0,True
H7,H7,268469c82535bf1ba82a82324d755f40ad8bc7255c875b8e25c2d7943cff1ff3,schedule_operation_count,150,13250.0,True
H7,H7,2908e9ba69598735be8757d9b153473f5bacec1feb89ecff91ce994824a10178,canonical_bytes,387,12950.0,True
H7,H7,2908e9ba69598735be8757d9b153473f5bacec1feb89ecff91ce994824a10178,bundle_bytes,778769,12950.0,True
H7,H7,2908e9ba69598735be8757d9b153473f5bacec1feb89ecff91ce994824a10178,N_operations,150,12950.0,True
H7,H7,2908e9ba69598735be8757d9b153473f5bacec1feb89ecff91ce994824a10178,N_modes,490,12950.0,True
H7,H7,2908e9ba69598735be8757d9b153473f5bacec1feb89ecff91ce994824a10178,schedule_operation_count,150,12950.0,True
H7,H7,474b6ef7aac2feb7cb9195d7d3644f0d53d378eb4518ef87a9a2f7714d8ef3d5,canonical_bytes,392,10850.0,True
H7,H7,474b6ef7aac2feb7cb9195d7d3644f0d53d378eb4518ef87a9a2f7714d8ef3d5,bundle_bytes,371559,10850.0,True
H7,H7,474b6ef7aac2feb7cb9195d7d3644f0d53d378eb4518ef87a9a2f7714d8ef3d5,N_operations,90,10850.0,True
H7,H7,474b6ef7aac2feb7cb9195d7d3644f0d53d378eb4518ef87a9a2f7714d8ef3d5,N_modes,172,10850.0,True
H7,H7,474b6ef7aac2feb7cb9195d7d3644f0d53d378eb4518ef87a9a2f7714d8ef3d5,schedule_operation_count,90,10850.0,True
H7,H7,4fafb9a13ff5e2fda82a804bf609727b68a17926d69ae1574c4801604ec81359,canonical_bytes,392,14900.0,True
H7,H7,4fafb9a13ff5e2fda82a804bf609727b68a17926d69ae1574c4801604ec81359,bundle_bytes,371549,14900.0,True
H7,H7,4fafb9a13ff5e2fda82a804bf609727b68a17926d69ae1574c4801604ec81359,N_operations,90,14900.0,True
H7,H7,4fafb9a13ff5e2fda82a804bf609727b68a17926d69ae1574c4801604ec81359,N_modes,172,14900.0,True
H7,H7,4fafb9a13ff5e2fda82a804bf609727b68a17926d69ae1574c4801604ec81359,schedule_operation_count,90,14900.0,True
H7,H7,54349d927b9070c144f507868f9ef8b962c7c926426b33c3a7e0c88f715b246a,canonical_bytes,389,14950.0,True
H7,H7,54349d927b9070c144f507868f9ef8b962c7c926426b33c3a7e0c88f715b246a,bundle_bytes,371510,14950.0,True
H7,H7,54349d927b9070c144f507868f9ef8b962c7c926426b33c3a7e0c88f715b246a,N_operations,90,14950.0,True
H7,H7,54349d927b9070c144f507868f9ef8b962c7c926426b33c3a7e0c88f715b246a,N_modes,172,14950.0,True
H7,H7,54349d927b9070c144f507868f9ef8b962c7c926426b33c3a7e0c88f715b246a,schedule_operation_count,90,14950.0,True
H7,H7,558b8365de15727bf495595ed539867872c185b280ea249712f3b1d5f8674cd5,canonical_bytes,392,15250.0,True
H7,H7,558b8365de15727bf495595ed539867872c185b280ea249712f3b1d5f8674cd5,bundle_bytes,371529,15250.0,True
H7,H7,558b8365de15727bf495595ed539867872c185b280ea249712f3b1d5f8674cd5,N_operations,90,15250.0,True
H7,H7,558b8365de15727bf495595ed539867872c185b280ea249712f3b1d5f8674cd5,N_modes,172,15250.0,True
H7,H7,558b8365de15727bf495595ed539867872c185b280ea249712f3b1d5f8674cd5,schedule_operation_count,90,15250.0,True
H7,H7,5ecccd77f46ab5549088b57686632a9eb5ccf1a5a977fbe35cfae6a50eca52bb,canonical_bytes,387,11400.0,True
H7,H7,5ecccd77f46ab5549088b57686632a9eb5ccf1a5a977fbe35cfae6a50eca52bb,bundle_bytes,366528,11400.0,True
H7,H7,5ecccd77f46ab5549088b57686632a9eb5ccf1a5a977fbe35cfae6a50eca52bb,N_operations,90,11400.0,True
H7,H7,5ecccd77f46ab5549088b57686632a9eb5ccf1a5a977fbe35cfae6a50eca52bb,N_modes,172,11400.0,True
H7,H7,5ecccd77f46ab5549088b57686632a9eb5ccf1a5a977fbe35cfae6a50eca52bb,schedule_operation_count,90,11400.0,True
H7,H7,5f24b2bbe16d5c8f667064d5031553e1dd9c4d9dbb7e0757cb922d9ba47928d5,canonical_bytes,401,11550.0,True
H7,H7,5f24b2bbe16d5c8f667064d5031553e1dd9c4d9dbb7e0757cb922d9ba47928d5,bundle_bytes,371715,11550.0,True
H7,H7,5f24b2bbe16d5c8f667064d5031553e1dd9c4d9dbb7e0757cb922d9ba47928d5,N_operations,90,11550.0,True
H7,H7,5f24b2bbe16d5c8f667064d5031553e1dd9c4d9dbb7e0757cb922d9ba47928d5,N_modes,172,11550.0,True
H7,H7,5f24b2bbe16d5c8f667064d5031553e1dd9c4d9dbb7e0757cb922d9ba47928d5,schedule_operation_count,90,11550.0,True
H7,H7,61f77c0251bcd2bbb51e6bff7e048bfcda7139b4e796314d32b47961ac3b5c1b,canonical_bytes,388,16150.0,True
H7,H7,61f77c0251bcd2bbb51e6bff7e048bfcda7139b4e796314d32b47961ac3b5c1b,bundle_bytes,373222,16150.0,True
H7,H7,61f77c0251bcd2bbb51e6bff7e048bfcda7139b4e796314d32b47961ac3b5c1b,N_operations,90,16150.0,True
H7,H7,61f77c0251bcd2bbb51e6bff7e048bfcda7139b4e796314d32b47961ac3b5c1b,N_modes,172,16150.0,True
H7,H7,61f77c0251bcd2bbb51e6bff7e048bfcda7139b4e796314d32b47961ac3b5c1b,schedule_operation_count,90,16150.0,True
H7,H7,634f3d08fd93ba622176ea6c9ff7ff1fb9d57a9b14f936f27d1460655fc20d72,canonical_bytes,388,10500.0,True
H7,H7,634f3d08fd93ba622176ea6c9ff7ff1fb9d57a9b14f936f27d1460655fc20d72,bundle_bytes,369189,10500.0,True
H7,H7,634f3d08fd93ba622176ea6c9ff7ff1fb9d57a9b14f936f27d1460655fc20d72,N_operations,90,10500.0,True
H7,H7,634f3d08fd93ba622176ea6c9ff7ff1fb9d57a9b14f936f27d1460655fc20d72,N_modes,172,10500.0,True
H7,H7,634f3d08fd93ba622176ea6c9ff7ff1fb9d57a9b14f936f27d1460655fc20d72,schedule_operation_count,90,10500.0,True
H7,H7,73cdcc11d1c23e47664696979a9b12b94deb5da000c18f37a8d7c0b641090788,canonical_bytes,391,13950.0,True
H7,H7,73cdcc11d1c23e47664696979a9b12b94deb5da000c18f37a8d7c0b641090788,bundle_bytes,755370,13950.0,True
H7,H7,73cdcc11d1c23e47664696979a9b12b94deb5da000c18f37a8d7c0b641090788,N_operations,150,13950.0,True
H7,H7,73cdcc11d1c23e47664696979a9b12b94deb5da000c18f37a8d7c0b641090788,N_modes,451,13950.0,True
H7,H7,73cdcc11d1c23e47664696979a9b12b94deb5da000c18f37a8d7c0b641090788,schedule_operation_count,150,13950.0,True
H7,H7,7dc2cc636acd7eeb3db7367222360894cac918d6adca467d2f7a79960bbe8b1c,canonical_bytes,387,14150.0,True
H7,H7,7dc2cc636acd7eeb3db7367222360894cac918d6adca467d2f7a79960bbe8b1c,bundle_bytes,372138,14150.0,True
H7,H7,7dc2cc636acd7eeb3db7367222360894cac918d6adca467d2f7a79960bbe8b1c,N_operations,90,14150.0,True
H7,H7,7dc2cc636acd7eeb3db7367222360894cac918d6adca467d2f7a79960bbe8b1c,N_modes,172,14150.0,True
H7,H7,7dc2cc636acd7eeb3db7367222360894cac918d6adca467d2f7a79960bbe8b1c,schedule_operation_count,90,14150.0,True
H7,H7,8c60197386a54af6d06cac0996c81cbca4971ac83984afcf2a52fa27a5bb1b42,canonical_bytes,387,11300.0,True
H7,H7,8c60197386a54af6d06cac0996c81cbca4971ac83984afcf2a52fa27a5bb1b42,bundle_bytes,372245,11300.0,True
H7,H7,8c60197386a54af6d06cac0996c81cbca4971ac83984afcf2a52fa27a5bb1b42,N_operations,90,11300.0,True
H7,H7,8c60197386a54af6d06cac0996c81cbca4971ac83984afcf2a52fa27a5bb1b42,N_modes,172,11300.0,True
H7,H7,8c60197386a54af6d06cac0996c81cbca4971ac83984afcf2a52fa27a5bb1b42,schedule_operation_count,90,11300.0,True
H7,H7,8e3a1df6f55a6d53d21fd63c9dcda45cee6d1576c4989d45b40828d31e6d7281,canonical_bytes,389,15050.0,True
H7,H7,8e3a1df6f55a6d53d21fd63c9dcda45cee6d1576c4989d45b40828d31e6d7281,bundle_bytes,371639,15050.0,True
H7,H7,8e3a1df6f55a6d53d21fd63c9dcda45cee6d1576c4989d45b40828d31e6d7281,N_operations,90,15050.0,True
H7,H7,8e3a1df6f55a6d53d21fd63c9dcda45cee6d1576c4989d45b40828d31e6d7281,N_modes,172,15050.0,True
H7,H7,8e3a1df6f55a6d53d21fd63c9dcda45cee6d1576c4989d45b40828d31e6d7281,schedule_operation_count,90,15050.0,True
H7,H7,97eb8ea8dfec0a163a4b54e1179247553055627de3df3d7a40c8879cacc64800,canonical_bytes,395,13450.0,True
H7,H7,97eb8ea8dfec0a163a4b54e1179247553055627de3df3d7a40c8879cacc64800,bundle_bytes,754947,13450.0,True
H7,H7,97eb8ea8dfec0a163a4b54e1179247553055627de3df3d7a40c8879cacc64800,N_operations,150,13450.0,True
H7,H7,97eb8ea8dfec0a163a4b54e1179247553055627de3df3d7a40c8879cacc64800,N_modes,451,13450.0,True
H7,H7,97eb8ea8dfec0a163a4b54e1179247553055627de3df3d7a40c8879cacc64800,schedule_operation_count,150,13450.0,True
H7,H7,9827288498c6ff63f3f7ec6f3bb833b53ac1c3cbaf59021addc82b6a8c08bae2,canonical_bytes,395,17500.0,True
H7,H7,9827288498c6ff63f3f7ec6f3bb833b53ac1c3cbaf59021addc82b6a8c08bae2,bundle_bytes,754955,17500.0,True
H7,H7,9827288498c6ff63f3f7ec6f3bb833b53ac1c3cbaf59021addc82b6a8c08bae2,N_operations,150,17500.0,True
H7,H7,9827288498c6ff63f3f7ec6f3bb833b53ac1c3cbaf59021addc82b6a8c08bae2,N_modes,451,17500.0,True
H7,H7,9827288498c6ff63f3f7ec6f3bb833b53ac1c3cbaf59021addc82b6a8c08bae2,schedule_operation_count,150,17500.0,True
H7,H7,9f7906189c782cba7c3a4cc9cb8785764c8ad3fb1e637423a7a310d6c438feb5,canonical_bytes,386,16000.0,True
H7,H7,9f7906189c782cba7c3a4cc9cb8785764c8ad3fb1e637423a7a310d6c438feb5,bundle_bytes,376294,16000.0,True
H7,H7,9f7906189c782cba7c3a4cc9cb8785764c8ad3fb1e637423a7a310d6c438feb5,N_operations,90,16000.0,True
H7,H7,9f7906189c782cba7c3a4cc9cb8785764c8ad3fb1e637423a7a310d6c438feb5,N_modes,172,16000.0,True
H7,H7,9f7906189c782cba7c3a4cc9cb8785764c8ad3fb1e637423a7a310d6c438feb5,schedule_operation_count,90,16000.0,True
H7,H7,aa5b4ee1688c71f1a3932cd7d9b629a08e31ef09728f3280c98c7636eecfb8d3,canonical_bytes,392,17750.0,True
H7,H7,aa5b4ee1688c71f1a3932cd7d9b629a08e31ef09728f3280c98c7636eecfb8d3,bundle_bytes,754924,17750.0,True
H7,H7,aa5b4ee1688c71f1a3932cd7d9b629a08e31ef09728f3280c98c7636eecfb8d3,N_operations,150,17750.0,True
H7,H7,aa5b4ee1688c71f1a3932cd7d9b629a08e31ef09728f3280c98c7636eecfb8d3,N_modes,451,17750.0,True
H7,H7,aa5b4ee1688c71f1a3932cd7d9b629a08e31ef09728f3280c98c7636eecfb8d3,schedule_operation_count,150,17750.0,True
H7,H7,aad646b14392b632d658225dedb7d3953424ab9ab19ebafdc67bd9a7f02eb50b,canonical_bytes,389,14750.0,True
H7,H7,aad646b14392b632d658225dedb7d3953424ab9ab19ebafdc67bd9a7f02eb50b,bundle_bytes,782303,14750.0,True
H7,H7,aad646b14392b632d658225dedb7d3953424ab9ab19ebafdc67bd9a7f02eb50b,N_operations,150,14750.0,True
H7,H7,aad646b14392b632d658225dedb7d3953424ab9ab19ebafdc67bd9a7f02eb50b,N_modes,490,14750.0,True
H7,H7,aad646b14392b632d658225dedb7d3953424ab9ab19ebafdc67bd9a7f02eb50b,schedule_operation_count,150,14750.0,True
H7,H7,abc8d6ba26b9728a25ebd17f4066aa5421f54fde1c1ef630cc33cb308c0fb8e5,canonical_bytes,388,12700.0,True
H7,H7,abc8d6ba26b9728a25ebd17f4066aa5421f54fde1c1ef630cc33cb308c0fb8e5,bundle_bytes,373355,12700.0,True
H7,H7,abc8d6ba26b9728a25ebd17f4066aa5421f54fde1c1ef630cc33cb308c0fb8e5,N_operations,90,12700.0,True
H7,H7,abc8d6ba26b9728a25ebd17f4066aa5421f54fde1c1ef630cc33cb308c0fb8e5,N_modes,172,12700.0,True
H7,H7,abc8d6ba26b9728a25ebd17f4066aa5421f54fde1c1ef630cc33cb308c0fb8e5,schedule_operation_count,90,12700.0,True
H7,H7,b0f01f4c7ca822555039b9267d8985edbeb149abc0a710d6583cea634584f862,canonical_bytes,388,14800.0,True
H7,H7,b0f01f4c7ca822555039b9267d8985edbeb149abc0a710d6583cea634584f862,bundle_bytes,778599,14800.0,True
H7,H7,b0f01f4c7ca822555039b9267d8985edbeb149abc0a710d6583cea634584f862,N_operations,150,14800.0,True
H7,H7,b0f01f4c7ca822555039b9267d8985edbeb149abc0a710d6583cea634584f862,N_modes,490,14800.0,True
H7,H7,b0f01f4c7ca822555039b9267d8985edbeb149abc0a710d6583cea634584f862,schedule_operation_count,150,14800.0,True
H7,H7,b31f9c5cbf923f188771558357941c1a7d6a71089f67793c620cf7034a070eb2,canonical_bytes,385,15100.0,True
H7,H7,b31f9c5cbf923f188771558357941c1a7d6a71089f67793c620cf7034a070eb2,bundle_bytes,377436,15100.0,True
H7,H7,b31f9c5cbf923f188771558357941c1a7d6a71089f67793c620cf7034a070eb2,N_operations,90,15100.0,True
H7,H7,b31f9c5cbf923f188771558357941c1a7d6a71089f67793c620cf7034a070eb2,N_modes,172,15100.0,True
H7,H7,b31f9c5cbf923f188771558357941c1a7d6a71089f67793c620cf7034a070eb2,schedule_operation_count,90,15100.0,True
H7,H7,b5c400c27e6dbb1cc8466c5ce68e1530b6d984599f3c01c36496b49b586ff5e3,canonical_bytes,392,17050.0,True
H7,H7,b5c400c27e6dbb1cc8466c5ce68e1530b6d984599f3c01c36496b49b586ff5e3,bundle_bytes,755038,17050.0,True
H7,H7,b5c400c27e6dbb1cc8466c5ce68e1530b6d984599f3c01c36496b49b586ff5e3,N_operations,150,17050.0,True
H7,H7,b5c400c27e6dbb1cc8466c5ce68e1530b6d984599f3c01c36496b49b586ff5e3,N_modes,451,17050.0,True
H7,H7,b5c400c27e6dbb1cc8466c5ce68e1530b6d984599f3c01c36496b49b586ff5e3,schedule_operation_count,150,17050.0,True
H7,H7,bb3f15222034bdf87b9be499b27f859fe778b781693fd54677f83bd7531f0680,canonical_bytes,387,14700.0,True
H7,H7,bb3f15222034bdf87b9be499b27f859fe778b781693fd54677f83bd7531f0680,bundle_bytes,376547,14700.0,True
H7,H7,bb3f15222034bdf87b9be499b27f859fe778b781693fd54677f83bd7531f0680,N_operations,90,14700.0,True
H7,H7,bb3f15222034bdf87b9be499b27f859fe778b781693fd54677f83bd7531f0680,N_modes,172,14700.0,True
H7,H7,bb3f15222034bdf87b9be499b27f859fe778b781693fd54677f83bd7531f0680,schedule_operation_count,90,14700.0,True
H7,H7,ce18361670bfbcde2f3ff22167187aecef9164dedbf1198bc7563c147804780e,canonical_bytes,404,17500.0,True
H7,H7,ce18361670bfbcde2f3ff22167187aecef9164dedbf1198bc7563c147804780e,bundle_bytes,755123,17500.0,True
H7,H7,ce18361670bfbcde2f3ff22167187aecef9164dedbf1198bc7563c147804780e,N_operations,150,17500.0,True
H7,H7,ce18361670bfbcde2f3ff22167187aecef9164dedbf1198bc7563c147804780e,N_modes,451,17500.0,True
H7,H7,ce18361670bfbcde2f3ff22167187aecef9164dedbf1198bc7563c147804780e,schedule_operation_count,150,17500.0,True
H7,H7,ceae66508816dc9f5458c925c89f155658e6c78710a8753d337ac385481cc1bf,canonical_bytes,395,15300.0,True
H7,H7,ceae66508816dc9f5458c925c89f155658e6c78710a8753d337ac385481cc1bf,bundle_bytes,754947,15300.0,True
H7,H7,ceae66508816dc9f5458c925c89f155658e6c78710a8753d337ac385481cc1bf,N_operations,150,15300.0,True
H7,H7,ceae66508816dc9f5458c925c89f155658e6c78710a8753d337ac385481cc1bf,N_modes,451,15300.0,True
H7,H7,ceae66508816dc9f5458c925c89f155658e6c78710a8753d337ac385481cc1bf,schedule_operation_count,150,15300.0,True
H7,H7,d093d52f24139c1b6fb09b775beedd000f1a7b3716df906d7d36e91e7e848265,canonical_bytes,390,12450.0,True
H7,H7,d093d52f24139c1b6fb09b775beedd000f1a7b3716df906d7d36e91e7e848265,bundle_bytes,758647,12450.0,True
H7,H7,d093d52f24139c1b6fb09b775beedd000f1a7b3716df906d7d36e91e7e848265,N_operations,150,12450.0,True
H7,H7,d093d52f24139c1b6fb09b775beedd000f1a7b3716df906d7d36e91e7e848265,N_modes,451,12450.0,True
H7,H7,d093d52f24139c1b6fb09b775beedd000f1a7b3716df906d7d36e91e7e848265,schedule_operation_count,150,12450.0,True
H7,H7,d4b957654a5efd71168d6f7e67936e6abf4666ceb41e7919635002157b125411,canonical_bytes,386,10300.0,True
H7,H7,d4b957654a5efd71168d6f7e67936e6abf4666ceb41e7919635002157b125411,bundle_bytes,369648,10300.0,True
H7,H7,d4b957654a5efd71168d6f7e67936e6abf4666ceb41e7919635002157b125411,N_operations,90,10300.0,True
H7,H7,d4b957654a5efd71168d6f7e67936e6abf4666ceb41e7919635002157b125411,N_modes,172,10300.0,True
H7,H7,d4b957654a5efd71168d6f7e67936e6abf4666ceb41e7919635002157b125411,schedule_operation_count,90,10300.0,True
H7,H7,d598e89b357205c7b4bd47c5ebbe933f8be1f7c8dcdee85e66ec6829cafb91d3,canonical_bytes,387,12750.0,True
H7,H7,d598e89b357205c7b4bd47c5ebbe933f8be1f7c8dcdee85e66ec6829cafb91d3,bundle_bytes,366660,12750.0,True
H7,H7,d598e89b357205c7b4bd47c5ebbe933f8be1f7c8dcdee85e66ec6829cafb91d3,N_operations,90,12750.0,True
H7,H7,d598e89b357205c7b4bd47c5ebbe933f8be1f7c8dcdee85e66ec6829cafb91d3,N_modes,172,12750.0,True
H7,H7,d598e89b357205c7b4bd47c5ebbe933f8be1f7c8dcdee85e66ec6829cafb91d3,schedule_operation_count,90,12750.0,True
H7,H7,eb3670bbe434a59cc94347384a5d50fb526d26a00dbf6da73e54438c4bacc2a0,canonical_bytes,401,14850.0,True
H7,H7,eb3670bbe434a59cc94347384a5d50fb526d26a00dbf6da73e54438c4bacc2a0,bundle_bytes,371712,14850.0,True
H7,H7,eb3670bbe434a59cc94347384a5d50fb526d26a00dbf6da73e54438c4bacc2a0,N_operations,90,14850.0,True
H7,H7,eb3670bbe434a59cc94347384a5d50fb526d26a00dbf6da73e54438c4bacc2a0,N_modes,172,14850.0,True
H7,H7,eb3670bbe434a59cc94347384a5d50fb526d26a00dbf6da73e54438c4bacc2a0,schedule_operation_count,90,14850.0,True
H7,H7,f1e5fc58ea336e13c098308a2da00dee7de3dd3aa08d6170df4a3cb1afd09795,canonical_bytes,391,16300.0,True
H7,H7,f1e5fc58ea336e13c098308a2da00dee7de3dd3aa08d6170df4a3cb1afd09795,bundle_bytes,755658,16300.0,True
H7,H7,f1e5fc58ea336e13c098308a2da00dee7de3dd3aa08d6170df4a3cb1afd09795,N_operations,150,16300.0,True
H7,H7,f1e5fc58ea336e13c098308a2da00dee7de3dd3aa08d6170df4a3cb1afd09795,N_modes,451,16300.0,True
H7,H7,f1e5fc58ea336e13c098308a2da00dee7de3dd3aa08d6170df4a3cb1afd09795,schedule_operation_count,150,16300.0,True
H7,H7,f583baa2dad1527b5f84f71805410ee51b78fce2b1be62de49f1636c06821c7b,canonical_bytes,390,13450.0,True
H7,H7,f583baa2dad1527b5f84f71805410ee51b78fce2b1be62de49f1636c06821c7b,bundle_bytes,758750,13450.0,True
H7,H7,f583baa2dad1527b5f84f71805410ee51b78fce2b1be62de49f1636c06821c7b,N_operations,150,13450.0,True
H7,H7,f583baa2dad1527b5f84f71805410ee51b78fce2b1be62de49f1636c06821c7b,N_modes,451,13450.0,True
H7,H7,f583baa2dad1527b5f84f71805410ee51b78fce2b1be62de49f1636c06821c7b,schedule_operation_count,150,13450.0,True
H7,H7,f64f55ad9277004ae441909cd6556d26eeaf73d3eb3c537384be703615149f96,canonical_bytes,401,14350.0,True
H7,H7,f64f55ad9277004ae441909cd6556d26eeaf73d3eb3c537384be703615149f96,bundle_bytes,371715,14350.0,True
H7,H7,f64f55ad9277004ae441909cd6556d26eeaf73d3eb3c537384be703615149f96,N_operations,90,14350.0,True
H7,H7,f64f55ad9277004ae441909cd6556d26eeaf73d3eb3c537384be703615149f96,N_modes,172,14350.0,True
H7,H7,f64f55ad9277004ae441909cd6556d26eeaf73d3eb3c537384be703615149f96,schedule_operation_count,90,14350.0,True
H7,H7,f80e8a50e0815fda9eef8635e52671f3888786c4daef5767b8da7b74e4311646,canonical_bytes,389,15300.0,True
H7,H7,f80e8a50e0815fda9eef8635e52671f3888786c4daef5767b8da7b74e4311646,bundle_bytes,780287,15300.0,True
H7,H7,f80e8a50e0815fda9eef8635e52671f3888786c4daef5767b8da7b74e4311646,N_operations,150,15300.0,True
H7,H7,f80e8a50e0815fda9eef8635e52671f3888786c4daef5767b8da7b74e4311646,N_modes,490,15300.0,True
H7,H7,f80e8a50e0815fda9eef8635e52671f3888786c4daef5767b8da7b74e4311646,schedule_operation_count,150,15300.0,True
H7,H7,f9ade00b139ce33674b05d1766de3ec85779abfd83f893a7b2437817100901d9,canonical_bytes,388,11750.0,True
H7,H7,f9ade00b139ce33674b05d1766de3ec85779abfd83f893a7b2437817100901d9,bundle_bytes,369294,11750.0,True
H7,H7,f9ade00b139ce33674b05d1766de3ec85779abfd83f893a7b2437817100901d9,N_operations,90,11750.0,True
H7,H7,f9ade00b139ce33674b05d1766de3ec85779abfd83f893a7b2437817100901d9,N_modes,172,11750.0,True
H7,H7,f9ade00b139ce33674b05d1766de3ec85779abfd83f893a7b2437817100901d9,schedule_operation_count,90,11750.0,True
H7,H7,feb26c8ce25b99d6b090e07fca86c8e2dbf3ff2d6b891634c4c71b179329ab47,canonical_bytes,385,13250.0,True
H7,H7,feb26c8ce25b99d6b090e07fca86c8e2dbf3ff2d6b891634c4c71b179329ab47,bundle_bytes,377302,13250.0,True
H7,H7,feb26c8ce25b99d6b090e07fca86c8e2dbf3ff2d6b891634c4c71b179329ab47,N_operations,90,13250.0,True
H7,H7,feb26c8ce25b99d6b090e07fca86c8e2dbf3ff2d6b891634c4c71b179329ab47,N_modes,172,13250.0,True
H7,H7,feb26c8ce25b99d6b090e07fca86c8e2dbf3ff2d6b891634c4c71b179329ab47,schedule_operation_count,90,13250.0,True
H8,H8,052b2dfeb855619b4e74c70e7155e5699a6aebc572c887f1432462ecf4afce6b,canonical_bytes,404,2094850.0,True
H8,H8,052b2dfeb855619b4e74c70e7155e5699a6aebc572c887f1432462ecf4afce6b,bundle_bytes,755121,2094850.0,True
H8,H8,052b2dfeb855619b4e74c70e7155e5699a6aebc572c887f1432462ecf4afce6b,N_operations,150,2094850.0,True
H8,H8,052b2dfeb855619b4e74c70e7155e5699a6aebc572c887f1432462ecf4afce6b,N_modes,451,2094850.0,True
H8,H8,052b2dfeb855619b4e74c70e7155e5699a6aebc572c887f1432462ecf4afce6b,schedule_operation_count,150,2094850.0,True
H8,H8,0edc936e36dbd00367c35ec096b127c69211776f53ead8d7b9619a78d9b3beb5,canonical_bytes,388,2015850.0,True
H8,H8,0edc936e36dbd00367c35ec096b127c69211776f53ead8d7b9619a78d9b3beb5,bundle_bytes,779480,2015850.0,True
H8,H8,0edc936e36dbd00367c35ec096b127c69211776f53ead8d7b9619a78d9b3beb5,N_operations,150,2015850.0,True
H8,H8,0edc936e36dbd00367c35ec096b127c69211776f53ead8d7b9619a78d9b3beb5,N_modes,490,2015850.0,True
H8,H8,0edc936e36dbd00367c35ec096b127c69211776f53ead8d7b9619a78d9b3beb5,schedule_operation_count,150,2015850.0,True
H8,H8,19993579c580ecb799e1ce158990340e547863ae75c4be153b97908cb5cd08a2,canonical_bytes,386,1376150.0,True
H8,H8,19993579c580ecb799e1ce158990340e547863ae75c4be153b97908cb5cd08a2,bundle_bytes,376417,1376150.0,True
H8,H8,19993579c580ecb799e1ce158990340e547863ae75c4be153b97908cb5cd08a2,N_operations,90,1376150.0,True
H8,H8,19993579c580ecb799e1ce158990340e547863ae75c4be153b97908cb5cd08a2,N_modes,172,1376150.0,True
H8,H8,19993579c580ecb799e1ce158990340e547863ae75c4be153b97908cb5cd08a2,schedule_operation_count,90,1376150.0,True
H8,H8,1bb3dc3f26212de23def1f2ca0d598d344fea56b8a73247e2f6390ebea07946d,canonical_bytes,387,1370250.0,True
H8,H8,1bb3dc3f26212de23def1f2ca0d598d344fea56b8a73247e2f6390ebea07946d,bundle_bytes,376647,1370250.0,True
H8,H8,1bb3dc3f26212de23def1f2ca0d598d344fea56b8a73247e2f6390ebea07946d,N_operations,90,1370250.0,True
H8,H8,1bb3dc3f26212de23def1f2ca0d598d344fea56b8a73247e2f6390ebea07946d,N_modes,172,1370250.0,True
H8,H8,1bb3dc3f26212de23def1f2ca0d598d344fea56b8a73247e2f6390ebea07946d,schedule_operation_count,90,1370250.0,True
H8,H8,2443e5a3d32298289c0b98d2a7d3a03cbf4194a7adecf97293b0ac348944ba9e,canonical_bytes,404,2072900.0,True
H8,H8,2443e5a3d32298289c0b98d2a7d3a03cbf4194a7adecf97293b0ac348944ba9e,bundle_bytes,755111,2072900.0,True
H8,H8,2443e5a3d32298289c0b98d2a7d3a03cbf4194a7adecf97293b0ac348944ba9e,N_operations,150,2072900.0,True
H8,H8,2443e5a3d32298289c0b98d2a7d3a03cbf4194a7adecf97293b0ac348944ba9e,N_modes,451,2072900.0,True
H8,H8,2443e5a3d32298289c0b98d2a7d3a03cbf4194a7adecf97293b0ac348944ba9e,schedule_operation_count,150,2072900.0,True
H8,H8,245cb7ed72fd0a10da80157bd648a7ae9e8bd9ef722909fe778d274715ad67b3,canonical_bytes,386,1270750.0,True
H8,H8,245cb7ed72fd0a10da80157bd648a7ae9e8bd9ef722909fe778d274715ad67b3,bundle_bytes,369530,1270750.0,True
H8,H8,245cb7ed72fd0a10da80157bd648a7ae9e8bd9ef722909fe778d274715ad67b3,N_operations,90,1270750.0,True
H8,H8,245cb7ed72fd0a10da80157bd648a7ae9e8bd9ef722909fe778d274715ad67b3,N_modes,172,1270750.0,True
H8,H8,245cb7ed72fd0a10da80157bd648a7ae9e8bd9ef722909fe778d274715ad67b3,schedule_operation_count,90,1270750.0,True
H8,H8,268469c82535bf1ba82a82324d755f40ad8bc7255c875b8e25c2d7943cff1ff3,canonical_bytes,387,1961650.0,True
H8,H8,268469c82535bf1ba82a82324d755f40ad8bc7255c875b8e25c2d7943cff1ff3,bundle_bytes,779262,1961650.0,True
H8,H8,268469c82535bf1ba82a82324d755f40ad8bc7255c875b8e25c2d7943cff1ff3,N_operations,150,1961650.0,True
H8,H8,268469c82535bf1ba82a82324d755f40ad8bc7255c875b8e25c2d7943cff1ff3,N_modes,490,1961650.0,True
H8,H8,268469c82535bf1ba82a82324d755f40ad8bc7255c875b8e25c2d7943cff1ff3,schedule_operation_count,150,1961650.0,True
H8,H8,2908e9ba69598735be8757d9b153473f5bacec1feb89ecff91ce994824a10178,canonical_bytes,387,1959300.0,True
H8,H8,2908e9ba69598735be8757d9b153473f5bacec1feb89ecff91ce994824a10178,bundle_bytes,778769,1959300.0,True
H8,H8,2908e9ba69598735be8757d9b153473f5bacec1feb89ecff91ce994824a10178,N_operations,150,1959300.0,True
H8,H8,2908e9ba69598735be8757d9b153473f5bacec1feb89ecff91ce994824a10178,N_modes,490,1959300.0,True
H8,H8,2908e9ba69598735be8757d9b153473f5bacec1feb89ecff91ce994824a10178,schedule_operation_count,150,1959300.0,True
H8,H8,474b6ef7aac2feb7cb9195d7d3644f0d53d378eb4518ef87a9a2f7714d8ef3d5,canonical_bytes,392,1328150.0,True
H8,H8,474b6ef7aac2feb7cb9195d7d3644f0d53d378eb4518ef87a9a2f7714d8ef3d5,bundle_bytes,371559,1328150.0,True
H8,H8,474b6ef7aac2feb7cb9195d7d3644f0d53d378eb4518ef87a9a2f7714d8ef3d5,N_operations,90,1328150.0,True
H8,H8,474b6ef7aac2feb7cb9195d7d3644f0d53d378eb4518ef87a9a2f7714d8ef3d5,N_modes,172,1328150.0,True
H8,H8,474b6ef7aac2feb7cb9195d7d3644f0d53d378eb4518ef87a9a2f7714d8ef3d5,schedule_operation_count,90,1328150.0,True
H8,H8,4fafb9a13ff5e2fda82a804bf609727b68a17926d69ae1574c4801604ec81359,canonical_bytes,392,1379050.0,True
H8,H8,4fafb9a13ff5e2fda82a804bf609727b68a17926d69ae1574c4801604ec81359,bundle_bytes,371549,1379050.0,True
H8,H8,4fafb9a13ff5e2fda82a804bf609727b68a17926d69ae1574c4801604ec81359,N_operations,90,1379050.0,True
H8,H8,4fafb9a13ff5e2fda82a804bf609727b68a17926d69ae1574c4801604ec81359,N_modes,172,1379050.0,True
H8,H8,4fafb9a13ff5e2fda82a804bf609727b68a17926d69ae1574c4801604ec81359,schedule_operation_count,90,1379050.0,True
H8,H8,54349d927b9070c144f507868f9ef8b962c7c926426b33c3a7e0c88f715b246a,canonical_bytes,389,1311950.0,True
H8,H8,54349d927b9070c144f507868f9ef8b962c7c926426b33c3a7e0c88f715b246a,bundle_bytes,371510,1311950.0,True
H8,H8,54349d927b9070c144f507868f9ef8b962c7c926426b33c3a7e0c88f715b246a,N_operations,90,1311950.0,True
H8,H8,54349d927b9070c144f507868f9ef8b962c7c926426b33c3a7e0c88f715b246a,N_modes,172,1311950.0,True
H8,H8,54349d927b9070c144f507868f9ef8b962c7c926426b33c3a7e0c88f715b246a,schedule_operation_count,90,1311950.0,True
H8,H8,558b8365de15727bf495595ed539867872c185b280ea249712f3b1d5f8674cd5,canonical_bytes,392,1296550.0,True
H8,H8,558b8365de15727bf495595ed539867872c185b280ea249712f3b1d5f8674cd5,bundle_bytes,371529,1296550.0,True
H8,H8,558b8365de15727bf495595ed539867872c185b280ea249712f3b1d5f8674cd5,N_operations,90,1296550.0,True
H8,H8,558b8365de15727bf495595ed539867872c185b280ea249712f3b1d5f8674cd5,N_modes,172,1296550.0,True
H8,H8,558b8365de15727bf495595ed539867872c185b280ea249712f3b1d5f8674cd5,schedule_operation_count,90,1296550.0,True
H8,H8,5ecccd77f46ab5549088b57686632a9eb5ccf1a5a977fbe35cfae6a50eca52bb,canonical_bytes,387,1321150.0,True
H8,H8,5ecccd77f46ab5549088b57686632a9eb5ccf1a5a977fbe35cfae6a50eca52bb,bundle_bytes,366528,1321150.0,True
H8,H8,5ecccd77f46ab5549088b57686632a9eb5ccf1a5a977fbe35cfae6a50eca52bb,N_operations,90,1321150.0,True
H8,H8,5ecccd77f46ab5549088b57686632a9eb5ccf1a5a977fbe35cfae6a50eca52bb,N_modes,172,1321150.0,True
H8,H8,5ecccd77f46ab5549088b57686632a9eb5ccf1a5a977fbe35cfae6a50eca52bb,schedule_operation_count,90,1321150.0,True
H8,H8,5f24b2bbe16d5c8f667064d5031553e1dd9c4d9dbb7e0757cb922d9ba47928d5,canonical_bytes,401,1337550.0,True
H8,H8,5f24b2bbe16d5c8f667064d5031553e1dd9c4d9dbb7e0757cb922d9ba47928d5,bundle_bytes,371715,1337550.0,True
H8,H8,5f24b2bbe16d5c8f667064d5031553e1dd9c4d9dbb7e0757cb922d9ba47928d5,N_operations,90,1337550.0,True
H8,H8,5f24b2bbe16d5c8f667064d5031553e1dd9c4d9dbb7e0757cb922d9ba47928d5,N_modes,172,1337550.0,True
H8,H8,5f24b2bbe16d5c8f667064d5031553e1dd9c4d9dbb7e0757cb922d9ba47928d5,schedule_operation_count,90,1337550.0,True
H8,H8,61f77c0251bcd2bbb51e6bff7e048bfcda7139b4e796314d32b47961ac3b5c1b,canonical_bytes,388,1263700.0,True
H8,H8,61f77c0251bcd2bbb51e6bff7e048bfcda7139b4e796314d32b47961ac3b5c1b,bundle_bytes,373222,1263700.0,True
H8,H8,61f77c0251bcd2bbb51e6bff7e048bfcda7139b4e796314d32b47961ac3b5c1b,N_operations,90,1263700.0,True
H8,H8,61f77c0251bcd2bbb51e6bff7e048bfcda7139b4e796314d32b47961ac3b5c1b,N_modes,172,1263700.0,True
H8,H8,61f77c0251bcd2bbb51e6bff7e048bfcda7139b4e796314d32b47961ac3b5c1b,schedule_operation_count,90,1263700.0,True
H8,H8,634f3d08fd93ba622176ea6c9ff7ff1fb9d57a9b14f936f27d1460655fc20d72,canonical_bytes,388,1255050.0,True
H8,H8,634f3d08fd93ba622176ea6c9ff7ff1fb9d57a9b14f936f27d1460655fc20d72,bundle_bytes,369189,1255050.0,True
H8,H8,634f3d08fd93ba622176ea6c9ff7ff1fb9d57a9b14f936f27d1460655fc20d72,N_operations,90,1255050.0,True
H8,H8,634f3d08fd93ba622176ea6c9ff7ff1fb9d57a9b14f936f27d1460655fc20d72,N_modes,172,1255050.0,True
H8,H8,634f3d08fd93ba622176ea6c9ff7ff1fb9d57a9b14f936f27d1460655fc20d72,schedule_operation_count,90,1255050.0,True
H8,H8,73cdcc11d1c23e47664696979a9b12b94deb5da000c18f37a8d7c0b641090788,canonical_bytes,391,2195100.0,True
H8,H8,73cdcc11d1c23e47664696979a9b12b94deb5da000c18f37a8d7c0b641090788,bundle_bytes,755370,2195100.0,True
H8,H8,73cdcc11d1c23e47664696979a9b12b94deb5da000c18f37a8d7c0b641090788,N_operations,150,2195100.0,True
H8,H8,73cdcc11d1c23e47664696979a9b12b94deb5da000c18f37a8d7c0b641090788,N_modes,451,2195100.0,True
H8,H8,73cdcc11d1c23e47664696979a9b12b94deb5da000c18f37a8d7c0b641090788,schedule_operation_count,150,2195100.0,True
H8,H8,7dc2cc636acd7eeb3db7367222360894cac918d6adca467d2f7a79960bbe8b1c,canonical_bytes,387,1318000.0,True
H8,H8,7dc2cc636acd7eeb3db7367222360894cac918d6adca467d2f7a79960bbe8b1c,bundle_bytes,372138,1318000.0,True
H8,H8,7dc2cc636acd7eeb3db7367222360894cac918d6adca467d2f7a79960bbe8b1c,N_operations,90,1318000.0,True
H8,H8,7dc2cc636acd7eeb3db7367222360894cac918d6adca467d2f7a79960bbe8b1c,N_modes,172,1318000.0,True
H8,H8,7dc2cc636acd7eeb3db7367222360894cac918d6adca467d2f7a79960bbe8b1c,schedule_operation_count,90,1318000.0,True
H8,H8,8c60197386a54af6d06cac0996c81cbca4971ac83984afcf2a52fa27a5bb1b42,canonical_bytes,387,1291700.0,True
H8,H8,8c60197386a54af6d06cac0996c81cbca4971ac83984afcf2a52fa27a5bb1b42,bundle_bytes,372245,1291700.0,True
H8,H8,8c60197386a54af6d06cac0996c81cbca4971ac83984afcf2a52fa27a5bb1b42,N_operations,90,1291700.0,True
H8,H8,8c60197386a54af6d06cac0996c81cbca4971ac83984afcf2a52fa27a5bb1b42,N_modes,172,1291700.0,True
H8,H8,8c60197386a54af6d06cac0996c81cbca4971ac83984afcf2a52fa27a5bb1b42,schedule_operation_count,90,1291700.0,True
H8,H8,8e3a1df6f55a6d53d21fd63c9dcda45cee6d1576c4989d45b40828d31e6d7281,canonical_bytes,389,1289600.0,True
H8,H8,8e3a1df6f55a6d53d21fd63c9dcda45cee6d1576c4989d45b40828d31e6d7281,bundle_bytes,371639,1289600.0,True
H8,H8,8e3a1df6f55a6d53d21fd63c9dcda45cee6d1576c4989d45b40828d31e6d7281,N_operations,90,1289600.0,True
H8,H8,8e3a1df6f55a6d53d21fd63c9dcda45cee6d1576c4989d45b40828d31e6d7281,N_modes,172,1289600.0,True
H8,H8,8e3a1df6f55a6d53d21fd63c9dcda45cee6d1576c4989d45b40828d31e6d7281,schedule_operation_count,90,1289600.0,True
H8,H8,97eb8ea8dfec0a163a4b54e1179247553055627de3df3d7a40c8879cacc64800,canonical_bytes,395,2144450.0,True
H8,H8,97eb8ea8dfec0a163a4b54e1179247553055627de3df3d7a40c8879cacc64800,bundle_bytes,754947,2144450.0,True
H8,H8,97eb8ea8dfec0a163a4b54e1179247553055627de3df3d7a40c8879cacc64800,N_operations,150,2144450.0,True
H8,H8,97eb8ea8dfec0a163a4b54e1179247553055627de3df3d7a40c8879cacc64800,N_modes,451,2144450.0,True
H8,H8,97eb8ea8dfec0a163a4b54e1179247553055627de3df3d7a40c8879cacc64800,schedule_operation_count,150,2144450.0,True
H8,H8,9827288498c6ff63f3f7ec6f3bb833b53ac1c3cbaf59021addc82b6a8c08bae2,canonical_bytes,395,2065250.0,True
H8,H8,9827288498c6ff63f3f7ec6f3bb833b53ac1c3cbaf59021addc82b6a8c08bae2,bundle_bytes,754955,2065250.0,True
H8,H8,9827288498c6ff63f3f7ec6f3bb833b53ac1c3cbaf59021addc82b6a8c08bae2,N_operations,150,2065250.0,True
H8,H8,9827288498c6ff63f3f7ec6f3bb833b53ac1c3cbaf59021addc82b6a8c08bae2,N_modes,451,2065250.0,True
H8,H8,9827288498c6ff63f3f7ec6f3bb833b53ac1c3cbaf59021addc82b6a8c08bae2,schedule_operation_count,150,2065250.0,True
H8,H8,9f7906189c782cba7c3a4cc9cb8785764c8ad3fb1e637423a7a310d6c438feb5,canonical_bytes,386,1383050.0,True
H8,H8,9f7906189c782cba7c3a4cc9cb8785764c8ad3fb1e637423a7a310d6c438feb5,bundle_bytes,376294,1383050.0,True
H8,H8,9f7906189c782cba7c3a4cc9cb8785764c8ad3fb1e637423a7a310d6c438feb5,N_operations,90,1383050.0,True
H8,H8,9f7906189c782cba7c3a4cc9cb8785764c8ad3fb1e637423a7a310d6c438feb5,N_modes,172,1383050.0,True
H8,H8,9f7906189c782cba7c3a4cc9cb8785764c8ad3fb1e637423a7a310d6c438feb5,schedule_operation_count,90,1383050.0,True
H8,H8,aa5b4ee1688c71f1a3932cd7d9b629a08e31ef09728f3280c98c7636eecfb8d3,canonical_bytes,392,2068350.0,True
H8,H8,aa5b4ee1688c71f1a3932cd7d9b629a08e31ef09728f3280c98c7636eecfb8d3,bundle_bytes,754924,2068350.0,True
H8,H8,aa5b4ee1688c71f1a3932cd7d9b629a08e31ef09728f3280c98c7636eecfb8d3,N_operations,150,2068350.0,True
H8,H8,aa5b4ee1688c71f1a3932cd7d9b629a08e31ef09728f3280c98c7636eecfb8d3,N_modes,451,2068350.0,True
H8,H8,aa5b4ee1688c71f1a3932cd7d9b629a08e31ef09728f3280c98c7636eecfb8d3,schedule_operation_count,150,2068350.0,True
H8,H8,aad646b14392b632d658225dedb7d3953424ab9ab19ebafdc67bd9a7f02eb50b,canonical_bytes,389,1968700.0,True
H8,H8,aad646b14392b632d658225dedb7d3953424ab9ab19ebafdc67bd9a7f02eb50b,bundle_bytes,782303,1968700.0,True
H8,H8,aad646b14392b632d658225dedb7d3953424ab9ab19ebafdc67bd9a7f02eb50b,N_operations,150,1968700.0,True
H8,H8,aad646b14392b632d658225dedb7d3953424ab9ab19ebafdc67bd9a7f02eb50b,N_modes,490,1968700.0,True
H8,H8,aad646b14392b632d658225dedb7d3953424ab9ab19ebafdc67bd9a7f02eb50b,schedule_operation_count,150,1968700.0,True
H8,H8,abc8d6ba26b9728a25ebd17f4066aa5421f54fde1c1ef630cc33cb308c0fb8e5,canonical_bytes,388,1293300.0,True
H8,H8,abc8d6ba26b9728a25ebd17f4066aa5421f54fde1c1ef630cc33cb308c0fb8e5,bundle_bytes,373355,1293300.0,True
H8,H8,abc8d6ba26b9728a25ebd17f4066aa5421f54fde1c1ef630cc33cb308c0fb8e5,N_operations,90,1293300.0,True
H8,H8,abc8d6ba26b9728a25ebd17f4066aa5421f54fde1c1ef630cc33cb308c0fb8e5,N_modes,172,1293300.0,True
H8,H8,abc8d6ba26b9728a25ebd17f4066aa5421f54fde1c1ef630cc33cb308c0fb8e5,schedule_operation_count,90,1293300.0,True
H8,H8,b0f01f4c7ca822555039b9267d8985edbeb149abc0a710d6583cea634584f862,canonical_bytes,388,1962150.0,True
H8,H8,b0f01f4c7ca822555039b9267d8985edbeb149abc0a710d6583cea634584f862,bundle_bytes,778599,1962150.0,True
H8,H8,b0f01f4c7ca822555039b9267d8985edbeb149abc0a710d6583cea634584f862,N_operations,150,1962150.0,True
H8,H8,b0f01f4c7ca822555039b9267d8985edbeb149abc0a710d6583cea634584f862,N_modes,490,1962150.0,True
H8,H8,b0f01f4c7ca822555039b9267d8985edbeb149abc0a710d6583cea634584f862,schedule_operation_count,150,1962150.0,True
H8,H8,b31f9c5cbf923f188771558357941c1a7d6a71089f67793c620cf7034a070eb2,canonical_bytes,385,1402750.0,True
H8,H8,b31f9c5cbf923f188771558357941c1a7d6a71089f67793c620cf7034a070eb2,bundle_bytes,377436,1402750.0,True
H8,H8,b31f9c5cbf923f188771558357941c1a7d6a71089f67793c620cf7034a070eb2,N_operations,90,1402750.0,True
H8,H8,b31f9c5cbf923f188771558357941c1a7d6a71089f67793c620cf7034a070eb2,N_modes,172,1402750.0,True
H8,H8,b31f9c5cbf923f188771558357941c1a7d6a71089f67793c620cf7034a070eb2,schedule_operation_count,90,1402750.0,True
H8,H8,b5c400c27e6dbb1cc8466c5ce68e1530b6d984599f3c01c36496b49b586ff5e3,canonical_bytes,392,2069850.0,True
H8,H8,b5c400c27e6dbb1cc8466c5ce68e1530b6d984599f3c01c36496b49b586ff5e3,bundle_bytes,755038,2069850.0,True
H8,H8,b5c400c27e6dbb1cc8466c5ce68e1530b6d984599f3c01c36496b49b586ff5e3,N_operations,150,2069850.0,True
H8,H8,b5c400c27e6dbb1cc8466c5ce68e1530b6d984599f3c01c36496b49b586ff5e3,N_modes,451,2069850.0,True
H8,H8,b5c400c27e6dbb1cc8466c5ce68e1530b6d984599f3c01c36496b49b586ff5e3,schedule_operation_count,150,2069850.0,True
H8,H8,bb3f15222034bdf87b9be499b27f859fe778b781693fd54677f83bd7531f0680,canonical_bytes,387,1389500.0,True
H8,H8,bb3f15222034bdf87b9be499b27f859fe778b781693fd54677f83bd7531f0680,bundle_bytes,376547,1389500.0,True
H8,H8,bb3f15222034bdf87b9be499b27f859fe778b781693fd54677f83bd7531f0680,N_operations,90,1389500.0,True
H8,H8,bb3f15222034bdf87b9be499b27f859fe778b781693fd54677f83bd7531f0680,N_modes,172,1389500.0,True
H8,H8,bb3f15222034bdf87b9be499b27f859fe778b781693fd54677f83bd7531f0680,schedule_operation_count,90,1389500.0,True
H8,H8,ce18361670bfbcde2f3ff22167187aecef9164dedbf1198bc7563c147804780e,canonical_bytes,404,2078200.0,True
H8,H8,ce18361670bfbcde2f3ff22167187aecef9164dedbf1198bc7563c147804780e,bundle_bytes,755123,2078200.0,True
H8,H8,ce18361670bfbcde2f3ff22167187aecef9164dedbf1198bc7563c147804780e,N_operations,150,2078200.0,True
H8,H8,ce18361670bfbcde2f3ff22167187aecef9164dedbf1198bc7563c147804780e,N_modes,451,2078200.0,True
H8,H8,ce18361670bfbcde2f3ff22167187aecef9164dedbf1198bc7563c147804780e,schedule_operation_count,150,2078200.0,True
H8,H8,ceae66508816dc9f5458c925c89f155658e6c78710a8753d337ac385481cc1bf,canonical_bytes,395,2138500.0,True
H8,H8,ceae66508816dc9f5458c925c89f155658e6c78710a8753d337ac385481cc1bf,bundle_bytes,754947,2138500.0,True
H8,H8,ceae66508816dc9f5458c925c89f155658e6c78710a8753d337ac385481cc1bf,N_operations,150,2138500.0,True
H8,H8,ceae66508816dc9f5458c925c89f155658e6c78710a8753d337ac385481cc1bf,N_modes,451,2138500.0,True
H8,H8,ceae66508816dc9f5458c925c89f155658e6c78710a8753d337ac385481cc1bf,schedule_operation_count,150,2138500.0,True
H8,H8,d093d52f24139c1b6fb09b775beedd000f1a7b3716df906d7d36e91e7e848265,canonical_bytes,390,2079250.0,True
H8,H8,d093d52f24139c1b6fb09b775beedd000f1a7b3716df906d7d36e91e7e848265,bundle_bytes,758647,2079250.0,True
H8,H8,d093d52f24139c1b6fb09b775beedd000f1a7b3716df906d7d36e91e7e848265,N_operations,150,2079250.0,True
H8,H8,d093d52f24139c1b6fb09b775beedd000f1a7b3716df906d7d36e91e7e848265,N_modes,451,2079250.0,True
H8,H8,d093d52f24139c1b6fb09b775beedd000f1a7b3716df906d7d36e91e7e848265,schedule_operation_count,150,2079250.0,True
H8,H8,d4b957654a5efd71168d6f7e67936e6abf4666ceb41e7919635002157b125411,canonical_bytes,386,1304850.0,True
H8,H8,d4b957654a5efd71168d6f7e67936e6abf4666ceb41e7919635002157b125411,bundle_bytes,369648,1304850.0,True
H8,H8,d4b957654a5efd71168d6f7e67936e6abf4666ceb41e7919635002157b125411,N_operations,90,1304850.0,True
H8,H8,d4b957654a5efd71168d6f7e67936e6abf4666ceb41e7919635002157b125411,N_modes,172,1304850.0,True
H8,H8,d4b957654a5efd71168d6f7e67936e6abf4666ceb41e7919635002157b125411,schedule_operation_count,90,1304850.0,True
H8,H8,d598e89b357205c7b4bd47c5ebbe933f8be1f7c8dcdee85e66ec6829cafb91d3,canonical_bytes,387,1252650.0,True
H8,H8,d598e89b357205c7b4bd47c5ebbe933f8be1f7c8dcdee85e66ec6829cafb91d3,bundle_bytes,366660,1252650.0,True
H8,H8,d598e89b357205c7b4bd47c5ebbe933f8be1f7c8dcdee85e66ec6829cafb91d3,N_operations,90,1252650.0,True
H8,H8,d598e89b357205c7b4bd47c5ebbe933f8be1f7c8dcdee85e66ec6829cafb91d3,N_modes,172,1252650.0,True
H8,H8,d598e89b357205c7b4bd47c5ebbe933f8be1f7c8dcdee85e66ec6829cafb91d3,schedule_operation_count,90,1252650.0,True
H8,H8,eb3670bbe434a59cc94347384a5d50fb526d26a00dbf6da73e54438c4bacc2a0,canonical_bytes,401,1328350.0,True
H8,H8,eb3670bbe434a59cc94347384a5d50fb526d26a00dbf6da73e54438c4bacc2a0,bundle_bytes,371712,1328350.0,True
H8,H8,eb3670bbe434a59cc94347384a5d50fb526d26a00dbf6da73e54438c4bacc2a0,N_operations,90,1328350.0,True
H8,H8,eb3670bbe434a59cc94347384a5d50fb526d26a00dbf6da73e54438c4bacc2a0,N_modes,172,1328350.0,True
H8,H8,eb3670bbe434a59cc94347384a5d50fb526d26a00dbf6da73e54438c4bacc2a0,schedule_operation_count,90,1328350.0,True
H8,H8,f1e5fc58ea336e13c098308a2da00dee7de3dd3aa08d6170df4a3cb1afd09795,canonical_bytes,391,2107000.0,True
H8,H8,f1e5fc58ea336e13c098308a2da00dee7de3dd3aa08d6170df4a3cb1afd09795,bundle_bytes,755658,2107000.0,True
H8,H8,f1e5fc58ea336e13c098308a2da00dee7de3dd3aa08d6170df4a3cb1afd09795,N_operations,150,2107000.0,True
H8,H8,f1e5fc58ea336e13c098308a2da00dee7de3dd3aa08d6170df4a3cb1afd09795,N_modes,451,2107000.0,True
H8,H8,f1e5fc58ea336e13c098308a2da00dee7de3dd3aa08d6170df4a3cb1afd09795,schedule_operation_count,150,2107000.0,True
H8,H8,f583baa2dad1527b5f84f71805410ee51b78fce2b1be62de49f1636c06821c7b,canonical_bytes,390,2112750.0,True
H8,H8,f583baa2dad1527b5f84f71805410ee51b78fce2b1be62de49f1636c06821c7b,bundle_bytes,758750,2112750.0,True
H8,H8,f583baa2dad1527b5f84f71805410ee51b78fce2b1be62de49f1636c06821c7b,N_operations,150,2112750.0,True
H8,H8,f583baa2dad1527b5f84f71805410ee51b78fce2b1be62de49f1636c06821c7b,N_modes,451,2112750.0,True
H8,H8,f583baa2dad1527b5f84f71805410ee51b78fce2b1be62de49f1636c06821c7b,schedule_operation_count,150,2112750.0,True
H8,H8,f64f55ad9277004ae441909cd6556d26eeaf73d3eb3c537384be703615149f96,canonical_bytes,401,1298550.0,True
H8,H8,f64f55ad9277004ae441909cd6556d26eeaf73d3eb3c537384be703615149f96,bundle_bytes,371715,1298550.0,True
H8,H8,f64f55ad9277004ae441909cd6556d26eeaf73d3eb3c537384be703615149f96,N_operations,90,1298550.0,True
H8,H8,f64f55ad9277004ae441909cd6556d26eeaf73d3eb3c537384be703615149f96,N_modes,172,1298550.0,True
H8,H8,f64f55ad9277004ae441909cd6556d26eeaf73d3eb3c537384be703615149f96,schedule_operation_count,90,1298550.0,True
H8,H8,f80e8a50e0815fda9eef8635e52671f3888786c4daef5767b8da7b74e4311646,canonical_bytes,389,1980500.0,True
H8,H8,f80e8a50e0815fda9eef8635e52671f3888786c4daef5767b8da7b74e4311646,bundle_bytes,780287,1980500.0,True
H8,H8,f80e8a50e0815fda9eef8635e52671f3888786c4daef5767b8da7b74e4311646,N_operations,150,1980500.0,True
H8,H8,f80e8a50e0815fda9eef8635e52671f3888786c4daef5767b8da7b74e4311646,N_modes,490,1980500.0,True
H8,H8,f80e8a50e0815fda9eef8635e52671f3888786c4daef5767b8da7b74e4311646,schedule_operation_count,150,1980500.0,True
H8,H8,f9ade00b139ce33674b05d1766de3ec85779abfd83f893a7b2437817100901d9,canonical_bytes,388,1265650.0,True
H8,H8,f9ade00b139ce33674b05d1766de3ec85779abfd83f893a7b2437817100901d9,bundle_bytes,369294,1265650.0,True
H8,H8,f9ade00b139ce33674b05d1766de3ec85779abfd83f893a7b2437817100901d9,N_operations,90,1265650.0,True
H8,H8,f9ade00b139ce33674b05d1766de3ec85779abfd83f893a7b2437817100901d9,N_modes,172,1265650.0,True
H8,H8,f9ade00b139ce33674b05d1766de3ec85779abfd83f893a7b2437817100901d9,schedule_operation_count,90,1265650.0,True
H8,H8,feb26c8ce25b99d6b090e07fca86c8e2dbf3ff2d6b891634c4c71b179329ab47,canonical_bytes,385,1356800.0,True
H8,H8,feb26c8ce25b99d6b090e07fca86c8e2dbf3ff2d6b891634c4c71b179329ab47,bundle_bytes,377302,1356800.0,True
H8,H8,feb26c8ce25b99d6b090e07fca86c8e2dbf3ff2d6b891634c4c71b179329ab47,N_operations,90,1356800.0,True
H8,H8,feb26c8ce25b99d6b090e07fca86c8e2dbf3ff2d6b891634c4c71b179329ab47,N_modes,172,1356800.0,True
H8,H8,feb26c8ce25b99d6b090e07fca86c8e2dbf3ff2d6b891634c4c71b179329ab47,schedule_operation_count,90,1356800.0,True
